patient,y,p0,p1
Lung_Dx-A0175,0,0.990044355392456,0.009955651126801968
Lung_Dx-A0175,0,0.9748451709747314,0.02515488490462303
Lung_Dx-A0175,0,0.990044355392456,0.009955651126801968
Lung_Dx-A0175,0,0.9362850189208984,0.06371499598026276
Lung_Dx-A0175,0,0.9376118779182434,0.062388136982917786
Lung_Dx-A0175,0,0.7147773504257202,0.2852226197719574
Lung_Dx-A0175,0,0.9651191234588623,0.03488088771700859
Lung_Dx-A0175,0,0.6923300623893738,0.3076699674129486
Lung_Dx-A0175,0,0.8031737804412842,0.19682620465755463
Lung_Dx-A0175,0,0.9094254970550537,0.0905744731426239
Lung_Dx-A0175,0,0.8974258899688721,0.10257408022880554
Lung_Dx-A0175,0,0.7454447150230408,0.25455528497695923
Lung_Dx-A0175,0,0.5106795430183411,0.4893204867839813
Lung_Dx-A0175,0,0.5259014368057251,0.4740985333919525
Lung_Dx-A0175,0,0.6456786394119263,0.35432136058807373
Lung_Dx-A0175,0,0.7020196318626404,0.2979804277420044
Lung_Dx-A0175,0,0.7827455401420593,0.21725445985794067
Lung_Dx-A0175,0,0.7676898241043091,0.23231014609336853
Lung_Dx-A0175,0,0.8664717674255371,0.13352815806865692
Lung_Dx-A0175,0,0.6425166130065918,0.3574834167957306
Lung_Dx-A0175,0,0.5926223993301392,0.40737760066986084
Lung_Dx-A0175,0,0.8059378266334534,0.19406215846538544
Lung_Dx-A0175,0,0.6330983638763428,0.36690157651901245
Lung_Dx-A0175,0,0.855790913105011,0.1442091166973114
Lung_Dx-A0175,0,0.9619649052619934,0.03803509473800659
Lung_Dx-A0175,0,0.9635405540466309,0.03645944222807884
Lung_Dx-A0175,0,0.9272975325584412,0.07270251959562302
Lung_Dx-A0175,0,0.993890643119812,0.006109410431236029
Lung_Dx-A0175,0,0.9858821630477905,0.014117893762886524
Lung_Dx-A0175,0,0.9118099808692932,0.08819004893302917
Lung_Dx-A0175,0,0.957833468914032,0.04216654226183891
Lung_Dx-A0175,0,0.9886900782585144,0.011309891939163208
Lung_Dx-A0175,0,0.9665054082870483,0.033494532108306885
Lung_Dx-A0175,0,0.9207183718681335,0.07928157597780228
Lung_Dx-A0176,0,0.9561864137649536,0.04381363466382027
Lung_Dx-A0176,0,0.9566342234611511,0.043365802615880966
Lung_Dx-A0176,0,0.9339146018028259,0.06608537584543228
Lung_Dx-A0176,0,0.9482024908065796,0.05179747939109802
Lung_Dx-A0176,0,0.8526289463043213,0.14737102389335632
Lung_Dx-A0176,0,0.9260365962982178,0.07396337389945984
Lung_Dx-A0176,0,0.8215457201004028,0.1784542351961136
Lung_Dx-A0176,0,0.9511876106262207,0.048812419176101685
Lung_Dx-A0176,0,0.8998277187347412,0.10017222166061401
Lung_Dx-A0176,0,0.9018775224685669,0.09812253713607788
Lung_Dx-A0176,0,0.9158841967582703,0.08411581814289093
Lung_Dx-A0176,0,0.9270336627960205,0.07296629995107651
Lung_Dx-A0176,0,0.915808916091919,0.08419107645750046
Lung_Dx-A0176,0,0.9451974034309387,0.05480259656906128
Lung_Dx-A0176,0,0.9222025275230408,0.07779745012521744
Lung_Dx-A0176,0,0.864367663860321,0.13563229143619537
Lung_Dx-A0176,0,0.5924823880195618,0.40751761198043823
Lung_Dx-A0176,0,0.8756807446479797,0.12431929260492325
Lung_Dx-A0176,0,0.9584211707115173,0.04157886654138565
Lung_Dx-A0176,0,0.7997943758964539,0.20020560920238495
Lung_Dx-A0176,0,0.9621431827545166,0.03785684332251549
Lung_Dx-A0176,0,0.9405717849731445,0.05942821875214577
Lung_Dx-A0176,0,0.9937587976455688,0.006241259630769491
Lung_Dx-A0176,0,0.9922143816947937,0.0077856555581092834
Lung_Dx-A0176,0,0.9543930292129517,0.04560694471001625
Lung_Dx-A0176,0,0.9452984929084778,0.054701510816812515
Lung_Dx-A0176,0,0.994929850101471,0.005070175509899855
Lung_Dx-A0176,0,0.9642541408538818,0.035745806992053986
Lung_Dx-A0176,0,0.9884026646614075,0.011597362346947193
Lung_Dx-A0176,0,0.9858412742614746,0.014158728532493114
Lung_Dx-A0176,0,0.9973938465118408,0.0026061658281832933
Lung_Dx-A0176,0,0.9763330817222595,0.02366689406335354
Lung_Dx-A0176,0,0.9946568012237549,0.005343256518244743
Lung_Dx-A0176,0,0.9352282881736755,0.06477170437574387
Lung_Dx-A0176,0,0.9718592762947083,0.028140753507614136
Lung_Dx-A0176,0,0.9916519522666931,0.008348054252564907
Lung_Dx-A0176,0,0.9959849119186401,0.004015091806650162
Lung_Dx-A0176,0,0.9776499271392822,0.022350113838911057
Lung_Dx-A0176,0,0.99826580286026,0.001734208082780242
Lung_Dx-A0180,0,0.9718859195709229,0.02811405621469021
Lung_Dx-A0180,0,0.9757161140441895,0.024283867329359055
Lung_Dx-A0180,0,0.9743129014968872,0.025687135756015778
Lung_Dx-A0180,0,0.8680456876754761,0.13195426762104034
Lung_Dx-A0180,0,0.9856352806091309,0.014364656992256641
Lung_Dx-A0180,0,0.9891397356987,0.010860332287847996
Lung_Dx-A0180,0,0.9562681317329407,0.04373188316822052
Lung_Dx-A0180,0,0.9960004687309265,0.003999501001089811
Lung_Dx-A0180,0,0.9775643944740295,0.0224356260150671
Lung_Dx-A0180,0,0.9412774443626404,0.05872255191206932
Lung_Dx-A0180,0,0.9920312166213989,0.007968815043568611
Lung_Dx-A0180,0,0.9974391460418701,0.0025608709547668695
Lung_Dx-A0180,0,0.9990490078926086,0.0009510131203569472
Lung_Dx-A0180,0,0.9893680214881897,0.010631944984197617
Lung_Dx-A0180,0,0.9967837333679199,0.0032162165734916925
Lung_Dx-A0180,0,0.9955403208732605,0.004459704738110304
Lung_Dx-A0180,0,0.9887987971305847,0.011201214045286179
Lung_Dx-A0180,0,0.9876639246940613,0.01233610138297081
Lung_Dx-A0180,0,0.9971606731414795,0.002839374355971813
Lung_Dx-A0180,0,0.9972955584526062,0.002704429440200329
Lung_Dx-A0180,0,0.998703122138977,0.0012968953233212233
Lung_Dx-A0180,0,0.9938429594039917,0.006157031748443842
Lung_Dx-A0180,0,0.9946980476379395,0.005301894620060921
Lung_Dx-A0180,0,0.9951419830322266,0.004857966210693121
Lung_Dx-A0180,0,0.9961230158805847,0.0038769261445850134
Lung_Dx-A0180,0,0.986336886882782,0.013663132674992085
Lung_Dx-A0180,0,0.9933846592903137,0.006615392863750458
Lung_Dx-A0180,0,0.8552476763725281,0.14475229382514954
Lung_Dx-A0180,0,0.9750598073005676,0.024940254166722298
Lung_Dx-A0180,0,0.993854820728302,0.006145091727375984
Lung_Dx-A0180,0,0.9834386706352234,0.016561338678002357
Lung_Dx-A0180,0,0.9716179370880127,0.02838212437927723
Lung_Dx-A0180,0,0.9884918928146362,0.011508150026202202
Lung_Dx-A0180,0,0.9945730566978455,0.005426943302154541
Lung_Dx-A0180,0,0.9973113536834717,0.0026886719278991222
Lung_Dx-A0180,0,0.9963215589523315,0.003678509034216404
Lung_Dx-A0180,0,0.9940774440765381,0.005922556854784489
Lung_Dx-A0180,0,0.9875563979148865,0.012443645857274532
Lung_Dx-A0180,0,0.9800149202346802,0.019985152408480644
Lung_Dx-A0180,0,0.9967648983001709,0.0032350558321923018
Lung_Dx-A0180,0,0.9862841367721558,0.013715874403715134
Lung_Dx-A0180,0,0.9572377800941467,0.0427621528506279
Lung_Dx-A0180,0,0.9880849719047546,0.011915022507309914
Lung_Dx-A0181,0,0.9410611987113953,0.05893884226679802
Lung_Dx-A0181,0,0.9597620368003845,0.04023794084787369
Lung_Dx-A0181,0,0.9785903096199036,0.021409772336483
Lung_Dx-A0181,0,0.9614253044128418,0.0385746993124485
Lung_Dx-A0181,0,0.9794132709503174,0.020586779341101646
Lung_Dx-A0181,0,0.832304835319519,0.16769517958164215
Lung_Dx-A0181,0,0.854520857334137,0.14547918736934662
Lung_Dx-A0181,0,0.6743454337120056,0.3256545960903168
Lung_Dx-A0181,0,0.12023206800222397,0.879767894744873
Lung_Dx-A0181,0,0.9665370583534241,0.03346293419599533
Lung_Dx-A0181,0,0.9626027941703796,0.037397127598524094
Lung_Dx-A0181,0,0.9753900170326233,0.02460992895066738
Lung_Dx-A0181,0,0.9978468418121338,0.002153141424059868
Lung_Dx-A0181,0,0.9942025542259216,0.0057974006049335
Lung_Dx-A0181,0,0.7215715646743774,0.27842843532562256
Lung_Dx-A0181,0,0.28621912002563477,0.7137808799743652
Lung_Dx-A0181,0,0.8074606657028198,0.19253936409950256
Lung_Dx-A0181,0,0.2463066428899765,0.7536932826042175
Lung_Dx-A0181,0,0.24113182723522186,0.7588682174682617
Lung_Dx-A0181,0,0.3776841461658478,0.6223158836364746
Lung_Dx-A0181,0,0.06853749603033066,0.9314625263214111
Lung_Dx-A0181,0,0.2970619201660156,0.7029380202293396
Lung_Dx-A0181,0,0.3922349810600281,0.6077650189399719
Lung_Dx-A0181,0,0.682163655757904,0.31783637404441833
Lung_Dx-A0181,0,0.7502784132957458,0.24972160160541534
Lung_Dx-A0181,0,0.8471475839614868,0.1528523713350296
Lung_Dx-A0181,0,0.11148280650377274,0.8885172009468079
Lung_Dx-A0181,0,0.1270015686750412,0.8729984164237976
Lung_Dx-A0181,0,0.04573463648557663,0.9542653560638428
Lung_Dx-A0181,0,0.08858346939086914,0.9114164710044861
Lung_Dx-A0181,0,0.1291828602552414,0.8708171844482422
Lung_Dx-A0181,0,0.03785684332251549,0.9621431827545166
Lung_Dx-A0181,0,0.02437659725546837,0.975623369216919
Lung_Dx-A0181,0,0.04497356340289116,0.955026388168335
Lung_Dx-A0181,0,0.3393656313419342,0.6606343388557434
Lung_Dx-A0181,0,0.3861050009727478,0.613895058631897
Lung_Dx-A0181,0,0.2402394413948059,0.7597605586051941
Lung_Dx-A0181,0,0.30146488547325134,0.698535144329071
Lung_Dx-A0181,0,0.530449390411377,0.4695506691932678
Lung_Dx-A0181,0,0.5428935885429382,0.45710644125938416
Lung_Dx-A0181,0,0.371934711933136,0.628065288066864
Lung_Dx-A0181,0,0.5172051191329956,0.482794851064682
Lung_Dx-A0181,0,0.10199123620986938,0.8980087637901306
Lung_Dx-A0181,0,0.24522054195404053,0.7547794580459595
Lung_Dx-A0181,0,0.07039965689182281,0.9296004176139832
Lung_Dx-A0181,0,0.05094091221690178,0.9490590691566467
Lung_Dx-A0181,0,0.1831914484500885,0.8168085813522339
Lung_Dx-A0181,0,0.04922211915254593,0.9507778882980347
Lung_Dx-A0181,0,0.003456409787759185,0.9965435862541199
Lung_Dx-A0181,0,0.4680003225803375,0.5319996476173401
Lung_Dx-A0181,0,0.36846253275871277,0.6315374970436096
Lung_Dx-A0181,0,0.5935172438621521,0.4064827859401703
Lung_Dx-A0181,0,0.0535021536052227,0.9464978575706482
Lung_Dx-A0181,0,0.11328496038913727,0.8867150545120239
Lung_Dx-A0181,0,0.008594110608100891,0.9914058446884155
Lung_Dx-A0181,0,0.3621087968349457,0.6378912329673767
Lung_Dx-A0181,0,0.15373966097831726,0.8462603092193604
Lung_Dx-A0181,0,0.3068125545978546,0.6931874752044678
Lung_Dx-A0181,0,0.5667530298233032,0.4332469701766968
Lung_Dx-A0181,0,0.12624558806419373,0.8737544417381287
Lung_Dx-A0190,0,0.9906960725784302,0.00930394884198904
Lung_Dx-A0190,0,0.9956176280975342,0.004382336977869272
Lung_Dx-A0190,0,0.9969186782836914,0.003081363858655095
Lung_Dx-A0190,0,0.9973425269126892,0.0026574311777949333
Lung_Dx-A0190,0,0.9950370192527771,0.004962942097336054
Lung_Dx-A0190,0,0.9989556074142456,0.0010443859500810504
Lung_Dx-A0190,0,0.9975798726081848,0.002420194214209914
Lung_Dx-A0190,0,0.9977656602859497,0.002234362531453371
Lung_Dx-A0190,0,0.9963286519050598,0.003671357873827219
Lung_Dx-A0190,0,0.9892232418060303,0.01077672466635704
Lung_Dx-A0190,0,0.9939261078834534,0.006073934491723776
Lung_Dx-A0190,0,0.9923490285873413,0.007651031482964754
Lung_Dx-A0190,0,0.9961903095245361,0.003809629939496517
Lung_Dx-A0190,0,0.9967013001441956,0.0032986511941999197
Lung_Dx-A0190,0,0.9600626826286316,0.03993731737136841
Lung_Dx-A0190,0,0.970687747001648,0.02931223064661026
Lung_Dx-A0190,0,0.9875683188438416,0.01243165135383606
Lung_Dx-A0190,0,0.9939847588539124,0.006015262566506863
Lung_Dx-A0190,0,0.9975274205207825,0.0024726232513785362
Lung_Dx-A0190,0,0.9988991022109985,0.0011008767178282142
Lung_Dx-A0190,0,0.9883240461349487,0.011675983667373657
Lung_Dx-A0190,0,0.9975466132164001,0.002453428227454424
Lung_Dx-A0190,0,0.9951230883598328,0.004876886960119009
Lung_Dx-A0190,0,0.9853561520576477,0.014643825590610504
Lung_Dx-A0190,0,0.9911182522773743,0.008881675079464912
Lung_Dx-A0190,0,0.9928091764450073,0.007190811913460493
Lung_Dx-A0190,0,0.9964824914932251,0.003517488483339548
Lung_Dx-A0204,0,0.9923192858695984,0.007680746726691723
Lung_Dx-A0204,0,0.9932680726051331,0.006731917150318623
Lung_Dx-A0204,0,0.9898892045021057,0.010110844857990742
Lung_Dx-A0204,0,0.9988904595375061,0.0011095014633610845
Lung_Dx-A0204,0,0.9946463704109192,0.005353646818548441
Lung_Dx-A0204,0,0.9882107973098755,0.011789213865995407
Lung_Dx-A0204,0,0.9956346154212952,0.004365325439721346
Lung_Dx-A0204,0,0.9971771240234375,0.002822832902893424
Lung_Dx-A0204,0,0.9907498955726624,0.009250096045434475
Lung_Dx-A0204,0,0.9864547252655029,0.013545190915465355
Lung_Dx-A0204,0,0.9963500499725342,0.003649987280368805
Lung_Dx-A0204,0,0.9877232313156128,0.012276750057935715
Lung_Dx-A0204,0,0.9977038502693176,0.0022961588110774755
Lung_Dx-A0204,0,0.9954172372817993,0.00458276504650712
Lung_Dx-A0204,0,0.8939591646194458,0.1060408279299736
Lung_Dx-A0204,0,0.9857729077339172,0.014227045699954033
Lung_Dx-A0204,0,0.9985306262969971,0.001469321083277464
Lung_Dx-A0204,0,0.999208390712738,0.0007916296017356217
Lung_Dx-A0204,0,0.9939024448394775,0.006097561679780483
Lung_Dx-A0204,0,0.9886792302131653,0.011320819146931171
Lung_Dx-A0204,0,0.9954967498779297,0.004503272473812103
Lung_Dx-A0204,0,0.9890764951705933,0.010923455469310284
Lung_Dx-A0204,0,0.9851717948913574,0.014828144572675228
Lung_Dx-A0204,0,0.9856215119361877,0.014378489926457405
Lung_Dx-A0213,0,0.9466953873634338,0.05330468714237213
Lung_Dx-A0213,0,0.9466953873634338,0.05330468714237213
Lung_Dx-A0213,0,0.9825909733772278,0.01740904338657856
Lung_Dx-A0213,0,0.9825909733772278,0.01740904338657856
Lung_Dx-A0213,0,0.9733675122261047,0.026632411405444145
Lung_Dx-A0213,0,0.9733675122261047,0.026632411405444145
Lung_Dx-A0213,0,0.9270336627960205,0.07296629995107651
Lung_Dx-A0213,0,0.9270336627960205,0.07296629995107651
Lung_Dx-A0213,0,0.9706043004989624,0.029395703226327896
Lung_Dx-A0213,0,0.9706043004989624,0.029395703226327896
Lung_Dx-A0213,0,0.9014444947242737,0.09855546802282333
Lung_Dx-A0213,0,0.9014444947242737,0.09855546802282333
Lung_Dx-A0213,0,0.973087728023529,0.026912305504083633
Lung_Dx-A0213,0,0.973087728023529,0.026912305504083633
Lung_Dx-A0213,0,0.9808576107025146,0.019142363220453262
Lung_Dx-A0213,0,0.9808576107025146,0.019142363220453262
Lung_Dx-A0213,0,0.9846789240837097,0.015321081504225731
Lung_Dx-A0213,0,0.9846789240837097,0.015321081504225731
Lung_Dx-A0213,0,0.6190683841705322,0.38093167543411255
Lung_Dx-A0213,0,0.6190683841705322,0.38093167543411255
Lung_Dx-A0213,0,0.37883245944976807,0.6211675405502319
Lung_Dx-A0213,0,0.37883245944976807,0.6211675405502319
Lung_Dx-A0213,0,0.739563524723053,0.2604365050792694
Lung_Dx-A0213,0,0.739563524723053,0.2604365050792694
Lung_Dx-A0213,0,0.7850614786148071,0.21493849158287048
Lung_Dx-A0213,0,0.7850614786148071,0.21493849158287048
Lung_Dx-A0213,0,0.8704321384429932,0.12956786155700684
Lung_Dx-A0213,0,0.8704321384429932,0.12956786155700684
Lung_Dx-A0213,0,0.6906633973121643,0.3093366026878357
Lung_Dx-A0213,0,0.6906633973121643,0.3093366026878357
Lung_Dx-A0213,0,0.6669307947158813,0.33306920528411865
Lung_Dx-A0213,0,0.6669307947158813,0.33306920528411865
Lung_Dx-A0213,0,0.8882750868797302,0.11172487586736679
Lung_Dx-A0213,0,0.8882750868797302,0.11172487586736679
Lung_Dx-A0213,0,0.9514589309692383,0.04854108393192291
Lung_Dx-A0213,0,0.9514589309692383,0.04854108393192291
Lung_Dx-A0213,0,0.8594869375228882,0.14051306247711182
Lung_Dx-A0213,0,0.8594869375228882,0.14051306247711182
Lung_Dx-A0213,0,0.6696908473968506,0.3303091824054718
Lung_Dx-A0213,0,0.6696908473968506,0.3303091824054718
Lung_Dx-A0213,0,0.6932653188705444,0.30673468112945557
Lung_Dx-A0213,0,0.6932653188705444,0.30673468112945557
Lung_Dx-A0213,0,0.7024279832839966,0.29757198691368103
Lung_Dx-A0213,0,0.7024279832839966,0.29757198691368103
Lung_Dx-A0213,0,0.613352358341217,0.38664764165878296
Lung_Dx-A0213,0,0.613352358341217,0.38664764165878296
Lung_Dx-A0213,0,0.9376689791679382,0.06233103945851326
Lung_Dx-A0213,0,0.9376689791679382,0.06233103945851326
Lung_Dx-A0213,0,0.6268097162246704,0.3731902539730072
Lung_Dx-A0213,0,0.6268097162246704,0.3731902539730072
Lung_Dx-A0213,0,0.7875229716300964,0.21247702836990356
Lung_Dx-A0213,0,0.7875229716300964,0.21247702836990356
Lung_Dx-A0213,0,0.6460974216461182,0.35390257835388184
Lung_Dx-A0213,0,0.6460974216461182,0.35390257835388184
Lung_Dx-A0213,0,0.9707155227661133,0.029284456744790077
Lung_Dx-A0213,0,0.9707155227661133,0.029284456744790077
Lung_Dx-A0213,0,0.5833998918533325,0.4166001081466675
Lung_Dx-A0213,0,0.5833998918533325,0.4166001081466675
Lung_Dx-A0236,0,0.9894295334815979,0.010570487938821316
Lung_Dx-A0236,0,0.9854264259338379,0.01457353588193655
Lung_Dx-A0236,0,0.9928508996963501,0.007149101700633764
Lung_Dx-A0236,0,0.9968087077140808,0.003191267838701606
Lung_Dx-A0236,0,0.9882676005363464,0.011732465587556362
Lung_Dx-A0236,0,0.9972044825553894,0.0027954771649092436
Lung_Dx-A0236,0,0.9968457818031311,0.003154205624014139
Lung_Dx-A0236,0,0.9908034801483154,0.009196553379297256
Lung_Dx-A0236,0,0.9987305998802185,0.0012693643802776933
Lung_Dx-A0236,0,0.9948603510856628,0.005139611195772886
Lung_Dx-A0236,0,0.9924813508987427,0.007518718484789133
Lung_Dx-A0236,0,0.9953181147575378,0.004681822843849659
Lung_Dx-A0236,0,0.9889063835144043,0.011093567125499249
Lung_Dx-A0236,0,0.9941913485527039,0.005808669608086348
Lung_Dx-A0236,0,0.9921992421150208,0.007800757884979248
Lung_Dx-A0236,0,0.9462500810623169,0.05374995619058609
Lung_Dx-A0236,0,0.9655115008354187,0.03448852524161339
Lung_Dx-A0236,0,0.8243559002876282,0.17564409971237183
Lung_Dx-A0236,0,0.9421884417533875,0.057811614125967026
Lung_Dx-A0236,0,0.9912208914756775,0.00877910852432251
Lung_Dx-A0236,0,0.9971216320991516,0.002878348110243678
Lung_Dx-A0236,0,0.9961530566215515,0.0038468718994408846
Lung_Dx-A0236,0,0.9871044158935547,0.012895587831735611
Lung_Dx-A0236,0,0.9902350902557373,0.009764972142875195
Lung_Dx-A0236,0,0.992061972618103,0.007937993854284286
Lung_Dx-A0236,0,0.9892544746398926,0.010745538398623466
Lung_Dx-A0236,0,0.9975560903549194,0.0024438865948468447
Lung_Dx-A0236,0,0.9914721846580505,0.008527800440788269
Lung_Dx-A0236,0,0.9943471550941467,0.005652877036482096
Lung_Dx-A0236,0,0.9955315589904785,0.00446838466450572
Lung_Dx-A0236,0,0.9983611702919006,0.0016388678923249245
Lung_Dx-A0236,0,0.9962419271469116,0.0037580945063382387
Lung_Dx-A0236,0,0.9964134097099304,0.0035866156686097383
Lung_Dx-A0236,0,0.9952816367149353,0.004718369338661432
Lung_Dx-A0236,0,0.9965233206748962,0.003476650919765234
Lung_Dx-A0236,0,0.9918121099472046,0.008187909610569477
Lung_Dx-A0236,0,0.9967711567878723,0.0032287640497088432
Lung_Dx-A0238,0,0.6858443021774292,0.3141557574272156
Lung_Dx-A0238,0,0.8545815348625183,0.14541849493980408
Lung_Dx-A0238,0,0.8475266098976135,0.15247340500354767
Lung_Dx-A0238,0,0.8911496996879578,0.10885028541088104
Lung_Dx-A0238,0,0.8308687806129456,0.16913123428821564
Lung_Dx-A0238,0,0.7369215488433838,0.2630784213542938
Lung_Dx-A0238,0,0.24533353745937347,0.7546664476394653
Lung_Dx-A0238,0,0.25017932057380676,0.7498207092285156
Lung_Dx-A0238,0,0.5249426960945129,0.47505736351013184
Lung_Dx-A0238,0,0.8063956499099731,0.19360436499118805
Lung_Dx-A0238,0,0.8031737804412842,0.19682620465755463
Lung_Dx-A0238,0,0.645957887172699,0.3540421426296234
Lung_Dx-A0238,0,0.008881675079464912,0.9911182522773743
Lung_Dx-A0238,0,0.06424132734537125,0.9357587099075317
Lung_Dx-A0238,0,0.31362995505332947,0.6863700151443481
Lung_Dx-A0238,0,0.019400762394070625,0.9805992841720581
Lung_Dx-A0238,0,0.03608394414186478,0.9639160633087158
Lung_Dx-A0238,0,0.10580960661172867,0.8941903710365295
Lung_Dx-A0238,0,0.010328153148293495,0.9896718263626099
Lung_Dx-A0238,0,0.006718870252370834,0.9932811260223389
Lung_Dx-A0238,0,0.004248078912496567,0.9957518577575684
Lung_Dx-A0238,0,0.00016442514606751502,0.9998354911804199
Lung_Dx-A0238,0,0.01764446310698986,0.982355535030365
Lung_Dx-A0238,0,0.07075196504592896,0.929248034954071
Lung_Dx-A0238,0,0.15720152854919434,0.8427984118461609
Lung_Dx-A0238,0,0.0004747042548842728,0.9995253086090088
Lung_Dx-A0238,0,0.0030278353951871395,0.9969722032546997
Lung_Dx-A0238,0,0.008156249299645424,0.9918437600135803
Lung_Dx-A0238,0,0.06717856973409653,0.9328213930130005
Lung_Dx-A0238,0,0.281109482049942,0.7188904881477356
Lung_Dx-A0238,0,0.09653530269861221,0.903464674949646
Lung_Dx-A0238,0,0.2831119894981384,0.7168880105018616
Lung_Dx-A0238,0,0.014629741199314594,0.9853702783584595
Lung_Dx-A0238,0,0.0534033328294754,0.9465966820716858
Lung_Dx-A0238,0,0.026255300268530846,0.9737446904182434
Lung_Dx-A0238,0,0.1431877166032791,0.8568122982978821
Lung_Dx-A0238,0,0.2514408528804779,0.7485591173171997
Lung_Dx-A0238,0,0.7652426362037659,0.23475733399391174
Lung_Dx-A0238,0,0.7103772163391113,0.28962278366088867
Lung_Dx-A0238,0,0.7749242186546326,0.22507576644420624
Lung_Dx-A0238,0,0.845432698726654,0.15456733107566833
Lung_Dx-A0238,0,0.6767266988754272,0.32327327132225037
Lung_Dx-A0238,0,0.8800774812698364,0.11992251873016357
Lung_Dx-A0238,0,0.4971314072608948,0.50286865234375
Lung_Dx-A0238,0,0.21333619952201843,0.7866637706756592
Lung_Dx-A0238,0,0.5927366018295288,0.4072633981704712
Lung_Dx-A0238,0,0.5217453241348267,0.4782547056674957
Lung_Dx-A0238,0,0.5446651577949524,0.4553348124027252
Lung_Dx-A0238,0,0.6977118849754333,0.30228808522224426
Lung_Dx-A0238,0,0.9282788634300232,0.07172112166881561
Lung_Dx-A0238,0,0.6095241904258728,0.3904758393764496
Lung_Dx-A0238,0,0.4723183810710907,0.5276816487312317
Lung_Dx-A0238,0,0.6564380526542664,0.34356194734573364
Lung_Dx-A0238,0,0.7754347920417786,0.22456520795822144
Lung_Dx-A0238,0,0.7989721894264221,0.20102782547473907
Lung_Dx-A0238,0,0.75837641954422,0.24162359535694122
Lung_Dx-A0238,0,0.864710807800293,0.13528919219970703
Lung_Dx-A0238,0,0.9226218461990356,0.07737810164690018
Lung_Dx-A0238,0,0.5935577750205994,0.4064422845840454
Lung_Dx-A0238,0,0.8504685759544373,0.14953137934207916
Lung_Dx-A0238,0,0.6000857949256897,0.3999141454696655
Lung_Dx-A0238,0,0.826151430606842,0.17384850978851318
Lung_Dx-A0238,0,0.7489495277404785,0.25105050206184387
Lung_Dx-A0238,0,0.7948630452156067,0.20513691008090973
Lung_Dx-A0238,0,0.9046926498413086,0.0953073501586914
Lung_Dx-A0238,0,0.7144163846969604,0.28558361530303955
Lung_Dx-A0238,0,0.8776341676712036,0.1223657950758934
Lung_Dx-A0238,0,0.32027629017829895,0.6797237396240234
Lung_Dx-A0238,0,0.8899121284484863,0.11008787900209427
Lung_Dx-A0238,0,0.8926560878753662,0.10734386742115021
Lung_Dx-A0238,0,0.613873302936554,0.38612666726112366
Lung_Dx-A0238,0,0.8587778210639954,0.14122219383716583
Lung_Dx-A0238,0,0.5979014039039612,0.4020986258983612
Lung_Dx-A0238,0,0.6420889496803284,0.3579111099243164
Lung_Dx-A0242,0,0.9695268273353577,0.030473187565803528
Lung_Dx-A0242,0,0.9513686299324036,0.04863136634230614
Lung_Dx-A0242,0,0.9228308200836182,0.07716921716928482
Lung_Dx-A0242,0,0.9801293015480042,0.019870713353157043
Lung_Dx-A0242,0,0.7396105527877808,0.26038944721221924
Lung_Dx-A0242,0,0.6721837520599365,0.3278162479400635
Lung_Dx-A0242,0,0.6939398050308228,0.30606016516685486
Lung_Dx-A0242,0,0.594536542892456,0.40546345710754395
Lung_Dx-A0242,0,0.7405967116355896,0.2594032883644104
Lung_Dx-A0242,0,0.8260813355445862,0.17391866445541382
Lung_Dx-A0242,0,0.541757345199585,0.45824265480041504
Lung_Dx-A0242,0,0.6814618706703186,0.3185381591320038
Lung_Dx-A0242,0,0.5832997560501099,0.41670021414756775
Lung_Dx-A0242,0,0.5232071876525879,0.4767927825450897
Lung_Dx-A0242,0,0.4321981966495514,0.5678017735481262
Lung_Dx-A0242,0,0.5041197538375854,0.49588021636009216
Lung_Dx-A0242,0,0.48993054032325745,0.5100694298744202
Lung_Dx-A0242,0,0.36846253275871277,0.6315374970436096
Lung_Dx-A0242,0,0.4033465087413788,0.5966535210609436
Lung_Dx-A0242,0,0.40518394112586975,0.5948160886764526
Lung_Dx-A0242,0,0.3542934060096741,0.6457065939903259
Lung_Dx-A0242,0,0.3396632969379425,0.6603366732597351
Lung_Dx-A0242,0,0.37955087423324585,0.6204491853713989
Lung_Dx-A0242,0,0.3167918622493744,0.683208167552948
Lung_Dx-A0242,0,0.47881820797920227,0.5211817622184753
Lung_Dx-A0242,0,0.3119506239891052,0.68804931640625
Lung_Dx-A0242,0,0.3270769417285919,0.6729230880737305
Lung_Dx-A0242,0,0.3061639070510864,0.6938361525535583
Lung_Dx-A0242,0,0.3143135607242584,0.6856864094734192
Lung_Dx-A0242,0,0.40596380829811096,0.5940362215042114
Lung_Dx-A0242,0,0.3495882451534271,0.6504117846488953
Lung_Dx-A0242,0,0.8679338097572327,0.13206614553928375
Lung_Dx-A0242,0,0.4510393440723419,0.5489606261253357
Lung_Dx-A0242,0,0.30038630962371826,0.6996136903762817
Lung_Dx-A0242,0,0.29103127121925354,0.7089687585830688
Lung_Dx-A0242,0,0.4004562497138977,0.5995437502861023
Lung_Dx-A0242,0,0.29680711030960083,0.7031928896903992
Lung_Dx-A0242,0,0.4217899739742279,0.5782099962234497
Lung_Dx-A0242,0,0.4496493935585022,0.5503506064414978
Lung_Dx-A0242,0,0.24463357031345367,0.7553663849830627
Lung_Dx-A0242,0,0.8236122727394104,0.17638768255710602
Lung_Dx-A0242,0,0.6151167750358582,0.38488325476646423
Lung_Dx-A0242,0,0.8978744745254517,0.10212547332048416
Lung_Dx-A0242,0,0.8827314972877502,0.11726853251457214
Lung_Dx-A0242,0,0.8715295791625977,0.12847046554088593
Lung_Dx-A0242,0,0.8814619183540344,0.11853806674480438
Lung_Dx-A0242,0,0.5572543144226074,0.4427456557750702
Lung_Dx-A0242,0,0.5956689715385437,0.4043310284614563
Lung_Dx-A0242,0,0.7860075235366821,0.21399249136447906
Lung_Dx-A0242,0,0.5613951683044434,0.43860483169555664
Lung_Dx-A0242,0,0.8010035157203674,0.19899649918079376
Lung_Dx-A0242,0,0.743447482585907,0.256552517414093
Lung_Dx-A0242,0,0.4683498740196228,0.531650185585022
Lung_Dx-A0242,0,0.43354299664497375,0.5664570331573486
Lung_Dx-A0242,0,0.5728572010993958,0.42714282870292664
Lung_Dx-A0242,0,0.43642690777778625,0.5635731220245361
Lung_Dx-A0242,0,0.5286551117897034,0.471344918012619
Lung_Dx-A0242,0,0.3993137776851654,0.6006861925125122
Lung_Dx-A0242,0,0.7211053967475891,0.2788946330547333
Lung_Dx-A0242,0,0.32506510615348816,0.6749349236488342
Lung_Dx-A0242,0,0.3449949324131012,0.6550050973892212
Lung_Dx-A0242,0,0.3006942570209503,0.6993057727813721
Lung_Dx-A0242,0,0.2808135449886322,0.7191864252090454
Lung_Dx-A0242,0,0.28279000520706177,0.7172099947929382
Lung_Dx-A0242,0,0.30647513270378113,0.6935248374938965
Lung_Dx-A0242,0,0.32611045241355896,0.6738895177841187
Lung_Dx-A0242,0,0.4289957582950592,0.5710042715072632
Lung_Dx-A0242,0,0.2832358777523041,0.7167640924453735
Lung_Dx-A0242,0,0.39978232979774475,0.6002176403999329
Lung_Dx-A0242,0,0.5258520245552063,0.4741479754447937
Lung_Dx-A0242,0,0.5435031652450562,0.45649683475494385
Lung_Dx-A0242,0,0.48111480474472046,0.5188851952552795
Lung_Dx-A0242,0,0.3717351257801056,0.6282649040222168
Lung_Dx-A0242,0,0.2675516903400421,0.7324483394622803
Lung_Dx-A0242,0,0.24355244636535645,0.7564474940299988
Lung_Dx-A0242,0,0.29472219944000244,0.7052778005599976
Lung_Dx-A0242,0,0.3100672960281372,0.6899327039718628
Lung_Dx-A0242,0,0.267264723777771,0.732735276222229
Lung_Dx-A0242,0,0.3426540195941925,0.6573460102081299
Lung_Dx-A0242,0,0.1629120409488678,0.8370879292488098
Lung_Dx-A0242,0,0.7829945087432861,0.21700549125671387
Lung_Dx-A0242,0,0.4661164879798889,0.5338835716247559
Lung_Dx-A0242,0,0.6481602191925049,0.3518397808074951
Lung_Dx-A0242,0,0.8608377575874329,0.13916222751140594
Lung_Dx-A0242,0,0.5836780667304993,0.4163219928741455
Lung_Dx-A0242,0,0.861596405506134,0.13840354979038239
Lung_Dx-A0242,0,0.8090497255325317,0.1909502148628235
Lung_Dx-A0242,0,0.7133318185806274,0.28666824102401733
Lung_Dx-A0242,0,0.6673644781112671,0.3326354920864105
Lung_Dx-A0242,0,0.51305091381073,0.48694905638694763
Lung_Dx-A0242,0,0.390766441822052,0.6092336177825928
Lung_Dx-A0242,0,0.549436628818512,0.45056337118148804
Lung_Dx-A0242,0,0.6284359097480774,0.3715640902519226
Lung_Dx-A0242,0,0.33106568455696106,0.6689343452453613
Lung_Dx-A0242,0,0.7199254631996155,0.2800745666027069
Lung_Dx-A0242,0,0.5096118450164795,0.4903881549835205
Lung_Dx-A0242,0,0.8065480589866638,0.19345195591449738
Lung_Dx-A0242,0,0.40621405839920044,0.5937860012054443
Lung_Dx-A0242,0,0.34200817346572876,0.657991886138916
Lung_Dx-A0242,0,0.3818964660167694,0.6181035041809082
Lung_Dx-A0242,0,0.5359182357788086,0.4640817642211914
Lung_Dx-A0242,0,0.41562506556510925,0.5843749642372131
Lung_Dx-A0242,0,0.4143359065055847,0.5856640934944153
Lung_Dx-A0242,0,0.40389010310173035,0.596109926700592
Lung_Dx-A0242,0,0.2527066469192505,0.7472933530807495
Lung_Dx-A0242,0,0.7004339694976807,0.29956603050231934
Lung_Dx-A0242,0,0.7191371321678162,0.28086286783218384
Lung_Dx-A0242,0,0.9881993532180786,0.011800596490502357
Lung_Dx-A0242,0,0.9902161359786987,0.009783875197172165
Lung_Dx-A0242,0,0.9837850332260132,0.01621503196656704
Lung_Dx-A0242,0,0.999099612236023,0.0009004466701298952
Lung_Dx-A0242,0,0.9992985725402832,0.0007014083093963563
Lung_Dx-A0242,0,0.9994493126869202,0.000550624739844352
Lung_Dx-A0242,0,0.9957020878791809,0.004297938663512468
Lung_Dx-A0242,0,0.9729852676391602,0.02701479196548462
Lung_Dx-A0242,0,0.9940658807754517,0.005934066604822874
Lung_Dx-A0242,0,0.9891186952590942,0.010881332680583
Lung_Dx-A0242,0,0.9381806254386902,0.061819322407245636
Lung_Dx-A0250,0,0.9840169548988342,0.01598300412297249
Lung_Dx-A0250,0,0.9732153415679932,0.026784729212522507
Lung_Dx-A0250,0,0.9468920826911926,0.05310790240764618
Lung_Dx-A0250,0,0.7689067125320435,0.23109324276447296
Lung_Dx-A0250,0,0.6699067950248718,0.3300931751728058
Lung_Dx-A0250,0,0.7026830911636353,0.29731687903404236
Lung_Dx-A0250,0,0.5895982384681702,0.4104017913341522
Lung_Dx-A0250,0,0.8269215226173401,0.17307844758033752
Lung_Dx-A0250,0,0.22244668006896973,0.777553379535675
Lung_Dx-A0250,0,0.6813823580741882,0.31861764192581177
Lung_Dx-A0250,0,0.7177543640136719,0.2822456657886505
Lung_Dx-A0250,0,0.852874219417572,0.14712578058242798
Lung_Dx-A0250,0,0.6726005673408508,0.32739943265914917
Lung_Dx-A0250,0,0.491211861371994,0.5087881684303284
Lung_Dx-A0250,0,0.49081528186798096,0.5091847777366638
Lung_Dx-A0250,0,0.43068602681159973,0.5693140029907227
Lung_Dx-A0250,0,0.12984342873096466,0.8701565861701965
Lung_Dx-A0250,0,0.069320909678936,0.9306790828704834
Lung_Dx-A0250,0,0.22456520795822144,0.7754347920417786
Lung_Dx-A0250,0,0.30998897552490234,0.6900110840797424
Lung_Dx-A0250,0,0.013454154133796692,0.9865458011627197
Lung_Dx-A0250,0,0.04038906842470169,0.9596109390258789
Lung_Dx-A0250,0,0.34881147742271423,0.6511885523796082
Lung_Dx-A0250,0,0.39940163493156433,0.6005983948707581
Lung_Dx-A0250,0,0.2836325466632843,0.7163674235343933
Lung_Dx-A0250,0,0.32180625200271606,0.6781938076019287
Lung_Dx-A0250,0,0.14051306247711182,0.8594869375228882
Lung_Dx-A0250,0,0.2833597958087921,0.7166401743888855
Lung_Dx-A0250,0,0.08878079056739807,0.9112192392349243
Lung_Dx-A0250,0,0.3832932114601135,0.6167068481445312
Lung_Dx-A0250,0,0.2935057282447815,0.7064942717552185
Lung_Dx-A0250,0,0.14098547399044037,0.8590145111083984
Lung_Dx-A0250,0,0.2860196828842163,0.7139803767204285
Lung_Dx-A0250,0,0.19907434284687042,0.8009256720542908
Lung_Dx-A0250,0,0.33337435126304626,0.6666256785392761
Lung_Dx-A0250,0,0.3273355960845947,0.6726644039154053
Lung_Dx-A0250,0,0.5806790590286255,0.4193209707736969
Lung_Dx-A0250,0,0.8374870419502258,0.1625128984451294
Lung_Dx-A0250,0,0.6232622265815735,0.3767377734184265
Lung_Dx-A0250,0,0.7324962019920349,0.26750385761260986
Lung_Dx-A0250,0,0.8290080428123474,0.1709919571876526
Lung_Dx-A0250,0,0.7191864252090454,0.2808135449886322
Lung_Dx-A0250,0,0.6016666889190674,0.3983333110809326
Lung_Dx-A0250,0,0.6158245205879211,0.3841754198074341
Lung_Dx-A0250,0,0.5834258794784546,0.4165741205215454
Lung_Dx-A0250,0,0.6788061857223511,0.32119378447532654
Lung_Dx-A0250,0,0.6953380107879639,0.30466198921203613
Lung_Dx-A0250,0,0.6938879489898682,0.30611202120780945
Lung_Dx-A0250,0,0.5417118668556213,0.4582880735397339
Lung_Dx-A0250,0,0.6134825944900513,0.38651737570762634
Lung_Dx-A0250,0,0.5471464991569519,0.4528535008430481
Lung_Dx-A0250,0,0.5959482192993164,0.4040517508983612
Lung_Dx-A0250,0,0.7008180022239685,0.2991819381713867
Lung_Dx-A0250,0,0.384583443403244,0.6154165863990784
Lung_Dx-A0250,0,0.45874273777008057,0.5412573218345642
Lung_Dx-A0250,0,0.3647351562976837,0.6352648735046387
Lung_Dx-A0250,0,0.4498457610607147,0.5501542687416077
Lung_Dx-A0250,0,0.38348257541656494,0.6165174841880798
Lung_Dx-A0250,0,0.6652474403381348,0.33475255966186523
Lung_Dx-A0250,0,0.6212537288665771,0.37874630093574524
Lung_Dx-A0250,0,0.27713051438331604,0.7228695154190063
Lung_Dx-A0250,0,0.5934693813323975,0.40653061866760254
Lung_Dx-A0250,0,0.6704734563827515,0.32952654361724854
Lung_Dx-A0250,0,0.6123748421669006,0.387625128030777
Lung_Dx-A0255,0,0.9943251013755798,0.005674875341355801
Lung_Dx-A0255,0,0.9994705319404602,0.0005295418086461723
Lung_Dx-A0255,0,0.9993162155151367,0.0006838353001512587
Lung_Dx-A0255,0,0.9989308714866638,0.001069126301445067
Lung_Dx-A0255,0,0.9965097308158875,0.003490210510790348
Lung_Dx-A0255,0,0.9983158111572266,0.0016842224868014455
Lung_Dx-A0255,0,0.9990781545639038,0.0009217804181389511
Lung_Dx-A0255,0,0.9964134097099304,0.0035866156686097383
Lung_Dx-A0255,0,0.9979210495948792,0.002078914549201727
Lung_Dx-A0255,0,0.9951419830322266,0.004857966210693121
Lung_Dx-A0255,0,0.9979966282844543,0.0020033332984894514
Lung_Dx-A0255,0,0.9909272193908691,0.009072806686162949
Lung_Dx-A0255,0,0.9796676635742188,0.020332353189587593
Lung_Dx-A0255,0,0.994551956653595,0.005448068026453257
Lung_Dx-A0255,0,0.9952816367149353,0.004718369338661432
Lung_Dx-A0255,0,0.9829874038696289,0.01701262593269348
Lung_Dx-A0255,0,0.9957352876663208,0.004264634568244219
Lung_Dx-A0255,0,0.9843363761901855,0.015663649886846542
Lung_Dx-A0255,0,0.9467446208000183,0.05325542762875557
Lung_Dx-A0255,0,0.9758776426315308,0.02412242442369461
Lung_Dx-A0255,0,0.9939963817596436,0.006003595422953367
Lung_Dx-A0255,0,0.9803186058998108,0.019681409001350403
Lung_Dx-A0255,0,0.9990395903587341,0.0009603368234820664
Lung_Dx-A0255,0,0.997512936592102,0.0024871178902685642
Lung_Dx-A0255,0,0.8364209532737732,0.16357898712158203
Lung_Dx-A0255,0,0.967348575592041,0.0326513797044754
Lung_Dx-A0255,0,0.7700327038764954,0.22996723651885986
Lung_Dx-A0255,0,0.776114284992218,0.22388571500778198
Lung_Dx-A0255,0,0.7266196608543396,0.2733803689479828
Lung_Dx-A0255,0,0.07257094979286194,0.9274290800094604
Lung_Dx-A0255,0,0.44039031863212585,0.5596097111701965
Lung_Dx-A0255,0,0.8745601773262024,0.12543988227844238
Lung_Dx-A0255,0,0.6134030222892761,0.38659700751304626
Lung_Dx-A0255,0,0.4964905381202698,0.5035094618797302
Lung_Dx-A0255,0,0.9256342649459839,0.07436569780111313
Lung_Dx-A0255,0,0.6323183178901672,0.36768171191215515
Lung_Dx-A0255,0,0.15830442309379578,0.8416955471038818
Lung_Dx-A0255,0,0.7612280249595642,0.23877201974391937
Lung_Dx-A0255,0,0.7189891934394836,0.28101083636283875
Lung_Dx-A0255,0,0.8036365509033203,0.19636347889900208
Lung_Dx-A0255,0,0.9069831967353821,0.09301680326461792
Lung_Dx-A0255,0,0.9477691650390625,0.05223085358738899
Lung_Dx-A0255,0,0.872401773929596,0.12759827077388763
Lung_Dx-A0255,0,0.5836076140403748,0.41639241576194763
Lung_Dx-A0255,0,0.7656371593475342,0.23436285555362701
Lung_Dx-A0255,0,0.7604727745056152,0.23952719569206238
Lung_Dx-A0255,0,0.8866168856620789,0.11338309943675995
Lung_Dx-A0255,0,0.7426084280014038,0.2573915719985962
Lung_Dx-A0255,0,0.7201715111732483,0.2798285186290741
Lung_Dx-A0255,0,0.8270612955093384,0.172938734292984
Lung_Dx-A0255,0,0.9533619284629822,0.046638038009405136
Lung_Dx-A0255,0,0.7958168387413025,0.2041831761598587
Lung_Dx-A0255,0,0.8080672025680542,0.1919327974319458
Lung_Dx-A0255,0,0.7577943801879883,0.2422056347131729
Lung_Dx-A0255,0,0.8144221305847168,0.18557792901992798
Lung_Dx-A0255,0,0.5732678771018982,0.4267321228981018
Lung_Dx-A0255,0,0.30347371101379395,0.696526288986206
Lung_Dx-A0255,0,0.5177842378616333,0.4822157323360443
Lung_Dx-A0255,0,0.4570155143737793,0.5429844260215759
Lung_Dx-A0255,0,0.8468945026397705,0.1531054675579071
Lung_Dx-A0255,0,0.9348130226135254,0.06518703699111938
Lung_Dx-A0255,0,0.6522691249847412,0.3477308750152588
Lung_Dx-A0255,0,0.5236334800720215,0.4763665199279785
Lung_Dx-A0255,0,0.4813471734523773,0.5186528563499451
Lung_Dx-A0255,0,0.665165901184082,0.33483409881591797
Lung_Dx-A0255,0,0.8664153218269348,0.133584663271904
Lung_Dx-A0255,0,0.45528939366340637,0.5447105765342712
Lung_Dx-A0255,0,0.38222789764404297,0.617772102355957
Lung_Dx-A0255,0,0.2946714460849762,0.7053285837173462
Lung_Dx-A0255,0,0.8034823536872864,0.19651763141155243
Lung_Dx-A0255,0,0.467384934425354,0.532615065574646
Lung_Dx-A0255,0,0.834204375743866,0.16579560935497284
Lung_Dx-A0255,0,0.8276889324188232,0.17231106758117676
Lung_Dx-A0255,0,0.6039537191390991,0.3960462808609009
Lung_Dx-A0255,0,0.5960878729820251,0.40391212701797485
Lung_Dx-A0255,0,0.3008996248245239,0.6991003751754761
Lung_Dx-A0255,0,0.3961411714553833,0.6038588881492615
Lung_Dx-A0255,0,0.6844485998153687,0.31555140018463135
Lung_Dx-A0255,0,0.8262916803359985,0.17370830476284027
Lung_Dx-A0255,0,0.4694404602050781,0.5305595397949219
Lung_Dx-A0255,0,0.15726622939109802,0.8427337408065796
Lung_Dx-A0255,0,0.14841710031032562,0.851582944393158
Lung_Dx-A0255,0,0.35840919613838196,0.6415908336639404
Lung_Dx-A0255,0,0.2522919476032257,0.7477080821990967
Lung_Dx-A0255,0,0.5137447118759155,0.4862552881240845
Lung_Dx-A0255,0,0.01279651839286089,0.9872035384178162
Lung_Dx-A0255,0,0.10079008340835571,0.8992099165916443
Lung_Dx-A0255,0,0.4282034933567047,0.5717964768409729
Lung_Dx-A0255,0,0.4654786288738251,0.5345214009284973
Lung_Dx-A0255,0,0.6342885494232178,0.365711510181427
Lung_Dx-A0255,0,0.8153795003890991,0.1846204698085785
Lung_Dx-A0255,0,0.13863661885261536,0.861363410949707
Lung_Dx-A0255,0,0.37117934226989746,0.6288205981254578
Lung_Dx-A0255,0,0.6001444458961487,0.3998555839061737
Lung_Dx-A0255,0,0.4962769150733948,0.5037230849266052
Lung_Dx-A0255,0,0.0057974006049335,0.9942025542259216
Lung_Dx-A0255,0,0.0026368051767349243,0.9973631501197815
Lung_Dx-A0255,0,0.0005747861578129232,0.9994252920150757
Lung_Dx-A0255,0,0.00016668821626808494,0.9998332262039185
Lung_Dx-A0255,0,0.005050507839769125,0.994949460029602
Lung_Dx-A0255,0,0.018194368109107018,0.9818056225776672
Lung_Dx-A0255,0,0.021594690158963203,0.978405237197876
Lung_Dx-A0255,0,0.00682395463809371,0.9931760430335999
Lung_Dx-A0255,0,0.0019154998008161783,0.998084545135498
Lung_Dx-A0255,0,0.022911690175533295,0.9770883321762085
Lung_Dx-A0255,0,0.08917658776044846,0.910823404788971
Lung_Dx-A0255,0,0.09777738898992538,0.9022226333618164
Lung_Dx-A0255,0,0.24077460169792175,0.7592254281044006
Lung_Dx-A0255,0,0.5851307511329651,0.41486918926239014
Lung_Dx-A0255,0,0.14139993488788605,0.8586000800132751
Lung_Dx-A0255,0,0.6464323401451111,0.3535676896572113
Lung_Dx-A0255,0,0.07293328642845154,0.9270667433738708
Lung_Dx-A0255,0,0.06669066101312637,0.9333093762397766
Lung_Dx-A0255,0,0.5294762849807739,0.4705237150192261
Lung_Dx-A0255,0,0.7502326369285583,0.24976733326911926
Lung_Dx-A0255,0,0.7907727956771851,0.20922721922397614
Lung_Dx-A0255,0,0.1439080834388733,0.8560919761657715
Lung_Dx-A0255,0,0.48255103826522827,0.5174489617347717
Lung_Dx-A0255,0,0.5435901880264282,0.456409752368927
Lung_Dx-A0255,0,0.6565343737602234,0.3434655964374542
Lung_Dx-A0255,0,0.5861379504203796,0.413862019777298
Lung_Dx-A0257,0,0.9117313623428345,0.08826860785484314
Lung_Dx-A0257,0,0.6796041131019592,0.32039588689804077
Lung_Dx-A0257,0,0.6233482360839844,0.376651793718338
Lung_Dx-A0257,0,0.8772666454315186,0.12273333966732025
Lung_Dx-A0257,0,0.7360212802886963,0.2639786899089813
Lung_Dx-A0257,0,0.6479722261428833,0.3520277440547943
Lung_Dx-A0257,0,0.8609547019004822,0.13904529809951782
Lung_Dx-A0257,0,0.7412527799606323,0.2587471604347229
Lung_Dx-A0257,0,0.9059065580368042,0.09409338235855103
Lung_Dx-A0257,0,0.8392075896263123,0.16079244017601013
Lung_Dx-A0257,0,0.47965601086616516,0.5203439593315125
Lung_Dx-A0257,0,0.01750955730676651,0.9824904799461365
Lung_Dx-A0257,0,0.04616273194551468,0.9538372755050659
Lung_Dx-A0257,0,0.933552086353302,0.06644792854785919
Lung_Dx-A0257,0,0.6867377758026123,0.3132621645927429
Lung_Dx-A0257,0,0.41701921820640564,0.5829808115959167
Lung_Dx-A0257,0,0.04599103331565857,0.954008936882019
Lung_Dx-A0257,0,0.37499096989631653,0.6250090599060059
Lung_Dx-A0257,0,0.2499503791332245,0.7500496506690979
Lung_Dx-A0257,0,0.5788648128509521,0.42113515734672546
Lung_Dx-A0257,0,0.05455021560192108,0.9454497694969177
Lung_Dx-A0257,0,0.6910756826400757,0.3089243769645691
Lung_Dx-A0257,0,0.9490590691566467,0.05094091221690178
Lung_Dx-A0257,0,0.6130808591842651,0.3869190812110901
Lung_Dx-A0257,0,0.3921331465244293,0.6078668832778931
Lung_Dx-A0257,0,0.2927974760532379,0.7072025537490845
Lung_Dx-A0257,0,0.20745545625686646,0.7925444841384888
Lung_Dx-A0257,0,0.2260993868112564,0.77390056848526
Lung_Dx-A0257,0,0.03481519594788551,0.96518474817276
Lung_Dx-A0257,0,0.11511248350143433,0.8848875164985657
Lung_Dx-A0257,0,0.03280595690011978,0.9671940207481384
Lung_Dx-A0257,0,0.024798160418868065,0.9752018451690674
Lung_Dx-A0257,0,0.016121823340654373,0.9838781356811523
Lung_Dx-A0257,0,0.8124212622642517,0.1875787377357483
Lung_Dx-A0257,0,0.31058982014656067,0.6894102096557617
Lung_Dx-A0257,0,0.6103228330612183,0.3896771967411041
Lung_Dx-A0257,0,0.9321451187133789,0.0678548812866211
Lung_Dx-A0257,0,0.732735276222229,0.267264723777771
Lung_Dx-A0257,0,0.5524718165397644,0.447528213262558
Lung_Dx-A0257,0,0.8423450589179993,0.15765489637851715
Lung_Dx-A0257,0,0.9209320545196533,0.07906799018383026
Lung_Dx-A0257,0,0.8946054577827454,0.10539454966783524
Lung_Dx-A0257,0,0.8766343593597412,0.1233656108379364
Lung_Dx-A0257,0,0.9355823397636414,0.06441766023635864
Lung_Dx-A0257,0,0.9618934392929077,0.03810662403702736
Lung_Dx-A0257,0,0.8674293160438538,0.13257069885730743
Lung_Dx-A0257,0,0.9280183911323547,0.07198163121938705
Lung_Dx-A0257,0,0.9533619284629822,0.046638038009405136
Lung_Dx-A0257,0,0.9085773825645447,0.0914226546883583
Lung_Dx-A0257,0,0.9683513641357422,0.03164868429303169
Lung_Dx-A0257,0,0.9765353798866272,0.023464657366275787
Lung_Dx-A0257,0,0.9702680706977844,0.029731908813118935
Lung_Dx-A0257,0,0.9461008310317993,0.05389915406703949
Lung_Dx-A0257,0,0.9590393900871277,0.0409606471657753
Lung_Dx-A0257,0,0.930962085723877,0.06903792917728424
Lung_Dx-A0257,0,0.9443310499191284,0.05566892772912979
Lung_Dx-A0257,0,0.9481545686721802,0.05184547230601311
Lung_Dx-A0257,0,0.9520419239997864,0.04795810580253601
Lung_Dx-A0257,0,0.9691202640533447,0.03087971732020378
Lung_Dx-A0257,0,0.945600688457489,0.05439931899309158
Lung_Dx-A0257,0,0.9141759276390076,0.0858241394162178
Lung_Dx-A0257,0,0.6648803353309631,0.3351196348667145
Lung_Dx-A0257,0,0.8254490494728088,0.17455095052719116
Lung_Dx-A0257,0,0.9482983350753784,0.05170163884758949
Lung_Dx-A0257,0,0.7733019590377808,0.22669801115989685
Lung_Dx-A0257,0,0.8180109858512878,0.18198898434638977
Lung_Dx-A0257,0,0.866528332233429,0.13347168266773224
Lung_Dx-A0257,0,0.8565124869346619,0.14348748326301575
Lung_Dx-A0257,0,0.8399966359138489,0.16000334918498993
Lung_Dx-A0257,0,0.9219217896461487,0.07807815819978714
Lung_Dx-A0257,0,0.9492946267127991,0.05070536211133003
Lung_Dx-A0257,0,0.9207897186279297,0.0792103260755539
Lung_Dx-A0257,0,0.9336731433868408,0.06632687151432037
Lung_Dx-A0257,0,0.9417077898979187,0.0582922138273716
Lung_Dx-A0257,0,0.987129271030426,0.01287075038999319
Lung_Dx-A0257,0,0.9554439783096313,0.04455598071217537
Lung_Dx-A0257,0,0.8958420157432556,0.1041579619050026
Lung_Dx-A0257,0,0.8822758197784424,0.11772419512271881
Lung_Dx-A0257,0,0.9702116250991821,0.02978830225765705
Lung_Dx-G0033,1,0.9214283227920532,0.07857164740562439
Lung_Dx-G0033,1,0.8119744062423706,0.1880256086587906
Lung_Dx-G0033,1,0.9419218301773071,0.05807814374566078
Lung_Dx-G0033,1,0.8220463395118713,0.17795370519161224
Lung_Dx-G0033,1,0.9794132709503174,0.020586779341101646
Lung_Dx-G0033,1,0.9765576720237732,0.023442290723323822
Lung_Dx-G0033,1,0.9685898423194885,0.03141012415289879
Lung_Dx-G0033,1,0.9921080470085144,0.007891984656453133
Lung_Dx-G0033,1,0.9991589784622192,0.0008409994770772755
Lung_Dx-G0033,1,0.998245358467102,0.0017546142917126417
Lung_Dx-G0033,1,0.9957767128944397,0.004223365802317858
Lung_Dx-G0033,1,0.9989225268363953,0.0010775026166811585
Lung_Dx-G0033,1,0.9996672868728638,0.0003327412996441126
Lung_Dx-G0033,1,0.9977959394454956,0.002204089192673564
Lung_Dx-G0033,1,0.9965233206748962,0.003476650919765234
Lung_Dx-G0033,1,0.9990836381912231,0.0009164002258330584
Lung_Dx-G0033,1,0.9902727007865906,0.00972727220505476
Lung_Dx-G0033,1,0.9937466382980347,0.006253384985029697
Lung_Dx-G0033,1,0.9924813508987427,0.007518718484789133
Lung_Dx-G0033,1,0.9478174448013306,0.05218253284692764
Lung_Dx-G0033,1,0.9782188534736633,0.02178117260336876
Lung_Dx-G0033,1,0.7559073567390442,0.24409262835979462
Lung_Dx-G0033,1,0.9773492217063904,0.022650809958577156
Lung_Dx-G0033,1,0.850902795791626,0.1490972340106964
Lung_Dx-G0033,1,0.8642531633377075,0.1357468068599701
Lung_Dx-G0033,1,0.9185532927513123,0.08144666254520416
Lung_Dx-G0033,1,0.7681685090065002,0.23183153569698334
Lung_Dx-G0033,1,0.6860020756721497,0.31399795413017273
Lung_Dx-G0033,1,0.5889778137207031,0.4110221862792969
Lung_Dx-G0033,1,0.8377527594566345,0.16224725544452667
Lung_Dx-G0033,1,0.9782188534736633,0.02178117260336876
Lung_Dx-G0033,1,0.6117154359817505,0.3882845342159271
Lung_Dx-G0033,1,0.8274101614952087,0.17258979380130768
Lung_Dx-G0033,1,0.9725975394248962,0.02740250527858734
Lung_Dx-G0033,1,0.9967774748802185,0.0032224839087575674
Lung_Dx-G0033,1,0.917672336101532,0.082327701151371
Lung_Dx-G0033,1,0.973869264125824,0.026130756363272667
Lung_Dx-G0033,1,0.8270612955093384,0.172938734292984
Lung_Dx-G0033,1,0.9676556587219238,0.032344330102205276
Lung_Dx-G0033,1,0.8776341676712036,0.1223657950758934
Lung_Dx-G0033,1,0.9762200117111206,0.023779984563589096
Lung_Dx-G0033,1,0.47051993012428284,0.5294800996780396
Lung_Dx-G0033,1,0.7026321291923523,0.2973679304122925
Lung_Dx-G0033,1,0.8449854850769043,0.1550145000219345
Lung_Dx-G0033,1,0.031499382108449936,0.9685006141662598
Lung_Dx-G0033,1,0.89674973487854,0.10325025767087936
Lung_Dx-G0033,1,0.9924958944320679,0.007504157721996307
Lung_Dx-G0033,1,0.9401335716247559,0.059866417199373245
Lung_Dx-G0033,1,0.6304432153701782,0.3695567846298218
Lung_Dx-G0033,1,0.9473810195922852,0.052618954330682755
Lung_Dx-G0033,1,0.9916033148765564,0.008396700024604797
Lung_Dx-G0033,1,0.9260365962982178,0.07396337389945984
Lung_Dx-G0033,1,0.9857729077339172,0.014227045699954033
Lung_Dx-G0033,1,0.972908079624176,0.02709190361201763
Lung_Dx-G0033,1,0.9447402954101562,0.055259641259908676
Lung_Dx-G0033,1,0.9953904151916504,0.004609572701156139
Lung_Dx-G0033,1,0.9974639415740967,0.002536047250032425
Lung_Dx-G0033,1,0.9089821577072144,0.09101787954568863
Lung_Dx-G0033,1,0.883135199546814,0.11686475574970245
Lung_Dx-G0033,1,0.9754835963249207,0.024516336619853973
Lung_Dx-G0039,1,0.9912885427474976,0.008711383678019047
Lung_Dx-G0039,1,0.9706599116325378,0.029340026900172234
Lung_Dx-G0039,1,0.9888203740119934,0.011179601773619652
Lung_Dx-G0039,1,0.9971160888671875,0.0028839593287557364
Lung_Dx-G0039,1,0.9921689629554749,0.007831050083041191
Lung_Dx-G0039,1,0.9837069511413574,0.016293104737997055
Lung_Dx-G0039,1,0.9846936464309692,0.015306354500353336
Lung_Dx-G0039,1,0.9666001796722412,0.03339982405304909
Lung_Dx-G0039,1,0.9792551398277283,0.020744889974594116
Lung_Dx-G0039,1,0.852506160736084,0.14749377965927124
Lung_Dx-G0039,1,0.9355823397636414,0.06441766023635864
Lung_Dx-G0039,1,0.6028655767440796,0.3971344232559204
Lung_Dx-G0039,1,0.9871044158935547,0.012895587831735611
Lung_Dx-G0039,1,0.91359943151474,0.08640053123235703
Lung_Dx-G0039,1,0.9926542043685913,0.007345826365053654
Lung_Dx-G0039,1,0.9960545301437378,0.003945406526327133
Lung_Dx-G0039,1,0.9862046241760254,0.01379536371678114
Lung_Dx-G0039,1,0.988447368144989,0.011552671901881695
Lung_Dx-G0039,1,0.9924666285514832,0.007533306255936623
Lung_Dx-G0039,1,0.9602494835853577,0.039750516414642334
Lung_Dx-G0039,1,0.9960237741470337,0.003976228181272745
Lung_Dx-G0039,1,0.9822025299072266,0.017797453328967094
Lung_Dx-G0039,1,0.9865458011627197,0.013454154133796692
Lung_Dx-G0039,1,0.9368651509284973,0.06313489377498627
Lung_Dx-G0039,1,0.7658560872077942,0.23414386808872223
Lung_Dx-G0039,1,0.8757869601249695,0.12421300262212753
Lung_Dx-G0039,1,0.9714287519454956,0.028571246191859245
Lung_Dx-G0039,1,0.9800149202346802,0.019985152408480644
Lung_Dx-G0039,1,0.7813306450843811,0.21866938471794128
Lung_Dx-G0039,1,0.9517737030982971,0.04822634533047676
Lung_Dx-G0039,1,0.9253649115562439,0.07463504374027252
Lung_Dx-G0039,1,0.9520864486694336,0.047913532704114914
Lung_Dx-G0039,1,0.802555501461029,0.19744445383548737
Lung_Dx-G0039,1,0.9500877857208252,0.049912191927433014
Lung_Dx-G0039,1,0.7998334765434265,0.2001665085554123
Lung_Dx-G0039,1,0.9019206762313843,0.09807932376861572
Lung_Dx-G0039,1,0.7419545650482178,0.25804540514945984
Lung_Dx-G0039,1,0.9406808614730835,0.0593191459774971
Lung_Dx-G0039,1,0.8063956499099731,0.19360436499118805
Lung_Dx-G0039,1,0.9822537302970886,0.01774631254374981
Lung_Dx-G0039,1,0.896251380443573,0.1037486270070076
Lung_Dx-G0039,1,0.961207389831543,0.03879259154200554
Lung_Dx-G0039,1,0.9884918928146362,0.011508150026202202
Lung_Dx-G0039,1,0.9252299070358276,0.07477004081010818
Lung_Dx-G0039,1,0.9050709009170532,0.09492912143468857
Lung_Dx-G0039,1,0.9222025275230408,0.07779745012521744
Lung_Dx-G0039,1,0.9433997869491577,0.056600261479616165
Lung_Dx-G0039,1,0.9929746389389038,0.0070254080928862095
Lung_Dx-G0039,1,0.9903663396835327,0.009633652865886688
Lung_Dx-G0039,1,0.9785082340240479,0.02149176597595215
Lung_Dx-G0039,1,0.9918910264968872,0.008108983747661114
Lung_Dx-G0039,1,0.8820728659629822,0.11792720854282379
Lung_Dx-G0039,1,0.8254490494728088,0.17455095052719116
Lung_Dx-G0039,1,0.7781018018722534,0.2218981832265854
Lung_Dx-G0039,1,0.9753196239471436,0.024680351838469505
Lung_Dx-G0039,1,0.9750359654426575,0.024964015930891037
Lung_Dx-G0039,1,0.982724130153656,0.01727590709924698
Lung_Dx-G0041,1,0.9947595000267029,0.00524044968187809
Lung_Dx-G0041,1,0.9970478415489197,0.002952147973701358
Lung_Dx-G0041,1,0.9940312504768372,0.0059687308967113495
Lung_Dx-G0041,1,0.9950177073478699,0.004982269834727049
Lung_Dx-G0041,1,0.8687711358070374,0.13122887909412384
Lung_Dx-G0041,1,0.9690617918968201,0.030938226729631424
Lung_Dx-G0041,1,0.9544354677200317,0.045564454048871994
Lung_Dx-G0041,1,0.9448422193527222,0.055157773196697235
Lung_Dx-G0041,1,0.9948902130126953,0.005109737627208233
Lung_Dx-G0041,1,0.9774355292320251,0.022564494982361794
Lung_Dx-G0041,1,0.9846346974372864,0.015365342609584332
Lung_Dx-G0041,1,0.9342753291130066,0.06572467088699341
Lung_Dx-G0041,1,0.9908034801483154,0.009196553379297256
Lung_Dx-G0041,1,0.9773492217063904,0.022650809958577156
Lung_Dx-G0041,1,0.9658029675483704,0.03419705107808113
Lung_Dx-G0041,1,0.9266363382339478,0.07336363941431046
Lung_Dx-G0041,1,0.9227263927459717,0.07727359235286713
Lung_Dx-G0041,1,0.5330328941345215,0.4669671356678009
Lung_Dx-G0041,1,0.6612942814826965,0.33870571851730347
Lung_Dx-G0041,1,0.7327831387519836,0.26721692085266113
Lung_Dx-G0041,1,0.930647611618042,0.0693524107336998
Lung_Dx-G0041,1,0.7876455187797546,0.21235451102256775
Lung_Dx-G0041,1,0.8534858822822571,0.1465141326189041
Lung_Dx-G0041,1,0.899165689945221,0.10083434730768204
Lung_Dx-G0041,1,0.7585553526878357,0.2414446771144867
Lung_Dx-G0041,1,0.9259026646614075,0.07409725338220596
Lung_Dx-G0041,1,0.8574102520942688,0.14258968830108643
Lung_Dx-G0041,1,0.8694931268692017,0.13050690293312073
Lung_Dx-G0041,1,0.9241418242454529,0.07585817575454712
Lung_Dx-G0041,1,0.7120820879936218,0.28791794180870056
Lung_Dx-G0041,1,0.5565351843833923,0.44346484541893005
Lung_Dx-G0041,1,0.7123322486877441,0.28766775131225586
Lung_Dx-G0041,1,0.7124322652816772,0.28756770491600037
Lung_Dx-G0041,1,0.788338840007782,0.21166115999221802
Lung_Dx-G0041,1,0.6187624335289001,0.38123753666877747
Lung_Dx-G0041,1,0.6488280296325684,0.35117200016975403
Lung_Dx-G0041,1,0.6236347556114197,0.37636521458625793
Lung_Dx-G0041,1,0.5376483201980591,0.4623516798019409
Lung_Dx-G0041,1,0.5413444638252258,0.45865556597709656
Lung_Dx-G0041,1,0.3852156400680542,0.6147843599319458
Lung_Dx-G0041,1,0.5931085348129272,0.40689143538475037
Lung_Dx-G0041,1,0.4561977982521057,0.5438022017478943
Lung_Dx-G0041,1,0.5079339146614075,0.4920661151409149
Lung_Dx-G0041,1,0.2803454101085663,0.7196546196937561
Lung_Dx-G0041,1,0.389111191034317,0.6108888387680054
Lung_Dx-G0041,1,0.353044718503952,0.6469552516937256
Lung_Dx-G0047,1,0.9911527037620544,0.008847354911267757
Lung_Dx-G0047,1,0.9833269715309143,0.016673045232892036
Lung_Dx-G0047,1,0.98973149061203,0.010268432088196278
Lung_Dx-G0047,1,0.9037198424339294,0.09628009796142578
Lung_Dx-G0047,1,0.9084962010383606,0.09150380641222
Lung_Dx-G0047,1,0.7892336845397949,0.21076630055904388
Lung_Dx-G0047,1,0.6445625424385071,0.3554374873638153
Lung_Dx-G0047,1,0.18967114388942719,0.8103289008140564
Lung_Dx-G0047,1,0.05203782394528389,0.9479621648788452
Lung_Dx-G0047,1,0.0033439078833907843,0.996656060218811
Lung_Dx-G0047,1,0.049497056752443314,0.9505029916763306
Lung_Dx-G0047,1,0.02571159042418003,0.9742884635925293
Lung_Dx-G0047,1,0.08674804866313934,0.9132519364356995
Lung_Dx-G0047,1,0.0027791906613856554,0.9972207546234131
Lung_Dx-G0047,1,0.37376150488853455,0.6262384653091431
Lung_Dx-G0047,1,0.05964694544672966,0.9403530955314636
Lung_Dx-G0047,1,0.09628009796142578,0.9037198424339294
Lung_Dx-G0047,1,0.47037166357040405,0.529628336429596
Lung_Dx-G0047,1,0.17272931337356567,0.8272706270217896
Lung_Dx-G0047,1,0.009633652865886688,0.9903663396835327
Lung_Dx-G0047,1,0.012552118860185146,0.9874479174613953
Lung_Dx-G0047,1,0.00854433048516512,0.991455614566803
Lung_Dx-G0047,1,0.006692850962281227,0.9933071732521057
Lung_Dx-G0047,1,0.036700353026390076,0.9632996320724487
Lung_Dx-G0047,1,0.017831627279520035,0.9821683764457703
Lung_Dx-G0047,1,0.35835304856300354,0.6416469812393188
Lung_Dx-G0047,1,0.03694279491901398,0.9630572199821472
Lung_Dx-G0047,1,0.028247779235243797,0.9717521667480469
Lung_Dx-G0047,1,0.04804736003279686,0.9519526958465576
Lung_Dx-G0047,1,0.022521456703543663,0.9774785041809082
Lung_Dx-G0047,1,0.019179068505764008,0.980820894241333
Lung_Dx-G0047,1,0.023962024599313736,0.9760379791259766
Lung_Dx-G0047,1,0.1965947300195694,0.803405225276947
Lung_Dx-G0047,1,0.18140818178653717,0.818591833114624
Lung_Dx-G0047,1,0.06003152206540108,0.9399685263633728
Lung_Dx-G0047,1,0.31689754128456116,0.6831024885177612
Lung_Dx-G0047,1,0.03126191347837448,0.9687380790710449
Lung_Dx-G0047,1,0.054098695516586304,0.9459012746810913
Lung_Dx-G0047,1,0.035544395446777344,0.9644556045532227
Lung_Dx-G0047,1,0.06030763313174248,0.9396923184394836
Lung_Dx-G0047,1,0.0629042461514473,0.9370958209037781
Lung_Dx-G0047,1,0.21493849158287048,0.7850614786148071
Lung_Dx-G0047,1,0.02517884224653244,0.974821150302887
Lung_Dx-G0047,1,0.5400750041007996,0.4599250257015228
Lung_Dx-G0047,1,0.08262329548597336,0.917376697063446
Lung_Dx-G0047,1,0.9007918834686279,0.09920809417963028
Lung_Dx-G0047,1,0.7052778005599976,0.29472219944000244
Lung_Dx-G0047,1,0.4442746639251709,0.5557253360748291
Lung_Dx-G0047,1,0.865053117275238,0.1349468231201172
Lung_Dx-G0047,1,0.8252379298210144,0.17476211488246918
Lung_Dx-G0047,1,0.5244555473327637,0.47554439306259155
Lung_Dx-G0047,1,0.3173469305038452,0.6826530694961548
Lung_Dx-G0047,1,0.22845761477947235,0.7715424299240112
Lung_Dx-G0047,1,0.01572399027645588,0.9842759370803833
Lung_Dx-G0047,1,0.6070227026939392,0.3929772675037384
Lung_Dx-G0047,1,0.7119818925857544,0.28801804780960083
Lung_Dx-G0047,1,0.5268695950508118,0.47313037514686584
Lung_Dx-G0047,1,0.9507778882980347,0.04922211915254593
Lung_Dx-G0047,1,0.7391400933265686,0.2608599364757538
Lung_Dx-G0047,1,0.8391416668891907,0.16085833311080933
Lung_Dx-G0047,1,0.7560875415802002,0.2439124882221222
Lung_Dx-G0047,1,0.6162720918655396,0.38372787833213806
Lung_Dx-G0047,1,0.8144221305847168,0.18557792901992798
Lung_Dx-G0047,1,0.6650299429893494,0.33497005701065063
Lung_Dx-G0047,1,0.9063219428062439,0.09367799758911133
Lung_Dx-G0047,1,0.9523086547851562,0.047691281884908676
Lung_Dx-G0047,1,0.7621586918830872,0.23784136772155762
Lung_Dx-G0047,1,0.7993640899658203,0.20063598453998566
Lung_Dx-G0047,1,0.700177788734436,0.29982221126556396
Lung_Dx-G0047,1,0.7468782067298889,0.25312182307243347
Lung_Dx-G0047,1,0.4794694185256958,0.520530641078949
Lung_Dx-G0047,1,0.793586254119873,0.20641371607780457
Lung_Dx-G0047,1,0.8830848336219788,0.11691516637802124
Lung_Dx-G0047,1,0.8310059905052185,0.16899405419826508
Lung_Dx-G0047,1,0.9028668403625488,0.09713316708803177
Lung_Dx-G0047,1,0.6468228101730347,0.35317718982696533
Lung_Dx-G0047,1,0.9007046222686768,0.09929539263248444
Lung_Dx-G0047,1,0.7187917828559875,0.2812081575393677
Lung_Dx-G0047,1,0.9233852624893188,0.07661467790603638
Lung_Dx-G0047,1,0.4313109219074249,0.5686890482902527
Lung_Dx-G0047,1,0.1881001740694046,0.8118997812271118
Lung_Dx-G0047,1,0.5492175221443176,0.45078244805336
Lung_Dx-G0047,1,0.6057698726654053,0.3942301273345947
Lung_Dx-G0047,1,0.6526565551757812,0.347343385219574
Lung_Dx-G0047,1,0.29497599601745605,0.705024003982544
Lung_Dx-G0047,1,0.11071129888296127,0.8892887234687805
Lung_Dx-G0047,1,0.40740707516670227,0.5925929546356201
Lung_Dx-G0047,1,0.46733176708221436,0.5326682329177856
Lung_Dx-G0047,1,0.2701912522315979,0.7298086881637573
Lung_Dx-G0047,1,0.6518952250480652,0.3481047749519348
Lung_Dx-G0047,1,0.6214188933372498,0.378581166267395
Lung_Dx-G0047,1,0.5275599360466003,0.47244006395339966
Lung_Dx-A0191,0,0.9968335032463074,0.003166511654853821
Lung_Dx-A0191,0,0.9983611702919006,0.0016388678923249245
Lung_Dx-A0191,0,0.9986032843589783,0.001396671636030078
Lung_Dx-A0191,0,0.9908034801483154,0.009196553379297256
Lung_Dx-A0191,0,0.9998118281364441,0.0001881420612335205
Lung_Dx-A0191,0,0.9998339414596558,0.00016603847325313836
Lung_Dx-A0191,0,0.9998775720596313,0.00012243444507475942
Lung_Dx-A0191,0,0.9998345375061035,0.00016539123316761106
Lung_Dx-A0191,0,0.9988372921943665,0.001162685570307076
Lung_Dx-A0191,0,0.9995531439781189,0.0004468277038540691
Lung_Dx-A0191,0,0.9986355900764465,0.0013643618440255523
Lung_Dx-A0191,0,0.9982351064682007,0.0017649073852226138
Lung_Dx-A0191,0,0.9988620281219482,0.001138000632636249
Lung_Dx-A0191,0,0.9986826777458191,0.001317291404120624
Lung_Dx-A0191,0,0.9995187520980835,0.0004812357947230339
Lung_Dx-A0191,0,0.9998067021369934,0.00019335657998453826
Lung_Dx-A0191,0,0.998798131942749,0.001201891340315342
Lung_Dx-A0191,0,0.9987624883651733,0.001237579737789929
Lung_Dx-A0191,0,0.9991424083709717,0.0008575725369155407
Lung_Dx-A0191,0,0.9995505213737488,0.0004494523163884878
Lung_Dx-A0191,0,0.9999508857727051,4.9086618673754856e-05
Lung_Dx-A0191,0,0.9998968839645386,0.00010310212383046746
Lung_Dx-A0191,0,0.999762237071991,0.00023782205244060606
Lung_Dx-A0192,0,0.9937345385551453,0.006265534088015556
Lung_Dx-A0192,0,0.9943690896034241,0.005630961619317532
Lung_Dx-A0192,0,0.9961305856704712,0.0038693908136337996
Lung_Dx-A0192,0,0.9999560117721558,4.400118632474914e-05
Lung_Dx-A0192,0,0.99997878074646,2.127806692442391e-05
Lung_Dx-A0192,0,0.9999836683273315,1.6314539607265033e-05
Lung_Dx-A0192,0,0.9999357461929321,6.427061452995986e-05
Lung_Dx-A0192,0,0.9999786615371704,2.1361343897297047e-05
Lung_Dx-A0192,0,0.999868631362915,0.00013135180051904172
Lung_Dx-A0192,0,0.9999947547912598,5.19416880706558e-06
Lung_Dx-A0192,0,0.9999165534973145,8.34962775115855e-05
Lung_Dx-A0192,0,0.9999896287918091,1.0370215022703633e-05
Lung_Dx-A0192,0,0.9999847412109375,1.5266357877408154e-05
Lung_Dx-A0192,0,0.99998939037323,1.0616134204610717e-05
Lung_Dx-A0192,0,0.999981164932251,1.877787508419715e-05
Lung_Dx-A0199,0,0.9991440773010254,0.0008559006382711232
Lung_Dx-A0199,0,0.9993638396263123,0.0006361911655403674
Lung_Dx-A0199,0,0.9999496936798096,5.025061182095669e-05
Lung_Dx-A0199,0,0.9999622106552124,3.778374957619235e-05
Lung_Dx-A0199,0,0.9998799562454224,0.0001200666229124181
Lung_Dx-A0199,0,0.9999784231185913,2.161314114346169e-05
Lung_Dx-A0199,0,0.9999879598617554,1.1982739124505315e-05
Lung_Dx-A0199,0,0.9998482465744019,0.00015177360910456628
Lung_Dx-A0199,0,0.9999872446060181,1.2755551324517e-05
Lung_Dx-A0199,0,0.999988317489624,1.1705164979503024e-05
Lung_Dx-A0199,0,0.9999934434890747,6.566035608557286e-06
Lung_Dx-A0199,0,0.9999886751174927,1.130080818256829e-05
Lung_Dx-A0199,0,0.9999369382858276,6.302758993115276e-05
Lung_Dx-A0199,0,0.9999810457229614,1.8999216990778223e-05
Lung_Dx-A0199,0,0.9999617338180542,3.822911094175652e-05
Lung_Dx-A0199,0,0.9999427795410156,5.7163873862009495e-05
Lung_Dx-A0199,0,0.9999203681945801,7.9673009167891e-05
Lung_Dx-A0199,0,0.9997387528419495,0.00026119028916582465
Lung_Dx-A0199,0,0.9999858140945435,1.4174347597872838e-05
Lung_Dx-A0199,0,0.9999326467514038,6.735481292707846e-05
Lung_Dx-A0199,0,0.9999951124191284,4.841499503527302e-06
Lung_Dx-A0199,0,0.999919056892395,8.092757343547419e-05
Lung_Dx-A0199,0,0.9999020099639893,9.79976830421947e-05
Lung_Dx-A0199,0,0.9999206066131592,7.936241308925673e-05
Lung_Dx-A0199,0,0.9997443556785583,0.0002556400722824037
Lung_Dx-A0199,0,0.9999719858169556,2.7969301299890503e-05
Lung_Dx-A0199,0,0.9998831748962402,0.00011682840704452246
Lung_Dx-A0199,0,0.9998928308486938,0.00010720881255110726
Lung_Dx-A0199,0,0.999789297580719,0.00021070436923764646
Lung_Dx-A0199,0,0.9996718168258667,0.00032822455978021026
Lung_Dx-A0199,0,0.9996553659439087,0.00034464316559024155
Lung_Dx-A0202,0,0.9511876106262207,0.048812419176101685
Lung_Dx-A0202,0,0.9988861680030823,0.001113839098252356
Lung_Dx-A0202,0,0.13195426762104034,0.8680456876754761
Lung_Dx-A0202,0,0.7214489579200745,0.2785510718822479
Lung_Dx-A0202,0,0.9760379791259766,0.023962024599313736
Lung_Dx-A0202,0,0.9445360898971558,0.05546393245458603
Lung_Dx-A0202,0,0.7171356678009033,0.2828642725944519
Lung_Dx-A0202,0,0.27713051438331604,0.7228695154190063
Lung_Dx-A0202,0,0.03010033629834652,0.9698996543884277
Lung_Dx-A0202,0,7.936241308925673e-05,0.9999206066131592
Lung_Dx-A0202,0,6.735481292707846e-05,0.9999326467514038
Lung_Dx-A0202,0,7.086326513672248e-05,0.9999291896820068
Lung_Dx-A0202,0,0.00038899207720533013,0.9996110796928406
Lung_Dx-A0202,0,0.00033209225512109697,0.9996678829193115
Lung_Dx-A0202,0,6.452215166063979e-05,0.999935507774353
Lung_Dx-A0202,0,4.557554711936973e-05,0.9999544620513916
Lung_Dx-A0202,0,4.3477467670527403e-07,0.9999995231628418
Lung_Dx-A0202,0,0.0038693908136337996,0.9961305856704712
Lung_Dx-A0202,0,0.00034531671553850174,0.9996546506881714
Lung_Dx-A0202,0,0.0002182420575991273,0.9997817873954773
Lung_Dx-A0202,0,8.107959729386494e-06,0.9999918937683105
Lung_Dx-A0202,0,0.00013605112326331437,0.9998639822006226
Lung_Dx-A0202,0,0.00972727220505476,0.9902727007865906
Lung_Dx-A0202,0,1.7231572201126255e-05,0.9999827146530151
Lung_Dx-A0202,0,0.0012545945355668664,0.998745322227478
Lung_Dx-A0202,0,0.0008492456981912255,0.9991507530212402
Lung_Dx-A0202,0,0.00620502233505249,0.9937950372695923
Lung_Dx-A0202,0,0.001052568550221622,0.9989474415779114
Lung_Dx-A0202,0,0.010388216935098171,0.9896118640899658
Lung_Dx-A0202,0,0.00016865275392774493,0.9998313188552856
Lung_Dx-A0202,0,9.70394194155233e-06,0.9999903440475464
Lung_Dx-A0202,0,0.0002355114120291546,0.9997645020484924
Lung_Dx-A0202,0,0.0001150173629866913,0.9998849630355835
Lung_Dx-A0202,0,0.002540992572903633,0.9974589943885803
Lung_Dx-A0202,0,0.025516601279377937,0.9744833707809448
Lung_Dx-A0202,0,0.001904330332763493,0.998095691204071
Lung_Dx-A0202,0,0.07343005388975143,0.9265698790550232
Lung_Dx-A0202,0,0.006463137920945883,0.9935368895530701
Lung_Dx-A0202,0,0.08181271702051163,0.9181873202323914
Lung_Dx-A0202,0,0.438356876373291,0.561643123626709
Lung_Dx-A0202,0,0.39350154995918274,0.6064984202384949
Lung_Dx-A0202,0,0.6297746300697327,0.37022536993026733
Lung_Dx-A0202,0,0.9809673428535461,0.019032660871744156
Lung_Dx-A0202,0,0.9812749028205872,0.018725162371993065
Lung_Dx-A0202,0,0.9757392406463623,0.024260742589831352
Lung_Dx-A0202,0,0.6740504503250122,0.3259495198726654
Lung_Dx-A0202,0,0.8568122982978821,0.1431877166032791
Lung_Dx-A0202,0,0.9369227886199951,0.0630771592259407
Lung_Dx-A0202,0,0.7843191027641296,0.21568095684051514
Lung_Dx-A0202,0,0.8886622190475464,0.11133779585361481
Lung_Dx-A0202,0,0.5690127611160278,0.4309872090816498
Lung_Dx-A0202,0,0.8135349154472351,0.18646514415740967
Lung_Dx-A0202,0,0.6994597315788269,0.3005402386188507
Lung_Dx-A0202,0,0.5365102291107178,0.4634898006916046
Lung_Dx-A0202,0,0.49337807297706604,0.5066219568252563
Lung_Dx-A0202,0,0.2893214821815491,0.7106785178184509
Lung_Dx-A0202,0,0.9591160416603088,0.04088399186730385
Lung_Dx-A0202,0,0.8610131144523621,0.13898684084415436
Lung_Dx-A0202,0,0.03010033629834652,0.9698996543884277
Lung_Dx-A0202,0,0.07483763247728348,0.9251623749732971
Lung_Dx-A0202,0,0.0006251128506846726,0.9993749260902405
Lung_Dx-A0202,0,0.0006693099276162684,0.9993307590484619
Lung_Dx-A0202,0,0.008429286070168018,0.9915707111358643
Lung_Dx-A0202,0,0.48648399114608765,0.5135159492492676
Lung_Dx-A0202,0,0.05460060387849808,0.9453993439674377
Lung_Dx-A0202,0,0.002917855279520154,0.9970821738243103
Lung_Dx-A0202,0,0.005301894620060921,0.9946980476379395
Lung_Dx-A0202,0,0.028898300603032112,0.9711017608642578
Lung_Dx-A0202,0,0.00655152415856719,0.9934484362602234
Lung_Dx-A0202,0,0.006326630711555481,0.9936733245849609
Lung_Dx-A0202,0,0.020944207906723022,0.9790558218955994
Lung_Dx-A0202,0,0.006850480102002621,0.9931495785713196
Lung_Dx-A0202,0,0.045183755457401276,0.9548162817955017
Lung_Dx-A0202,0,0.06108710914850235,0.9389128684997559
Lung_Dx-A0202,0,0.027980946004390717,0.9720190763473511
Lung_Dx-A0202,0,0.008644177578389645,0.991355836391449
Lung_Dx-A0202,0,0.0002387526328675449,0.9997612833976746
Lung_Dx-A0202,0,0.0007733057136647403,0.9992266893386841
Lung_Dx-A0202,0,0.0015639361226931214,0.9984360337257385
Lung_Dx-A0202,0,0.005322535056620836,0.9946774244308472
Lung_Dx-A0202,0,0.05079945921897888,0.9492005109786987
Lung_Dx-A0202,0,0.003824483836069703,0.9961755275726318
Lung_Dx-A0202,0,0.03594832494854927,0.9640516638755798
Lung_Dx-A0202,0,0.15849970281124115,0.8415002226829529
Lung_Dx-A0202,0,0.07828931510448456,0.921710729598999
Lung_Dx-A0202,0,0.0001376546424580738,0.9998623132705688
Lung_Dx-A0202,0,0.005119676236063242,0.9948803186416626
Lung_Dx-A0202,0,0.004503272473812103,0.9954967498779297
Lung_Dx-A0202,0,0.0022518474142998457,0.9977481961250305
Lung_Dx-A0202,0,0.016769379377365112,0.9832305908203125
Lung_Dx-A0202,0,0.010032950900495052,0.9899671077728271
Lung_Dx-A0202,0,0.0006130294059403241,0.9993869066238403
Lung_Dx-A0202,0,0.05992140620946884,0.940078616142273
Lung_Dx-A0202,0,0.04531031847000122,0.9546896815299988
Lung_Dx-A0202,0,0.013171950355172157,0.986828088760376
Lung_Dx-A0202,0,0.059047263115644455,0.9409527778625488
Lung_Dx-A0202,0,0.024030638858675957,0.9759693741798401
Lung_Dx-A0202,0,0.0014664584305137396,0.9985334873199463
Lung_Dx-A0202,0,0.010489091277122498,0.9895108342170715
Lung_Dx-A0202,0,0.04099902883172035,0.9590010046958923
Lung_Dx-A0202,0,0.23414386808872223,0.7658560872077942
Lung_Dx-A0202,0,0.09211450070142746,0.9078854918479919
Lung_Dx-A0202,0,0.0778675451874733,0.9221324920654297
Lung_Dx-A0202,0,0.12294380366802216,0.8770562410354614
Lung_Dx-A0202,0,0.2768860161304474,0.7231139540672302
Lung_Dx-A0202,0,0.11018358916044235,0.889816403388977
Lung_Dx-A0202,0,0.1448732316493988,0.8551267385482788
Lung_Dx-A0202,0,0.46693673729896545,0.5330632328987122
Lung_Dx-A0202,0,0.26702573895454407,0.7329742908477783
Lung_Dx-A0202,0,0.2355477213859558,0.7644522786140442
Lung_Dx-A0202,0,0.851706326007843,0.14829371869564056
Lung_Dx-A0202,0,0.0224356260150671,0.9775643944740295
Lung_Dx-A0202,0,0.003476650919765234,0.9965233206748962
Lung_Dx-A0202,0,0.01657724939286709,0.9834227561950684
Lung_Dx-A0202,0,0.011244560591876507,0.9887554049491882
Lung_Dx-A0202,0,0.014842418022453785,0.9851576089859009
Lung_Dx-A0202,0,0.000600007246248424,0.9994000196456909
Lung_Dx-A0202,0,0.0013406203361228108,0.9986593723297119
Lung_Dx-A0202,0,0.0007437029271386564,0.9992563128471375
Lung_Dx-A0202,0,0.0013484881492331624,0.9986515641212463
Lung_Dx-A0202,0,5.3491330618271604e-05,0.9999464750289917
Lung_Dx-A0202,0,0.0002309572446392849,0.9997690320014954
Lung_Dx-A0202,0,6.364021828630939e-06,0.9999936819076538
Lung_Dx-A0202,0,8.904843525670003e-06,0.9999910593032837
Lung_Dx-A0202,0,3.269927037763409e-05,0.9999673366546631
Lung_Dx-A0202,0,2.7969301299890503e-05,0.9999719858169556
Lung_Dx-A0202,0,4.013747002318269e-06,0.9999959468841553
Lung_Dx-A0202,0,0.00012881154543720186,0.9998711347579956
Lung_Dx-A0202,0,7.692087820032611e-05,0.9999231100082397
Lung_Dx-A0202,0,8.061209518928081e-05,0.9999194145202637
Lung_Dx-A0202,0,0.0037580945063382387,0.9962419271469116
Lung_Dx-A0202,0,0.05628819763660431,0.9437118172645569
Lung_Dx-A0202,0,0.0028560124337673187,0.9971439242362976
Lung_Dx-A0202,0,0.08404060453176498,0.9159594178199768
Lung_Dx-A0202,0,0.0015669888816773891,0.9984330534934998
Lung_Dx-A0202,0,0.09696201980113983,0.903037965297699
Lung_Dx-A0202,0,0.0008559006382711232,0.9991440773010254
Lung_Dx-A0202,0,0.001654924126341939,0.9983450174331665
Lung_Dx-A0202,0,0.07910355180501938,0.9208964705467224
Lung_Dx-A0202,0,0.0005861161043867469,0.9994138479232788
Lung_Dx-A0202,0,0.00415008096024394,0.9958499670028687
Lung_Dx-A0202,0,0.03277498483657837,0.9672250151634216
Lung_Dx-A0202,0,0.0001733271637931466,0.9998267292976379
Lung_Dx-A0202,0,0.0009716460481286049,0.9990283250808716
Lung_Dx-A0202,0,0.017695315182209015,0.9823046922683716
Lung_Dx-A0202,0,0.001071214210242033,0.9989287257194519
Lung_Dx-A0202,0,0.0025658647064119577,0.9974341988563538
Lung_Dx-A0202,0,0.32960745692253113,0.6703925132751465
Lung_Dx-A0202,0,0.0044770813547074795,0.9955229759216309
Lung_Dx-A0202,0,0.18053969740867615,0.8194603323936462
Lung_Dx-A0202,0,0.19798661768436432,0.8020133376121521
Lung_Dx-A0202,0,0.04903962463140488,0.9509603977203369
Lung_Dx-A0202,0,0.0361519381403923,0.9638481140136719
Lung_Dx-A0202,0,0.041695766150951385,0.958304226398468
Lung_Dx-A0202,0,0.8308001160621643,0.1691998690366745
Lung_Dx-A0202,0,0.11531158536672592,0.8846883773803711
Lung_Dx-A0202,0,0.14438998699188232,0.8556100726127625
Lung_Dx-A0202,0,0.075721375644207,0.9242786765098572
Lung_Dx-A0202,0,0.1264611780643463,0.8735387921333313
Lung_Dx-A0202,0,0.5072627067565918,0.492737352848053
Lung_Dx-A0202,0,0.5879578590393066,0.41204211115837097
Lung_Dx-A0202,0,0.3267814815044403,0.6732185482978821
Lung_Dx-A0202,0,0.6652202606201172,0.3347797095775604
Lung_Dx-A0206,0,0.9999632835388184,3.6764631659025326e-05
Lung_Dx-A0206,0,0.9999520778656006,4.794958294951357e-05
Lung_Dx-A0206,0,0.9997867941856384,0.0002131875662598759
Lung_Dx-A0206,0,0.9990763664245605,0.0009235808975063264
Lung_Dx-A0206,0,0.8514594435691833,0.14854055643081665
Lung_Dx-A0206,0,0.9995719790458679,0.00042804275290109217
Lung_Dx-A0206,0,0.9593451619148254,0.04065484553575516
Lung_Dx-A0206,0,0.9997703433036804,0.00022960825299378484
Lung_Dx-A0206,0,0.999832034111023,0.00016799535660538822
Lung_Dx-A0206,0,0.9999369382858276,6.302758993115276e-05
Lung_Dx-A0206,0,0.9996302127838135,0.00036973884562030435
Lung_Dx-A0206,0,0.9981968998908997,0.0018031664658337831
Lung_Dx-A0206,0,0.9975985884666443,0.0024014052469283342
Lung_Dx-A0206,0,0.999779999256134,0.000219953348278068
Lung_Dx-A0206,0,0.9996345043182373,0.00036543281748890877
Lung_Dx-A0206,0,0.9988259673118591,0.0011740823974832892
Lung_Dx-A0206,0,0.9998761415481567,0.0001238774711964652
Lung_Dx-A0208,0,0.9999790191650391,2.1030173229519278e-05
Lung_Dx-A0208,0,0.9998867511749268,0.00011323438229737803
Lung_Dx-A0208,0,0.9995978474617004,0.0004021193308290094
Lung_Dx-A0208,0,0.9996607303619385,0.00033930176869034767
Lung_Dx-A0208,0,0.9991012811660767,0.0008986912434920669
Lung_Dx-A0208,0,0.9994173049926758,0.0005826939013786614
Lung_Dx-A0208,0,0.9996041655540466,0.0003958875604439527
Lung_Dx-A0208,0,0.9996147155761719,0.00038521323585882783
Lung_Dx-A0208,0,0.9995326995849609,0.00046734808711335063
Lung_Dx-A0208,0,0.9995197057723999,0.00048029725439846516
Lung_Dx-A0208,0,0.9990655779838562,0.0009344576974399388
Lung_Dx-A0208,0,0.9996685981750488,0.0003314445202704519
Lung_Dx-A0208,0,0.9998822212219238,0.00011774458835134283
Lung_Dx-A0208,0,0.9995566010475159,0.0004433519789017737
Lung_Dx-A0208,0,0.9967899918556213,0.003209961112588644
Lung_Dx-A0208,0,0.9895108342170715,0.010489091277122498
Lung_Dx-A0208,0,0.9957270622253418,0.004272936377674341
Lung_Dx-A0208,0,0.9994207620620728,0.0005792917218059301
Lung_Dx-A0222,0,0.9572377800941467,0.0427621528506279
Lung_Dx-A0222,0,0.9982826709747314,0.0017173837404698133
Lung_Dx-A0222,0,0.999194324016571,0.0008056566584855318
Lung_Dx-A0222,0,0.9839708209037781,0.016029145568609238
Lung_Dx-A0222,0,0.9943251013755798,0.005674875341355801
Lung_Dx-A0222,0,0.9998058676719666,0.00019411317771300673
Lung_Dx-A0222,0,0.9941347241401672,0.005865338258445263
Lung_Dx-A0222,0,0.9847817420959473,0.015218292362987995
Lung_Dx-A0222,0,0.9988883137702942,0.0011116680689156055
Lung_Dx-A0222,0,0.9916195869445801,0.008380454033613205
Lung_Dx-A0222,0,0.9854124188423157,0.014587568119168282
Lung_Dx-A0222,0,0.9630224108695984,0.036977555602788925
Lung_Dx-A0222,0,0.9289263486862183,0.07107366621494293
Lung_Dx-A0222,0,0.9452984929084778,0.054701510816812515
Lung_Dx-A0222,0,0.9859634041786194,0.014036569744348526
Lung_Dx-A0222,0,0.9996110796928406,0.00038899207720533013
Lung_Dx-A0222,0,0.9858549237251282,0.014145104214549065
Lung_Dx-A0222,0,0.9588085412979126,0.04119143635034561
Lung_Dx-A0222,0,0.9562681317329407,0.04373188316822052
Lung_Dx-A0222,0,0.984941840171814,0.015058137476444244
Lung_Dx-A0222,0,0.9995280504226685,0.00047193223144859076
Lung_Dx-A0222,0,0.9562273025512695,0.04377273842692375
Lung_Dx-A0222,0,0.32047560811042786,0.6795243620872498
Lung_Dx-A0222,0,0.9871540665626526,0.012845958583056927
Lung_Dx-A0222,0,0.987829327583313,0.01217062957584858
Lung_Dx-A0222,0,0.9973938465118408,0.0026061658281832933
Lung_Dx-A0222,0,0.9968641400337219,0.00313583598472178
Lung_Dx-A0222,0,0.8988109230995178,0.10118906199932098
Lung_Dx-A0222,0,0.9736696481704712,0.026330305263400078
Lung_Dx-A0222,0,0.908048689365387,0.09195128828287125
Lung_Dx-A0222,0,0.9921385645866394,0.007861457765102386
Lung_Dx-A0222,0,0.9931095838546753,0.006890459917485714
Lung_Dx-A0222,0,0.9787736535072327,0.02122640050947666
Lung_Dx-A0222,0,0.9481064677238464,0.05189348757266998
Lung_Dx-A0222,0,0.915808916091919,0.08419107645750046
Lung_Dx-A0222,0,0.9973008036613464,0.0026991665363311768
Lung_Dx-A0222,0,0.9981505274772644,0.0018494504038244486
Lung_Dx-A0222,0,0.9992792010307312,0.0007208380266092718
Lung_Dx-A0222,0,0.9901019334793091,0.009898063726723194
Lung_Dx-A0222,0,0.9989916682243347,0.001008343417197466
Lung_Dx-A0222,0,0.9944342970848083,0.0055657243356108665
Lung_Dx-A0222,0,0.9971216320991516,0.002878348110243678
Lung_Dx-A0222,0,0.9970991611480713,0.002900857711210847
Lung_Dx-A0222,0,0.9980881810188293,0.0019117692718282342
Lung_Dx-A0222,0,0.9810401201248169,0.018959863111376762
Lung_Dx-A0222,0,0.9927532076835632,0.007246801629662514
Lung_Dx-A0222,0,0.9933846592903137,0.006615392863750458
Lung_Dx-A0222,0,0.9946255087852478,0.005374487489461899
Lung_Dx-A0222,0,0.9872281551361084,0.012771868146955967
Lung_Dx-A0222,0,0.983628511428833,0.016371551901102066
Lung_Dx-A0222,0,0.995354413986206,0.004645557142794132
Lung_Dx-A0222,0,0.9991065859794617,0.000893445685505867
Lung_Dx-A0222,0,0.9990618824958801,0.000938111508730799
Lung_Dx-A0222,0,0.9991638660430908,0.0008360903011634946
Lung_Dx-A0222,0,0.9990655779838562,0.0009344576974399388
Lung_Dx-A0222,0,0.9954172372817993,0.00458276504650712
Lung_Dx-A0222,0,0.9951796531677246,0.0048203435726463795
Lung_Dx-A0222,0,0.9993976354598999,0.0006023541209287941
Lung_Dx-A0222,0,0.9981862902641296,0.001813743612729013
Lung_Dx-A0222,0,0.9991557598114014,0.0008442883845418692
Lung_Dx-A0222,0,0.9728049635887146,0.027195056900382042
Lung_Dx-A0222,0,0.9860039353370667,0.013996084220707417
Lung_Dx-A0222,0,0.9976310729980469,0.0023688741493970156
Lung_Dx-A0222,0,0.9978384375572205,0.0021615505684167147
Lung_Dx-A0222,0,0.9995761513710022,0.00042388474685139954
Lung_Dx-A0222,0,0.9986567497253418,0.0013432379346340895
Lung_Dx-A0222,0,0.9994218349456787,0.0005781619693152606
Lung_Dx-A0222,0,0.9982143640518188,0.001785674481652677
Lung_Dx-A0222,0,0.9973217844963074,0.0026782178319990635
Lung_Dx-A0222,0,0.9994352459907532,0.0005647764774039388
Lung_Dx-A0222,0,0.996570348739624,0.0034296035300940275
Lung_Dx-A0222,0,0.9992792010307312,0.0007208380266092718
Lung_Dx-A0222,0,0.9996423721313477,0.00035766829387284815
Lung_Dx-A0222,0,0.9937708973884583,0.006229157093912363
Lung_Dx-A0222,0,0.9961305856704712,0.0038693908136337996
Lung_Dx-A0222,0,0.9816303849220276,0.018369639292359352
Lung_Dx-A0222,0,0.9969956874847412,0.0030043430160731077
Lung_Dx-A0222,0,0.9994837045669556,0.0005162725574336946
Lung_Dx-A0222,0,0.9990034699440002,0.0009966078214347363
Lung_Dx-A0222,0,0.9992693066596985,0.0007307537016458809
Lung_Dx-A0222,0,0.9997236132621765,0.00027640711050480604
Lung_Dx-A0222,0,0.9998239874839783,0.00017605620087124407
Lung_Dx-A0222,0,0.9998539686203003,0.00014596008986700326
Lung_Dx-A0222,0,0.9985646605491638,0.0014353332808241248
Lung_Dx-A0222,0,0.9773923754692078,0.02260761149227619
Lung_Dx-A0222,0,0.9809125065803528,0.019087431952357292
Lung_Dx-A0222,0,0.9981141090393066,0.0018858587136492133
Lung_Dx-A0222,0,0.9993785619735718,0.0006214630557224154
Lung_Dx-A0222,0,0.995470404624939,0.004529616795480251
Lung_Dx-A0222,0,0.9989308714866638,0.001069126301445067
Lung_Dx-A0222,0,0.9836598634719849,0.01634012721478939
Lung_Dx-A0222,0,0.994455873966217,0.0055441465228796005
Lung_Dx-A0222,0,0.9575167298316956,0.04248320683836937
Lung_Dx-A0222,0,0.9691202640533447,0.03087971732020378
Lung_Dx-A0222,0,0.971563994884491,0.02843603491783142
Lung_Dx-A0222,0,0.9700985550880432,0.029901403933763504
Lung_Dx-A0222,0,0.998248815536499,0.0017511966871097684
Lung_Dx-A0222,0,0.9889705181121826,0.011029469780623913
Lung_Dx-A0222,0,0.660870373249054,0.33912962675094604
Lung_Dx-A0222,0,0.717902660369873,0.2820972800254822
Lung_Dx-A0222,0,0.008644177578389645,0.991355836391449
Lung_Dx-A0222,0,0.01141961570829153,0.9885804057121277
Lung_Dx-A0222,0,0.003953089471906424,0.9960468411445618
Lung_Dx-A0222,0,0.015860598534345627,0.9841393232345581
Lung_Dx-A0222,0,0.8765287399291992,0.12347128242254257
Lung_Dx-A0222,0,0.9002670049667358,0.09973295032978058
Lung_Dx-A0222,0,0.8125700354576111,0.18742996454238892
Lung_Dx-A0222,0,0.0031974867451936007,0.9968024492263794
Lung_Dx-A0222,0,0.5050047039985657,0.49499526619911194
Lung_Dx-A0222,0,0.756177544593811,0.24382245540618896
Lung_Dx-A0222,0,0.0933055654168129,0.9066944122314453
Lung_Dx-A0222,0,0.14021848142147064,0.8597815036773682
Lung_Dx-A0222,0,0.022478504106402397,0.977521538734436
Lung_Dx-A0222,0,0.9924374222755432,0.007562567945569754
Lung_Dx-A0222,0,0.9102266430854797,0.0897732824087143
Lung_Dx-A0222,0,0.22358889877796173,0.7764111161231995
Lung_Dx-A0222,0,0.3656123876571655,0.6343876123428345
Lung_Dx-A0222,0,0.6700147986412048,0.32998523116111755
Lung_Dx-A0222,0,0.8426690697669983,0.1573309600353241
Lung_Dx-A0222,0,0.004198795184493065,0.9958011507987976
Lung_Dx-A0222,0,0.003983970265835524,0.9960159659385681
Lung_Dx-A0222,0,0.47642743587493896,0.5235726237297058
Lung_Dx-A0222,0,0.9500414729118347,0.049958523362874985
Lung_Dx-A0222,0,0.4022306799888611,0.5977693200111389
Lung_Dx-A0222,0,0.04809204861521721,0.9519079327583313
Lung_Dx-A0222,0,0.1562979817390442,0.8437020182609558
Lung_Dx-A0223,0,0.9999933242797852,6.721743829984916e-06
Lung_Dx-A0223,0,0.9999414682388306,5.851939567946829e-05
Lung_Dx-A0223,0,0.999956488609314,4.348858055891469e-05
Lung_Dx-A0223,0,0.9999072551727295,9.278282232116908e-05
Lung_Dx-A0223,0,0.9996309280395508,0.00036901768180541694
Lung_Dx-A0223,0,0.9999946355819702,5.317343948263442e-06
Lung_Dx-A0223,0,0.9997527003288269,0.00024729344295337796
Lung_Dx-A0223,0,0.9999145269393921,8.547616744181141e-05
Lung_Dx-A0223,0,0.9999994039535522,6.059872816877032e-07
Lung_Dx-A0223,0,0.9999988079071045,1.1365636964910664e-06
Lung_Dx-A0223,0,0.9999853372573853,1.46815209518536e-05
Lung_Dx-A0223,0,0.9999815225601196,1.8486754925106652e-05
Lung_Dx-A0223,0,0.999997615814209,2.3967220386111876e-06
Lung_Dx-A0223,0,0.999993085861206,6.8811432356596924e-06
Lung_Dx-A0223,0,0.9999688863754272,3.108026794507168e-05
Lung_Dx-A0223,0,0.9998494386672974,0.00015059269207995385
Lung_Dx-A0223,0,0.9999814033508301,1.8559108866611496e-05
Lung_Dx-A0223,0,0.9999706745147705,2.9311537218745798e-05
Lung_Dx-A0223,0,0.9999972581863403,2.694705926842289e-06
Lung_Dx-A0223,0,0.9999895095825195,1.0451546586409677e-05
Lung_Dx-A0223,0,0.999995231628418,4.822624305234058e-06
Lung_Dx-A0223,0,0.999991774559021,8.23564096208429e-06
Lung_Dx-A0223,0,0.9999538660049438,4.611274562194012e-05
Lung_Dx-A0223,0,0.997166097164154,0.002833849750459194
Lung_Dx-A0223,0,0.9769347906112671,0.023065226152539253
Lung_Dx-A0223,0,0.9998058676719666,0.00019411317771300673
Lung_Dx-A0223,0,0.967007577419281,0.03299237787723541
Lung_Dx-A0223,0,0.9973165392875671,0.002683439524844289
Lung_Dx-A0223,0,0.9970421195030212,0.002957902615889907
Lung_Dx-A0223,0,0.9996923208236694,0.00030774305923841894
Lung_Dx-A0223,0,0.9601748585700989,0.039825133979320526
Lung_Dx-A0223,0,0.9889918565750122,0.0110081871971488
Lung_Dx-A0226,0,0.9999212026596069,7.874486618675292e-05
Lung_Dx-A0226,0,0.9999407529830933,5.920916373725049e-05
Lung_Dx-A0226,0,0.9898892045021057,0.010110844857990742
Lung_Dx-A0226,0,0.9999394416809082,6.061318708816543e-05
Lung_Dx-A0226,0,0.9999151229858398,8.481103577651083e-05
Lung_Dx-A0226,0,0.9996781349182129,0.00032187814940698445
Lung_Dx-A0226,0,0.999481737613678,0.0005182921304367483
Lung_Dx-A0226,0,0.9992720484733582,0.0007279067649506032
Lung_Dx-A0226,0,0.999940037727356,5.9907062677666545e-05
Lung_Dx-A0226,0,0.9999895095825195,1.049245383910602e-05
Lung_Dx-A0226,0,0.9996345043182373,0.00036543281748890877
Lung_Dx-A0226,0,0.9998711347579956,0.00012881154543720186
Lung_Dx-A0226,0,0.9999933242797852,6.6175330175610725e-06
Lung_Dx-A0226,0,0.9999955892562866,4.356879799161106e-06
Lung_Dx-A0226,0,0.999997615814209,2.3320744730881415e-06
Lung_Dx-A0226,0,0.9999829530715942,1.7097478121286258e-05
Lung_Dx-A0226,0,0.9999964237213135,3.528311708578258e-06
Lung_Dx-A0226,0,0.9999004602432251,9.954076813301072e-05
Lung_Dx-A0226,0,0.9998433589935303,0.0001565906568430364
Lung_Dx-A0226,0,0.9999315738677979,6.841542926849797e-05
Lung_Dx-A0226,0,0.9999489784240723,5.104190859128721e-05
Lung_Dx-A0226,0,0.9998332262039185,0.00016668821626808494
Lung_Dx-A0226,0,0.9997108578681946,0.0002891032490879297
Lung_Dx-A0226,0,0.9994887113571167,0.0005112579092383385
Lung_Dx-A0226,0,0.9997473359107971,0.0002526625175960362
Lung_Dx-A0226,0,0.9999697208404541,3.0241957574617118e-05
Lung_Dx-A0241,0,0.9992068409919739,0.0007931761210784316
Lung_Dx-A0241,0,0.9998058676719666,0.00019411317771300673
Lung_Dx-A0241,0,0.9999110698699951,8.888084994396195e-05
Lung_Dx-A0241,0,0.9998898506164551,0.00011018042278010398
Lung_Dx-A0241,0,0.9999794960021973,2.0543020582408644e-05
Lung_Dx-A0241,0,0.9999165534973145,8.34962775115855e-05
Lung_Dx-A0241,0,0.9997958540916443,0.000204223018954508
Lung_Dx-A0241,0,0.9916841983795166,0.008315779268741608
Lung_Dx-A0241,0,0.9987527132034302,0.0012472739908844233
Lung_Dx-A0241,0,0.9700985550880432,0.029901403933763504
Lung_Dx-A0241,0,0.9548162817955017,0.045183755457401276
Lung_Dx-A0241,0,0.9798033833503723,0.02019663341343403
Lung_Dx-A0241,0,0.3091801404953003,0.6908199191093445
Lung_Dx-A0241,0,0.1316748708486557,0.8683251738548279
Lung_Dx-A0241,0,0.17546741664409637,0.8245325684547424
Lung_Dx-A0241,0,0.00985985528677702,0.9901401400566101
Lung_Dx-A0241,0,0.0007466114475391805,0.9992533326148987
Lung_Dx-A0241,0,0.05276518687605858,0.9472348093986511
Lung_Dx-A0241,0,0.05146276578307152,0.9485372304916382
Lung_Dx-A0241,0,0.04535257816314697,0.954647421836853
Lung_Dx-A0241,0,0.007460643537342548,0.9925393462181091
Lung_Dx-A0241,0,0.004433765076100826,0.995566189289093
Lung_Dx-A0241,0,0.00045563653111457825,0.9995443224906921
Lung_Dx-A0241,0,0.005730246659368277,0.9942697286605835
Lung_Dx-A0241,0,0.0014493984635919333,0.9985505938529968
Lung_Dx-A0241,0,0.32348695397377014,0.6765130758285522
Lung_Dx-A0241,0,0.18572558462619781,0.8142744302749634
Lung_Dx-A0241,0,0.04854108393192291,0.9514589309692383
Lung_Dx-A0241,0,0.26530903577804565,0.7346909642219543
Lung_Dx-A0241,0,0.07942426204681396,0.9205756783485413
Lung_Dx-A0241,0,0.7549601793289185,0.24503983557224274
Lung_Dx-A0241,0,0.039825133979320526,0.9601748585700989
Lung_Dx-A0241,0,0.5538220405578613,0.44617795944213867
Lung_Dx-A0241,0,0.18447349965572357,0.8155264854431152
Lung_Dx-A0241,0,0.9230391979217529,0.07696083933115005
Lung_Dx-A0241,0,0.3559427559375763,0.6440572142601013
Lung_Dx-A0241,0,0.031708598136901855,0.9682914614677429
Lung_Dx-A0241,0,0.01073516346514225,0.9892648458480835
Lung_Dx-A0241,0,0.08748584985733032,0.9125142097473145
Lung_Dx-A0241,0,0.0034834244288504124,0.9965165853500366
Lung_Dx-A0241,0,0.03825005888938904,0.9617499113082886
Lung_Dx-A0241,0,0.014254463836550713,0.9857455492019653
Lung_Dx-A0241,0,0.0074896239675581455,0.9925103187561035
Lung_Dx-A0241,0,0.005522650200873613,0.9944773316383362
Lung_Dx-A0241,0,0.04092230275273323,0.9590777158737183
Lung_Dx-A0241,0,0.1388700157403946,0.8611299395561218
Lung_Dx-A0241,0,0.10447731614112854,0.8955226540565491
Lung_Dx-A0241,0,0.09938277304172516,0.9006171822547913
Lung_Dx-A0241,0,0.15015339851379395,0.849846601486206
Lung_Dx-A0241,0,0.22206684947013855,0.7779331803321838
Lung_Dx-A0241,0,0.7925444841384888,0.20745545625686646
Lung_Dx-A0241,0,0.30756595730781555,0.6924340724945068
Lung_Dx-A0241,0,0.9515940546989441,0.0484059602022171
Lung_Dx-A0241,0,0.9890553951263428,0.010944577865302563
Lung_Dx-A0241,0,0.8548240661621094,0.14517594873905182
Lung_Dx-A0241,0,0.9974737763404846,0.0025261850096285343
Lung_Dx-A0241,0,0.9978384375572205,0.0021615505684167147
Lung_Dx-A0241,0,0.9968024492263794,0.0031974867451936007
Lung_Dx-A0241,0,0.9956769347190857,0.004323086701333523
Lung_Dx-A0241,0,0.998661994934082,0.0013380079763010144
Lung_Dx-A0241,0,0.9972744584083557,0.002725582802668214
Lung_Dx-A0241,0,0.9910320043563843,0.008968053385615349
Lung_Dx-A0241,0,0.9964824914932251,0.003517488483339548
Lung_Dx-A0241,0,0.9806919097900391,0.01930808648467064
Lung_Dx-A0241,0,0.7892336845397949,0.21076630055904388
Lung_Dx-A0241,0,0.4218197464942932,0.5781802535057068
Lung_Dx-A0241,0,0.09751924872398376,0.9024807214736938
Lung_Dx-A0243,0,0.9985392093658447,0.0014607495395466685
Lung_Dx-A0243,0,0.9997468590736389,0.0002531563804950565
Lung_Dx-A0243,0,0.9997926354408264,0.00020743839559145272
Lung_Dx-A0243,0,0.9999630451202393,3.690851735882461e-05
Lung_Dx-A0243,0,0.9999315738677979,6.841542926849797e-05
Lung_Dx-A0243,0,0.9999712705612183,2.8744620067300275e-05
Lung_Dx-A0243,0,0.9999542236328125,4.575390994432382e-05
Lung_Dx-A0243,0,0.9999572038650513,4.2814375774469227e-05
Lung_Dx-A0243,0,0.9999816417694092,1.8414684745948762e-05
Lung_Dx-A0243,0,0.9997909665107727,0.00020906499412376434
Lung_Dx-A0243,0,0.9999616146087646,3.837873009615578e-05
Lung_Dx-A0243,0,0.9999772310256958,2.2827998691354878e-05
Lung_Dx-A0243,0,0.9994363188743591,0.000563675130251795
Lung_Dx-A0243,0,0.9999630451202393,3.690851735882461e-05
Lung_Dx-A0243,0,0.9994363188743591,0.000563675130251795
Lung_Dx-A0248,0,0.9996566772460938,0.00034329999471083283
Lung_Dx-A0248,0,0.9994274377822876,0.0005725465598516166
Lung_Dx-A0248,0,0.9917323589324951,0.008267596364021301
Lung_Dx-A0248,0,0.9992548823356628,0.0007451557903550565
Lung_Dx-A0248,0,0.9964893460273743,0.0035106490831822157
Lung_Dx-A0248,0,0.999339759349823,0.0006602274952456355
Lung_Dx-A0248,0,0.9998875856399536,0.00011235327838221565
Lung_Dx-A0248,0,0.9992175102233887,0.0007824140484444797
Lung_Dx-A0248,0,0.9997153878211975,0.000284622423350811
Lung_Dx-A0248,0,0.9999023675918579,9.7615658887662e-05
Lung_Dx-A0248,0,0.9997774958610535,0.0002225455391453579
Lung_Dx-A0248,0,0.9997649788856506,0.00023505199351347983
Lung_Dx-A0248,0,0.9992006421089172,0.0007993920589797199
Lung_Dx-A0248,0,0.9998574256896973,0.00014257943257689476
Lung_Dx-A0248,0,0.9998915195465088,0.00010847241355804726
Lung_Dx-A0248,0,0.9996485710144043,0.0003514382697176188
Lung_Dx-A0248,0,0.9999603033065796,3.975192885263823e-05
Lung_Dx-A0248,0,0.9999194145202637,8.061209518928081e-05
Lung_Dx-A0248,0,0.9999644756317139,3.5494620533427224e-05
Lung_Dx-A0248,0,0.9999200105667114,7.998482033144683e-05
Lung_Dx-A0248,0,0.9999829530715942,1.703082125459332e-05
Lung_Dx-A0248,0,0.9998859167098999,0.00011412239837227389
Lung_Dx-A0248,0,0.9997757077217102,0.00022429059026762843
Lung_Dx-A0248,0,0.9995187520980835,0.0004812357947230339
Lung_Dx-A0248,0,0.9981720447540283,0.0018279430223628879
Lung_Dx-A0248,0,0.9940890073776245,0.005911068990826607
Lung_Dx-A0248,0,0.9989797472953796,0.0010202174307778478
Lung_Dx-A0248,0,0.9505029916763306,0.049497056752443314
Lung_Dx-A0249,0,0.9997783303260803,0.00022167809947859496
Lung_Dx-A0249,0,0.9997546076774597,0.0002453695051372051
Lung_Dx-A0249,0,0.9985505938529968,0.0014493984635919333
Lung_Dx-A0249,0,0.9997730851173401,0.00022693384380545467
Lung_Dx-A0249,0,0.9998494386672974,0.00015059269207995385
Lung_Dx-A0249,0,0.9997097849845886,0.00029023445677012205
Lung_Dx-A0249,0,0.9917803406715393,0.00821969285607338
Lung_Dx-A0249,0,0.9897712469100952,0.010228808969259262
Lung_Dx-A0249,0,0.9951514005661011,0.004848532844334841
Lung_Dx-A0249,0,0.9886900782585144,0.011309891939163208
Lung_Dx-A0249,0,0.9602494835853577,0.039750516414642334
Lung_Dx-A0249,0,0.9321451187133789,0.0678548812866211
Lung_Dx-A0249,0,0.9450961351394653,0.054903849959373474
Lung_Dx-A0249,0,0.9978468418121338,0.002153141424059868
Lung_Dx-A0249,0,0.9953272342681885,0.004672730341553688
Lung_Dx-A0249,0,0.9968335032463074,0.003166511654853821
Lung_Dx-A0249,0,0.9928370118141174,0.007162978406995535
Lung_Dx-A0249,0,0.9962855577468872,0.00371447391808033
Lung_Dx-A0249,0,0.9958256483078003,0.004174367059022188
Lung_Dx-A0249,0,0.9773059487342834,0.022694088518619537
Lung_Dx-A0249,0,0.9973477125167847,0.0026522597763687372
Lung_Dx-A0249,0,0.9892232418060303,0.01077672466635704
Lung_Dx-A0249,0,0.9939378499984741,0.006062155123800039
Lung_Dx-A0249,0,0.988646388053894,0.011353656649589539
Lung_Dx-A0249,0,0.9677167534828186,0.03228325769305229
Lung_Dx-A0249,0,0.93475341796875,0.0652465671300888
Lung_Dx-A0249,0,0.9470391869544983,0.052960772067308426
Lung_Dx-A0249,0,0.9812029004096985,0.018797073513269424
Lung_Dx-A0249,0,0.9893680214881897,0.010631944984197617
Lung_Dx-A0249,0,0.9298873543739319,0.07011259347200394
Lung_Dx-A0249,0,0.9942809343338013,0.005719129927456379
Lung_Dx-A0249,0,0.9677167534828186,0.03228325769305229
Lung_Dx-A0249,0,0.9314625263214111,0.06853749603033066
Lung_Dx-A0249,0,0.9603239297866821,0.03967602923512459
Lung_Dx-A0249,0,0.9091032147407532,0.09089674800634384
Lung_Dx-A0249,0,0.8675976395606995,0.13240233063697815
Lung_Dx-A0249,0,0.9404078125953674,0.05959219112992287
Lung_Dx-A0249,0,0.6724392771720886,0.32756075263023376
Lung_Dx-A0249,0,0.028167473152279854,0.9718325734138489
Lung_Dx-A0249,0,0.23239724338054657,0.767602801322937
Lung_Dx-A0249,0,0.15765489637851715,0.8423450589179993
Lung_Dx-A0249,0,0.09640762209892273,0.9035923480987549
Lung_Dx-A0249,0,0.19368058443069458,0.8063193559646606
Lung_Dx-A0249,0,0.33589524030685425,0.6641048192977905
Lung_Dx-A0249,0,0.1531054675579071,0.8468945026397705
Lung_Dx-A0249,0,0.051605965942144394,0.9483940601348877
Lung_Dx-A0249,0,0.02539546974003315,0.9746044874191284
Lung_Dx-A0249,0,0.35574692487716675,0.6442530751228333
Lung_Dx-A0249,0,0.12247073650360107,0.8775293231010437
Lung_Dx-A0249,0,0.2759094536304474,0.724090576171875
Lung_Dx-A0249,0,0.3463478088378906,0.6536521911621094
Lung_Dx-A0249,0,0.12485181540250778,0.8751482367515564
Lung_Dx-A0249,0,0.001995538827031851,0.9980044960975647
Lung_Dx-A0249,0,0.006615392863750458,0.9933846592903137
Lung_Dx-A0249,0,0.34822940826416016,0.6517705917358398
Lung_Dx-A0249,0,0.7283620238304138,0.2716379463672638
Lung_Dx-A0249,0,0.8608377575874329,0.13916222751140594
Lung_Dx-A0249,0,0.855549693107605,0.1444503217935562
Lung_Dx-A0249,0,0.9791755676269531,0.020824391394853592
Lung_Dx-A0249,0,0.8992984294891357,0.10070161521434784
Lung_Dx-A0249,0,0.9838472008705139,0.01615283451974392
Lung_Dx-A0249,0,0.9934357404708862,0.0065642488189041615
Lung_Dx-A0249,0,0.967625081539154,0.03237491101026535
Lung_Dx-A0249,0,0.9110215306282043,0.08897848427295685
Lung_Dx-A0249,0,0.9366336464881897,0.06336633861064911
Lung_Dx-A0249,0,0.9389128684997559,0.06108710914850235
Lung_Dx-A0249,0,0.9987331032752991,0.0012668906711041927
Lung_Dx-A0249,0,0.7829945087432861,0.21700549125671387
Lung_Dx-A0249,0,0.8333246111869812,0.16667540371418
Lung_Dx-A0249,0,0.9943581223487854,0.005641908850520849
Lung_Dx-A0249,0,0.9463493227958679,0.05365069955587387
Lung_Dx-A0249,0,0.9981178045272827,0.0018821859266608953
Lung_Dx-A0249,0,0.9933459758758545,0.006654009222984314
Lung_Dx-A0249,0,0.999783456325531,0.00021654403826687485
Lung_Dx-A0249,0,0.9991655349731445,0.0008344603120349348
Lung_Dx-A0249,0,0.9991117119789124,0.0008882304537110031
Lung_Dx-A0249,0,0.997512936592102,0.0024871178902685642
Lung_Dx-A0249,0,0.999808132648468,0.00019185213022865355
Lung_Dx-A0249,0,0.9992431402206421,0.00075688143260777
Lung_Dx-A0249,0,0.9953994154930115,0.004600618965923786
Lung_Dx-G0040,1,0.9477691650390625,0.05223085358738899
Lung_Dx-G0040,1,0.9412774443626404,0.05872255191206932
Lung_Dx-G0040,1,0.34684544801712036,0.6531546115875244
Lung_Dx-G0040,1,0.14110378921031952,0.8588961958885193
Lung_Dx-G0040,1,0.005040702875703573,0.9949592351913452
Lung_Dx-G0040,1,0.01443395484238863,0.9855660796165466
Lung_Dx-G0040,1,0.01332514826208353,0.9866748452186584
Lung_Dx-G0040,1,0.0006905414629727602,0.9993094205856323
Lung_Dx-G0040,1,0.0038693908136337996,0.9961305856704712
Lung_Dx-G0040,1,0.024845436215400696,0.9751545190811157
Lung_Dx-G0040,1,0.007052709814161062,0.9929472208023071
Lung_Dx-G0040,1,0.0032476766500622034,0.9967523813247681
Lung_Dx-G0040,1,0.6379052996635437,0.3620946407318115
Lung_Dx-G0040,1,0.692225992679596,0.30777397751808167
Lung_Dx-G0040,1,0.0018858587136492133,0.9981141090393066
Lung_Dx-G0040,1,0.0019380352459847927,0.9980619549751282
Lung_Dx-G0040,1,0.0905744731426239,0.9094254970550537
Lung_Dx-G0040,1,0.03384403511881828,0.966156005859375
Lung_Dx-G0040,1,0.000682501879055053,0.9993175268173218
Lung_Dx-G0040,1,0.2483062595129013,0.7516937255859375
Lung_Dx-G0040,1,0.5340961217880249,0.4659038186073303
Lung_Dx-G0040,1,0.012479700148105621,0.9875203371047974
Lung_Dx-G0040,1,0.0034834244288504124,0.9965165853500366
Lung_Dx-G0040,1,0.0020150821655988693,0.9979848861694336
Lung_Dx-G0040,1,9.666109690442681e-06,0.9999903440475464
Lung_Dx-G0040,1,0.0014493984635919333,0.9985505938529968
Lung_Dx-G0040,1,0.0011559006525203586,0.9988440275192261
Lung_Dx-G0040,1,0.07490527629852295,0.925094723701477
Lung_Dx-G0040,1,1.3763229844698799e-06,0.9999985694885254
Lung_Dx-G0040,1,0.00013658354873768985,0.9998633861541748
Lung_Dx-G0040,1,4.1411567508475855e-06,0.9999958276748657
Lung_Dx-G0040,1,4.520940706242982e-07,0.9999995231628418
Lung_Dx-G0040,1,2.160714984711376e-07,0.9999997615814209
Lung_Dx-G0040,1,4.0525461031393206e-07,0.9999996423721313
Lung_Dx-G0040,1,9.309900406151428e-09,1.0
Lung_Dx-G0040,1,1.1520386067331856e-07,0.9999998807907104
Lung_Dx-G0040,1,1.2599579157779317e-09,1.0
Lung_Dx-G0040,1,1.6858050955192994e-08,1.0
Lung_Dx-G0040,1,2.0494177022101212e-08,1.0
Lung_Dx-G0040,1,5.559194882209795e-09,1.0
Lung_Dx-G0040,1,2.5505416445525952e-08,1.0
Lung_Dx-G0040,1,3.67440367021743e-09,1.0
Lung_Dx-G0040,1,1.2501528701136522e-09,1.0
Lung_Dx-G0040,1,2.6729447100137804e-08,1.0
Lung_Dx-G0040,1,6.094577287285574e-08,0.9999998807907104
Lung_Dx-G0040,1,2.0617687823687447e-07,0.9999997615814209
Lung_Dx-G0040,1,1.4699463868339535e-10,1.0
Lung_Dx-G0040,1,3.4798929959833913e-07,0.9999996423721313
Lung_Dx-G0040,1,1.790761317010947e-09,1.0
Lung_Dx-G0040,1,9.023464642154977e-09,1.0
Lung_Dx-G0040,1,1.3440409674103648e-08,1.0
Lung_Dx-G0040,1,7.901209464478143e-09,1.0
Lung_Dx-G0040,1,2.2119547793408856e-07,0.9999997615814209
Lung_Dx-G0040,1,8.380498002225067e-07,0.9999991655349731
Lung_Dx-G0040,1,8.297822517988607e-08,0.9999998807907104
Lung_Dx-G0040,1,3.7110158501718615e-08,1.0
Lung_Dx-G0040,1,3.3860288795040105e-07,0.9999996423721313
Lung_Dx-G0040,1,3.3075914984692645e-07,0.9999996423721313
Lung_Dx-G0040,1,0.0010282108560204506,0.9989718198776245
Lung_Dx-G0040,1,0.00161350064445287,0.9983865022659302
Lung_Dx-G0040,1,0.5582667589187622,0.4417332410812378
Lung_Dx-G0040,1,0.6129759550094604,0.38702407479286194
Lung_Dx-G0040,1,0.04940524697303772,0.9505947232246399
Lung_Dx-G0040,1,0.9515490531921387,0.04845096170902252
Lung_Dx-G0040,1,0.9745561480522156,0.02544385753571987
Lung_Dx-G0040,1,0.9776499271392822,0.022350113838911057
Lung_Dx-G0040,1,0.9757624268531799,0.024237636476755142
Lung_Dx-G0040,1,0.9985221028327942,0.0014779429184272885
Lung_Dx-G0040,1,0.993561863899231,0.0064381021074950695
Lung_Dx-G0040,1,0.9700134992599487,0.029986508190631866
Lung_Dx-G0040,1,0.9825742840766907,0.01742575690150261
Lung_Dx-G0040,1,0.9934738278388977,0.0065261488780379295
Lung_Dx-G0040,1,0.9919379353523254,0.00806199200451374
Lung_Dx-G0040,1,0.9959849119186401,0.004015091806650162
Lung_Dx-G0040,1,0.988863468170166,0.011136502958834171
Lung_Dx-G0040,1,0.9451974034309387,0.05480259656906128
Lung_Dx-G0040,1,0.9903290271759033,0.009670993313193321
Lung_Dx-G0040,1,0.994168758392334,0.005831271409988403
Lung_Dx-G0040,1,0.9856076240539551,0.014392335899174213
Lung_Dx-G0040,1,0.9879578948020935,0.012042156420648098
Lung_Dx-G0040,1,0.9712111353874207,0.02878887951374054
Lung_Dx-G0040,1,0.9984632730484009,0.001536727068014443
Lung_Dx-G0040,1,0.9973008036613464,0.0026991665363311768
Lung_Dx-G0040,1,0.9919067621231079,0.008093290962278843
Lung_Dx-G0040,1,0.9973887801170349,0.0026112478226423264
Lung_Dx-G0040,1,0.9996633529663086,0.00033666222589090466
Lung_Dx-G0040,1,0.9993026256561279,0.000697313342243433
Lung_Dx-G0040,1,0.9995867609977722,0.0004132619360461831
Lung_Dx-G0040,1,0.9991990923881531,0.0008009536541067064
Lung_Dx-G0040,1,0.9881079792976379,0.011892050504684448
Lung_Dx-G0040,1,0.9934865236282349,0.0065134987235069275
Lung_Dx-G0040,1,0.942081868648529,0.057918086647987366
Lung_Dx-G0040,1,0.9770664572715759,0.022933565080165863
Lung_Dx-G0044,1,0.9966756105422974,0.003324436955153942
Lung_Dx-G0044,1,0.9999533891677856,4.665628875955008e-05
Lung_Dx-G0044,1,0.9991390705108643,0.0008609260548837483
Lung_Dx-G0044,1,0.9896518588066101,0.010348135605454445
Lung_Dx-G0044,1,0.999779999256134,0.000219953348278068
Lung_Dx-G0044,1,0.9997703433036804,0.00022960825299378484
Lung_Dx-G0044,1,0.9819446802139282,0.01805533654987812
Lung_Dx-G0044,1,0.7048971056938171,0.29510292410850525
Lung_Dx-G0044,1,0.9566342234611511,0.043365802615880966
Lung_Dx-G0044,1,0.9989350438117981,0.0010649627074599266
Lung_Dx-G0044,1,0.9991540908813477,0.0008459375821985304
Lung_Dx-G0044,1,0.9411693811416626,0.05883060395717621
Lung_Dx-G0044,1,0.17178942263126373,0.8282105922698975
Lung_Dx-G0044,1,0.24707794189453125,0.7529220581054688
Lung_Dx-G0044,1,0.15418486297130585,0.8458150625228882
Lung_Dx-G0044,1,0.14730969071388245,0.8526903390884399
Lung_Dx-G0044,1,0.007052709814161062,0.9929472208023071
Lung_Dx-G0044,1,0.16569434106349945,0.8343056440353394
Lung_Dx-G0044,1,0.0013643618440255523,0.9986355900764465
Lung_Dx-G0044,1,3.647853736765683e-05,0.9999635219573975
Lung_Dx-G0044,1,2.747854296103469e-06,0.9999972581863403
Lung_Dx-G0044,1,2.710880471568089e-05,0.999972939491272
Lung_Dx-G0044,1,0.00017400544311385602,0.9998260140419006
Lung_Dx-G0044,1,4.870463817496784e-05,0.9999512434005737
Lung_Dx-G0044,1,2.034072167589329e-06,0.9999979734420776
Lung_Dx-G0044,1,7.903561822786287e-07,0.9999991655349731
Lung_Dx-G0044,1,0.5423179864883423,0.4576820731163025
Lung_Dx-G0044,1,0.9934865236282349,0.0065134987235069275
Lung_Dx-G0044,1,0.9990673661231995,0.00093263597227633
Lung_Dx-G0044,1,0.824037492275238,0.17596246302127838
Lung_Dx-G0044,1,0.6863700151443481,0.31362995505332947
Lung_Dx-G0044,1,0.9590393900871277,0.0409606471657753
Lung_Dx-G0053,1,0.9958499670028687,0.00415008096024394
Lung_Dx-G0053,1,0.9725975394248962,0.02740250527858734
Lung_Dx-G0053,1,0.9422415494918823,0.05775843933224678
Lung_Dx-G0053,1,0.9441768527030945,0.05582313984632492
Lung_Dx-G0053,1,0.9531443119049072,0.0468556247651577
Lung_Dx-G0053,1,0.9395261406898499,0.060473889112472534
Lung_Dx-G0053,1,0.9202896952629089,0.07971034944057465
Lung_Dx-G0053,1,0.9891186952590942,0.010881332680583
Lung_Dx-G0053,1,0.9458513259887695,0.05414869263768196
Lung_Dx-G0053,1,0.801159143447876,0.1988408863544464
Lung_Dx-G0053,1,0.9693822264671326,0.03061777912080288
Lung_Dx-G0053,1,0.8931697010993958,0.10683029145002365
Lung_Dx-G0053,1,0.8594869375228882,0.14051306247711182
Lung_Dx-G0053,1,0.05242456495761871,0.9475754499435425
Lung_Dx-G0053,1,0.7906111478805542,0.2093888521194458
Lung_Dx-G0053,1,0.8262215852737427,0.17377841472625732
Lung_Dx-G0053,1,0.41918718814849854,0.5808127522468567
Lung_Dx-G0053,1,0.9674717783927917,0.03252822533249855
Lung_Dx-G0053,1,0.8114519715309143,0.1885479837656021
Lung_Dx-G0053,1,0.9296960830688477,0.07030384242534637
Lung_Dx-G0053,1,0.20063598453998566,0.7993640899658203
Lung_Dx-G0053,1,0.9886244535446167,0.011375601403415203
Lung_Dx-G0053,1,0.9184802770614624,0.08151975274085999
Lung_Dx-G0053,1,0.982740581035614,0.01725933328270912
Lung_Dx-G0053,1,0.9119669198989868,0.08803310990333557
Lung_Dx-G0053,1,0.8959786295890808,0.10402136296033859
Lung_Dx-G0053,1,0.45589497685432434,0.5441049933433533
Lung_Dx-G0053,1,0.9166334867477417,0.0833665132522583
Lung_Dx-G0053,1,0.8219748735427856,0.17802512645721436
Lung_Dx-G0053,1,0.9917803406715393,0.00821969285607338
Lung_Dx-G0053,1,0.9923192858695984,0.007680746726691723
Lung_Dx-G0053,1,0.9984052777290344,0.0015947326319292188
Lung_Dx-G0053,1,0.9496226906776428,0.05037733167409897
Lung_Dx-G0053,1,0.9648882150650024,0.035111747682094574
Lung_Dx-G0053,1,0.9764680862426758,0.023531880229711533
Lung_Dx-G0053,1,0.9942920207977295,0.00570803415030241
Lung_Dx-G0053,1,0.9954261183738708,0.004573863931000233
Lung_Dx-G0053,1,0.9943251013755798,0.005674875341355801
Lung_Dx-G0053,1,0.9965233206748962,0.003476650919765234
Lung_Dx-G0053,1,0.9956091046333313,0.004390866495668888
Lung_Dx-G0053,1,0.9952816367149353,0.004718369338661432
Lung_Dx-G0053,1,0.9969485402107239,0.003051510313525796
Lung_Dx-G0053,1,0.9983769655227661,0.001622966956347227
Lung_Dx-G0053,1,0.9912378191947937,0.00876212865114212
Lung_Dx-G0053,1,0.9909622073173523,0.009037754498422146
Lung_Dx-G0053,1,0.9768466353416443,0.023153411224484444
Lung_Dx-G0053,1,0.9343951344490051,0.06560482829809189
Lung_Dx-G0053,1,0.994820237159729,0.005179713014513254
Lung_Dx-G0053,1,0.9789956212043762,0.021004363894462585
Lung_Dx-G0053,1,0.9936116337776184,0.006388320587575436
Lung_Dx-G0053,1,0.9837381839752197,0.016261830925941467
Lung_Dx-G0053,1,0.9913222789764404,0.008677717298269272
Lung_Dx-G0053,1,0.9700418710708618,0.02995811589062214
Lung_Dx-G0053,1,0.9950850605964661,0.004914949182420969
Lung_Dx-G0053,1,0.9963500499725342,0.003649987280368805
Lung_Dx-G0053,1,0.9959219694137573,0.0040780627168715
Lung_Dx-G0053,1,0.9929060935974121,0.007093861699104309
Lung_Dx-G0053,1,0.9987863898277283,0.001213671755976975
Lung_Dx-G0053,1,0.9967206120491028,0.0032794431317597628
Lung_Dx-G0053,1,0.9972044825553894,0.0027954771649092436
Lung_Dx-G0053,1,0.9996862411499023,0.00031381085864268243
Lung_Dx-G0053,1,0.9990960359573364,0.0009039677097462118
Lung_Dx-G0053,1,0.9963428378105164,0.003657096764072776
Lung_Dx-G0053,1,0.9870045781135559,0.012995414435863495
Lung_Dx-G0053,1,0.9980467557907104,0.001953205792233348
Lung_Dx-G0053,1,0.9970073103904724,0.0029926651623100042
Lung_Dx-G0053,1,0.9538372755050659,0.04616273194551468
Lung_Dx-G0053,1,0.5474942922592163,0.4525057077407837
Lung_Dx-G0053,1,0.7828285694122314,0.21717146039009094
Lung_Dx-G0053,1,0.01005236804485321,0.9899476170539856
Lung_Dx-G0053,1,0.04586266726255417,0.95413738489151
Lung_Dx-G0053,1,0.7614941596984863,0.23850584030151367
Lung_Dx-G0053,1,0.7539651393890381,0.24603483080863953
Lung_Dx-G0053,1,0.2969599962234497,0.7030400037765503
Lung_Dx-G0053,1,0.08108211308717728,0.9189178347587585
Lung_Dx-G0053,1,0.7927852869033813,0.20721471309661865
Lung_Dx-G0053,1,0.549308180809021,0.4506917893886566
Lung_Dx-G0053,1,0.9056565761566162,0.0943434089422226
Lung_Dx-G0053,1,0.04476431757211685,0.9552357196807861
Lung_Dx-G0053,1,0.0004148787120357156,0.9995850920677185
Lung_Dx-G0053,1,0.04711800068616867,0.9528819918632507
Lung_Dx-G0062,1,0.8938201665878296,0.10617976635694504
Lung_Dx-G0062,1,0.9967711567878723,0.0032287640497088432
Lung_Dx-G0062,1,0.9924227595329285,0.007577240467071533
Lung_Dx-G0062,1,0.9253649115562439,0.07463504374027252
Lung_Dx-G0062,1,0.9987624883651733,0.001237579737789929
Lung_Dx-G0062,1,0.9956685304641724,0.004331502132117748
Lung_Dx-G0062,1,0.8907226920127869,0.10927728563547134
Lung_Dx-G0062,1,0.9757624268531799,0.024237636476755142
Lung_Dx-G0062,1,0.9411153197288513,0.05888470262289047
Lung_Dx-G0062,1,0.07996143400669098,0.9200385808944702
Lung_Dx-G0062,1,0.1885853409767151,0.8114145994186401
Lung_Dx-G0062,1,0.07956718653440475,0.9204327464103699
Lung_Dx-G0062,1,0.5818080902099609,0.41819193959236145
Lung_Dx-G0062,1,0.11128950119018555,0.8887105584144592
Lung_Dx-G0062,1,0.8315537571907043,0.16844618320465088
Lung_Dx-G0062,1,0.3507966101169586,0.6492034196853638
Lung_Dx-G0062,1,0.9526181817054749,0.047381773591041565
Lung_Dx-G0062,1,0.8847382068634033,0.11526177078485489
Lung_Dx-G0062,1,0.43362167477607727,0.5663783550262451
Lung_Dx-G0062,1,0.85542893409729,0.14457103610038757
Lung_Dx-G0062,1,0.8611882925033569,0.1388116329908371
Lung_Dx-G0062,1,0.8087100386619568,0.19128990173339844
Lung_Dx-G0062,1,0.924176037311554,0.07582394778728485
Lung_Dx-G0062,1,0.779279887676239,0.22072015702724457
Lung_Dx-G0062,1,0.012649319134652615,0.9873506426811218
Lung_Dx-G0062,1,0.0799255222082138,0.920074462890625
Lung_Dx-G0062,1,0.5871148109436035,0.41288521885871887
Lung_Dx-G0062,1,0.7454215288162231,0.25457847118377686
Lung_Dx-G0062,1,0.09109870344400406,0.9089012742042542
Lung_Dx-G0062,1,0.44480592012405396,0.555194079875946
Lung_Dx-G0062,1,0.0934295654296875,0.9065704345703125
Lung_Dx-G0062,1,0.48255103826522827,0.5174489617347717
Lung_Dx-G0062,1,0.543347954750061,0.45665207505226135
Lung_Dx-G0062,1,0.03468417376279831,0.9653158187866211
Lung_Dx-G0062,1,0.7913780212402344,0.20862197875976562
Lung_Dx-G0062,1,0.1522212028503418,0.847778856754303
Lung_Dx-G0062,1,0.7983832955360413,0.20161664485931396
Lung_Dx-G0062,1,0.8418256044387817,0.15817435085773468
Lung_Dx-G0062,1,0.9613164663314819,0.03868349641561508
Lung_Dx-G0062,1,0.23252791166305542,0.7674720883369446
Lung_Dx-G0062,1,0.9201462268829346,0.07985372841358185
Lung_Dx-G0062,1,0.7014064192771912,0.2985936105251312
Lung_Dx-G0062,1,0.8279673457145691,0.17203271389007568
Lung_Dx-G0062,1,0.8734848499298096,0.12651513516902924
Lung_Dx-G0062,1,0.8386797308921814,0.16132023930549622
Lung_Dx-G0062,1,0.879509449005127,0.12049055099487305
Lung_Dx-G0062,1,0.6991003751754761,0.3008996248245239
Lung_Dx-G0062,1,0.16593071818351746,0.8340692520141602
Lung_Dx-G0062,1,0.48331308364868164,0.5166869163513184
Lung_Dx-G0062,1,0.7003315091133118,0.2996685206890106
Lung_Dx-G0062,1,0.02437659725546837,0.975623369216919
Lung_Dx-G0062,1,0.9853702783584595,0.014629741199314594
Lung_Dx-G0062,1,0.742888331413269,0.25711169838905334
Lung_Dx-G0062,1,0.9617859125137329,0.038214150816202164
Lung_Dx-G0062,1,0.7125822901725769,0.2874176800251007
Lung_Dx-G0062,1,0.40014123916625977,0.5998587608337402
Lung_Dx-G0062,1,0.2071746289730072,0.7928254008293152
Lung_Dx-G0062,1,0.6846330761909485,0.31536686420440674
Lung_Dx-G0062,1,0.955026388168335,0.04497356340289116
Lung_Dx-G0062,1,0.9628831148147583,0.03711691126227379
Lung_Dx-G0062,1,0.9745561480522156,0.02544385753571987
Lung_Dx-G0062,1,0.9919847846031189,0.008015268482267857
Lung_Dx-G0062,1,0.967348575592041,0.0326513797044754
Lung_Dx-G0062,1,0.7725306749343872,0.22746935486793518
Lung_Dx-G0062,1,0.9246877431869507,0.0753123089671135
Lung_Dx-G0062,1,0.9601374864578247,0.0398624911904335
Lung_Dx-G0062,1,0.9769347906112671,0.023065226152539253
Lung_Dx-G0062,1,0.944587230682373,0.05541279539465904
Lung_Dx-G0062,1,0.0013912341091781855,0.9986087679862976
Lung_Dx-G0062,1,0.3323916494846344,0.6676083207130432
Lung_Dx-G0062,1,0.808672308921814,0.19132769107818604
Lung_Dx-G0062,1,0.8924688100814819,0.10753116011619568
Lung_Dx-G0062,1,0.23209251463413239,0.7679075002670288
Lung_Dx-G0062,1,0.4402586817741394,0.5597413182258606
Lung_Dx-G0062,1,0.696784257888794,0.30321577191352844
Lung_Dx-G0062,1,0.4943850338459015,0.5056149959564209
Lung_Dx-G0062,1,0.5394381880760193,0.4605618417263031
Lung_Dx-G0062,1,0.891575276851654,0.10842473804950714
Lung_Dx-G0062,1,0.8687154054641724,0.13128454983234406
Lung_Dx-G0062,1,0.2611895501613617,0.7388104200363159
Lung_Dx-G0062,1,0.9376118779182434,0.062388136982917786
Lung_Dx-G0062,1,0.988646388053894,0.011353656649589539
Lung_Dx-G0062,1,0.9996302127838135,0.00036973884562030435
Lung_Dx-G0062,1,0.9817532300949097,0.01824677549302578
Lung_Dx-G0062,1,0.9824399948120117,0.01756002940237522
Lung_Dx-G0062,1,0.9977568984031677,0.0022430878598243
Lung_Dx-G0062,1,0.9963428378105164,0.003657096764072776
Lung_Dx-G0062,1,0.9990710020065308,0.0009290034067817032
Lung_Dx-G0062,1,0.9996911287307739,0.00030894720111973584
Lung_Dx-G0062,1,0.9007482528686523,0.09925173223018646
Lung_Dx-G0062,1,0.9921080470085144,0.007891984656453133
Lung_Dx-G0062,1,0.8819711804389954,0.11802882701158524
Lung_Dx-A0170,0,0.3497270345687866,0.6502729058265686
Lung_Dx-A0170,0,0.029423581436276436,0.9705764651298523
Lung_Dx-A0170,0,0.02280263602733612,0.9771973490715027
Lung_Dx-A0170,0,0.03268224000930786,0.9673178195953369
Lung_Dx-A0170,0,0.06847517192363739,0.9315248131752014
Lung_Dx-A0170,0,0.3007969558238983,0.6992030739784241
Lung_Dx-A0170,0,0.2914848327636719,0.7085151672363281
Lung_Dx-A0170,0,0.011375601403415203,0.9886244535446167
Lung_Dx-A0170,0,0.020351815968751907,0.9796481728553772
Lung_Dx-A0170,0,0.03368473798036575,0.9663152694702148
Lung_Dx-A0170,0,0.05877656117081642,0.9412234425544739
Lung_Dx-A0170,0,0.5261601805686951,0.47383981943130493
Lung_Dx-A0170,0,0.07062366604804993,0.9293763041496277
Lung_Dx-A0170,0,0.8681575655937195,0.1318424493074417
Lung_Dx-A0170,0,0.8654516339302063,0.13454832136631012
Lung_Dx-A0170,0,0.11008787900209427,0.8899121284484863
Lung_Dx-A0170,0,0.9089821577072144,0.09101787954568863
Lung_Dx-A0170,0,0.019197450950741768,0.9808025360107422
Lung_Dx-A0170,0,0.02787490002810955,0.9721250534057617
Lung_Dx-A0170,0,0.12116485834121704,0.878835141658783
Lung_Dx-A0170,0,0.0024726232513785362,0.9975274205207825
Lung_Dx-A0170,0,0.018743114545941353,0.9812568426132202
Lung_Dx-A0170,0,0.021553464233875275,0.9784466028213501
Lung_Dx-A0170,0,0.663396418094635,0.336603581905365
Lung_Dx-A0170,0,0.7520125508308411,0.24798743426799774
Lung_Dx-A0170,0,0.21239535510540009,0.7876046895980835
Lung_Dx-A0170,0,0.9276915192604065,0.0723084807395935
Lung_Dx-A0170,0,0.001504112733528018,0.9984959363937378
Lung_Dx-A0170,0,0.03683870658278465,0.963161289691925
Lung_Dx-A0170,0,0.022672437131404877,0.9773275852203369
Lung_Dx-A0170,0,0.13352815806865692,0.8664717674255371
Lung_Dx-A0170,0,0.018689308315515518,0.9813107252120972
Lung_Dx-A0170,0,0.005587386433035135,0.9944126009941101
Lung_Dx-A0170,0,0.00985985528677702,0.9901401400566101
Lung_Dx-A0170,0,0.001813743612729013,0.9981862902641296
Lung_Dx-A0170,0,0.001452227937988937,0.9985477328300476
Lung_Dx-A0170,0,0.006718870252370834,0.9932811260223389
Lung_Dx-A0170,0,0.0031788661144673824,0.9968211650848389
Lung_Dx-A0170,0,0.005250641144812107,0.9947493672370911
Lung_Dx-A0170,0,0.01196109876036644,0.9880388379096985
Lung_Dx-A0170,0,0.0023827620316296816,0.9976171851158142
Lung_Dx-A0170,0,0.011288074776530266,0.988711953163147
Lung_Dx-A0170,0,0.006944127380847931,0.9930558800697327
Lung_Dx-A0170,0,0.004914949182420969,0.9950850605964661
Lung_Dx-A0170,0,0.013663132674992085,0.986336886882782
Lung_Dx-A0170,0,0.001377732609398663,0.9986222982406616
Lung_Dx-A0170,0,0.025809621438384056,0.974190354347229
Lung_Dx-A0170,0,0.045777272433042526,0.9542226791381836
Lung_Dx-A0170,0,0.20633375644683838,0.7936662435531616
Lung_Dx-A0170,0,0.42750126123428345,0.5724987387657166
Lung_Dx-A0170,0,0.23370634019374847,0.7662936449050903
Lung_Dx-A0170,0,0.009232214652001858,0.990767776966095
Lung_Dx-A0170,0,0.013121270574629307,0.9868786931037903
Lung_Dx-A0170,0,0.013610590249300003,0.9863894581794739
Lung_Dx-A0170,0,0.6899849772453308,0.31001508235931396
Lung_Dx-A0170,0,0.7454910278320312,0.25450897216796875
Lung_Dx-A0170,0,0.027663977816700935,0.9723359942436218
Lung_Dx-A0170,0,0.07800789922475815,0.9219921231269836
Lung_Dx-A0170,0,0.25701841711997986,0.7429815530776978
Lung_Dx-A0170,0,0.8272706270217896,0.17272931337356567
Lung_Dx-A0170,0,0.13632068037986755,0.8636792898178101
Lung_Dx-A0170,0,0.052618954330682755,0.9473810195922852
Lung_Dx-A0170,0,0.033526163548231125,0.9664738178253174
Lung_Dx-A0170,0,0.5858196020126343,0.4141803979873657
Lung_Dx-A0170,0,0.005730246659368277,0.9942697286605835
Lung_Dx-A0170,0,0.025736059993505478,0.9742639064788818
Lung_Dx-A0170,0,0.013020489364862442,0.9869794845581055
Lung_Dx-A0170,0,0.0005953406216576695,0.9994046688079834
Lung_Dx-A0170,0,9.7615658887662e-05,0.9999023675918579
Lung_Dx-A0170,0,3.156969614792615e-05,0.999968409538269
Lung_Dx-A0170,0,0.0001547666179249063,0.9998452663421631
Lung_Dx-A0170,0,4.053592783748172e-05,0.9999594688415527
Lung_Dx-A0170,0,0.0012594986474141479,0.9987404942512512
Lung_Dx-A0171,0,0.9872281551361084,0.012771868146955967
Lung_Dx-A0171,0,0.9906960725784302,0.00930394884198904
Lung_Dx-A0171,0,0.9699281454086304,0.030071841552853584
Lung_Dx-A0171,0,0.9641530513763428,0.035846926271915436
Lung_Dx-A0171,0,0.9603983759880066,0.039601683616638184
Lung_Dx-A0171,0,0.986336886882782,0.013663132674992085
Lung_Dx-A0171,0,0.9392480850219727,0.06075190752744675
Lung_Dx-A0171,0,0.9528381824493408,0.04716186970472336
Lung_Dx-A0171,0,0.9181873202323914,0.08181271702051163
Lung_Dx-A0171,0,0.9761064648628235,0.023893602192401886
Lung_Dx-A0171,0,0.8283842206001282,0.1716158092021942
Lung_Dx-A0171,0,0.9167081117630005,0.0832919329404831
Lung_Dx-A0171,0,0.9781354665756226,0.02186455763876438
Lung_Dx-A0171,0,0.90473473072052,0.09526525437831879
Lung_Dx-A0171,0,0.7728308439254761,0.22716917097568512
Lung_Dx-A0171,0,0.7794896960258484,0.22051022946834564
Lung_Dx-A0171,0,0.9172656536102295,0.08273439109325409
Lung_Dx-A0171,0,0.9391923546791077,0.06080764904618263
Lung_Dx-A0171,0,0.9145200252532959,0.0854799747467041
Lung_Dx-A0171,0,0.961605966091156,0.0383940190076828
Lung_Dx-A0171,0,0.9564311504364014,0.04356881603598595
Lung_Dx-A0171,0,0.9516838788986206,0.048316068947315216
Lung_Dx-A0171,0,0.8932628035545349,0.10673712939023972
Lung_Dx-A0171,0,0.9155450463294983,0.0844549834728241
Lung_Dx-A0171,0,0.4930424392223358,0.5069575309753418
Lung_Dx-A0171,0,0.41887518763542175,0.5811247825622559
Lung_Dx-A0171,0,0.6905590891838074,0.3094409108161926
Lung_Dx-A0171,0,0.31090354919433594,0.6890964508056641
Lung_Dx-A0171,0,0.8670920133590698,0.1329079568386078
Lung_Dx-A0171,0,0.6932134032249451,0.30678659677505493
Lung_Dx-A0171,0,0.936168372631073,0.06383161246776581
Lung_Dx-A0171,0,0.979393482208252,0.020606474950909615
Lung_Dx-A0171,0,0.4294891953468323,0.5705108046531677
Lung_Dx-A0171,0,0.23855021595954895,0.7614498138427734
Lung_Dx-A0171,0,0.28239402174949646,0.7176059484481812
Lung_Dx-A0171,0,0.3905920684337616,0.609407901763916
Lung_Dx-A0171,0,0.3379678428173065,0.6620321273803711
Lung_Dx-A0171,0,0.8392734527587891,0.16072654724121094
Lung_Dx-A0171,0,0.9258357286453247,0.07416429370641708
Lung_Dx-A0171,0,0.9803749918937683,0.01962496154010296
Lung_Dx-A0171,0,0.9847817420959473,0.015218292362987995
Lung_Dx-A0171,0,0.8854829668998718,0.1145169734954834
Lung_Dx-A0171,0,0.9383503198623657,0.0616496205329895
Lung_Dx-A0171,0,0.995685338973999,0.00431468803435564
Lung_Dx-A0171,0,0.9988395571708679,0.0011604195460677147
Lung_Dx-A0171,0,0.798501193523407,0.20149877667427063
Lung_Dx-A0171,0,0.9997283816337585,0.00027159214369021356
Lung_Dx-A0171,0,0.998275876045227,0.0017240936867892742
Lung_Dx-A0171,0,0.9987404942512512,0.0012594986474141479
Lung_Dx-A0171,0,0.9978925585746765,0.0021074723917990923
Lung_Dx-A0171,0,0.9978087544441223,0.002191240433603525
Lung_Dx-A0171,0,0.9992371797561646,0.0007628130842931569
Lung_Dx-A0171,0,0.9838316440582275,0.01616836152970791
Lung_Dx-A0171,0,0.9993588328361511,0.0006411777576431632
Lung_Dx-A0171,0,0.9966495633125305,0.003350423416122794
Lung_Dx-A0171,0,0.9985334873199463,0.0014664584305137396
Lung_Dx-A0171,0,0.988949179649353,0.011050795204937458
Lung_Dx-A0171,0,0.993574321269989,0.006425620522350073
Lung_Dx-A0171,0,0.9949001669883728,0.005099818110466003
Lung_Dx-A0171,0,0.9610980749130249,0.03890198469161987
Lung_Dx-A0171,0,0.9942697286605835,0.005730246659368277
Lung_Dx-A0171,0,0.9973217844963074,0.0026782178319990635
Lung_Dx-A0171,0,0.9910838603973389,0.008916126564145088
Lung_Dx-A0171,0,0.988711953163147,0.011288074776530266
Lung_Dx-A0171,0,0.998380184173584,0.001619805465452373
Lung_Dx-A0171,0,0.9952356219291687,0.004764452576637268
Lung_Dx-A0171,0,0.9669140577316284,0.03308597952127457
Lung_Dx-A0171,0,0.9899863600730896,0.010013571009039879
Lung_Dx-A0171,0,0.9984602928161621,0.0015397268580272794
Lung_Dx-A0171,0,0.9894499182701111,0.010550080798566341
Lung_Dx-A0171,0,0.9986006617546082,0.0013993984321132302
Lung_Dx-A0171,0,0.9980657696723938,0.0019342610612511635
Lung_Dx-A0171,0,0.9947493672370911,0.005250641144812107
Lung_Dx-A0171,0,0.9982725381851196,0.0017274586716666818
Lung_Dx-A0171,0,0.9015746116638184,0.09842541813850403
Lung_Dx-A0171,0,0.9946671724319458,0.005332885775715113
Lung_Dx-A0171,0,0.9991557598114014,0.0008442883845418692
Lung_Dx-A0171,0,0.8588370084762573,0.14116297662258148
Lung_Dx-A0171,0,0.9961079955101013,0.003892041277140379
Lung_Dx-A0171,0,0.9982892870903015,0.0017106997547671199
Lung_Dx-A0171,0,0.9980881810188293,0.0019117692718282342
Lung_Dx-A0171,0,0.9971936345100403,0.0028063873760402203
Lung_Dx-A0173,0,0.9984176158905029,0.001582341967150569
Lung_Dx-A0173,0,0.9971216320991516,0.002878348110243678
Lung_Dx-A0173,0,0.9958741068840027,0.004125935025513172
Lung_Dx-A0173,0,0.9798226952552795,0.020177319645881653
Lung_Dx-A0173,0,0.9646226167678833,0.035377390682697296
Lung_Dx-A0173,0,0.9566746950149536,0.04332530498504639
Lung_Dx-A0173,0,0.8569919466972351,0.14300808310508728
Lung_Dx-A0173,0,0.6461812257766724,0.3538188338279724
Lung_Dx-A0173,0,0.5786285996437073,0.42137137055397034
Lung_Dx-A0173,0,0.6325594782829285,0.36744052171707153
Lung_Dx-A0173,0,0.6937323808670044,0.3062676191329956
Lung_Dx-A0173,0,0.07429850846529007,0.9257014989852905
Lung_Dx-A0173,0,0.4399879574775696,0.5600120425224304
Lung_Dx-A0173,0,0.22953520715236664,0.7704647779464722
Lung_Dx-A0173,0,0.7778065800666809,0.2221933901309967
Lung_Dx-A0173,0,0.16052906215190887,0.8394709229469299
Lung_Dx-A0173,0,0.3961849808692932,0.6038150191307068
Lung_Dx-A0173,0,0.8318272233009338,0.16817277669906616
Lung_Dx-A0173,0,0.9453489780426025,0.05465104058384895
Lung_Dx-A0173,0,0.6974543929100037,0.30254560708999634
Lung_Dx-A0173,0,0.9634031057357788,0.03659692034125328
Lung_Dx-A0173,0,0.890389621257782,0.1096104308962822
Lung_Dx-A0173,0,0.38191092014312744,0.6180891394615173
Lung_Dx-A0173,0,0.9773707389831543,0.02262919954955578
Lung_Dx-A0173,0,0.4788258671760559,0.5211741328239441
Lung_Dx-A0173,0,0.6062653660774231,0.3937346637248993
Lung_Dx-A0173,0,0.769686758518219,0.23031330108642578
Lung_Dx-A0173,0,0.5483409762382507,0.45165905356407166
Lung_Dx-A0173,0,0.13540348410606384,0.8645965456962585
Lung_Dx-A0173,0,0.1852092146873474,0.8147907257080078
Lung_Dx-A0173,0,0.12116485834121704,0.878835141658783
Lung_Dx-A0173,0,0.436066597700119,0.5639333724975586
Lung_Dx-A0173,0,0.9900250434875488,0.009974921122193336
Lung_Dx-A0173,0,0.9323918223381042,0.06760822981595993
Lung_Dx-A0173,0,0.9706599116325378,0.029340026900172234
Lung_Dx-A0173,0,0.9947595000267029,0.00524044968187809
Lung_Dx-A0173,0,0.9862046241760254,0.01379536371678114
Lung_Dx-A0173,0,0.9860979318618774,0.013902058824896812
Lung_Dx-A0173,0,0.9944773316383362,0.005522650200873613
Lung_Dx-A0173,0,0.9906600117683411,0.009340024553239346
Lung_Dx-A0173,0,0.9986006617546082,0.0013993984321132302
Lung_Dx-A0173,0,0.9945730566978455,0.005426943302154541
Lung_Dx-A0173,0,0.995075523853302,0.004924510605633259
Lung_Dx-A0173,0,0.9986593723297119,0.0013406203361228108
Lung_Dx-A0173,0,0.9892024397850037,0.01079756673425436
Lung_Dx-A0173,0,0.9947595000267029,0.00524044968187809
Lung_Dx-A0173,0,0.9964203834533691,0.0035796426236629486
Lung_Dx-A0173,0,0.9991958737373352,0.0008040859247557819
Lung_Dx-A0173,0,0.9931628704071045,0.006837205030024052
Lung_Dx-A0173,0,0.9917803406715393,0.00821969285607338
Lung_Dx-A0177,0,0.9848400950431824,0.015159860253334045
Lung_Dx-A0177,0,0.9995408058166504,0.0004592085024341941
Lung_Dx-A0177,0,0.9988686442375183,0.0011313597206026316
Lung_Dx-A0177,0,0.9957929849624634,0.004206969402730465
Lung_Dx-A0177,0,0.9986593723297119,0.0013406203361228108
Lung_Dx-A0177,0,0.9974737763404846,0.0025261850096285343
Lung_Dx-A0177,0,0.9990637898445129,0.0009362828568555415
Lung_Dx-A0177,0,0.9993384480476379,0.000661517377011478
Lung_Dx-A0177,0,0.9976403713226318,0.0023596605751663446
Lung_Dx-A0177,0,0.995470404624939,0.004529616795480251
Lung_Dx-A0177,0,0.9889918565750122,0.0110081871971488
Lung_Dx-A0177,0,0.9897513389587402,0.01024860143661499
Lung_Dx-A0177,0,0.998084545135498,0.0019154998008161783
Lung_Dx-A0177,0,0.9995443224906921,0.00045563653111457825
Lung_Dx-A0177,0,0.9995753169059753,0.0004247131000738591
Lung_Dx-A0177,0,0.9998629093170166,0.00013711804058402777
Lung_Dx-A0177,0,0.9994069337844849,0.000593020988162607
Lung_Dx-A0177,0,0.9989076852798462,0.0010923190275207162
Lung_Dx-A0177,0,0.9986435770988464,0.001356401713564992
Lung_Dx-A0177,0,0.9973061084747314,0.0026939143426716328
Lung_Dx-A0177,0,0.9988642930984497,0.0011357826879248023
Lung_Dx-A0177,0,0.9986409544944763,0.001359049929305911
Lung_Dx-A0177,0,0.9964824914932251,0.003517488483339548
Lung_Dx-A0177,0,0.9963500499725342,0.003649987280368805
Lung_Dx-A0177,0,0.9980581402778625,0.001941816764883697
Lung_Dx-A0177,0,0.9973631501197815,0.0026368051767349243
Lung_Dx-A0177,0,0.9979572296142578,0.00204276479780674
Lung_Dx-A0177,0,0.9944880604743958,0.005511933472007513
Lung_Dx-A0177,0,0.9873993396759033,0.012600625865161419
Lung_Dx-A0177,0,0.9900057911872864,0.009994227439165115
Lung_Dx-A0177,0,0.9991424083709717,0.0008575725369155407
Lung_Dx-A0177,0,0.9983674883842468,0.0016324889147654176
Lung_Dx-A0177,0,0.9913390278816223,0.008660931140184402
Lung_Dx-A0177,0,0.9913892149925232,0.008610767312347889
Lung_Dx-A0177,0,0.9928370118141174,0.007162978406995535
Lung_Dx-A0183,0,0.9999110698699951,8.888084994396195e-05
Lung_Dx-A0183,0,0.9999507665634155,4.927872942062095e-05
Lung_Dx-A0183,0,0.9998169541358948,0.00018306818674318492
Lung_Dx-A0183,0,0.9983865022659302,0.00161350064445287
Lung_Dx-A0183,0,0.9960545301437378,0.003945406526327133
Lung_Dx-A0183,0,0.9991507530212402,0.0008492456981912255
Lung_Dx-A0183,0,0.9999352693557739,6.477467104559764e-05
Lung_Dx-A0183,0,0.9994705319404602,0.0005295418086461723
Lung_Dx-A0183,0,0.9999384880065918,6.156764720799401e-05
Lung_Dx-A0183,0,0.9997522234916687,0.0002477767993696034
Lung_Dx-A0183,0,0.9996002316474915,0.00039977103006094694
Lung_Dx-A0183,0,0.9982420206069946,0.0017580388812348247
Lung_Dx-A0183,0,0.9995005130767822,0.0004994205082766712
Lung_Dx-A0183,0,0.9993940591812134,0.000605891749728471
Lung_Dx-A0183,0,0.9999171495437622,8.284656360046938e-05
Lung_Dx-A0183,0,0.9997817873954773,0.0002182420575991273
Lung_Dx-A0183,0,0.9980238676071167,0.001976184081286192
Lung_Dx-A0183,0,0.9922893643379211,0.007710576057434082
Lung_Dx-A0183,0,0.9975751042366028,0.0024249141570180655
Lung_Dx-A0183,0,0.9819446802139282,0.01805533654987812
Lung_Dx-A0183,0,0.9794132709503174,0.020586779341101646
Lung_Dx-A0183,0,0.9901971817016602,0.009802816435694695
Lung_Dx-A0183,0,0.9868026375770569,0.013197362422943115
Lung_Dx-A0183,0,0.9951419830322266,0.004857966210693121
Lung_Dx-A0183,0,0.987616240978241,0.012383786030113697
Lung_Dx-A0183,0,0.9926826357841492,0.007317397743463516
Lung_Dx-A0183,0,0.9993663430213928,0.0006337125669233501
Lung_Dx-A0183,0,0.998807430267334,0.001192549359984696
Lung_Dx-A0183,0,0.9697853922843933,0.030214589089155197
Lung_Dx-A0183,0,0.9898499250411987,0.010150015354156494
Lung_Dx-A0183,0,0.9948704242706299,0.005129634402692318
Lung_Dx-A0183,0,0.9677472114562988,0.03225276619195938
Lung_Dx-A0183,0,0.5436810851097107,0.4563189148902893
Lung_Dx-A0183,0,0.980728805065155,0.019271135330200195
Lung_Dx-A0183,0,0.9976813793182373,0.0023186402395367622
Lung_Dx-A0183,0,0.9968519806861877,0.0031480705365538597
Lung_Dx-A0183,0,0.9981933236122131,0.001806685351766646
Lung_Dx-A0183,0,0.9986672401428223,0.0013327986234799027
Lung_Dx-A0183,0,0.9259026646614075,0.07409725338220596
Lung_Dx-A0183,0,0.9998036026954651,0.0001964008843060583
Lung_Dx-A0183,0,0.9999661445617676,3.386926618986763e-05
Lung_Dx-A0183,0,0.9999473094940186,5.266206426313147e-05
Lung_Dx-A0183,0,0.9998965263366699,0.000103505612059962
Lung_Dx-A0183,0,0.9997667670249939,0.0002332232252229005
Lung_Dx-A0183,0,0.9999569654464722,4.298194471630268e-05
Lung_Dx-A0183,0,0.9999665021896362,3.3474687370471656e-05
Lung_Dx-A0183,0,0.9999984502792358,1.565682055115758e-06
Lung_Dx-A0183,0,0.9999884366989136,1.1568796253413893e-05
Lung_Dx-A0183,0,0.9999310970306396,6.895198748679832e-05
Lung_Dx-A0183,0,0.9984145164489746,0.0015854306984692812
Lung_Dx-A0183,0,0.9996540546417236,0.00034599160426296294
Lung_Dx-A0184,0,0.9995728135108948,0.0004272079386282712
Lung_Dx-A0184,0,0.9998458623886108,0.0001541633391752839
Lung_Dx-A0184,0,0.9998623132705688,0.0001376546424580738
Lung_Dx-A0184,0,0.9998292922973633,0.00017064041458070278
Lung_Dx-A0184,0,0.9998996257781982,0.00010032139107352123
Lung_Dx-A0184,0,0.9996705055236816,0.0003295087371952832
Lung_Dx-A0184,0,0.9993147850036621,0.0006851713405922055
Lung_Dx-A0184,0,0.9972261786460876,0.0027737829368561506
Lung_Dx-A0184,0,0.9999427795410156,5.7163873862009495e-05
Lung_Dx-A0184,0,0.9999206066131592,7.936241308925673e-05
Lung_Dx-A0184,0,0.9998458623886108,0.0001541633391752839
Lung_Dx-A0184,0,0.9997884631156921,0.0002115288662025705
Lung_Dx-A0184,0,0.999869704246521,0.00013032974675297737
Lung_Dx-A0184,0,0.999823272228241,0.00017674513219390064
Lung_Dx-A0184,0,0.9999412298202515,5.874842099728994e-05
Lung_Dx-A0184,0,0.9999518394470215,4.813724444829859e-05
Lung_Dx-A0184,0,0.9987576007843018,0.0012424173764884472
Lung_Dx-A0184,0,0.9985477328300476,0.001452227937988937
Lung_Dx-A0184,0,0.9997473359107971,0.0002526625175960362
Lung_Dx-A0184,0,0.9997283816337585,0.00027159214369021356
Lung_Dx-A0184,0,0.997236967086792,0.0027629986871033907
Lung_Dx-A0184,0,0.9966756105422974,0.003324436955153942
Lung_Dx-A0184,0,0.9990091323852539,0.0009907908970490098
Lung_Dx-A0184,0,0.9982002973556519,0.0017996543319895864
Lung_Dx-A0184,0,0.9990283250808716,0.0009716460481286049
Lung_Dx-A0184,0,0.9997091889381409,0.00029080171952955425
Lung_Dx-A0184,0,0.9993588328361511,0.0006411777576431632
Lung_Dx-A0184,0,0.9996787309646606,0.0003212502633687109
Lung_Dx-A0184,0,0.9999648332595825,3.5218417906435207e-05
Lung_Dx-A0184,0,0.9997851252555847,0.00021485923207364976
Lung_Dx-A0184,0,0.9992282390594482,0.0007717980188317597
Lung_Dx-A0184,0,0.9984840750694275,0.0015158916357904673
Lung_Dx-A0184,0,0.999322772026062,0.0006771942134946585
Lung_Dx-A0184,0,0.9993371367454529,0.0006628098199144006
Lung_Dx-A0184,0,0.9988003969192505,0.0011995489476248622
Lung_Dx-A0184,0,0.9985979199409485,0.0014021304668858647
Lung_Dx-A0184,0,0.986151397228241,0.013848611153662205
Lung_Dx-A0184,0,0.9961456060409546,0.003854363691061735
Lung_Dx-A0184,0,0.9998770952224731,0.00012291358143556863
Lung_Dx-A0184,0,0.999922513961792,7.752413512207568e-05
Lung_Dx-A0184,0,0.9995425939559937,0.00045741902431473136
Lung_Dx-A0184,0,0.9999269247055054,7.311254739761353e-05
Lung_Dx-A0184,0,0.9999657869338989,3.426849434617907e-05
Lung_Dx-A0184,0,0.9958256483078003,0.004174367059022188
Lung_Dx-A0184,0,0.9994826316833496,0.000517281296197325
Lung_Dx-A0184,0,0.9993281364440918,0.0006719278171658516
Lung_Dx-A0184,0,0.9980467557907104,0.001953205792233348
Lung_Dx-A0184,0,0.9839090704917908,0.01609087362885475
Lung_Dx-A0184,0,0.994168758392334,0.005831271409988403
Lung_Dx-A0184,0,0.9687380790710449,0.03126191347837448
Lung_Dx-A0184,0,0.9739684462547302,0.026031531393527985
Lung_Dx-A0184,0,0.9924813508987427,0.007518718484789133
Lung_Dx-A0184,0,0.9650533199310303,0.03494669869542122
Lung_Dx-A0184,0,0.9575962424278259,0.04240383207798004
Lung_Dx-A0184,0,0.9927951693534851,0.007204768247902393
Lung_Dx-A0184,0,0.9944234490394592,0.0055765449069440365
Lung_Dx-A0184,0,0.9951608777046204,0.00483911857008934
Lung_Dx-A0184,0,0.998586893081665,0.0014131119241937995
Lung_Dx-A0184,0,0.9994207620620728,0.0005792917218059301
Lung_Dx-A0184,0,0.9988664388656616,0.0011335689341649413
Lung_Dx-A0184,0,0.9996458292007446,0.00035419364576227963
Lung_Dx-A0184,0,0.9995583891868591,0.0004416242882143706
Lung_Dx-A0184,0,0.9977216124534607,0.002278330735862255
Lung_Dx-A0184,0,0.9992563128471375,0.0007437029271386564
Lung_Dx-A0184,0,0.998084545135498,0.0019154998008161783
Lung_Dx-A0185,0,0.9985979199409485,0.0014021304668858647
Lung_Dx-A0185,0,0.9999707937240601,2.9197266485425644e-05
Lung_Dx-A0185,0,0.9999678134918213,3.21923362207599e-05
Lung_Dx-A0185,0,0.9999926090240479,7.353604814852588e-06
Lung_Dx-A0185,0,0.9999730587005615,2.6897843781625852e-05
Lung_Dx-A0185,0,0.9992548823356628,0.0007451557903550565
Lung_Dx-A0185,0,0.9987527132034302,0.0012472739908844233
Lung_Dx-A0185,0,0.9991720914840698,0.0008279718458652496
Lung_Dx-A0185,0,0.9988508224487305,0.0011491554323583841
Lung_Dx-A0185,0,0.9883801937103271,0.011619770899415016
Lung_Dx-A0185,0,0.9957103729248047,0.004289588890969753
Lung_Dx-A0185,0,0.9995827078819275,0.00041731575038284063
Lung_Dx-A0185,0,0.9988686442375183,0.0011313597206026316
Lung_Dx-A0185,0,0.9996498823165894,0.0003500686143524945
Lung_Dx-A0185,0,0.9864547252655029,0.013545190915465355
Lung_Dx-A0185,0,0.950456976890564,0.04954301565885544
Lung_Dx-A0185,0,0.9997560381889343,0.0002439363015582785
Lung_Dx-A0185,0,0.5457094311714172,0.45429059863090515
Lung_Dx-A0185,0,0.002704429440200329,0.9972955584526062
Lung_Dx-A0185,0,0.7163674235343933,0.2836325466632843
Lung_Dx-A0185,0,0.9591543078422546,0.04084571823477745
Lung_Dx-A0185,0,0.9343352913856506,0.06566473096609116
Lung_Dx-A0185,0,0.9110215306282043,0.08897848427295685
Lung_Dx-A0185,0,0.2626999616622925,0.7373000979423523
Lung_Dx-A0185,0,0.7427484393119812,0.2572516202926636
Lung_Dx-A0185,0,0.0027308969292789698,0.9972690939903259
Lung_Dx-A0185,0,0.24463357031345367,0.7553663849830627
Lung_Dx-A0185,0,0.9827737808227539,0.017226237803697586
Lung_Dx-A0185,0,0.295738160610199,0.704261839389801
Lung_Dx-A0185,0,0.9991735816001892,0.0008263575728051364
Lung_Dx-A0185,0,0.9982725381851196,0.0017274586716666818
Lung_Dx-A0189,0,0.48584359884262085,0.5141563415527344
Lung_Dx-A0189,0,0.44857725501060486,0.5514227747917175
Lung_Dx-A0189,0,0.6609934568405151,0.3390065133571625
Lung_Dx-A0189,0,0.1308952420949936,0.86910480260849
Lung_Dx-A0189,0,0.2778157591819763,0.7221843004226685
Lung_Dx-A0189,0,0.409633994102478,0.5903659462928772
Lung_Dx-A0189,0,0.4194658696651459,0.5805341601371765
Lung_Dx-A0189,0,0.9469902515411377,0.053009770810604095
Lung_Dx-A0189,0,0.8968401551246643,0.10315987467765808
Lung_Dx-A0189,0,0.9791755676269531,0.020824391394853592
Lung_Dx-A0189,0,0.9557340741157532,0.044265877455472946
Lung_Dx-A0189,0,0.8379517793655396,0.16204825043678284
Lung_Dx-A0189,0,0.8292847275733948,0.17071528732776642
Lung_Dx-A0189,0,0.9820826053619385,0.017917344346642494
Lung_Dx-A0189,0,0.9735442399978638,0.026455776765942574
Lung_Dx-A0189,0,0.9794132709503174,0.020586779341101646
Lung_Dx-A0189,0,0.9883352518081665,0.011664719320833683
Lung_Dx-A0189,0,0.9922444224357605,0.007755536586046219
Lung_Dx-A0189,0,0.9892232418060303,0.01077672466635704
Lung_Dx-A0189,0,0.991635799407959,0.008364237844944
Lung_Dx-A0189,0,0.9944126009941101,0.005587386433035135
Lung_Dx-A0189,0,0.9922143816947937,0.0077856555581092834
Lung_Dx-A0189,0,0.9929060935974121,0.007093861699104309
Lung_Dx-A0189,0,0.9962419271469116,0.0037580945063382387
Lung_Dx-A0189,0,0.9982282519340515,0.001771802781149745
Lung_Dx-A0189,0,0.995226263999939,0.004773722030222416
Lung_Dx-A0189,0,0.9987910389900208,0.0012089457595720887
Lung_Dx-A0189,0,0.9984573125839233,0.0015427324688062072
Lung_Dx-A0189,0,0.9964893460273743,0.0035106490831822157
Lung_Dx-A0189,0,0.9953634738922119,0.004636535421013832
Lung_Dx-A0189,0,0.9979372024536133,0.0020627700723707676
Lung_Dx-A0189,0,0.9965029954910278,0.0034970100969076157
Lung_Dx-A0189,0,0.9986435770988464,0.001356401713564992
Lung_Dx-A0189,0,0.9982073307037354,0.001792650786228478
Lung_Dx-A0189,0,0.9960851669311523,0.00391482375562191
Lung_Dx-A0189,0,0.9976904392242432,0.0023096217773854733
Lung_Dx-A0189,0,0.9983674883842468,0.0016324889147654176
Lung_Dx-A0189,0,0.9978087544441223,0.002191240433603525
Lung_Dx-A0189,0,0.9985249638557434,0.0014750633854418993
Lung_Dx-A0189,0,0.9989877343177795,0.0010122861713171005
Lung_Dx-A0189,0,0.9993928670883179,0.0006070755189284682
Lung_Dx-A0189,0,0.9979652166366577,0.002034817123785615
Lung_Dx-A0189,0,0.9979129433631897,0.0020870345178991556
Lung_Dx-A0189,0,0.9990978240966797,0.0009022055310197175
Lung_Dx-A0189,0,0.9974639415740967,0.002536047250032425
Lung_Dx-A0189,0,0.9953904151916504,0.004609572701156139
Lung_Dx-A0189,0,0.9978594183921814,0.002140589291229844
Lung_Dx-A0189,0,0.996570348739624,0.0034296035300940275
Lung_Dx-A0189,0,0.9980083107948303,0.001991652650758624
Lung_Dx-A0189,0,0.9979652166366577,0.002034817123785615
Lung_Dx-A0189,0,0.9948803186416626,0.005119676236063242
Lung_Dx-A0189,0,0.9931893348693848,0.006810730788856745
Lung_Dx-A0189,0,0.9948803186416626,0.005119676236063242
Lung_Dx-A0189,0,0.9959771037101746,0.004022909794002771
Lung_Dx-A0189,0,0.9802241325378418,0.019775839522480965
Lung_Dx-A0189,0,0.9757854342460632,0.024214550852775574
Lung_Dx-A0189,0,0.9799189567565918,0.020081009715795517
Lung_Dx-A0189,0,0.9716179370880127,0.02838212437927723
Lung_Dx-A0189,0,0.9883014559745789,0.011698544025421143
Lung_Dx-A0189,0,0.9170801043510437,0.08291985839605331
Lung_Dx-A0189,0,0.9962999224662781,0.003700045868754387
Lung_Dx-A0189,0,0.9991704225540161,0.0008295891457237303
Lung_Dx-A0189,0,0.9973734617233276,0.002626552479341626
Lung_Dx-A0201,0,0.9994460940361023,0.0005538587574847043
Lung_Dx-A0201,0,0.9989596605300903,0.0010403185151517391
Lung_Dx-A0201,0,0.9998606443405151,0.0001392770209349692
Lung_Dx-A0201,0,0.9999110698699951,8.888084994396195e-05
Lung_Dx-A0201,0,0.9995827078819275,0.00041731575038284063
Lung_Dx-A0201,0,0.9999634027481079,3.6621306207962334e-05
Lung_Dx-A0201,0,0.99994957447052,5.044728095526807e-05
Lung_Dx-A0201,0,0.9999376535415649,6.229333666851744e-05
Lung_Dx-A0201,0,0.9999920129776001,8.013499609660357e-06
Lung_Dx-A0201,0,0.9999842643737793,1.575095666339621e-05
Lung_Dx-A0201,0,0.999996542930603,3.433141955611063e-06
Lung_Dx-A0201,0,0.9999992847442627,6.733920372425928e-07
Lung_Dx-A0201,0,0.9999970197677612,2.9595548767247237e-06
Lung_Dx-A0201,0,0.9999215602874756,7.84378862590529e-05
Lung_Dx-A0201,0,0.9999996423721313,3.2183748999159434e-07
Lung_Dx-A0201,0,0.9999819993972778,1.8058517525787465e-05
Lung_Dx-A0201,0,0.9999923706054688,7.646537596883718e-06
Lung_Dx-A0201,0,0.9999464750289917,5.3491330618271604e-05
Lung_Dx-A0201,0,0.9999911785125732,8.801101103017572e-06
Lung_Dx-A0201,0,0.9999125003814697,8.750300185056403e-05
Lung_Dx-A0201,0,0.9999265670776367,7.339867443079129e-05
Lung_Dx-A0203,0,0.996906578540802,0.00309338653460145
Lung_Dx-A0203,0,0.9928370118141174,0.007162978406995535
Lung_Dx-A0203,0,0.9838472008705139,0.01615283451974392
Lung_Dx-A0203,0,0.9951984286308289,0.004801641218364239
Lung_Dx-A0203,0,0.9874961376190186,0.01250379253178835
Lung_Dx-A0203,0,0.9933589100837708,0.006641112733632326
Lung_Dx-A0203,0,0.9976403713226318,0.0023596605751663446
Lung_Dx-A0203,0,0.9989916682243347,0.001008343417197466
Lung_Dx-A0203,0,0.995354413986206,0.004645557142794132
Lung_Dx-A0203,0,0.9940890073776245,0.005911068990826607
Lung_Dx-A0203,0,0.9946671724319458,0.005332885775715113
Lung_Dx-A0203,0,0.995309054851532,0.00469093257561326
Lung_Dx-A0203,0,0.9995842576026917,0.00041568942833691835
Lung_Dx-A0203,0,0.9995354413986206,0.0004646190209314227
Lung_Dx-A0203,0,0.9999593496322632,4.0694576455280185e-05
Lung_Dx-A0203,0,0.9995678067207336,0.0004322415334172547
Lung_Dx-A0203,0,0.9998044371604919,0.00019563533714972436
Lung_Dx-A0203,0,0.9999302625656128,6.976470467634499e-05
Lung_Dx-A0203,0,0.9996923208236694,0.00030774305923841894
Lung_Dx-A0203,0,0.998248815536499,0.0017511966871097684
Lung_Dx-A0203,0,0.9998326301574707,0.00016734049131628126
Lung_Dx-A0203,0,0.9985277652740479,0.0014721895568072796
Lung_Dx-A0203,0,0.9987768530845642,0.001223179162479937
Lung_Dx-A0203,0,0.9999374151229858,6.253713218029588e-05
Lung_Dx-A0203,0,0.9998775720596313,0.00012243444507475942
Lung_Dx-A0203,0,0.9998225569725037,0.00017743678472470492
Lung_Dx-A0203,0,0.9975560903549194,0.0024438865948468447
Lung_Dx-A0203,0,0.999453604221344,0.0005463420529849827
Lung_Dx-A0203,0,0.9994745850563049,0.0005254230927675962
Lung_Dx-A0203,0,0.9999881982803345,1.1843138963740785e-05
Lung_Dx-A0203,0,0.9999514818191528,4.8514772061025724e-05
Lung_Dx-A0203,0,0.9994705319404602,0.0005295418086461723
Lung_Dx-A0203,0,0.9267690181732178,0.07323096692562103
Lung_Dx-A0203,0,0.9898499250411987,0.010150015354156494
Lung_Dx-A0203,0,0.9998070597648621,0.00019297936523798853
Lung_Dx-A0203,0,0.9979690909385681,0.0020308548118919134
Lung_Dx-A0203,0,0.9995425939559937,0.00045741902431473136
Lung_Dx-A0203,0,0.9983547329902649,0.0016452717827633023
Lung_Dx-A0203,0,0.9927391409873962,0.007260866463184357
Lung_Dx-A0203,0,0.9971990585327148,0.0028009270317852497
Lung_Dx-A0203,0,0.9987910389900208,0.0012089457595720887
Lung_Dx-A0203,0,0.9996380805969238,0.00036188281956128776
Lung_Dx-A0203,0,0.9998862743377686,0.00011367750266799703
Lung_Dx-A0203,0,0.999812662601471,0.0001874087320175022
Lung_Dx-A0203,0,0.9993575215339661,0.000642430386506021
Lung_Dx-A0203,0,0.9999175071716309,8.2523598393891e-05
Lung_Dx-A0203,0,0.9983958601951599,0.0016040891641750932
Lung_Dx-A0203,0,0.9996002316474915,0.00039977103006094694
Lung_Dx-A0203,0,0.9998840093612671,0.00011591934162424877
Lung_Dx-A0203,0,0.9923043847084045,0.007695647422224283
Lung_Dx-A0203,0,0.9990091323852539,0.0009907908970490098
Lung_Dx-A0203,0,0.9986515641212463,0.0013484881492331624
Lung_Dx-A0203,0,0.9985249638557434,0.0014750633854418993
Lung_Dx-A0203,0,0.9992833733558655,0.0007166297873482108
Lung_Dx-A0203,0,0.9992533326148987,0.0007466114475391805
Lung_Dx-A0203,0,0.9998859167098999,0.00011412239837227389
Lung_Dx-A0203,0,0.9999039173126221,9.610241977497935e-05
Lung_Dx-A0203,0,0.9999138116836548,8.614650869276375e-05
Lung_Dx-A0203,0,0.999508261680603,0.0004916815087199211
Lung_Dx-A0203,0,0.9999970197677612,2.9365235150180524e-06
Lung_Dx-A0203,0,0.9994218349456787,0.0005781619693152606
Lung_Dx-A0203,0,0.9954350590705872,0.004564980510622263
Lung_Dx-A0203,0,0.9961456060409546,0.003854363691061735
Lung_Dx-A0203,0,0.981979250907898,0.018020739778876305
Lung_Dx-A0225,0,0.9993410706520081,0.0006589401164092124
Lung_Dx-A0225,0,0.9921385645866394,0.007861457765102386
Lung_Dx-A0225,0,0.9429286122322083,0.05707140266895294
Lung_Dx-A0225,0,0.9868786931037903,0.013121270574629307
Lung_Dx-A0225,0,0.9621075391769409,0.0378924235701561
Lung_Dx-A0225,0,0.9739436507225037,0.026056304574012756
Lung_Dx-A0225,0,0.9567555785179138,0.04324442148208618
Lung_Dx-A0225,0,0.910027027130127,0.08997298032045364
Lung_Dx-A0225,0,0.937210738658905,0.0627892017364502
Lung_Dx-A0225,0,0.879612922668457,0.12038709968328476
Lung_Dx-A0225,0,0.05964694544672966,0.9403530955314636
Lung_Dx-A0225,0,0.044514428824186325,0.9554855227470398
Lung_Dx-A0225,0,0.5842081308364868,0.4157918393611908
Lung_Dx-A0225,0,0.9492946267127991,0.05070536211133003
Lung_Dx-A0225,0,0.9976357221603394,0.0023642629384994507
Lung_Dx-A0225,0,0.9990072846412659,0.000992726068943739
Lung_Dx-A0225,0,0.9937950372695923,0.00620502233505249
Lung_Dx-A0225,0,0.9998736381530762,0.00012632041762117296
Lung_Dx-A0225,0,0.998661994934082,0.0013380079763010144
Lung_Dx-A0225,0,0.9994611144065857,0.0005389273865148425
Lung_Dx-A0225,0,0.9847230911254883,0.015276945196092129
Lung_Dx-A0225,0,0.9857729077339172,0.014227045699954033
Lung_Dx-A0225,0,0.9935117363929749,0.0064882696606218815
Lung_Dx-A0225,0,0.9971771240234375,0.002822832902893424
Lung_Dx-A0225,0,0.9968944787979126,0.0031054560095071793
Lung_Dx-A0225,0,0.9996781349182129,0.00032187814940698445
Lung_Dx-A0225,0,0.9950467348098755,0.004953306633979082
Lung_Dx-A0225,0,0.9946463704109192,0.005353646818548441
Lung_Dx-A0225,0,0.9870296716690063,0.012970387935638428
Lung_Dx-A0225,0,0.9952540397644043,0.0047459653578698635
Lung_Dx-A0225,0,0.9969245791435242,0.00307536986656487
Lung_Dx-A0225,0,0.9991655349731445,0.0008344603120349348
Lung_Dx-A0225,0,0.9997202754020691,0.00027966435300186276
Lung_Dx-A0225,0,0.9979848861694336,0.0020150821655988693
Lung_Dx-A0225,0,0.9998005032539368,0.00019949312263634056
Lung_Dx-A0225,0,0.9979129433631897,0.0020870345178991556
Lung_Dx-A0225,0,0.9970190525054932,0.002981032943353057
Lung_Dx-A0225,0,0.9886244535446167,0.011375601403415203
Lung_Dx-A0225,0,0.9999042749404907,9.572778799338266e-05
Lung_Dx-A0225,0,0.9984691739082336,0.001530744950287044
Lung_Dx-A0234,0,0.9991912245750427,0.0008088074973784387
Lung_Dx-A0234,0,0.9961155652999878,0.0038844766095280647
Lung_Dx-A0234,0,0.9982624650001526,0.0017375927418470383
Lung_Dx-A0234,0,0.9985619187355042,0.001438135514035821
Lung_Dx-A0234,0,0.9974491000175476,0.0025509123224765062
Lung_Dx-A0234,0,0.9996498823165894,0.0003500686143524945
Lung_Dx-A0234,0,0.9978001713752747,0.0021997978910803795
Lung_Dx-A0234,0,0.980337381362915,0.01966257579624653
Lung_Dx-A0234,0,0.9955920577049255,0.004407976754009724
Lung_Dx-A0234,0,0.9984452128410339,0.0015548133524134755
Lung_Dx-A0234,0,0.9932680726051331,0.006731917150318623
Lung_Dx-A0234,0,0.9950079917907715,0.004991961643099785
Lung_Dx-A0234,0,0.9920312166213989,0.007968815043568611
Lung_Dx-A0234,0,0.988244891166687,0.011755132116377354
Lung_Dx-A0234,0,0.9999079704284668,9.206085815094411e-05
Lung_Dx-A0234,0,0.9916841983795166,0.008315779268741608
Lung_Dx-A0234,0,0.9609150886535645,0.03908495604991913
Lung_Dx-A0234,0,0.9895614981651306,0.010438533499836922
Lung_Dx-A0234,0,0.9811307191848755,0.018869252875447273
Lung_Dx-A0234,0,0.9948704242706299,0.005129634402692318
Lung_Dx-A0234,0,0.9947289824485779,0.005271083675324917
Lung_Dx-A0234,0,0.9364014267921448,0.06359858065843582
Lung_Dx-A0234,0,0.9847378134727478,0.015262261964380741
Lung_Dx-A0234,0,0.996364176273346,0.003635808825492859
Lung_Dx-A0234,0,0.992061972618103,0.007937993854284286
Lung_Dx-A0234,0,0.9359931349754333,0.06400689482688904
Lung_Dx-A0234,0,0.9963994026184082,0.0036006029695272446
Lung_Dx-A0234,0,0.9469902515411377,0.053009770810604095
Lung_Dx-A0234,0,0.9925103187561035,0.0074896239675581455
Lung_Dx-A0234,0,0.9677167534828186,0.03228325769305229
Lung_Dx-A0234,0,0.9922594428062439,0.0077405208721756935
Lung_Dx-A0234,0,0.9719659090042114,0.028034118935465813
Lung_Dx-A0234,0,0.7977144718170166,0.2022855579853058
Lung_Dx-A0234,0,0.7422816157341003,0.25771838426589966
Lung_Dx-A0234,0,0.9682914614677429,0.031708598136901855
Lung_Dx-A0234,0,0.98497074842453,0.015029196627438068
Lung_Dx-A0234,0,0.9810764789581299,0.018923569470643997
Lung_Dx-A0234,0,0.994929850101471,0.005070175509899855
Lung_Dx-A0234,0,0.9925103187561035,0.0074896239675581455
Lung_Dx-A0234,0,0.9843664169311523,0.015633562579751015
Lung_Dx-A0234,0,0.9657707214355469,0.03422932326793671
Lung_Dx-A0234,0,0.9943360686302185,0.005663864780217409
Lung_Dx-A0234,0,0.9759923219680786,0.024007748812437057
Lung_Dx-A0234,0,0.988469660282135,0.011530389077961445
Lung_Dx-A0234,0,0.9581869840621948,0.04181298613548279
Lung_Dx-A0234,0,0.9805434346199036,0.01945657655596733
Lung_Dx-A0234,0,0.9957929849624634,0.004206969402730465
Lung_Dx-A0234,0,0.9969125986099243,0.0030873692594468594
Lung_Dx-A0234,0,0.9659959077835083,0.03400405868887901
Lung_Dx-A0234,0,0.9830850958824158,0.016914913430809975
Lung_Dx-A0234,0,0.9968396425247192,0.0031603528186678886
Lung_Dx-A0234,0,0.996292769908905,0.0037072531413286924
Lung_Dx-A0234,0,0.9890236854553223,0.01097633596509695
Lung_Dx-A0234,0,0.978405237197876,0.021594690158963203
Lung_Dx-A0234,0,0.9754135012626648,0.024586500599980354
Lung_Dx-A0234,0,0.996882438659668,0.0031175725162029266
Lung_Dx-A0234,0,0.8987665772438049,0.10123348236083984
Lung_Dx-A0234,0,0.27747297286987305,0.722527027130127
Lung_Dx-A0234,0,0.3480355143547058,0.6519644856452942
Lung_Dx-A0234,0,0.8027875423431396,0.19721242785453796
Lung_Dx-A0234,0,0.6945099234580994,0.305490106344223
Lung_Dx-A0234,0,0.997285008430481,0.0027149852830916643
Lung_Dx-A0234,0,0.9986355900764465,0.0013643618440255523
Lung_Dx-A0234,0,0.9293763041496277,0.07062366604804993
Lung_Dx-A0234,0,0.9780307412147522,0.021969227120280266
Lung_Dx-A0234,0,0.9995092153549194,0.0004907225957140326
Lung_Dx-A0234,0,0.9995197057723999,0.00048029725439846516
Lung_Dx-A0234,0,0.9950946569442749,0.004905405919998884
Lung_Dx-A0234,0,0.9919847846031189,0.008015268482267857
Lung_Dx-A0234,0,0.9840477108955383,0.01595231518149376
Lung_Dx-A0234,0,0.6941472291946411,0.3058528006076813
Lung_Dx-A0234,0,0.9616420269012451,0.03835798054933548
Lung_Dx-A0244,0,0.9993026256561279,0.000697313342243433
Lung_Dx-A0244,0,0.9995686411857605,0.000431398453656584
Lung_Dx-A0244,0,0.9999614953994751,3.852893496514298e-05
Lung_Dx-A0244,0,0.9997045397758484,0.0002953798102680594
Lung_Dx-A0244,0,0.9866490960121155,0.013350849971175194
Lung_Dx-A0244,0,0.9999747276306152,2.5268229364883155e-05
Lung_Dx-A0244,0,0.9999721050262451,2.786026379908435e-05
Lung_Dx-A0244,0,0.9995005130767822,0.0004994205082766712
Lung_Dx-A0244,0,0.9999959468841553,4.076954610354733e-06
Lung_Dx-A0244,0,0.9996540546417236,0.00034599160426296294
Lung_Dx-A0244,0,0.9999481439590454,5.184566180105321e-05
Lung_Dx-A0244,0,0.9999576807022095,4.231559796608053e-05
Lung_Dx-A0244,0,0.9999593496322632,4.0694576455280185e-05
Lung_Dx-A0244,0,0.9935243129730225,0.006475691217929125
Lung_Dx-A0244,0,0.9660279750823975,0.03397199511528015
Lung_Dx-A0244,0,0.9946358799934387,0.0053640566766262054
Lung_Dx-A0244,0,0.9650533199310303,0.03494669869542122
Lung_Dx-A0244,0,0.9998044371604919,0.00019563533714972436
Lung_Dx-A0244,0,0.9965837001800537,0.00341627886518836
Lung_Dx-A0244,0,0.999984622001648,1.5326106222346425e-05
Lung_Dx-A0244,0,0.9991990923881531,0.0008009536541067064
Lung_Dx-A0244,0,0.9809491038322449,0.019050899893045425
Lung_Dx-A0244,0,0.9859904050827026,0.01400956604629755
Lung_Dx-G0042,1,0.0001964008843060583,0.9998036026954651
Lung_Dx-G0042,1,0.003999501001089811,0.9960004687309265
Lung_Dx-G0042,1,0.01139758713543415,0.9886024594306946
Lung_Dx-G0042,1,0.007504157721996307,0.9924958944320679
Lung_Dx-G0042,1,0.01923426054418087,0.9807657599449158
Lung_Dx-G0042,1,0.011869121342897415,0.9881309270858765
Lung_Dx-G0042,1,0.00391482375562191,0.9960851669311523
Lung_Dx-G0042,1,0.0031297362875193357,0.996870219707489
Lung_Dx-G0042,1,0.0016678821993991733,0.9983320832252502
Lung_Dx-G0042,1,0.010408313944935799,0.989591658115387
Lung_Dx-G0042,1,0.11187033355236053,0.888129711151123
Lung_Dx-G0042,1,0.0014550627674907446,0.9985449314117432
Lung_Dx-G0042,1,7.692087820032611e-05,0.9999231100082397
Lung_Dx-G0042,1,0.00012339458044152707,0.9998766183853149
Lung_Dx-G0042,1,0.0011740823974832892,0.9988259673118591
Lung_Dx-G0042,1,0.00012484894250519574,0.9998751878738403
Lung_Dx-G0042,1,0.0004592085024341941,0.9995408058166504
Lung_Dx-G0042,1,0.0006238938658498228,0.999376118183136
Lung_Dx-G0042,1,0.035846926271915436,0.9641530513763428
Lung_Dx-G0042,1,0.010110844857990742,0.9898892045021057
Lung_Dx-G0042,1,0.0013432379346340895,0.9986567497253418
Lung_Dx-G0042,1,0.12940272688865662,0.8705973029136658
Lung_Dx-G0042,1,0.5435901880264282,0.456409752368927
Lung_Dx-G0042,1,0.9499951004981995,0.05000489577651024
Lung_Dx-G0042,1,0.49240171909332275,0.5075982809066772
Lung_Dx-G0042,1,0.9535353183746338,0.04646466672420502
Lung_Dx-G0042,1,0.8636217713356018,0.1363781839609146
Lung_Dx-G0042,1,0.9486324787139893,0.05136751011013985
Lung_Dx-G0042,1,0.9599877595901489,0.04001227021217346
Lung_Dx-G0042,1,0.9748451709747314,0.02515488490462303
Lung_Dx-G0042,1,0.9419218301773071,0.05807814374566078
Lung_Dx-G0042,1,0.5528414845466614,0.4471585154533386
Lung_Dx-G0042,1,0.8959786295890808,0.10402136296033859
Lung_Dx-G0042,1,0.9753900170326233,0.02460992895066738
Lung_Dx-G0042,1,0.8398653864860535,0.16013464331626892
Lung_Dx-G0042,1,0.860427737236023,0.13957218825817108
Lung_Dx-G0042,1,0.8531191349029541,0.1468808799982071
Lung_Dx-G0042,1,0.47545310854911804,0.5245469212532043
Lung_Dx-G0042,1,0.8751482367515564,0.12485181540250778
Lung_Dx-G0042,1,0.950456976890564,0.04954301565885544
Lung_Dx-G0042,1,0.9702116250991821,0.02978830225765705
Lung_Dx-G0042,1,0.8984551429748535,0.10154488682746887
Lung_Dx-G0042,1,0.3579794764518738,0.6420205235481262
Lung_Dx-G0042,1,0.3355957567691803,0.6644042134284973
Lung_Dx-G0042,1,0.12384166568517685,0.8761583566665649
Lung_Dx-G0042,1,0.09691927582025528,0.9030807614326477
Lung_Dx-G0042,1,0.2377970963716507,0.7622028589248657
Lung_Dx-G0042,1,0.8389768600463867,0.16102318465709686
Lung_Dx-G0042,1,0.1962479203939438,0.8037521243095398
Lung_Dx-G0042,1,0.14438998699188232,0.8556100726127625
Lung_Dx-G0042,1,0.8606621623039246,0.13933780789375305
Lung_Dx-G0042,1,0.6871578097343445,0.31284216046333313
Lung_Dx-G0042,1,0.82439124584198,0.17560875415802002
Lung_Dx-G0042,1,0.6032435894012451,0.3967563807964325
Lung_Dx-G0042,1,0.8453049659729004,0.15469497442245483
Lung_Dx-G0042,1,0.2643583416938782,0.735641598701477
Lung_Dx-G0051,1,0.1173696517944336,0.8826303482055664
Lung_Dx-G0051,1,0.818881630897522,0.18111832439899445
Lung_Dx-G0051,1,0.826641857624054,0.17335817217826843
Lung_Dx-G0051,1,0.5292633771896362,0.47073662281036377
Lung_Dx-G0051,1,0.6065130233764648,0.39348697662353516
Lung_Dx-G0051,1,0.6585273146629333,0.34147268533706665
Lung_Dx-G0051,1,0.6390113234519958,0.36098870635032654
Lung_Dx-G0051,1,0.02161533385515213,0.9783847332000732
Lung_Dx-G0051,1,0.29849138855934143,0.701508641242981
Lung_Dx-G0051,1,0.8974708318710327,0.1025291457772255
Lung_Dx-G0051,1,0.2597082555294037,0.7402917146682739
Lung_Dx-G0051,1,0.16398024559020996,0.83601975440979
Lung_Dx-G0051,1,0.7039948105812073,0.2960051894187927
Lung_Dx-G0051,1,0.8164063692092896,0.18359363079071045
Lung_Dx-G0051,1,0.0011008767178282142,0.9988991022109985
Lung_Dx-G0051,1,0.004425152204930782,0.9955748319625854
Lung_Dx-G0051,1,0.0008659809827804565,0.9991340041160583
Lung_Dx-G0051,1,0.005220125894993544,0.9947799444198608
Lung_Dx-G0051,1,0.12442562729120255,0.8755743503570557
Lung_Dx-G0051,1,0.0038022249937057495,0.9961977601051331
Lung_Dx-G0051,1,0.003968500066548586,0.9960314631462097
Lung_Dx-G0051,1,0.0012918456923216581,0.9987081289291382
Lung_Dx-G0051,1,0.04115288704633713,0.9588471055030823
Lung_Dx-G0051,1,0.01966257579624653,0.980337381362915
Lung_Dx-G0051,1,0.19406215846538544,0.8059378266334534
Lung_Dx-G0051,1,0.8383822441101074,0.16161774098873138
Lung_Dx-G0051,1,0.01788301020860672,0.9821169972419739
Lung_Dx-G0051,1,0.009169895201921463,0.9908300638198853
Lung_Dx-G0051,1,0.09526525437831879,0.90473473072052
Lung_Dx-G0051,1,0.17335817217826843,0.826641857624054
Lung_Dx-G0051,1,0.2648334503173828,0.735166609287262
Lung_Dx-G0051,1,0.7535120248794556,0.24648800492286682
Lung_Dx-G0051,1,0.7515569925308228,0.24844299256801605
Lung_Dx-G0051,1,0.8751482367515564,0.12485181540250778
Lung_Dx-G0051,1,0.7414049506187439,0.2585950195789337
Lung_Dx-G0051,1,0.8020133376121521,0.19798661768436432
Lung_Dx-G0051,1,0.7199254631996155,0.2800745666027069
Lung_Dx-G0051,1,0.7207615375518799,0.2792384624481201
Lung_Dx-G0051,1,0.8837887048721313,0.11621122807264328
Lung_Dx-G0051,1,0.43002769351005554,0.5699723362922668
Lung_Dx-G0051,1,0.7834504842758179,0.21654951572418213
Lung_Dx-G0051,1,0.8058614134788513,0.1941385269165039
Lung_Dx-G0051,1,0.8972909450531006,0.10270899534225464
Lung_Dx-G0051,1,0.7779331803321838,0.22206684947013855
Lung_Dx-G0051,1,0.7338334918022156,0.2661665081977844
Lung_Dx-G0051,1,0.561710774898529,0.43828925490379333
Lung_Dx-G0051,1,0.136781245470047,0.8632187843322754
Lung_Dx-G0051,1,0.8628146648406982,0.13718532025814056
Lung_Dx-G0051,1,0.384941041469574,0.615058958530426
Lung_Dx-G0051,1,0.7987368106842041,0.2012632042169571
Lung_Dx-G0051,1,0.9427707195281982,0.05722925439476967
Lung_Dx-G0051,1,0.9776071906089783,0.02239282988011837
Lung_Dx-G0051,1,0.9982351064682007,0.0017649073852226138
Lung_Dx-G0051,1,0.9953181147575378,0.004681822843849659
Lung_Dx-G0051,1,0.6674728393554688,0.33252713084220886
Lung_Dx-G0051,1,0.6408606171607971,0.3591393232345581
Lung_Dx-G0051,1,0.1697496771812439,0.8302502632141113
Lung_Dx-G0051,1,0.6949759125709534,0.305024117231369
Lung_Dx-G0051,1,0.7100757956504822,0.2899242639541626
Lung_Dx-G0051,1,0.3806438148021698,0.6193561553955078
Lung_Dx-G0051,1,0.44560492038726807,0.5543950200080872
Lung_Dx-G0051,1,0.9155072569847107,0.0844927579164505
Lung_Dx-G0051,1,0.7419078350067139,0.2580921947956085
Lung_Dx-G0051,1,0.01696370169520378,0.9830363392829895
Lung_Dx-G0051,1,0.5569418668746948,0.44305819272994995
Lung_Dx-G0051,1,0.5766686201095581,0.4233313798904419
Lung_Dx-G0051,1,0.5508244633674622,0.44917553663253784
Lung_Dx-G0051,1,0.5052946209907532,0.4947054088115692
Lung_Dx-G0051,1,0.43300721049308777,0.5669928193092346
Lung_Dx-G0051,1,0.06717856973409653,0.9328213930130005
Lung_Dx-G0051,1,0.04012495279312134,0.9598750472068787
Lung_Dx-G0051,1,0.2362958788871765,0.7637041211128235
Lung_Dx-G0051,1,0.07224300503730774,0.9277569651603699
Lung_Dx-G0051,1,0.1598721593618393,0.8401278853416443
Lung_Dx-G0051,1,0.4399578869342804,0.560042142868042
Lung_Dx-G0051,1,0.022737447172403336,0.977262556552887
Lung_Dx-G0051,1,0.18032306432724,0.81967693567276
Lung_Dx-G0051,1,0.004573863931000233,0.9954261183738708
Lung_Dx-G0051,1,0.04480608552694321,0.9551938772201538
Lung_Dx-G0051,1,0.018617801368236542,0.9813822507858276
Lung_Dx-G0051,1,0.2935563623905182,0.7064436674118042
Lung_Dx-G0051,1,0.10498092323541641,0.8950190544128418
Lung_Dx-G0051,1,0.01796896755695343,0.982030987739563
Lung_Dx-G0051,1,0.3419394791126251,0.6580604910850525
Lung_Dx-G0051,1,0.05556634068489075,0.9444336295127869
Lung_Dx-G0051,1,0.004953306633979082,0.9950467348098755
Lung_Dx-G0051,1,0.024399833753705025,0.9756001234054565
Lung_Dx-G0051,1,0.04633503779768944,0.953665018081665
Lung_Dx-G0051,1,0.07303238660097122,0.9269675612449646
Lung_Dx-G0051,1,0.727540135383606,0.27245986461639404
Lung_Dx-G0051,1,0.9534921050071716,0.046507954597473145
Lung_Dx-G0051,1,0.9490118622779846,0.050988148897886276
Lung_Dx-G0051,1,0.9005298018455505,0.09947021305561066
Lung_Dx-G0052,1,0.001356401713564992,0.9986435770988464
Lung_Dx-G0052,1,0.01609087362885475,0.9839090704917908
Lung_Dx-G0052,1,0.00033666222589090466,0.9996633529663086
Lung_Dx-G0052,1,1.0533521162869874e-05,0.9999895095825195
Lung_Dx-G0052,1,0.09581378102302551,0.9041862487792969
Lung_Dx-G0052,1,5.967351535218768e-05,0.9999402761459351
Lung_Dx-G0052,1,0.0006312434561550617,0.9993687272071838
Lung_Dx-G0052,1,0.008315779268741608,0.9916841983795166
Lung_Dx-G0052,1,0.02615562081336975,0.9738444089889526
Lung_Dx-G0052,1,0.03912164270877838,0.960878312587738
Lung_Dx-G0052,1,0.000118667958304286,0.9998812675476074
Lung_Dx-G0052,1,2.5268229364883155e-05,0.9999747276306152
Lung_Dx-G0052,1,2.225281377832289e-06,0.9999977350234985
Lung_Dx-G0052,1,4.045227342430735e-06,0.9999959468841553
Lung_Dx-G0052,1,0.00655152415856719,0.9934484362602234
Lung_Dx-G0052,1,0.057811614125967026,0.9421884417533875
Lung_Dx-G0052,1,0.05136751011013985,0.9486324787139893
Lung_Dx-G0052,1,0.029675619676709175,0.9703244566917419
Lung_Dx-G0052,1,0.027066176757216454,0.972933828830719
Lung_Dx-G0052,1,0.5567008852958679,0.44329914450645447
Lung_Dx-G0052,1,0.018815092742443085,0.9811848998069763
Lung_Dx-G0052,1,0.003324436955153942,0.9966756105422974
Lung_Dx-G0052,1,0.003081363858655095,0.9969186782836914
Lung_Dx-G0052,1,0.005469274707138538,0.9945307374000549
Lung_Dx-G0052,1,0.0029694451950490475,0.99703049659729
Lung_Dx-G0052,1,0.09417666494846344,0.9058233499526978
Lung_Dx-G0052,1,0.0032287640497088432,0.9967711567878723
Lung_Dx-G0052,1,0.00025464367354288697,0.9997453093528748
Lung_Dx-G0052,1,5.3491330618271604e-05,0.9999464750289917
Lung_Dx-G0052,1,0.000679842836689204,0.9993201494216919
Lung_Dx-G0052,1,0.00026530236937105656,0.9997346997261047
Lung_Dx-G0052,1,0.00014036924403626472,0.9998595714569092
Lung_Dx-G0052,1,0.0001837845629779622,0.9998162388801575
Lung_Dx-G0052,1,0.0018458481645211577,0.9981541037559509
Lung_Dx-G0052,1,0.0007824140484444797,0.9992175102233887
Lung_Dx-G0052,1,5.692723448191828e-07,0.9999994039535522
Lung_Dx-G0052,1,1.32636678245035e-05,0.9999867677688599
Lung_Dx-G0052,1,1.7778553228708915e-05,0.9999822378158569
Lung_Dx-G0052,1,8.061209518928081e-05,0.9999194145202637
Lung_Dx-G0052,1,1.387117663398385e-06,0.9999985694885254
Lung_Dx-G0052,1,1.3472536011249758e-05,0.9999865293502808
Lung_Dx-G0052,1,5.9319227148080245e-06,0.9999940395355225
Lung_Dx-G0052,1,0.0014579035341739655,0.998542070388794
Lung_Dx-G0052,1,0.003490210510790348,0.9965097308158875
Lung_Dx-G0052,1,0.012883163057267666,0.9871168732643127
Lung_Dx-G0052,1,0.00032503585680387914,0.9996750354766846
Lung_Dx-G0052,1,0.00011820537474704906,0.9998817443847656
Lung_Dx-G0052,1,0.00876212865114212,0.9912378191947937
Lung_Dx-G0052,1,0.007621429860591888,0.9923785924911499
Lung_Dx-G0052,1,1.108223386836471e-05,0.9999889135360718
Lung_Dx-G0052,1,0.0123599199578166,0.9876400828361511
Lung_Dx-G0052,1,0.000517281296197325,0.9994826316833496
Lung_Dx-G0052,1,0.001359049929305911,0.9986409544944763
Lung_Dx-G0052,1,0.00041894835885614157,0.9995810389518738
Lung_Dx-G0052,1,0.0002323141961824149,0.9997677206993103
Lung_Dx-G0052,1,3.8080081139924005e-05,0.9999619722366333
Lung_Dx-G0052,1,0.00010190106695517898,0.9998980760574341
Lung_Dx-G0052,1,0.0018821859266608953,0.9981178045272827
Lung_Dx-G0052,1,0.0001163729903055355,0.9998836517333984
Lung_Dx-G0052,1,0.0004416242882143706,0.9995583891868591
Lung_Dx-G0052,1,0.001871210290119052,0.9981288313865662
Lung_Dx-G0052,1,0.0006499982555396855,0.9993500113487244
Lung_Dx-G0052,1,0.0007138378568924963,0.9992862343788147
Lung_Dx-G0052,1,0.01061142049729824,0.9893885254859924
Lung_Dx-G0052,1,4.5220887841423973e-05,0.9999548196792603
Lung_Dx-G0052,1,7.058701885398477e-05,0.9999294281005859
Lung_Dx-G0052,1,0.0009716460481286049,0.9990283250808716
Lung_Dx-G0052,1,0.0003131987468805164,0.9996868371963501
Lung_Dx-G0052,1,0.0006628098199144006,0.9993371367454529
Lung_Dx-G0052,1,0.07416429370641708,0.9258357286453247
Lung_Dx-G0052,1,0.004459704738110304,0.9955403208732605
Lung_Dx-G0052,1,0.0004907225957140326,0.9995092153549194
Lung_Dx-G0052,1,0.004564980510622263,0.9954350590705872
Lung_Dx-G0052,1,0.0012424173764884472,0.9987576007843018
Lung_Dx-G0052,1,6.683069659629837e-05,0.999933123588562
Lung_Dx-G0052,1,1.7231572201126255e-05,0.9999827146530151
Lung_Dx-G0052,1,0.0005013742484152317,0.9994986057281494
Lung_Dx-G0052,1,2.1030173229519278e-05,0.9999790191650391
Lung_Dx-G0052,1,0.00032503585680387914,0.9996750354766846
Lung_Dx-G0052,1,0.0005336928297765553,0.9994663596153259
Lung_Dx-G0052,1,0.00024346043937839568,0.9997565150260925
Lung_Dx-G0052,1,0.009250096045434475,0.9907498955726624
Lung_Dx-G0052,1,0.003721708431839943,0.9962782263755798
Lung_Dx-G0052,1,5.124166636960581e-05,0.9999487400054932
Lung_Dx-G0052,1,0.0006251128506846726,0.9993749260902405
Lung_Dx-G0052,1,0.003524340922012925,0.9964756369590759
Lung_Dx-G0052,1,0.00036329866270534694,0.9996366500854492
Lung_Dx-G0052,1,2.6172339858021587e-05,0.9999737739562988
Lung_Dx-G0052,1,0.000938111508730799,0.9990618824958801
Lung_Dx-G0052,1,0.0035380860790610313,0.9964619278907776
Lung_Dx-G0052,1,0.37579238414764404,0.6242076754570007
Lung_Dx-G0052,1,1.0825516255863477e-05,0.9999891519546509
Lung_Dx-G0058,1,0.9998655319213867,0.00013446628872770816
Lung_Dx-G0058,1,0.9999501705169678,4.985958366887644e-05
Lung_Dx-G0058,1,0.9997817873954773,0.0002182420575991273
Lung_Dx-G0058,1,0.9991255402565002,0.0008744718506932259
Lung_Dx-G0058,1,0.9998494386672974,0.00015059269207995385
Lung_Dx-G0058,1,0.9996756315231323,0.0003244018298573792
Lung_Dx-G0058,1,0.9991623163223267,0.0008377236081287265
Lung_Dx-G0058,1,0.9998511075973511,0.00014883847325108945
Lung_Dx-G0058,1,0.9999039173126221,9.610241977497935e-05
Lung_Dx-G0058,1,0.9999175071716309,8.2523598393891e-05
Lung_Dx-G0058,1,0.9997584223747253,0.00024156630388461053
Lung_Dx-G0058,1,0.9998804330825806,0.00011959858238697052
Lung_Dx-G0058,1,0.9994766116142273,0.0005233756965026259
Lung_Dx-G0058,1,0.9995668530464172,0.00043308615568093956
Lung_Dx-G0058,1,0.9993147850036621,0.0006851713405922055
Lung_Dx-G0058,1,0.9991768002510071,0.0008231386309489608
Lung_Dx-G0058,1,0.9998377561569214,0.0001621928095119074
Lung_Dx-G0058,1,0.9994093179702759,0.0005907104350626469
Lung_Dx-G0058,1,0.9982522130012512,0.0017477857181802392
Lung_Dx-G0058,1,0.9951702952384949,0.004829722456634045
Lung_Dx-G0058,1,0.999647855758667,0.0003521250910125673
Lung_Dx-G0058,1,0.999904990196228,9.49828972807154e-05
Lung_Dx-G0058,1,0.9992930889129639,0.0007069056737236679
Lung_Dx-G0058,1,0.9995272159576416,0.00047285447362810373
Lung_Dx-G0058,1,0.9968580007553101,0.0031419473234564066
Lung_Dx-G0058,1,0.9937222599983215,0.006277706474065781
Lung_Dx-G0058,1,0.9991238713264465,0.0008761799545027316
Lung_Dx-G0058,1,0.9988259673118591,0.0011740823974832892
Lung_Dx-G0058,1,0.9974787831306458,0.002521268557757139
Lung_Dx-G0058,1,0.9984481334686279,0.0015517841093242168
Lung_Dx-G0058,1,0.9994115829467773,0.0005884087877348065
Lung_Dx-G0058,1,0.9997262358665466,0.00027372167096473277
Lung_Dx-G0058,1,0.9974491000175476,0.0025509123224765062
Lung_Dx-G0058,1,0.996271014213562,0.0037289573810994625
Lung_Dx-G0058,1,0.9985505938529968,0.0014493984635919333
Lung_Dx-G0058,1,0.9994896650314331,0.0005102608120068908
Lung_Dx-G0058,1,0.9991655349731445,0.0008344603120349348
Lung_Dx-G0058,1,0.9996125102043152,0.00038747614598833025
Lung_Dx-G0058,1,0.9975844621658325,0.0024154833517968655
Lung_Dx-G0058,1,0.9992862343788147,0.0007138378568924963
Lung_Dx-G0058,1,0.999679446220398,0.0003206236578989774
Lung_Dx-G0058,1,0.9971439242362976,0.0028560124337673187
Lung_Dx-G0058,1,0.99871826171875,0.0012818054528906941
Lung_Dx-G0058,1,0.9990359544754028,0.0009640919743105769
Lung_Dx-G0058,1,0.890198826789856,0.10980119556188583
Lung_Dx-G0058,1,0.9930693507194519,0.006930672097951174
Lung_Dx-G0058,1,0.8615382313728333,0.13846179842948914
Lung_Dx-G0058,1,0.9837693572044373,0.016230614855885506
Lung_Dx-G0058,1,0.9776925444602966,0.02230747602880001
Lung_Dx-G0058,1,0.9260365962982178,0.07396337389945984
Lung_Dx-G0058,1,0.9627432227134705,0.037256766110658646
Lung_Dx-G0058,1,0.9944234490394592,0.0055765449069440365
Lung_Dx-G0058,1,0.9950273633003235,0.004972596652805805
Lung_Dx-G0058,1,0.9969245791435242,0.00307536986656487
Lung_Dx-G0058,1,0.9696707129478455,0.030329259112477303
Lung_Dx-G0058,1,0.9801483154296875,0.019851701334118843
Lung_Dx-G0058,1,0.9841241240501404,0.01587584614753723
Lung_Dx-G0058,1,0.9881765246391296,0.01182339433580637
Lung_Dx-G0058,1,0.9893269538879395,0.010673115029931068
Lung_Dx-G0058,1,0.9977568984031677,0.0022430878598243
Lung_Dx-G0058,1,0.9989225268363953,0.0010775026166811585
Lung_Dx-G0058,1,0.9974191188812256,0.002580904169008136
Lung_Dx-G0058,1,0.9111796617507935,0.08882028609514236
Lung_Dx-G0058,1,0.951096773147583,0.04890318214893341
Lung_Dx-G0058,1,0.9960004687309265,0.003999501001089811
Lung_Dx-G0058,1,0.998553454875946,0.0014465744607150555
Lung_Dx-G0058,1,0.9997443556785583,0.0002556400722824037
Lung_Dx-G0058,1,0.9975177049636841,0.0024822766426950693
Lung_Dx-G0058,1,0.9968580007553101,0.0031419473234564066
Lung_Dx-G0058,1,0.9926967024803162,0.007303223479539156
Lung_Dx-G0058,1,0.9981541037559509,0.0018458481645211577
Lung_Dx-G0058,1,0.982557475566864,0.017442483454942703
Lung_Dx-G0058,1,0.9755303859710693,0.02446967177093029
Lung_Dx-G0058,1,0.780662477016449,0.21933749318122864
Lung_Dx-G0058,1,0.07017629593610764,0.9298236966133118
Lung_Dx-G0058,1,0.18366682529449463,0.8163331747055054
Lung_Dx-G0058,1,0.7673413753509521,0.23265865445137024
Lung_Dx-G0058,1,0.6624690294265747,0.3375309705734253
Lung_Dx-G0058,1,0.5136875510215759,0.48631247878074646
Lung_Dx-G0058,1,0.02463338151574135,0.9753665924072266
Lung_Dx-G0058,1,0.8233994245529175,0.1766005903482437
Lung_Dx-G0058,1,0.04455598071217537,0.9554439783096313
Lung_Dx-G0058,1,0.2549724578857422,0.7450275421142578
Lung_Dx-G0058,1,0.23704567551612854,0.7629542946815491
Lung_Dx-G0058,1,0.6676896214485168,0.33231040835380554
Lung_Dx-G0058,1,0.8026329278945923,0.1973671019077301
Lung_Dx-G0058,1,0.9599501490592957,0.04004979506134987
Lung_Dx-G0058,1,0.8360866904258728,0.1639133095741272
Lung_Dx-G0058,1,0.5905135869979858,0.40948641300201416
Lung_Dx-G0058,1,0.5395291447639465,0.46047088503837585
Lung_Dx-G0058,1,0.7098243832588196,0.2901756167411804
Lung_Dx-G0058,1,0.851952850818634,0.14804719388484955
Lung_Dx-G0058,1,0.8667540550231934,0.13324595987796783
Lung_Dx-G0058,1,0.901661217212677,0.0983387902379036
Lung_Dx-G0058,1,0.8099533319473267,0.19004666805267334
Lung_Dx-G0058,1,0.9994439482688904,0.0005560253048315644
Lung_Dx-G0058,1,0.8626412153244019,0.13735881447792053
Lung_Dx-G0058,1,0.9846199154853821,0.015380123630166054
Lung_Dx-G0058,1,0.8095019459724426,0.19049803912639618
Lung_Dx-G0058,1,0.5369806885719299,0.46301931142807007
Lung_Dx-G0058,1,0.499603271484375,0.500396728515625
Lung_Dx-G0058,1,0.6050992012023926,0.3949008285999298
Lung_Dx-G0058,1,0.8760523796081543,0.12394767254590988
Lung_Dx-G0058,1,0.8491598963737488,0.15084007382392883
Lung_Dx-G0058,1,0.8696592450141907,0.13034076988697052
Lung_Dx-G0058,1,0.8421505093574524,0.1578495353460312
Lung_Dx-G0058,1,0.8699357509613037,0.13006427884101868
Lung_Dx-G0058,1,0.9274290800094604,0.07257094979286194
Lung_Dx-G0058,1,0.954562783241272,0.045437220484018326
Lung_Dx-G0058,1,0.987616240978241,0.012383786030113697
Lung_Dx-G0058,1,0.9873018264770508,0.012698198668658733
Lung_Dx-G0058,1,0.9552357196807861,0.04476431757211685
Lung_Dx-G0058,1,0.940188467502594,0.05981148034334183
Lung_Dx-G0058,1,0.9165588617324829,0.08344117552042007
Lung_Dx-G0058,1,0.9043130874633789,0.09568694233894348
Lung_Dx-G0058,1,0.8305253982543945,0.16947458684444427
Lung_Dx-G0058,1,0.9129807949066162,0.08701920509338379
Lung_Dx-G0058,1,0.9671630263328552,0.03283695504069328
Lung_Dx-G0058,1,0.991859495639801,0.008140463382005692
Lung_Dx-G0058,1,0.9843664169311523,0.015633562579751015
Lung_Dx-G0058,1,0.9900057911872864,0.009994227439165115
Lung_Dx-G0058,1,0.6906633973121643,0.3093366026878357
Lung_Dx-A0165,0,0.9999891519546509,1.0825516255863477e-05
Lung_Dx-A0165,0,0.9999724626541138,2.7535692424862646e-05
Lung_Dx-A0165,0,0.9999909400939941,9.009809218696319e-06
Lung_Dx-A0165,0,0.9999837875366211,1.6187581422855146e-05
Lung_Dx-A0165,0,0.9999814033508301,1.8631748389452696e-05
Lung_Dx-A0165,0,0.9999634027481079,3.6621306207962334e-05
Lung_Dx-A0165,0,0.9999151229858398,8.481103577651083e-05
Lung_Dx-A0165,0,0.99664306640625,0.0033569515217095613
Lung_Dx-A0165,0,0.9937708973884583,0.006229157093912363
Lung_Dx-A0165,0,0.9996002316474915,0.00039977103006094694
Lung_Dx-A0165,0,0.9998433589935303,0.0001565906568430364
Lung_Dx-A0165,0,0.9999470710754395,5.2868166676489636e-05
Lung_Dx-A0165,0,0.9993053674697876,0.0006945966742932796
Lung_Dx-A0165,0,0.9999881982803345,1.179696755571058e-05
Lung_Dx-A0165,0,0.999681830406189,0.00031812931410968304
Lung_Dx-A0165,0,0.9961004257202148,0.0038996210787445307
Lung_Dx-A0165,0,0.9999508857727051,4.9086618673754856e-05
Lung_Dx-A0165,0,0.9999977350234985,2.2959193302085623e-06
Lung_Dx-A0165,0,0.9999878406524658,1.2171438356745057e-05
Lung_Dx-A0165,0,0.9999709129333496,2.9083441404509358e-05
Lung_Dx-A0165,0,0.9999873638153076,1.26562872537761e-05
Lung_Dx-A0165,0,0.9999107122421265,8.922867709770799e-05
Lung_Dx-A0165,0,0.998498797416687,0.0015011822106316686
Lung_Dx-A0165,0,0.9995859265327454,0.000414069538237527
Lung_Dx-A0165,0,0.9577940106391907,0.04220600053668022
Lung_Dx-A0165,0,0.9976032376289368,0.0023967307060956955
Lung_Dx-A0165,0,0.9956685304641724,0.004331502132117748
Lung_Dx-A0166,0,0.9999996423721313,3.230971117318404e-07
Lung_Dx-A0166,0,0.9999991655349731,8.748445452511078e-07
Lung_Dx-A0166,0,0.9999957084655762,4.2893334466498345e-06
Lung_Dx-A0166,0,0.9999233484268188,7.662102143513039e-05
Lung_Dx-A0166,0,0.9999086856842041,9.134449646808207e-05
Lung_Dx-A0166,0,0.9999974966049194,2.521573378544417e-06
Lung_Dx-A0166,0,0.999996542930603,3.5145567380823195e-06
Lung_Dx-A0166,0,0.9999984502792358,1.559577981424809e-06
Lung_Dx-A0166,0,0.9999994039535522,6.036247555130103e-07
Lung_Dx-A0166,0,0.9999982118606567,1.8162224932893878e-06
Lung_Dx-A0166,0,0.999984622001648,1.538609285489656e-05
Lung_Dx-A0166,0,0.9999974966049194,2.50195034823264e-06
Lung_Dx-A0166,0,0.9999988079071045,1.1589803534661769e-06
Lung_Dx-A0166,0,0.999977707862854,2.2299200281850062e-05
Lung_Dx-A0166,0,0.9999072551727295,9.278282232116908e-05
Lung_Dx-A0166,0,0.9994673132896423,0.0005326520767994225
Lung_Dx-A0166,0,0.9969956874847412,0.0030043430160731077
Lung_Dx-A0166,0,0.9937829375267029,0.0062170778401196
Lung_Dx-A0166,0,0.9999184608459473,8.156225521815941e-05
Lung_Dx-A0166,0,0.9998005032539368,0.00019949312263634056
Lung_Dx-A0166,0,0.9999854564666748,1.4567271136911586e-05
Lung_Dx-A0174,0,0.9999823570251465,1.7640200894675218e-05
Lung_Dx-A0174,0,0.9999517202377319,4.832564445678145e-05
Lung_Dx-A0174,0,0.9999935626983643,6.464239504566649e-06
Lung_Dx-A0174,0,0.9979007244110107,0.002099273493513465
Lung_Dx-A0174,0,0.9999042749404907,9.572778799338266e-05
Lung_Dx-A0174,0,0.9995618462562561,0.00043818907579407096
Lung_Dx-A0174,0,0.9962126016616821,0.003787457710132003
Lung_Dx-A0174,0,0.9974391460418701,0.0025608709547668695
Lung_Dx-A0174,0,0.975669801235199,0.02433018945157528
Lung_Dx-A0174,0,0.992408037185669,0.007591942325234413
Lung_Dx-A0174,0,0.9784671068191528,0.021532878279685974
Lung_Dx-A0174,0,0.9868533611297607,0.013146585784852505
Lung_Dx-A0174,0,0.9967963099479675,0.003203718224540353
Lung_Dx-A0174,0,0.7999116778373718,0.20008836686611176
Lung_Dx-A0174,0,0.2583727538585663,0.7416272163391113
Lung_Dx-A0174,0,0.9398581385612488,0.06014182046055794
Lung_Dx-A0174,0,0.9876639246940613,0.01233610138297081
Lung_Dx-A0174,0,0.8174288272857666,0.18257123231887817
Lung_Dx-A0174,0,0.986828088760376,0.013171950355172157
Lung_Dx-A0174,0,0.6947687864303589,0.3052311837673187
Lung_Dx-A0174,0,0.9748929738998413,0.02510703355073929
Lung_Dx-A0174,0,0.9141375422477722,0.08586245775222778
Lung_Dx-A0174,0,0.08359067142009735,0.9164093732833862
Lung_Dx-A0174,0,0.49976348876953125,0.5002365112304688
Lung_Dx-A0174,0,0.36658975481987,0.6334102749824524
Lung_Dx-A0174,0,0.8447935581207275,0.15520648658275604
Lung_Dx-A0188,0,0.14996658265590668,0.8500334620475769
Lung_Dx-A0188,0,0.38476040959358215,0.6152395606040955
Lung_Dx-A0188,0,0.045564454048871994,0.9544354677200317
Lung_Dx-A0188,0,0.9959613680839539,0.004038591403514147
Lung_Dx-A0188,0,0.9505947232246399,0.04940524697303772
Lung_Dx-A0188,0,0.11706650257110596,0.882933497428894
Lung_Dx-A0188,0,0.6139528751373291,0.3860471248626709
Lung_Dx-A0188,0,0.8780530691146851,0.12194692343473434
Lung_Dx-A0188,0,0.9867132902145386,0.013286684639751911
Lung_Dx-A0188,0,0.9396923184394836,0.06030763313174248
Lung_Dx-A0188,0,0.9685898423194885,0.03141012415289879
Lung_Dx-A0188,0,0.041969768702983856,0.9580301642417908
Lung_Dx-A0188,0,0.9622142910957336,0.037785764783620834
Lung_Dx-A0188,0,0.9530133008956909,0.04698663949966431
Lung_Dx-A0188,0,0.958615243434906,0.04138471558690071
Lung_Dx-A0188,0,0.9979888200759888,0.0020111582707613707
Lung_Dx-A0188,0,0.998364269733429,0.0016356752021238208
Lung_Dx-A0188,0,0.9652831554412842,0.0347168855369091
Lung_Dx-A0188,0,0.9942025542259216,0.0057974006049335
Lung_Dx-A0188,0,0.9280183911323547,0.07198163121938705
Lung_Dx-A0188,0,0.6603093147277832,0.3396907150745392
Lung_Dx-A0188,0,0.9856491684913635,0.014350838027894497
Lung_Dx-A0188,0,0.6357172727584839,0.3642827272415161
Lung_Dx-A0188,0,0.9301416277885437,0.0698583573102951
Lung_Dx-A0188,0,0.9205042719841003,0.07949570566415787
Lung_Dx-A0188,0,0.8950649499893188,0.10493505746126175
Lung_Dx-A0188,0,0.8382829427719116,0.1617169976234436
Lung_Dx-A0188,0,0.9819619059562683,0.018038028851151466
Lung_Dx-A0188,0,0.9584211707115173,0.04157886654138565
Lung_Dx-A0188,0,0.9967206120491028,0.0032794431317597628
Lung_Dx-A0188,0,0.9679296612739563,0.032070379704236984
Lung_Dx-A0188,0,0.9898499250411987,0.010150015354156494
Lung_Dx-A0188,0,0.9956516623497009,0.004348380956798792
Lung_Dx-A0188,0,0.9840323328971863,0.015967654064297676
Lung_Dx-A0188,0,0.9921080470085144,0.007891984656453133
Lung_Dx-A0188,0,0.998039186000824,0.001960835652425885
Lung_Dx-A0188,0,0.9828726649284363,0.017127320170402527
Lung_Dx-A0188,0,0.8986331820487976,0.10136684030294418
Lung_Dx-A0188,0,0.8635642528533936,0.13643570244312286
Lung_Dx-A0188,0,0.9915380477905273,0.008461998775601387
Lung_Dx-A0188,0,0.9574770927429199,0.04252295196056366
Lung_Dx-A0188,0,0.9274948239326477,0.07250525802373886
Lung_Dx-A0188,0,0.5566405653953552,0.4433594048023224
Lung_Dx-A0188,0,0.727540135383606,0.27245986461639404
Lung_Dx-A0188,0,0.9979810118675232,0.0020190137438476086
Lung_Dx-A0188,0,0.960878312587738,0.03912164270877838
Lung_Dx-A0188,0,0.9482983350753784,0.05170163884758949
Lung_Dx-A0188,0,0.976802408695221,0.023197628557682037
Lung_Dx-A0188,0,0.9433997869491577,0.056600261479616165
Lung_Dx-A0188,0,0.7492707371711731,0.2507292628288269
Lung_Dx-A0188,0,0.8120489120483398,0.18795107305049896
Lung_Dx-A0188,0,0.6165896058082581,0.38341042399406433
Lung_Dx-A0188,0,0.8510266542434692,0.14897339046001434
Lung_Dx-A0188,0,0.7905303239822388,0.20946969091892242
Lung_Dx-A0188,0,0.7303860783576965,0.26961398124694824
Lung_Dx-A0188,0,0.8533636927604675,0.14663630723953247
Lung_Dx-A0188,0,0.885433554649353,0.11456651240587234
Lung_Dx-A0188,0,0.9481545686721802,0.05184547230601311
Lung_Dx-A0188,0,0.9542653560638428,0.04573463648557663
Lung_Dx-A0188,0,0.9882221817970276,0.011777843348681927
Lung_Dx-A0188,0,0.930268406867981,0.06973154842853546
Lung_Dx-A0188,0,0.78116375207901,0.21883626282215118
Lung_Dx-A0188,0,0.9579516053199768,0.0420483723282814
Lung_Dx-A0188,0,0.7641004323959351,0.23589959740638733
Lung_Dx-A0188,0,0.807384729385376,0.19261528551578522
Lung_Dx-A0188,0,0.9921537041664124,0.007846239022910595
Lung_Dx-A0188,0,0.7213507294654846,0.2786492109298706
Lung_Dx-A0188,0,0.6756041049957275,0.32439589500427246
Lung_Dx-A0188,0,0.32998523116111755,0.6700147986412048
Lung_Dx-A0188,0,0.9813643097877502,0.01863565482199192
Lung_Dx-A0188,0,0.98973149061203,0.010268432088196278
Lung_Dx-A0188,0,0.9814712405204773,0.01852879673242569
Lung_Dx-A0188,0,0.8946054577827454,0.10539454966783524
Lung_Dx-A0188,0,0.7691669464111328,0.2308330535888672
Lung_Dx-A0188,0,0.3877483010292053,0.6122517585754395
Lung_Dx-A0188,0,0.2574382424354553,0.7425617575645447
Lung_Dx-A0188,0,0.011653467081487179,0.988346517086029
Lung_Dx-A0188,0,0.35521551966667175,0.6447844505310059
Lung_Dx-A0188,0,0.50048828125,0.4995117485523224
Lung_Dx-A0188,0,0.5151016116142273,0.4848983883857727
Lung_Dx-A0188,0,0.3686861991882324,0.6313137412071228
Lung_Dx-A0188,0,0.19993211328983307,0.8000679016113281
Lung_Dx-A0188,0,0.012182376347482204,0.9878177046775818
Lung_Dx-A0188,0,0.00458276504650712,0.9954172372817993
Lung_Dx-A0188,0,0.005139611195772886,0.9948603510856628
Lung_Dx-A0188,0,0.10539454966783524,0.8946054577827454
Lung_Dx-A0188,0,0.07403029501438141,0.9259697198867798
Lung_Dx-A0188,0,0.010489091277122498,0.9895108342170715
Lung_Dx-A0188,0,0.01024860143661499,0.9897513389587402
Lung_Dx-A0188,0,0.0037362207658588886,0.9962638020515442
Lung_Dx-A0188,0,0.01243165135383606,0.9875683188438416
Lung_Dx-A0188,0,0.0028560124337673187,0.9971439242362976
Lung_Dx-A0188,0,0.005819959565997124,0.9941800832748413
Lung_Dx-A0188,0,0.03413260728120804,0.9658674597740173
Lung_Dx-A0188,0,0.10932482779026031,0.8906751871109009
Lung_Dx-A0188,0,0.03228325769305229,0.9677167534828186
Lung_Dx-A0188,0,0.011029469780623913,0.9889705181121826
Lung_Dx-A0188,0,0.06626642495393753,0.9337335228919983
Lung_Dx-A0188,0,0.0535021536052227,0.9464978575706482
Lung_Dx-A0188,0,0.060418423265218735,0.939581573009491
Lung_Dx-A0188,0,0.7104776501655579,0.28952232003211975
Lung_Dx-A0188,0,0.7060637474060059,0.29393622279167175
Lung_Dx-A0188,0,0.17370830476284027,0.8262916803359985
Lung_Dx-A0188,0,0.04001227021217346,0.9599877595901489
Lung_Dx-A0188,0,0.7966881990432739,0.20331178605556488
Lung_Dx-A0188,0,0.2678866982460022,0.732113242149353
Lung_Dx-A0188,0,0.06336633861064911,0.9366336464881897
Lung_Dx-A0188,0,0.8930298686027527,0.10697013884782791
Lung_Dx-A0188,0,0.7655057311058044,0.23449429869651794
Lung_Dx-A0188,0,0.7549601793289185,0.24503983557224274
Lung_Dx-A0188,0,0.9986878037452698,0.0013121626107022166
Lung_Dx-A0188,0,0.9999505281448364,4.94715895911213e-05
Lung_Dx-A0188,0,0.9989098310470581,0.0010901900241151452
Lung_Dx-A0188,0,0.9983124732971191,0.0016875095898285508
Lung_Dx-A0188,0,0.743447482585907,0.256552517414093
Lung_Dx-A0188,0,0.9368072748184204,0.0631926879286766
Lung_Dx-A0188,0,0.999996542930603,3.419757376832422e-06
Lung_Dx-A0188,0,0.9980429410934448,0.001957016997039318
Lung_Dx-A0188,0,0.9991135001182556,0.0008864989504218102
Lung_Dx-A0193,0,0.9676556587219238,0.032344330102205276
Lung_Dx-A0193,0,0.9955748319625854,0.004425152204930782
Lung_Dx-A0193,0,0.9988440275192261,0.0011559006525203586
Lung_Dx-A0193,0,0.9898107051849365,0.010189337655901909
Lung_Dx-A0193,0,0.8376863598823547,0.16231364011764526
Lung_Dx-A0193,0,0.964821994304657,0.03517797589302063
Lung_Dx-A0193,0,0.980299711227417,0.01970025897026062
Lung_Dx-A0193,0,0.9102266430854797,0.0897732824087143
Lung_Dx-A0193,0,0.8632187843322754,0.136781245470047
Lung_Dx-A0193,0,0.909826934337616,0.09017308056354523
Lung_Dx-A0193,0,0.9944126009941101,0.005587386433035135
Lung_Dx-A0193,0,0.9919223785400391,0.00807762611657381
Lung_Dx-A0193,0,0.9948102235794067,0.0051897866651415825
Lung_Dx-A0193,0,0.9590393900871277,0.0409606471657753
Lung_Dx-A0193,0,0.9994460940361023,0.0005538587574847043
Lung_Dx-A0193,0,0.9989033937454224,0.0010965894907712936
Lung_Dx-A0193,0,0.9990637898445129,0.0009362828568555415
Lung_Dx-A0193,0,0.9999786615371704,2.1361343897297047e-05
Lung_Dx-A0193,0,0.9998633861541748,0.00013658354873768985
Lung_Dx-A0193,0,0.9999969005584717,3.089494384767022e-06
Lung_Dx-A0193,0,0.9996465444564819,0.0003535027790348977
Lung_Dx-A0193,0,0.9996147155761719,0.00038521323585882783
Lung_Dx-A0193,0,0.9999867677688599,1.32119585032342e-05
Lung_Dx-A0193,0,0.9999237060546875,7.632232882315293e-05
Lung_Dx-A0193,0,0.9976859092712402,0.0023141265846788883
Lung_Dx-A0193,0,0.9998880624771118,0.00011191529483767226
Lung_Dx-A0193,0,0.995075523853302,0.004924510605633259
Lung_Dx-A0193,0,0.9998390674591064,0.00016093082376755774
Lung_Dx-A0193,0,0.9999469518661499,5.3075080359121785e-05
Lung_Dx-A0193,0,0.9992533326148987,0.0007466114475391805
Lung_Dx-A0193,0,0.9970247149467468,0.0029752333648502827
Lung_Dx-A0193,0,0.9847962856292725,0.015203663147985935
Lung_Dx-A0193,0,0.9992037415504456,0.0007962779491208494
Lung_Dx-A0193,0,0.9998396635055542,0.0001603035198058933
Lung_Dx-A0193,0,0.9999141693115234,8.581068686908111e-05
Lung_Dx-A0193,0,0.9999935626983643,6.388928795786342e-06
Lung_Dx-A0193,0,0.9999357461929321,6.427061452995986e-05
Lung_Dx-A0193,0,0.9999918937683105,8.107959729386494e-06
Lung_Dx-A0193,0,0.9999898672103882,1.016963960864814e-05
Lung_Dx-A0193,0,0.9999990463256836,9.496347388449067e-07
Lung_Dx-A0193,0,0.9999953508377075,4.692542916018283e-06
Lung_Dx-A0193,0,0.999995231628418,4.7850949158601e-06
Lung_Dx-A0193,0,0.9993147850036621,0.0006851713405922055
Lung_Dx-A0193,0,0.999024510383606,0.0009754452621564269
Lung_Dx-A0193,0,0.9983450174331665,0.001654924126341939
Lung_Dx-A0193,0,0.9999138116836548,8.614650869276375e-05
Lung_Dx-A0193,0,0.9999986886978149,1.3602884791907854e-06
Lung_Dx-A0193,0,0.999616265296936,0.00038371203118003905
Lung_Dx-A0193,0,0.9999427795410156,5.7163873862009495e-05
Lung_Dx-A0193,0,0.9999897480010986,1.0209440915787127e-05
Lung_Dx-A0193,0,0.9998948574066162,0.00010513541928958148
Lung_Dx-A0193,0,0.9998785257339478,0.00012148175301263109
Lung_Dx-A0193,0,0.9998655319213867,0.00013446628872770816
Lung_Dx-A0193,0,0.9997022747993469,0.00029769580578431487
Lung_Dx-A0193,0,0.9999983310699463,1.67318273724959e-06
Lung_Dx-A0193,0,0.9999784231185913,2.161314114346169e-05
Lung_Dx-A0193,0,0.9998140931129456,0.00018595057190395892
Lung_Dx-A0193,0,0.9999269247055054,7.311254739761353e-05
Lung_Dx-A0193,0,0.9999985694885254,1.436750721950375e-06
Lung_Dx-A0193,0,0.999919056892395,8.092757343547419e-05
Lung_Dx-A0193,0,0.9999654293060303,3.453725003055297e-05
Lung_Dx-A0193,0,0.9999518394470215,4.813724444829859e-05
Lung_Dx-A0193,0,0.9975939393043518,0.0024060888681560755
Lung_Dx-A0193,0,0.9843664169311523,0.015633562579751015
Lung_Dx-A0193,0,0.9983958601951599,0.0016040891641750932
Lung_Dx-A0193,0,0.9957103729248047,0.004289588890969753
Lung_Dx-A0193,0,0.9997164607048035,0.0002835130726452917
Lung_Dx-A0193,0,0.9960775971412659,0.003922447562217712
Lung_Dx-A0193,0,0.982030987739563,0.01796896755695343
Lung_Dx-A0193,0,0.9999346733093262,6.528265657834709e-05
Lung_Dx-A0193,0,0.9999969005584717,3.1504291655437555e-06
Lung_Dx-A0193,0,0.9999984502792358,1.5414083236464649e-06
Lung_Dx-A0193,0,0.9999873638153076,1.26562872537761e-05
Lung_Dx-A0196,0,0.9882221817970276,0.011777843348681927
Lung_Dx-A0196,0,0.991455614566803,0.00854433048516512
Lung_Dx-A0196,0,0.9985104203224182,0.0014895173953846097
Lung_Dx-A0196,0,0.9998741149902344,0.00012582799536176026
Lung_Dx-A0196,0,0.99826580286026,0.001734208082780242
Lung_Dx-A0196,0,0.9997208714485168,0.00027911883080378175
Lung_Dx-A0196,0,0.9840936064720154,0.01590639166533947
Lung_Dx-A0196,0,0.6214027404785156,0.37859728932380676
Lung_Dx-A0196,0,0.988949179649353,0.011050795204937458
Lung_Dx-A0196,0,0.9986435770988464,0.001356401713564992
Lung_Dx-A0196,0,0.9603239297866821,0.03967602923512459
Lung_Dx-A0196,0,0.966156005859375,0.03384403511881828
Lung_Dx-A0196,0,0.9984752535820007,0.001524786464869976
Lung_Dx-A0196,0,0.9681411385536194,0.03185885772109032
Lung_Dx-A0196,0,0.99988853931427,0.00011147904297104105
Lung_Dx-A0196,0,0.9975032210350037,0.0024968276266008615
Lung_Dx-A0196,0,0.9987305998802185,0.0012693643802776933
Lung_Dx-A0196,0,0.9996652603149414,0.00033469597110524774
Lung_Dx-A0196,0,0.9999877214431763,1.2219074960739817e-05
Lung_Dx-A0196,0,0.999956488609314,4.348858055891469e-05
Lung_Dx-A0196,0,0.9764904975891113,0.023509450256824493
Lung_Dx-A0196,0,0.9999239444732666,7.602479308843613e-05
Lung_Dx-A0196,0,0.9999866485595703,1.3315579053596593e-05
Lung_Dx-A0196,0,0.9981470108032227,0.0018530595116317272
Lung_Dx-A0196,0,0.9973165392875671,0.002683439524844289
Lung_Dx-A0196,0,0.9985162615776062,0.0014837189810350537
Lung_Dx-A0196,0,0.890198826789856,0.10980119556188583
Lung_Dx-A0196,0,0.9999942779541016,5.727003099309513e-06
Lung_Dx-A0196,0,0.9984691739082336,0.001530744950287044
Lung_Dx-A0196,0,0.9959219694137573,0.0040780627168715
Lung_Dx-A0196,0,0.9995121955871582,0.00048785717808641493
Lung_Dx-A0196,0,0.9999792575836182,2.070413756882772e-05
Lung_Dx-A0196,0,0.999779999256134,0.000219953348278068
Lung_Dx-A0196,0,0.9989287257194519,0.001071214210242033
Lung_Dx-A0196,0,0.9999983310699463,1.6929056982917245e-06
Lung_Dx-A0196,0,0.9999964237213135,3.542121021382627e-06
Lung_Dx-A0196,0,0.9999387264251709,6.132764247013256e-05
Lung_Dx-A0196,0,0.9962126016616821,0.003787457710132003
Lung_Dx-A0196,0,0.9964619278907776,0.0035380860790610313
Lung_Dx-A0196,0,0.9998915195465088,0.00010847241355804726
Lung_Dx-A0196,0,0.9954791069030762,0.004520817194133997
Lung_Dx-A0196,0,0.9983579516410828,0.0016420668689534068
Lung_Dx-A0196,0,0.995372474193573,0.004627529997378588
Lung_Dx-A0196,0,0.9649543762207031,0.03504563868045807
Lung_Dx-A0196,0,0.999514102935791,0.0004859561158809811
Lung_Dx-A0196,0,0.9994673132896423,0.0005326520767994225
Lung_Dx-A0196,0,0.9767802357673645,0.023219766095280647
Lung_Dx-A0196,0,0.9644221067428589,0.035577889531850815
Lung_Dx-A0196,0,0.9812029004096985,0.018797073513269424
Lung_Dx-A0196,0,0.8752015233039856,0.124798484146595
Lung_Dx-A0197,0,0.9999825954437256,1.7366719475830905e-05
Lung_Dx-A0197,0,0.999913215637207,8.682211046107113e-05
Lung_Dx-A0197,0,0.9995469450950623,0.0004529757716227323
Lung_Dx-A0197,0,0.9999538660049438,4.611274562194012e-05
Lung_Dx-A0197,0,0.9999960660934448,3.966986241721315e-06
Lung_Dx-A0197,0,0.9999954700469971,4.477656148083042e-06
Lung_Dx-A0197,0,0.999977707862854,2.2299200281850062e-05
Lung_Dx-A0197,0,0.9999861717224121,1.3846004549122881e-05
Lung_Dx-A0197,0,0.9997351765632629,0.0002647848450578749
Lung_Dx-A0197,0,0.9913390278816223,0.008660931140184402
Lung_Dx-A0197,0,0.9969245791435242,0.00307536986656487
Lung_Dx-A0197,0,0.9860174059867859,0.013982612639665604
Lung_Dx-A0197,0,0.9934101700782776,0.006589771248400211
Lung_Dx-A0197,0,0.9994557499885559,0.0005442132242023945
Lung_Dx-A0197,0,0.9990130662918091,0.0009869320783764124
Lung_Dx-A0197,0,0.9999209642410278,7.905303937150165e-05
Lung_Dx-A0197,0,0.9999867677688599,1.32636678245035e-05
Lung_Dx-A0197,0,0.9998794794082642,0.00012053648970322683
Lung_Dx-A0197,0,0.9999862909317017,1.373825580230914e-05
Lung_Dx-A0197,0,0.9999836683273315,1.6378393411287107e-05
Lung_Dx-A0197,0,0.9998804330825806,0.00011959858238697052
Lung_Dx-A0197,0,0.9999364614486694,6.352188938762993e-05
Lung_Dx-A0197,0,0.9999454021453857,5.4546289902646095e-05
Lung_Dx-A0197,0,0.9999467134475708,5.328280167304911e-05
Lung_Dx-A0197,0,0.9999743700027466,2.5666136934887618e-05
Lung_Dx-A0197,0,0.9999892711639404,1.0741272490122356e-05
Lung_Dx-A0197,0,0.9999889135360718,1.1125607670692261e-05
Lung_Dx-A0197,0,0.9999725818634033,2.7428344765212387e-05
Lung_Dx-A0197,0,0.9999971389770508,2.8461761303333333e-06
Lung_Dx-A0197,0,0.9999963045120239,3.640311888375436e-06
Lung_Dx-A0197,0,0.9999977350234985,2.2603242086915998e-06
Lung_Dx-A0197,0,0.9999967813491821,3.225139153073542e-06
Lung_Dx-A0197,0,0.9999961853027344,3.815013769781217e-06
Lung_Dx-A0197,0,0.9999954700469971,4.565970357361948e-06
Lung_Dx-A0197,0,0.9999970197677612,2.982766773129697e-06
Lung_Dx-A0197,0,0.9999833106994629,1.6701422282494605e-05
Lung_Dx-A0197,0,0.9999922513961792,7.766951966914348e-06
Lung_Dx-A0197,0,0.9999858140945435,1.4174347597872838e-05
Lung_Dx-A0197,0,0.9999890327453613,1.0953122909995727e-05
Lung_Dx-A0197,0,0.9999988079071045,1.1680704119498841e-06
Lung_Dx-A0197,0,0.9999980926513672,1.9258211523265345e-06
Lung_Dx-A0197,0,0.9999990463256836,9.533515026305395e-07
Lung_Dx-A0197,0,0.999996542930603,3.5008547456527594e-06
Lung_Dx-A0197,0,0.9999866485595703,1.3367695828492288e-05
Lung_Dx-A0197,0,0.9999619722366333,3.8080081139924005e-05
Lung_Dx-A0197,0,0.9999778270721436,2.2212265321286395e-05
Lung_Dx-A0197,0,0.9999935626983643,6.413933988369536e-06
Lung_Dx-A0197,0,0.9999884366989136,1.1523693501658272e-05
Lung_Dx-A0197,0,0.9999977350234985,2.207963916589506e-06
Lung_Dx-A0197,0,0.9999997615814209,2.8736855028910213e-07
Lung_Dx-A0197,0,0.999998927116394,1.0389032922830665e-06
Lung_Dx-A0239,0,0.9977083206176758,0.0022916889283806086
Lung_Dx-A0239,0,0.9910838603973389,0.008916126564145088
Lung_Dx-A0239,0,0.9851861596107483,0.014813887886703014
Lung_Dx-A0239,0,0.9858275651931763,0.014172364957630634
Lung_Dx-A0239,0,0.9867772459983826,0.013222822919487953
Lung_Dx-A0239,0,0.9986904263496399,0.0013096057809889317
Lung_Dx-A0239,0,0.9937587976455688,0.006241259630769491
Lung_Dx-A0239,0,0.9559402465820312,0.044059764593839645
Lung_Dx-A0239,0,0.990044355392456,0.009955651126801968
Lung_Dx-A0239,0,0.8801289796829224,0.11987099796533585
Lung_Dx-A0239,0,0.994213879108429,0.005786154884845018
Lung_Dx-A0239,0,0.9848692417144775,0.015130728483200073
Lung_Dx-A0239,0,0.9924813508987427,0.007518718484789133
Lung_Dx-A0239,0,0.9971717000007629,0.002828336087986827
Lung_Dx-A0239,0,0.9547319412231445,0.045268092304468155
Lung_Dx-A0239,0,0.99703049659729,0.0029694451950490475
Lung_Dx-A0239,0,0.9963215589523315,0.003678509034216404
Lung_Dx-A0239,0,0.999189555644989,0.000810387369710952
Lung_Dx-A0247,0,0.9995618462562561,0.00043818907579407096
Lung_Dx-A0247,0,0.9990091323852539,0.0009907908970490098
Lung_Dx-A0247,0,0.9976904392242432,0.0023096217773854733
Lung_Dx-A0247,0,0.9995711445808411,0.0004288792551960796
Lung_Dx-A0247,0,0.21700549125671387,0.7829945087432861
Lung_Dx-A0247,0,0.04958902671933174,0.9504110217094421
Lung_Dx-A0247,0,0.9964550733566284,0.0035449787974357605
Lung_Dx-A0247,0,0.9942250847816467,0.005774930119514465
Lung_Dx-A0247,0,0.9298236966133118,0.07017629593610764
Lung_Dx-A0247,0,0.6305996179580688,0.36940035223960876
Lung_Dx-A0247,0,0.6872103214263916,0.3127896785736084
Lung_Dx-A0247,0,0.4248817265033722,0.5751182436943054
Lung_Dx-A0247,0,0.21725445985794067,0.7827455401420593
Lung_Dx-A0247,0,0.9391923546791077,0.06080764904618263
Lung_Dx-A0247,0,0.20995523035526276,0.7900447249412537
Lung_Dx-A0247,0,0.021801987662911415,0.9781979322433472
Lung_Dx-A0247,0,0.08969352394342422,0.910306453704834
Lung_Dx-A0247,0,0.8817676901817322,0.11823229491710663
Lung_Dx-A0247,0,0.9997478127479553,0.00025216961512342095
Lung_Dx-A0247,0,0.9994725584983826,0.0005274784634821117
Lung_Dx-A0247,0,0.9648882150650024,0.035111747682094574
Lung_Dx-A0247,0,0.028194217011332512,0.9718057513237
Lung_Dx-A0247,0,0.9236612319946289,0.07633879780769348
Lung_Dx-A0247,0,0.3515614867210388,0.6484385132789612
Lung_Dx-A0247,0,0.018743114545941353,0.9812568426132202
Lung_Dx-A0247,0,0.9832627773284912,0.016737207770347595
Lung_Dx-A0247,0,0.9817706942558289,0.01822929084300995
Lung_Dx-A0247,0,0.018440209329128265,0.9815597534179688
Lung_Dx-A0247,0,0.13793841004371643,0.862061619758606
Lung_Dx-A0247,0,0.5742903351783752,0.42570966482162476
Lung_Dx-A0247,0,0.9858275651931763,0.014172364957630634
Lung_Dx-A0247,0,0.9028668403625488,0.09713316708803177
Lung_Dx-A0247,0,0.015543648041784763,0.9844563603401184
Lung_Dx-A0247,0,0.006109410431236029,0.993890643119812
Lung_Dx-A0247,0,0.00029023445677012205,0.9997097849845886
Lung_Dx-A0247,0,0.00022782183077652007,0.9997721314430237
Lung_Dx-A0247,0,0.00026582094142213464,0.9997342228889465
Lung_Dx-A0247,0,0.0002561397268436849,0.9997438788414001
Lung_Dx-A0247,0,0.0031480705365538597,0.9968519806861877
Lung_Dx-A0247,0,0.0006349506438709795,0.9993650317192078
Lung_Dx-A0247,0,3.206682958989404e-05,0.9999679327011108
Lung_Dx-A0247,0,0.000697313342243433,0.9993026256561279
Lung_Dx-A0247,0,0.00025865272618830204,0.9997413754463196
Lung_Dx-A0247,0,0.23235367238521576,0.767646312713623
Lung_Dx-A0247,0,7.368592923739925e-05,0.9999263286590576
Lung_Dx-A0247,0,0.0003340431721881032,0.9996659755706787
Lung_Dx-A0247,0,0.004494525026530027,0.9955054521560669
Lung_Dx-A0247,0,2.829898767231498e-05,0.9999717473983765
Lung_Dx-A0252,0,0.9988642930984497,0.0011357826879248023
Lung_Dx-A0252,0,0.9968457818031311,0.003154205624014139
Lung_Dx-A0252,0,0.9996373653411865,0.00036259007174521685
Lung_Dx-A0252,0,0.9971103668212891,0.002889581024646759
Lung_Dx-A0252,0,0.9966756105422974,0.003324436955153942
Lung_Dx-A0252,0,0.9999371767044067,6.278188084252179e-05
Lung_Dx-A0252,0,0.9935494065284729,0.006450607907027006
Lung_Dx-A0252,0,0.9999442100524902,5.583975143963471e-05
Lung_Dx-A0252,0,0.9999985694885254,1.414475946148741e-06
Lung_Dx-A0252,0,0.9970765113830566,0.0029235430993139744
Lung_Dx-A0252,0,0.9999114274978638,8.853436156641692e-05
Lung_Dx-A0252,0,0.9994956254959106,0.0005043190903961658
Lung_Dx-A0252,0,0.9996323585510254,0.0003675795451272279
Lung_Dx-A0262,0,0.8976055979728699,0.10239443182945251
Lung_Dx-A0262,0,0.9375547766685486,0.06244529038667679
Lung_Dx-A0262,0,0.8861251473426819,0.1138748973608017
Lung_Dx-A0262,0,0.9403530955314636,0.05964694544672966
Lung_Dx-A0262,0,0.22996723651885986,0.7700327038764954
Lung_Dx-A0262,0,0.11691516637802124,0.8830848336219788
Lung_Dx-A0262,0,0.5353413224220276,0.46465864777565
Lung_Dx-A0262,0,0.3977775573730469,0.6022224426269531
Lung_Dx-A0262,0,0.8853343725204468,0.11466560512781143
Lung_Dx-A0262,0,0.9374975562095642,0.06250248849391937
Lung_Dx-A0262,0,0.8713654279708862,0.12863455712795258
Lung_Dx-A0262,0,0.8111529350280762,0.18884700536727905
Lung_Dx-A0262,0,0.8598403930664062,0.14015962183475494
Lung_Dx-A0262,0,0.5975161194801331,0.40248385071754456
Lung_Dx-A0262,0,0.20561504364013672,0.7943849563598633
Lung_Dx-A0262,0,0.34048518538475037,0.659514844417572
Lung_Dx-A0262,0,0.6252664923667908,0.37473347783088684
Lung_Dx-A0262,0,0.8775293231010437,0.12247073650360107
Lung_Dx-A0262,0,0.014686159789562225,0.9853138327598572
Lung_Dx-A0262,0,0.9990507960319519,0.0009491591481491923
Lung_Dx-A0262,0,0.0009271923918277025,0.999072790145874
Lung_Dx-A0262,0,0.9979169964790344,0.002082970691844821
Lung_Dx-A0262,0,0.005089918151497841,0.9949100613594055
Lung_Dx-A0262,0,0.9993448853492737,0.0006550929392687976
Lung_Dx-A0262,0,0.0029694451950490475,0.99703049659729
Lung_Dx-A0262,0,0.9993845224380493,0.0006154272705316544
Lung_Dx-A0262,0,5.967351535218768e-05,0.9999402761459351
Lung_Dx-A0262,0,0.9998292922973633,0.00017064041458070278
Lung_Dx-A0262,0,0.0008830458973534405,0.9991169571876526
Lung_Dx-A0262,0,0.9998494386672974,0.00015059269207995385
Lung_Dx-A0262,0,0.0914226546883583,0.9085773825645447
Lung_Dx-A0262,0,0.999882698059082,0.0001172855991171673
Lung_Dx-A0262,0,0.46753308176994324,0.5324669480323792
Lung_Dx-A0262,0,0.9997407793998718,0.00025915823061950505
Lung_Dx-A0262,0,0.01828179508447647,0.9817181825637817
Lung_Dx-A0262,0,0.9960622191429138,0.003937738481909037
Lung_Dx-A0262,0,0.005099818110466003,0.9949001669883728
Lung_Dx-A0262,0,0.8329172730445862,0.16708271205425262
Lung_Dx-A0262,0,0.8035594820976257,0.19644053280353546
Lung_Dx-A0262,0,0.904902994632721,0.09509705752134323
Lung_Dx-A0262,0,0.9997498393058777,0.000250207755016163
Lung_Dx-A0262,0,0.9986169338226318,0.001383117400109768
Lung_Dx-A0262,0,0.9995354413986206,0.0004646190209314227
Lung_Dx-A0262,0,0.9980543851852417,0.00194560585077852
Lung_Dx-A0262,0,0.9991623163223267,0.0008377236081287265
Lung_Dx-A0262,0,0.9998074173927307,0.00019260287808720022
Lung_Dx-A0262,0,0.9983865022659302,0.00161350064445287
Lung_Dx-A0262,0,0.9999786615371704,2.1361343897297047e-05
Lung_Dx-A0262,0,0.9997170567512512,0.0002829600707627833
Lung_Dx-A0262,0,0.9996330738067627,0.00036686257226392627
Lung_Dx-A0262,0,0.9998517036437988,0.0001482583029428497
Lung_Dx-A0262,0,0.9997555613517761,0.00024441309506073594
Lung_Dx-A0262,0,0.9968457818031311,0.003154205624014139
Lung_Dx-A0262,0,0.9997593760490417,0.0002406247513135895
Lung_Dx-A0262,0,0.999922513961792,7.752413512207568e-05
Lung_Dx-A0262,0,0.9999134540557861,8.648363291285932e-05
Lung_Dx-A0262,0,0.9999781847000122,2.1782650946988724e-05
Lung_Dx-A0262,0,0.9771973490715027,0.02280263602733612
Lung_Dx-A0262,0,0.9898988604545593,0.010101075284183025
Lung_Dx-A0262,0,0.9977038502693176,0.0022961588110774755
Lung_Dx-A0262,0,0.5111980438232422,0.48880189657211304
Lung_Dx-A0262,0,0.12362989783287048,0.8763701319694519
Lung_Dx-A0262,0,0.024191485717892647,0.9758085012435913
Lung_Dx-A0262,0,0.47038689255714417,0.5296131372451782
Lung_Dx-A0265,0,0.07906799018383026,0.9209320545196533
Lung_Dx-A0265,0,0.32215267419815063,0.6778473258018494
Lung_Dx-A0265,0,0.40308213233947754,0.5969178080558777
Lung_Dx-A0265,0,0.023043233901262283,0.9769567847251892
Lung_Dx-A0265,0,0.879612922668457,0.12038709968328476
Lung_Dx-A0265,0,0.32364723086357117,0.6763527393341064
Lung_Dx-A0265,0,0.020177319645881653,0.9798226952552795
Lung_Dx-A0265,0,0.04624880477786064,0.9537512063980103
Lung_Dx-A0265,0,0.010388216935098171,0.9896118640899658
Lung_Dx-A0265,0,0.011892050504684448,0.9881079792976379
Lung_Dx-A0265,0,0.046291906386613846,0.9537081718444824
Lung_Dx-A0265,0,0.01342825498431921,0.9865716695785522
Lung_Dx-A0265,0,0.01245565339922905,0.9875444173812866
Lung_Dx-A0265,0,0.02209547907114029,0.9779045581817627
Lung_Dx-A0265,0,0.0833665132522583,0.9166334867477417
Lung_Dx-A0265,0,0.05639204382896423,0.9436079859733582
Lung_Dx-A0265,0,0.7348812818527222,0.26511871814727783
Lung_Dx-A0265,0,0.5813921689987183,0.41860777139663696
Lung_Dx-A0265,0,0.19102567434310913,0.8089743256568909
Lung_Dx-A0265,0,0.9957020878791809,0.004297938663512468
Lung_Dx-A0265,0,0.9818405508995056,0.01815951243042946
Lung_Dx-A0265,0,0.9950177073478699,0.004982269834727049
Lung_Dx-A0265,0,0.8859278559684753,0.11407211422920227
Lung_Dx-A0265,0,0.8507168292999268,0.14928317070007324
Lung_Dx-A0265,0,0.9435039758682251,0.05649606138467789
Lung_Dx-A0265,0,0.908048689365387,0.09195128828287125
Lung_Dx-A0265,0,0.9865975975990295,0.013402405194938183
Lung_Dx-A0265,0,0.928083598613739,0.07191642373800278
Lung_Dx-A0265,0,0.9406808614730835,0.0593191459774971
Lung_Dx-A0265,0,0.9908389449119568,0.0091610262170434
Lung_Dx-A0265,0,0.8843892216682434,0.11561079323291779
Lung_Dx-A0265,0,0.47948843240737915,0.5205115675926208
Lung_Dx-A0265,0,0.005374487489461899,0.9946255087852478
Lung_Dx-A0265,0,0.04065484553575516,0.9593451619148254
Lung_Dx-A0265,0,0.00010804955672938377,0.999891996383667
Lung_Dx-G0043,1,0.9999637603759766,3.619466951931827e-05
Lung_Dx-G0043,1,0.9998629093170166,0.00013711804058402777
Lung_Dx-G0043,1,0.9997774958610535,0.0002225455391453579
Lung_Dx-G0043,1,0.9998482465744019,0.00015177360910456628
Lung_Dx-G0043,1,0.9998326301574707,0.00016734049131628126
Lung_Dx-G0043,1,0.9999475479125977,5.245676948106848e-05
Lung_Dx-G0043,1,0.9998910427093506,0.00010889690747717395
Lung_Dx-G0043,1,0.9997685551643372,0.0002314086741534993
Lung_Dx-G0043,1,0.9989098310470581,0.0010901900241151452
Lung_Dx-G0043,1,0.999922513961792,7.752413512207568e-05
Lung_Dx-G0043,1,0.9998675584793091,0.00013238185783848166
Lung_Dx-G0043,1,0.9999310970306396,6.895198748679832e-05
Lung_Dx-G0043,1,0.9999107122421265,8.922867709770799e-05
Lung_Dx-G0043,1,0.9998345375061035,0.00016539123316761106
Lung_Dx-G0043,1,0.9999589920043945,4.101373997400515e-05
Lung_Dx-G0043,1,0.9998992681503296,0.00010071400174638256
Lung_Dx-G0043,1,0.9998931884765625,0.00010679088154574856
Lung_Dx-G0043,1,0.9997654557228088,0.00023459347721654922
Lung_Dx-G0043,1,0.9997108578681946,0.0002891032490879297
Lung_Dx-G0043,1,0.9997097849845886,0.00029023445677012205
Lung_Dx-G0043,1,0.9999269247055054,7.311254739761353e-05
Lung_Dx-G0043,1,0.9998928308486938,0.00010720881255110726
Lung_Dx-G0043,1,0.9996587038040161,0.000341295002726838
Lung_Dx-G0043,1,0.9997612833976746,0.0002387526328675449
Lung_Dx-G0043,1,0.9995668530464172,0.00043308615568093956
Lung_Dx-G0043,1,0.998848557472229,0.001151399570517242
Lung_Dx-G0043,1,0.9974787831306458,0.002521268557757139
Lung_Dx-G0043,1,0.9898892045021057,0.010110844857990742
Lung_Dx-G0043,1,0.9932680726051331,0.006731917150318623
Lung_Dx-G0043,1,0.9962782263755798,0.003721708431839943
Lung_Dx-G0043,1,0.9979531764984131,0.002046750159934163
Lung_Dx-G0043,1,0.9985505938529968,0.0014493984635919333
Lung_Dx-G0043,1,0.9987356066703796,0.0012644219677895308
Lung_Dx-G0043,1,0.99891197681427,0.00108806521166116
Lung_Dx-G0043,1,0.9984269142150879,0.0015731120947748423
Lung_Dx-G0043,1,0.9973836541175842,0.002616339363157749
Lung_Dx-G0043,1,0.9995575547218323,0.00044248730409890413
Lung_Dx-G0043,1,0.9998464584350586,0.00015356240328401327
Lung_Dx-G0043,1,0.9999496936798096,5.025061182095669e-05
Lung_Dx-G0043,1,0.9999257326126099,7.426381489494815e-05
Lung_Dx-G0043,1,0.9999878406524658,1.2171438356745057e-05
Lung_Dx-G0046,1,0.30396419763565063,0.6960358023643494
Lung_Dx-G0046,1,0.06342433393001556,0.936575710773468
Lung_Dx-G0046,1,0.005281334277242422,0.9947186708450317
Lung_Dx-G0046,1,0.05005130544304848,0.9499486684799194
Lung_Dx-G0046,1,0.010209054686129093,0.9897909760475159
Lung_Dx-G0046,1,0.003337404690682888,0.9966625571250916
Lung_Dx-G0046,1,0.004062228836119175,0.9959378242492676
Lung_Dx-G0046,1,2.070413756882772e-05,0.9999792575836182
Lung_Dx-G0046,1,6.502816540887579e-05,0.9999349117279053
Lung_Dx-G0046,1,0.003968500066548586,0.9960314631462097
Lung_Dx-G0046,1,0.35222965478897095,0.647770345211029
Lung_Dx-G0046,1,0.7214489579200745,0.2785510718822479
Lung_Dx-G0046,1,0.03514484688639641,0.9648551344871521
Lung_Dx-G0046,1,0.18097352981567383,0.8190264105796814
Lung_Dx-G0046,1,0.044472914189100266,0.955527126789093
Lung_Dx-G0046,1,0.04890318214893341,0.951096773147583
Lung_Dx-G0046,1,0.0014048678567633033,0.9985951781272888
Lung_Dx-G0046,1,0.0026991665363311768,0.9973008036613464
Lung_Dx-G0046,1,0.00012681477528531104,0.999873161315918
Lung_Dx-G0046,1,0.987829327583313,0.01217062957584858
Lung_Dx-G0046,1,0.499603271484375,0.500396728515625
Lung_Dx-G0046,1,0.10539454966783524,0.8946054577827454
Lung_Dx-G0046,1,0.8925157189369202,0.10748431831598282
Lung_Dx-G0046,1,0.5923423767089844,0.40765759348869324
Lung_Dx-G0046,1,0.8719117641448975,0.12808823585510254
Lung_Dx-G0046,1,0.9975321292877197,0.002467810409143567
Lung_Dx-G0046,1,0.9326989054679871,0.06730107963085175
Lung_Dx-G0046,1,0.41726407408714294,0.5827358961105347
Lung_Dx-G0046,1,0.0015099908923730254,0.9984899759292603
Lung_Dx-G0046,1,0.0064882696606218815,0.9935117363929749
Lung_Dx-G0046,1,0.039048291742801666,0.9609517455101013
Lung_Dx-G0046,1,5.073846295999829e-06,0.9999948740005493
Lung_Dx-G0046,1,0.0035380860790610313,0.9964619278907776
Lung_Dx-G0046,1,0.007891984656453133,0.9921080470085144
Lung_Dx-G0046,1,0.029844803735613823,0.9701551795005798
Lung_Dx-G0046,1,0.16267912089824677,0.837320864200592
Lung_Dx-G0046,1,4.339894530858146e-06,0.9999957084655762
Lung_Dx-G0046,1,0.00015356240328401327,0.9998464584350586
Lung_Dx-G0046,1,5.073846295999829e-06,0.9999948740005493
Lung_Dx-G0046,1,0.018779069185256958,0.9812209606170654
Lung_Dx-G0046,1,0.09113914519548416,0.9088609218597412
Lung_Dx-G0046,1,0.004223365802317858,0.9957767128944397
Lung_Dx-G0046,1,0.00016799535660538822,0.999832034111023
Lung_Dx-G0046,1,0.0002679052122402936,0.9997320771217346
Lung_Dx-G0046,1,0.0003012038941960782,0.9996988773345947
Lung_Dx-G0046,1,0.001429745345376432,0.9985702037811279
Lung_Dx-G0046,1,0.003664220217615366,0.9963357448577881
Lung_Dx-G0046,1,0.4304615557193756,0.569538414478302
Lung_Dx-G0046,1,0.2904271185398102,0.7095728516578674
Lung_Dx-G0046,1,0.010348135605454445,0.9896518588066101
Lung_Dx-G0046,1,0.1198195070028305,0.8801805377006531
Lung_Dx-G0046,1,0.2109287977218628,0.7890712022781372
Lung_Dx-G0046,1,0.0009454623213969171,0.999054491519928
Lung_Dx-G0046,1,0.00012780926772393286,0.9998722076416016
Lung_Dx-G0046,1,0.000347345310728997,0.999652624130249
Lung_Dx-G0046,1,0.0017140384297817945,0.9982859492301941
Lung_Dx-G0046,1,0.0007408056408166885,0.9992591738700867
Lung_Dx-G0046,1,0.0018969200318679214,0.9981030225753784
Lung_Dx-G0046,1,0.00011279297177679837,0.999887228012085
Lung_Dx-G0046,1,0.0017173837404698133,0.9982826709747314
Lung_Dx-G0046,1,0.0010464256629347801,0.9989535808563232
Lung_Dx-G0046,1,0.00043308615568093956,0.9995668530464172
Lung_Dx-G0046,1,0.17567944526672363,0.8243205547332764
Lung_Dx-G0046,1,0.015380123630166054,0.9846199154853821
Lung_Dx-G0046,1,3.282725083408877e-05,0.9999672174453735
Lung_Dx-G0046,1,0.003409635741263628,0.9965903759002686
Lung_Dx-G0046,1,0.00016734049131628126,0.9998326301574707
Lung_Dx-G0046,1,0.03302355483174324,0.9669764637947083
Lung_Dx-G0046,1,0.0020190137438476086,0.9979810118675232
Lung_Dx-G0046,1,0.0008056566584855318,0.999194324016571
Lung_Dx-G0050,1,0.9999632835388184,3.6764631659025326e-05
Lung_Dx-G0050,1,0.9910838603973389,0.008916126564145088
Lung_Dx-G0050,1,0.9965233206748962,0.003476650919765234
Lung_Dx-G0050,1,0.9726754426956177,0.027324529364705086
Lung_Dx-G0050,1,0.9955229759216309,0.0044770813547074795
Lung_Dx-G0050,1,0.9997147917747498,0.00028517868486233056
Lung_Dx-G0050,1,0.9805434346199036,0.01945657655596733
Lung_Dx-G0050,1,0.9992648959159851,0.0007350447704084218
Lung_Dx-G0050,1,0.999990701675415,9.295809832110535e-06
Lung_Dx-G0050,1,0.995345413684845,0.004654597491025925
Lung_Dx-G0050,1,0.9995566010475159,0.0004433519789017737
Lung_Dx-G0050,1,0.9998058676719666,0.00019411317771300673
Lung_Dx-G0050,1,0.9786719083786011,0.02132808044552803
Lung_Dx-G0050,1,0.9871044158935547,0.012895587831735611
Lung_Dx-G0050,1,0.9492005109786987,0.05079945921897888
Lung_Dx-G0050,1,0.06560482829809189,0.9343951344490051
Lung_Dx-G0050,1,0.05834583565592766,0.9416541457176208
Lung_Dx-G0050,1,0.373557984828949,0.626442015171051
Lung_Dx-G0050,1,0.014378489926457405,0.9856215119361877
Lung_Dx-G0050,1,0.3425612151622772,0.6574387550354004
Lung_Dx-G0050,1,0.9706043004989624,0.029395703226327896
Lung_Dx-G0050,1,0.918333888053894,0.08166611194610596
Lung_Dx-G0050,1,0.012276750057935715,0.9877232313156128
Lung_Dx-G0050,1,0.0073600816540420055,0.9926398992538452
Lung_Dx-G0050,1,0.06491975486278534,0.9350802898406982
Lung_Dx-G0050,1,0.007984270341694355,0.9920157194137573
Lung_Dx-G0050,1,0.002387409331277013,0.9976125955581665
Lung_Dx-G0050,1,0.7675592303276062,0.2324407994747162
Lung_Dx-G0050,1,0.0221377182751894,0.9778622388839722
Lung_Dx-G0050,1,0.030071841552853584,0.9699281454086304
Lung_Dx-G0055,1,0.9880388379096985,0.01196109876036644
Lung_Dx-G0055,1,0.999971866607666,2.818866414600052e-05
Lung_Dx-G0055,1,0.9871788024902344,0.012821214273571968
Lung_Dx-G0055,1,0.9899476170539856,0.01005236804485321
Lung_Dx-G0055,1,0.9998534917831421,0.00014653129619546235
Lung_Dx-G0055,1,0.9971160888671875,0.0028839593287557364
Lung_Dx-G0055,1,0.9996781349182129,0.00032187814940698445
Lung_Dx-G0055,1,0.9999315738677979,6.841542926849797e-05
Lung_Dx-G0055,1,0.9999141693115234,8.581068686908111e-05
Lung_Dx-G0055,1,0.9999819993972778,1.7988115359912626e-05
Lung_Dx-G0055,1,0.9996498823165894,0.0003500686143524945
Lung_Dx-G0055,1,0.9999046325683594,9.535461140330881e-05
Lung_Dx-G0055,1,0.9997187256813049,0.00028130740975029767
Lung_Dx-G0055,1,0.9995299577713013,0.0004700932477135211
Lung_Dx-G0055,1,0.9992806315422058,0.0007194326026365161
Lung_Dx-G0055,1,0.9966298937797546,0.0033700461499392986
Lung_Dx-G0055,1,0.9944987893104553,0.005501238163560629
Lung_Dx-G0055,1,0.9932680726051331,0.006731917150318623
Lung_Dx-G0055,1,0.7829945087432861,0.21700549125671387
Lung_Dx-G0055,1,0.9985505938529968,0.0014493984635919333
Lung_Dx-G0055,1,0.997065007686615,0.0029349515680223703
Lung_Dx-G0055,1,0.9987106323242188,0.0012893282109871507
Lung_Dx-G0055,1,0.9909272193908691,0.009072806686162949
Lung_Dx-G0055,1,0.970520555973053,0.029479406774044037
Lung_Dx-G0055,1,0.969613254070282,0.030386749655008316
Lung_Dx-G0055,1,0.9560223817825317,0.04397757351398468
Lung_Dx-G0055,1,0.8116014003753662,0.18839864432811737
Lung_Dx-G0055,1,0.9814355969429016,0.018564347177743912
Lung_Dx-G0055,1,0.9849852323532104,0.01501474715769291
Lung_Dx-G0055,1,0.9845753908157349,0.01542455144226551
Lung_Dx-G0055,1,0.9992606043815613,0.000739361101295799
Lung_Dx-G0055,1,0.9999030828475952,9.68560780165717e-05
Lung_Dx-G0055,1,0.9997546076774597,0.0002453695051372051
Lung_Dx-G0055,1,0.9995307922363281,0.00046917638974264264
Lung_Dx-G0055,1,0.9992006421089172,0.0007993920589797199
Lung_Dx-G0055,1,0.9975798726081848,0.002420194214209914
Lung_Dx-G0055,1,0.9995131492614746,0.0004869057156611234
Lung_Dx-G0055,1,0.999640941619873,0.0003590676642488688
Lung_Dx-G0055,1,0.9998118281364441,0.0001881420612335205
Lung_Dx-G0055,1,0.9999666213989258,3.334418579470366e-05
Lung_Dx-G0055,1,0.9999727010726929,2.732141365413554e-05
Lung_Dx-G0055,1,0.9998893737792969,0.00011061159602832049
Lung_Dx-G0055,1,0.9999439716339111,5.6058292102534324e-05
Lung_Dx-G0055,1,0.9996095299720764,0.0003905139456037432
Lung_Dx-G0055,1,0.9967711567878723,0.0032287640497088432
Lung_Dx-A0167,0,0.9903102517127991,0.00968971662223339
Lung_Dx-A0167,0,0.13011953234672546,0.8698804974555969
Lung_Dx-A0167,0,0.928732693195343,0.07126733660697937
Lung_Dx-A0167,0,0.9998601675033569,0.0001398220774717629
Lung_Dx-A0167,0,0.9976993203163147,0.0023006375413388014
Lung_Dx-A0167,0,0.9998365640640259,0.00016346470511052758
Lung_Dx-A0167,0,0.9961079955101013,0.003892041277140379
Lung_Dx-A0167,0,0.9910492897033691,0.008950711227953434
Lung_Dx-A0167,0,0.9754135012626648,0.024586500599980354
Lung_Dx-A0167,0,0.9949100613594055,0.005089918151497841
Lung_Dx-A0167,0,0.9917961359024048,0.008203785866498947
Lung_Dx-A0167,0,0.9828232526779175,0.017176710069179535
Lung_Dx-A0167,0,0.9763556718826294,0.0236443430185318
Lung_Dx-A0167,0,0.9677167534828186,0.03228325769305229
Lung_Dx-A0167,0,0.9939613342285156,0.0060386634431779385
Lung_Dx-A0167,0,0.9815420508384705,0.018457891419529915
Lung_Dx-A0167,0,0.9939963817596436,0.006003595422953367
Lung_Dx-A0167,0,0.9971439242362976,0.0028560124337673187
Lung_Dx-A0167,0,0.9961305856704712,0.0038693908136337996
Lung_Dx-A0167,0,0.9599501490592957,0.04004979506134987
Lung_Dx-A0167,0,0.9867004752159119,0.013299493119120598
Lung_Dx-A0167,0,0.9974884986877441,0.0025114635936915874
Lung_Dx-A0167,0,0.9930558800697327,0.006944127380847931
Lung_Dx-A0167,0,0.9925249218940735,0.007475120481103659
Lung_Dx-A0167,0,0.9994557499885559,0.0005442132242023945
Lung_Dx-A0167,0,0.996656060218811,0.0033439078833907843
Lung_Dx-A0167,0,0.9980044960975647,0.001995538827031851
Lung_Dx-A0167,0,0.9960622191429138,0.003937738481909037
Lung_Dx-A0167,0,0.997036337852478,0.0029636684339493513
Lung_Dx-A0167,0,0.9972955584526062,0.002704429440200329
Lung_Dx-A0167,0,0.9903290271759033,0.009670993313193321
Lung_Dx-A0167,0,0.9947799444198608,0.005220125894993544
Lung_Dx-A0167,0,0.980299711227417,0.01970025897026062
Lung_Dx-A0167,0,0.9621431827545166,0.03785684332251549
Lung_Dx-A0167,0,0.852874219417572,0.14712578058242798
Lung_Dx-A0167,0,0.6640231013298035,0.3359769284725189
Lung_Dx-A0167,0,0.5227199196815491,0.47728005051612854
Lung_Dx-A0167,0,0.8700461983680725,0.12995383143424988
Lung_Dx-A0167,0,0.25991955399513245,0.7400804758071899
Lung_Dx-A0167,0,0.7147276401519775,0.28527238965034485
Lung_Dx-A0167,0,0.24617071449756622,0.753829300403595
Lung_Dx-A0167,0,0.6037274599075317,0.39627259969711304
Lung_Dx-A0167,0,0.72081059217453,0.2791893482208252
Lung_Dx-A0167,0,0.940078616142273,0.05992140620946884
Lung_Dx-A0167,0,0.4763055741786957,0.5236943960189819
Lung_Dx-A0167,0,0.0682264193892479,0.9317735433578491
Lung_Dx-A0167,0,0.5665282011032104,0.43347179889678955
Lung_Dx-A0167,0,0.4486527442932129,0.5513473153114319
Lung_Dx-A0167,0,0.42134350538253784,0.5786565542221069
Lung_Dx-A0167,0,0.5431435108184814,0.45685654878616333
Lung_Dx-A0167,0,0.9455001950263977,0.054499879479408264
Lung_Dx-A0167,0,0.9955489635467529,0.004451041109859943
Lung_Dx-A0167,0,0.9968024492263794,0.0031974867451936007
Lung_Dx-A0167,0,0.9983059167861938,0.0016941032372415066
Lung_Dx-A0167,0,0.9920312166213989,0.007968815043568611
Lung_Dx-A0167,0,0.9997730851173401,0.00022693384380545467
Lung_Dx-A0167,0,0.9999493360519409,5.0644717703107744e-05
Lung_Dx-A0167,0,0.9999475479125977,5.245676948106848e-05
Lung_Dx-A0167,0,0.9999485015869141,5.144221358932555e-05
Lung_Dx-A0167,0,0.9999138116836548,8.614650869276375e-05
Lung_Dx-A0167,0,0.9999905824661255,9.405384844285436e-06
Lung_Dx-A0167,0,0.9998923540115356,0.0001076283588190563
Lung_Dx-A0167,0,0.9996825456619263,0.000317508791340515
Lung_Dx-A0167,0,0.9985951781272888,0.0014048678567633033
Lung_Dx-A0167,0,0.9995025396347046,0.0004974744515493512
Lung_Dx-A0167,0,0.9993333220481873,0.0006667023408226669
Lung_Dx-A0167,0,0.9992341995239258,0.0007657963433302939
Lung_Dx-A0167,0,0.9965165853500366,0.0034834244288504124
Lung_Dx-A0169,0,0.9880273342132568,0.011972644366323948
Lung_Dx-A0169,0,0.9395261406898499,0.060473889112472534
Lung_Dx-A0169,0,0.9783433079719543,0.02165667526423931
Lung_Dx-A0169,0,0.8890480995178223,0.11095188558101654
Lung_Dx-A0169,0,0.6164019703865051,0.3835979998111725
Lung_Dx-A0169,0,0.2819984257221222,0.7180016040802002
Lung_Dx-A0169,0,0.7585553526878357,0.2414446771144867
Lung_Dx-A0169,0,0.28017303347587585,0.7198269963264465
Lung_Dx-A0169,0,0.8686040639877319,0.13139598071575165
Lung_Dx-A0169,0,0.9259697198867798,0.07403029501438141
Lung_Dx-A0169,0,0.6954414248466492,0.30455851554870605
Lung_Dx-A0169,0,0.30347371101379395,0.696526288986206
Lung_Dx-A0169,0,0.802942156791687,0.19705788791179657
Lung_Dx-A0169,0,0.9543505907058716,0.04564947262406349
Lung_Dx-A0169,0,0.3768237829208374,0.6231762766838074
Lung_Dx-A0169,0,0.6422922611236572,0.3577077388763428
Lung_Dx-A0169,0,0.2504541873931885,0.7495458126068115
Lung_Dx-A0169,0,0.04161779209971428,0.9583821892738342
Lung_Dx-A0169,0,0.02959137223660946,0.9704086184501648
Lung_Dx-A0169,0,0.0007657963433302939,0.9992341995239258
Lung_Dx-A0169,0,0.0007509956485591829,0.9992489218711853
Lung_Dx-A0169,0,0.282047837972641,0.7179521322250366
Lung_Dx-A0169,0,0.14749377965927124,0.852506160736084
Lung_Dx-A0169,0,0.3125273585319519,0.6874726414680481
Lung_Dx-A0169,0,0.6615676879882812,0.3384323716163635
Lung_Dx-A0169,0,0.008644177578389645,0.991355836391449
Lung_Dx-A0169,0,0.0057974006049335,0.9942025542259216
Lung_Dx-A0169,0,0.17745423316955566,0.8225457668304443
Lung_Dx-A0169,0,0.08225394785404205,0.9177460074424744
Lung_Dx-A0169,0,0.9860308170318604,0.01396915502846241
Lung_Dx-A0169,0,0.030530942603945732,0.9694690108299255
Lung_Dx-A0169,0,0.7628660202026367,0.23713397979736328
Lung_Dx-A0169,0,0.1669468730688095,0.8330531716346741
Lung_Dx-A0169,0,0.8838388919830322,0.11616109311580658
Lung_Dx-A0169,0,0.6674457788467407,0.3325541913509369
Lung_Dx-A0169,0,0.9958174824714661,0.004182493779808283
Lung_Dx-A0169,0,0.2720729112625122,0.7279270887374878
Lung_Dx-A0169,0,0.6426287293434143,0.3573712408542633
Lung_Dx-A0169,0,0.9684410095214844,0.03155902028083801
Lung_Dx-A0169,0,0.847778856754303,0.1522212028503418
Lung_Dx-A0169,0,0.732352614402771,0.2676473557949066
Lung_Dx-A0178,0,0.9975466132164001,0.002453428227454424
Lung_Dx-A0178,0,0.8908177614212036,0.10918228328227997
Lung_Dx-A0178,0,8.818922651698813e-05,0.9999117851257324
Lung_Dx-A0178,0,0.016121823340654373,0.9838781356811523
Lung_Dx-A0178,0,0.08866234868764877,0.911337673664093
Lung_Dx-A0178,0,0.00011591934162424877,0.9998840093612671
Lung_Dx-A0178,0,1.820015131670516e-05,0.9999817609786987
Lung_Dx-A0178,0,0.0022300120908766985,0.9977699518203735
Lung_Dx-A0178,0,0.04552200436592102,0.9544779658317566
Lung_Dx-A0178,0,0.00043990332051180303,0.9995600581169128
Lung_Dx-A0178,0,2.318747829122003e-05,0.9999767541885376
Lung_Dx-A0178,0,0.009394396096467972,0.9906056523323059
Lung_Dx-A0178,0,0.3958929777145386,0.6041070222854614
Lung_Dx-A0178,0,0.7013041377067566,0.2986958920955658
Lung_Dx-A0178,0,0.022243669256567955,0.9777563810348511
Lung_Dx-A0178,0,0.13782231509685516,0.8621777296066284
Lung_Dx-A0178,0,0.0010423501953482628,0.998957633972168
Lung_Dx-A0178,0,0.00033209225512109697,0.9996678829193115
Lung_Dx-A0178,0,0.9896218776702881,0.01037818193435669
Lung_Dx-A0178,0,0.7809967398643494,0.21900324523448944
Lung_Dx-A0178,0,0.9797646999359131,0.020235318690538406
Lung_Dx-A0178,0,0.8267817497253418,0.1732182651758194
Lung_Dx-A0178,0,0.5926666259765625,0.4073334336280823
Lung_Dx-A0178,0,0.9903476238250732,0.009652304463088512
Lung_Dx-A0178,0,0.9996685981750488,0.0003314445202704519
Lung_Dx-A0178,0,0.990559995174408,0.009439945220947266
Lung_Dx-A0178,0,0.8354835510253906,0.16451644897460938
Lung_Dx-A0178,0,0.9970421195030212,0.002957902615889907
Lung_Dx-A0178,0,0.9957601428031921,0.004239825066179037
Lung_Dx-A0178,0,0.9994837045669556,0.0005162725574336946
Lung_Dx-A0178,0,0.9978510141372681,0.00214894930832088
Lung_Dx-A0178,0,0.993890643119812,0.006109410431236029
Lung_Dx-A0178,0,0.9991880059242249,0.0008119703852571547
Lung_Dx-A0178,0,0.999616265296936,0.00038371203118003905
Lung_Dx-A0178,0,0.9994407296180725,0.0005592909874394536
Lung_Dx-A0178,0,0.9998761415481567,0.0001238774711964652
Lung_Dx-A0178,0,0.997945249080658,0.0020547446329146624
Lung_Dx-A0178,0,0.9997703433036804,0.00022960825299378484
Lung_Dx-A0178,0,0.9170801043510437,0.08291985839605331
Lung_Dx-A0178,0,0.9870545864105225,0.012945407070219517
Lung_Dx-A0178,0,0.9791755676269531,0.020824391394853592
Lung_Dx-A0178,0,0.008560891263186932,0.9914391040802002
Lung_Dx-A0178,0,0.999576985836029,0.00042305802344344556
Lung_Dx-A0178,0,0.9996185302734375,0.0003814711526501924
Lung_Dx-A0178,0,0.9989877343177795,0.0010122861713171005
Lung_Dx-A0178,0,0.08655482530593872,0.9134451746940613
Lung_Dx-A0178,0,0.9996607303619385,0.00033930176869034767
Lung_Dx-A0178,0,0.9996626377105713,0.00033732017618604004
Lung_Dx-A0178,0,0.9999865293502808,1.3420012692222372e-05
Lung_Dx-A0178,0,0.9999854564666748,1.4510476830764674e-05
Lung_Dx-A0178,0,0.9936364889144897,0.0063635739497840405
Lung_Dx-A0178,0,0.9956005811691284,0.004399413242936134
Lung_Dx-A0178,0,0.9997387528419495,0.00026119028916582465
Lung_Dx-A0178,0,0.999789297580719,0.00021070436923764646
Lung_Dx-A0178,0,0.9999600648880005,3.99075033783447e-05
Lung_Dx-A0178,0,0.8586593270301819,0.14134065806865692
Lung_Dx-A0178,0,0.9999243021011353,7.572842878289521e-05
Lung_Dx-A0178,0,0.9998421669006348,0.00015781863476149738
Lung_Dx-A0178,0,0.998542070388794,0.0014579035341739655
Lung_Dx-A0178,0,0.9978001713752747,0.0021997978910803795
Lung_Dx-A0178,0,0.9996600151062012,0.0003399648703634739
Lung_Dx-A0178,0,0.9947186708450317,0.005281334277242422
Lung_Dx-A0178,0,0.9998051524162292,0.00019487277313601226
Lung_Dx-A0178,0,0.9952540397644043,0.0047459653578698635
Lung_Dx-A0178,0,0.9952356219291687,0.004764452576637268
Lung_Dx-A0178,0,0.9971606731414795,0.002839374355971813
Lung_Dx-A0178,0,0.9879113435745239,0.012088717892765999
Lung_Dx-A0178,0,0.9987305998802185,0.0012693643802776933
Lung_Dx-A0178,0,0.9814712405204773,0.01852879673242569
Lung_Dx-A0195,0,0.9483462572097778,0.05165378749370575
Lung_Dx-A0195,0,0.9974787831306458,0.002521268557757139
Lung_Dx-A0195,0,0.9810945987701416,0.01890544779598713
Lung_Dx-A0195,0,0.988447368144989,0.011552671901881695
Lung_Dx-A0195,0,0.9988664388656616,0.0011335689341649413
Lung_Dx-A0195,0,0.7159207463264465,0.2840792238712311
Lung_Dx-A0195,0,0.9960775971412659,0.003922447562217712
Lung_Dx-A0195,0,0.9980083107948303,0.001991652650758624
Lung_Dx-A0195,0,0.9991735816001892,0.0008263575728051364
Lung_Dx-A0195,0,0.9992620348930359,0.000737919588573277
Lung_Dx-A0195,0,0.9997463822364807,0.00025365117471665144
Lung_Dx-A0195,0,0.9998008608818054,0.00019910391711164266
Lung_Dx-A0195,0,0.9996652603149414,0.00033469597110524774
Lung_Dx-A0195,0,0.9999203681945801,7.9673009167891e-05
Lung_Dx-A0195,0,0.998661994934082,0.0013380079763010144
Lung_Dx-A0195,0,0.9999552965164185,4.469407213036902e-05
Lung_Dx-A0195,0,0.9992533326148987,0.0007466114475391805
Lung_Dx-A0195,0,0.9999184608459473,8.156225521815941e-05
Lung_Dx-A0195,0,0.9998358488082886,0.00016410437820013613
Lung_Dx-A0195,0,0.9999326467514038,6.735481292707846e-05
Lung_Dx-A0195,0,0.99964439868927,0.000355579424649477
Lung_Dx-A0195,0,0.9998036026954651,0.0001964008843060583
Lung_Dx-A0195,0,0.9998458623886108,0.0001541633391752839
Lung_Dx-A0198,0,0.9806548357009888,0.019345102831721306
Lung_Dx-A0198,0,0.9687675833702087,0.031232351437211037
Lung_Dx-A0198,0,0.6430211067199707,0.3569788634777069
Lung_Dx-A0198,0,0.9444848895072937,0.055515117943286896
Lung_Dx-A0198,0,0.9774138927459717,0.022586042061448097
Lung_Dx-A0198,0,0.9932287931442261,0.006771210115402937
Lung_Dx-A0198,0,0.977262556552887,0.022737447172403336
Lung_Dx-A0198,0,0.9855243563652039,0.014475690200924873
Lung_Dx-A0198,0,0.6621413826942444,0.3378585875034332
Lung_Dx-A0198,0,0.9836912155151367,0.01630876585841179
Lung_Dx-A0198,0,0.3692866563796997,0.6307133436203003
Lung_Dx-A0198,0,0.9785903096199036,0.021409772336483
Lung_Dx-A0198,0,0.780829668045044,0.21917034685611725
Lung_Dx-A0198,0,0.9996373653411865,0.00036259007174521685
Lung_Dx-A0198,0,0.9973061084747314,0.0026939143426716328
Lung_Dx-A0198,0,0.9999417066574097,5.829126530443318e-05
Lung_Dx-A0198,0,0.9999475479125977,5.245676948106848e-05
Lung_Dx-A0198,0,0.9996886253356934,0.0003113695129286498
Lung_Dx-A0198,0,0.9935494065284729,0.006450607907027006
Lung_Dx-A0198,0,0.9897909760475159,0.010209054686129093
Lung_Dx-A0198,0,0.9983091354370117,0.0016908030956983566
Lung_Dx-A0198,0,0.9993525147438049,0.0006474657566286623
Lung_Dx-A0198,0,0.9999805688858032,1.9373936083866283e-05
Lung_Dx-A0198,0,0.9998875856399536,0.00011235327838221565
Lung_Dx-A0198,0,0.9999649524688721,3.5081120586255565e-05
Lung_Dx-A0198,0,0.9999889135360718,1.1125607670692261e-05
Lung_Dx-A0198,0,0.9999994039535522,6.400501320058538e-07
Lung_Dx-A0200,0,0.9999806880950928,1.929840618686285e-05
Lung_Dx-A0200,0,0.9999586343765259,4.133539550821297e-05
Lung_Dx-A0200,0,0.9999790191650391,2.1030173229519278e-05
Lung_Dx-A0200,0,0.9998162388801575,0.0001837845629779622
Lung_Dx-A0200,0,0.9996892213821411,0.0003107621450908482
Lung_Dx-A0200,0,0.999879002571106,0.00012100819731131196
Lung_Dx-A0200,0,0.9998756647109985,0.000124362253700383
Lung_Dx-A0200,0,0.9997778534889221,0.00022211138275451958
Lung_Dx-A0200,0,0.9999427795410156,5.7163873862009495e-05
Lung_Dx-A0200,0,0.9999829530715942,1.703082125459332e-05
Lung_Dx-A0200,0,0.9999614953994751,3.852893496514298e-05
Lung_Dx-A0200,0,0.999984622001648,1.538609285489656e-05
Lung_Dx-A0200,0,0.9997889399528503,0.00021111623209435493
Lung_Dx-A0200,0,0.999976634979248,2.3369335394818336e-05
Lung_Dx-A0200,0,0.9999737739562988,2.6172339858021587e-05
Lung_Dx-A0200,0,0.9999833106994629,1.6701422282494605e-05
Lung_Dx-A0200,0,0.9999349117279053,6.502816540887579e-05
Lung_Dx-A0200,0,0.999184787273407,0.0008151457295753062
Lung_Dx-A0200,0,0.9963143467903137,0.0036856739316135645
Lung_Dx-A0200,0,0.996434211730957,0.003565736347809434
Lung_Dx-A0200,0,0.398406445980072,0.601593554019928
Lung_Dx-A0200,0,0.9532750844955444,0.04672496020793915
Lung_Dx-A0200,0,0.941600501537323,0.05839952081441879
Lung_Dx-A0200,0,0.8219748735427856,0.17802512645721436
Lung_Dx-A0200,0,0.4599250257015228,0.5400750041007996
Lung_Dx-A0200,0,0.039601683616638184,0.9603983759880066
Lung_Dx-A0200,0,0.006810730788856745,0.9931893348693848
Lung_Dx-A0200,0,0.05429894104599953,0.9457011222839355
Lung_Dx-A0200,0,0.21264049410820007,0.7873594760894775
Lung_Dx-A0200,0,0.9500414729118347,0.049958523362874985
Lung_Dx-A0200,0,0.5091237425804138,0.49087628722190857
Lung_Dx-A0200,0,0.9818925857543945,0.018107349053025246
Lung_Dx-A0200,0,0.9541800618171692,0.045819949358701706
Lung_Dx-A0200,0,0.5670377612113953,0.43296223878860474
Lung_Dx-A0200,0,0.3667314648628235,0.6332685351371765
Lung_Dx-A0200,0,0.03908495604991913,0.9609150886535645
Lung_Dx-A0200,0,0.9777138829231262,0.02228618785738945
Lung_Dx-A0200,0,0.9823386073112488,0.01766139827668667
Lung_Dx-A0200,0,0.6383140683174133,0.36168593168258667
Lung_Dx-A0200,0,0.9989225268363953,0.0010775026166811585
Lung_Dx-A0200,0,0.9940890073776245,0.005911068990826607
Lung_Dx-A0200,0,0.9042285680770874,0.09577147662639618
Lung_Dx-A0200,0,0.10239443182945251,0.8976055979728699
Lung_Dx-A0200,0,0.8633915781974792,0.13660839200019836
Lung_Dx-A0200,0,0.9995810389518738,0.00041894835885614157
Lung_Dx-A0200,0,0.9970765113830566,0.0029235430993139744
Lung_Dx-A0200,0,0.9996904134750366,0.00030955098918639123
Lung_Dx-A0200,0,0.9992792010307312,0.0007208380266092718
Lung_Dx-A0200,0,0.9997181296348572,0.0002818572102114558
Lung_Dx-A0212,0,0.9999442100524902,5.583975143963471e-05
Lung_Dx-A0212,0,0.9999959468841553,4.0294567043019924e-06
Lung_Dx-A0212,0,0.9998756647109985,0.000124362253700383
Lung_Dx-A0212,0,0.9999904632568359,9.516251338936854e-06
Lung_Dx-A0212,0,0.9999443292617798,5.562206206377596e-05
Lung_Dx-A0212,0,0.999840259552002,0.00015967863146215677
Lung_Dx-A0212,0,0.999985933303833,1.411908942827722e-05
Lung_Dx-A0212,0,0.9999719858169556,2.7969301299890503e-05
Lung_Dx-A0212,0,0.9999914169311523,8.597226042184047e-06
Lung_Dx-A0212,0,0.9988190531730652,0.0011809737188741565
Lung_Dx-A0212,0,0.9920312166213989,0.007968815043568611
Lung_Dx-A0212,0,0.9489645957946777,0.05103541910648346
Lung_Dx-A0212,0,0.9307735562324524,0.0692264586687088
Lung_Dx-A0212,0,0.8583627939224243,0.14163723587989807
Lung_Dx-A0212,0,0.8703219890594482,0.12967801094055176
Lung_Dx-A0212,0,0.9675332307815552,0.032466817647218704
Lung_Dx-A0212,0,0.6275233626365662,0.3724766671657562
Lung_Dx-A0212,0,0.6034937500953674,0.3965062201023102
Lung_Dx-A0212,0,0.4114951193332672,0.5885048508644104
Lung_Dx-A0212,0,0.03879259154200554,0.961207389831543
Lung_Dx-A0212,0,0.011563828215003014,0.988436222076416
Lung_Dx-A0212,0,0.1012779176235199,0.8987220525741577
Lung_Dx-A0212,0,0.9598374962806702,0.0401625819504261
Lung_Dx-A0212,0,0.14780102670192719,0.8521990180015564
Lung_Dx-A0212,0,0.9934357404708862,0.0065642488189041615
Lung_Dx-A0212,0,0.9987157583236694,0.0012843082658946514
Lung_Dx-A0212,0,0.9983834028244019,0.0016166501445695758
Lung_Dx-A0212,0,0.5571338534355164,0.44286614656448364
Lung_Dx-A0212,0,0.8484706878662109,0.15152934193611145
Lung_Dx-A0212,0,0.997880220413208,0.002119830809533596
Lung_Dx-A0212,0,0.9790958166122437,0.020904194563627243
Lung_Dx-A0212,0,0.9970536231994629,0.0029464049730449915
Lung_Dx-A0212,0,0.9981827735900879,0.001817283220589161
Lung_Dx-A0212,0,0.9996923208236694,0.00030774305923841894
Lung_Dx-A0212,0,0.9997884631156921,0.0002115288662025705
Lung_Dx-A0212,0,0.999160647392273,0.0008393599418923259
Lung_Dx-A0212,0,0.9991220831871033,0.0008778914343565702
Lung_Dx-A0212,0,0.9989350438117981,0.0010649627074599266
Lung_Dx-A0212,0,0.9987356066703796,0.0012644219677895308
Lung_Dx-A0212,0,0.9995618462562561,0.00043818907579407096
Lung_Dx-A0212,0,0.9997593760490417,0.0002406247513135895
Lung_Dx-A0212,0,0.9968149065971375,0.0031850605737417936
Lung_Dx-A0212,0,0.9955576062202454,0.004442394245415926
Lung_Dx-A0212,0,0.986415684223175,0.01358439214527607
Lung_Dx-A0212,0,0.9972153902053833,0.0027846090961247683
Lung_Dx-A0212,0,0.9982317090034485,0.0017683517653495073
Lung_Dx-A0212,0,0.9970707893371582,0.00292924209497869
Lung_Dx-A0212,0,0.9988969564437866,0.0011030265595763922
Lung_Dx-A0212,0,0.9998859167098999,0.00011412239837227389
Lung_Dx-A0212,0,0.9997492432594299,0.00025069675757549703
Lung_Dx-A0212,0,0.9999011754989624,9.876620606519282e-05
Lung_Dx-A0212,0,0.9999756813049316,2.4300239601871e-05
Lung_Dx-A0212,0,0.9998675584793091,0.00013238185783848166
Lung_Dx-A0212,0,0.999453604221344,0.0005463420529849827
Lung_Dx-A0212,0,0.9998923540115356,0.0001076283588190563
Lung_Dx-A0212,0,0.9999964237213135,3.542121021382627e-06
Lung_Dx-A0212,0,0.9999942779541016,5.704675004380988e-06
Lung_Dx-A0212,0,0.999698281288147,0.000301792606478557
Lung_Dx-A0212,0,0.9999910593032837,8.939696272136644e-06
Lung_Dx-A0212,0,0.999987006187439,1.2956418686371762e-05
Lung_Dx-A0212,0,0.9998409748077393,0.0001590562314959243
Lung_Dx-A0212,0,0.9996206760406494,0.00037924337084405124
Lung_Dx-A0212,0,0.9998775720596313,0.00012243444507475942
Lung_Dx-A0212,0,0.9993988275527954,0.0006011794903315604
Lung_Dx-A0212,0,0.9990072846412659,0.000992726068943739
Lung_Dx-A0212,0,0.9932287931442261,0.006771210115402937
Lung_Dx-A0212,0,0.9992145299911499,0.0007854739669710398
Lung_Dx-A0212,0,0.999969482421875,3.0479142878903076e-05
Lung_Dx-A0212,0,0.9994307160377502,0.0005692035192623734
Lung_Dx-A0212,0,0.9993988275527954,0.0006011794903315604
Lung_Dx-A0212,0,0.9999644756317139,3.5494620533427224e-05
Lung_Dx-A0212,0,0.9986087679862976,0.0013912341091781855
Lung_Dx-A0212,0,0.9996923208236694,0.00030774305923841894
Lung_Dx-A0212,0,0.9999544620513916,4.557554711936973e-05
Lung_Dx-A0212,0,0.999891996383667,0.00010804955672938377
Lung_Dx-A0212,0,0.9998433589935303,0.0001565906568430364
Lung_Dx-A0212,0,0.9998511075973511,0.00014883847325108945
Lung_Dx-A0212,0,0.9978965520858765,0.0021033689845353365
Lung_Dx-A0212,0,0.9995443224906921,0.00045563653111457825
Lung_Dx-A0212,0,0.9985619187355042,0.001438135514035821
Lung_Dx-A0212,0,0.9988144636154175,0.0011855904012918472
Lung_Dx-A0212,0,0.9974191188812256,0.002580904169008136
Lung_Dx-A0212,0,0.9989657402038574,0.0010342469904571772
Lung_Dx-A0212,0,0.9919223785400391,0.00807762611657381
Lung_Dx-A0228,0,0.999975323677063,2.4682904040673748e-05
Lung_Dx-A0228,0,0.9999998807907104,1.3896239181576675e-07
Lung_Dx-A0228,0,0.9999738931655884,2.607030728540849e-05
Lung_Dx-A0228,0,0.9999946355819702,5.380023594625527e-06
Lung_Dx-A0228,0,0.9999635219573975,3.647853736765683e-05
Lung_Dx-A0228,0,0.9999992847442627,7.281103080458706e-07
Lung_Dx-A0228,0,0.9999992847442627,6.760275255146553e-07
Lung_Dx-A0228,0,0.9999808073043823,1.9148226783727296e-05
Lung_Dx-A0228,0,0.9999881982803345,1.1843138963740785e-05
Lung_Dx-A0228,0,0.999946117401123,5.3910844144411385e-05
Lung_Dx-A0228,0,0.99994957447052,5.044728095526807e-05
Lung_Dx-A0228,0,0.9999991655349731,8.347824973498064e-07
Lung_Dx-A0228,0,0.9999735355377197,2.648084409884177e-05
Lung_Dx-A0231,0,0.9911527037620544,0.008847354911267757
Lung_Dx-A0231,0,0.7641444206237793,0.2358555793762207
Lung_Dx-A0231,0,0.9923490285873413,0.007651031482964754
Lung_Dx-A0231,0,0.9974290728569031,0.0025708680041134357
Lung_Dx-A0231,0,0.07668379694223404,0.9233161807060242
Lung_Dx-A0231,0,0.1294577568769455,0.8705422878265381
Lung_Dx-A0231,0,0.695156991481781,0.304843008518219
Lung_Dx-A0231,0,0.4424859285354614,0.5575140714645386
Lung_Dx-A0231,0,0.049912191927433014,0.9500877857208252
Lung_Dx-A0231,0,0.04324442148208618,0.9567555785179138
Lung_Dx-A0231,0,0.5323871374130249,0.4676128625869751
Lung_Dx-A0231,0,0.48806989192962646,0.5119301080703735
Lung_Dx-A0231,0,0.7153742909431458,0.28462573885917664
Lung_Dx-A0231,0,0.8303191661834717,0.1696808785200119
Lung_Dx-A0231,0,0.9325762391090393,0.06742378324270248
Lung_Dx-A0231,0,0.9759005904197693,0.024099446833133698
Lung_Dx-A0231,0,0.9455505013465881,0.054449573159217834
Lung_Dx-A0231,0,0.15817435085773468,0.8418256044387817
Lung_Dx-A0231,0,0.3251990079879761,0.6748009920120239
Lung_Dx-A0231,0,0.010071823373436928,0.9899281859397888
Lung_Dx-A0231,0,0.12074951082468033,0.8792504668235779
Lung_Dx-A0231,0,0.49530044198036194,0.5046995878219604
Lung_Dx-A0231,0,0.04659464210271835,0.9534053802490234
Lung_Dx-A0231,0,0.09683381766080856,0.9031661152839661
Lung_Dx-A0231,0,0.6980721950531006,0.301927775144577
Lung_Dx-A0231,0,0.04514164477586746,0.9548583030700684
Lung_Dx-A0231,0,0.9112586379051208,0.08874128758907318
Lung_Dx-A0231,0,0.7497290968894958,0.25027090311050415
Lung_Dx-A0231,0,0.8572908639907837,0.1427091360092163
Lung_Dx-A0231,0,0.8030194044113159,0.19698062539100647
Lung_Dx-A0231,0,0.8219748735427856,0.17802512645721436
Lung_Dx-A0231,0,0.546057403087616,0.45394256711006165
Lung_Dx-A0231,0,0.007218752056360245,0.9927812218666077
Lung_Dx-A0231,0,0.5494592785835266,0.450540691614151
Lung_Dx-A0231,0,0.029479406774044037,0.970520555973053
Lung_Dx-A0231,0,0.8815129995346069,0.11848706007003784
Lung_Dx-A0231,0,0.9966625571250916,0.003337404690682888
Lung_Dx-A0231,0,0.8594869375228882,0.14051306247711182
Lung_Dx-A0231,0,0.8453049659729004,0.15469497442245483
Lung_Dx-A0231,0,0.2729198932647705,0.7270801067352295
Lung_Dx-A0231,0,0.26296013593673706,0.7370398640632629
Lung_Dx-A0231,0,0.9256342649459839,0.07436569780111313
Lung_Dx-A0231,0,0.8642531633377075,0.1357468068599701
Lung_Dx-A0231,0,0.9137920141220093,0.08620801568031311
Lung_Dx-A0231,0,0.9960159659385681,0.003983970265835524
Lung_Dx-A0231,0,0.9982073307037354,0.001792650786228478
Lung_Dx-A0231,0,0.7456299662590027,0.2543700337409973
Lung_Dx-A0231,0,0.8694376945495605,0.13056232035160065
Lung_Dx-A0231,0,0.9692951440811157,0.030704854056239128
Lung_Dx-A0231,0,0.9970821738243103,0.002917855279520154
Lung_Dx-A0231,0,0.9969245791435242,0.00307536986656487
Lung_Dx-A0231,0,0.9996155500411987,0.0003844619495794177
Lung_Dx-A0231,0,0.9982725381851196,0.0017274586716666818
Lung_Dx-A0231,0,0.9983958601951599,0.0016040891641750932
Lung_Dx-A0231,0,0.9997175335884094,0.0002824080875143409
Lung_Dx-A0231,0,0.9837381839752197,0.016261830925941467
Lung_Dx-A0231,0,0.9993281364440918,0.0006719278171658516
Lung_Dx-A0231,0,0.9998148083686829,0.00018522574100643396
Lung_Dx-A0231,0,0.99992835521698,7.169852324295789e-05
Lung_Dx-A0231,0,0.9999886751174927,1.130080818256829e-05
Lung_Dx-A0231,0,0.9998140931129456,0.00018595057190395892
Lung_Dx-A0233,0,0.9976310729980469,0.0023688741493970156
Lung_Dx-A0233,0,0.9974191188812256,0.002580904169008136
Lung_Dx-A0233,0,0.998275876045227,0.0017240936867892742
Lung_Dx-A0233,0,0.999220609664917,0.0007793661206960678
Lung_Dx-A0233,0,0.9999986886978149,1.313296593252744e-06
Lung_Dx-A0233,0,0.999994158744812,5.794510343548609e-06
Lung_Dx-A0233,0,0.9999862909317017,1.3684695659321733e-05
Lung_Dx-A0233,0,0.9999947547912598,5.296614290273283e-06
Lung_Dx-A0233,0,0.999937891960144,6.205048703122884e-05
Lung_Dx-A0233,0,0.9998996257781982,0.00010032139107352123
Lung_Dx-A0233,0,0.9998332262039185,0.00016668821626808494
Lung_Dx-A0233,0,0.9999603033065796,3.975192885263823e-05
Lung_Dx-A0233,0,0.9999231100082397,7.692087820032611e-05
Lung_Dx-A0233,0,0.9998706579208374,0.00012931565288454294
Lung_Dx-A0233,0,0.9995225667953491,0.0004774926055688411
Lung_Dx-A0233,0,0.9995744824409485,0.00042554308311082423
Lung_Dx-A0233,0,0.9996492862701416,0.00035075281630270183
Lung_Dx-A0233,0,0.9994173049926758,0.0005826939013786614
Lung_Dx-A0233,0,0.9994373917579651,0.0005625758785754442
Lung_Dx-A0233,0,0.999763548374176,0.00023643295571673661
Lung_Dx-A0233,0,0.9998910427093506,0.00010889690747717395
Lung_Dx-A0233,0,0.9993563294410706,0.00064368563471362
Lung_Dx-A0233,0,0.9967899918556213,0.003209961112588644
Lung_Dx-A0233,0,0.9987887740135193,0.0012113065458834171
Lung_Dx-A0233,0,0.9982993006706238,0.001700722612440586
Lung_Dx-A0233,0,0.998492956161499,0.0015070488443598151
Lung_Dx-A0233,0,0.9961305856704712,0.0038693908136337996
Lung_Dx-A0233,0,0.9995005130767822,0.0004994205082766712
Lung_Dx-A0233,0,0.9995549321174622,0.0004450864507816732
Lung_Dx-A0233,0,0.9987131357192993,0.0012868157355114818
Lung_Dx-A0233,0,0.9984691739082336,0.001530744950287044
Lung_Dx-A0233,0,0.9860308170318604,0.01396915502846241
Lung_Dx-A0233,0,0.945600688457489,0.05439931899309158
Lung_Dx-A0233,0,0.09426000714302063,0.9057400226593018
Lung_Dx-A0233,0,0.4600841999053955,0.5399158000946045
Lung_Dx-A0233,0,0.8818185925483704,0.11818140745162964
Lung_Dx-A0233,0,0.9981933236122131,0.001806685351766646
Lung_Dx-A0233,0,0.9984083771705627,0.0015916259726509452
Lung_Dx-A0233,0,0.9970247149467468,0.0029752333648502827
Lung_Dx-A0233,0,0.9938070178031921,0.006192990578711033
Lung_Dx-A0233,0,0.9975560903549194,0.0024438865948468447
Lung_Dx-A0233,0,0.9991638660430908,0.0008360903011634946
Lung_Dx-A0253,0,0.9999774694442749,2.2562051526620053e-05
Lung_Dx-A0253,0,0.9999934434890747,6.540436970681185e-06
Lung_Dx-A0253,0,0.9999595880508423,4.037790131405927e-05
Lung_Dx-A0253,0,0.9999817609786987,1.8271382941748016e-05
Lung_Dx-A0253,0,0.9998923540115356,0.0001076283588190563
Lung_Dx-A0253,0,0.9999691247940063,3.083840783801861e-05
Lung_Dx-A0253,0,0.99997878074646,2.1195111912675202e-05
Lung_Dx-A0253,0,0.9999552965164185,4.469407213036902e-05
Lung_Dx-A0253,0,0.9999810457229614,1.8925147742265835e-05
Lung_Dx-A0253,0,0.9998260140419006,0.00017400544311385602
Lung_Dx-A0253,0,0.9999101161956787,8.992846414912492e-05
Lung_Dx-A0253,0,0.9999881982803345,1.1750976227631327e-05
Lung_Dx-A0253,0,0.9999725818634033,2.7428344765212387e-05
Lung_Dx-A0253,0,0.9999942779541016,5.749418050982058e-06
Lung_Dx-A0253,0,0.9999209642410278,7.905303937150165e-05
Lung_Dx-A0253,0,0.999995231628418,4.710908797278535e-06
Lung_Dx-A0253,0,0.9999700784683228,2.9889639336033724e-05
Lung_Dx-A0253,0,0.9998482465744019,0.00015177360910456628
Lung_Dx-A0253,0,0.9997851252555847,0.00021485923207364976
Lung_Dx-A0253,0,0.9999001026153564,9.99303229036741e-05
Lung_Dx-A0253,0,0.9997703433036804,0.00022960825299378484
Lung_Dx-A0253,0,0.9941347241401672,0.005865338258445263
Lung_Dx-A0253,0,0.9999243021011353,7.572842878289521e-05
Lung_Dx-A0253,0,0.9996505975723267,0.00034938580938614905
Lung_Dx-A0253,0,0.9940658807754517,0.005934066604822874
Lung_Dx-A0253,0,0.9337335228919983,0.06626642495393753
Lung_Dx-A0253,0,0.9994418025016785,0.000558200292289257
Lung_Dx-A0253,0,0.9997593760490417,0.0002406247513135895
Lung_Dx-A0253,0,0.9999890327453613,1.0910420314758085e-05
Lung_Dx-A0253,0,0.9999990463256836,9.240199005944305e-07
Lung_Dx-A0253,0,0.9999890327453613,1.0995991942763794e-05
Lung_Dx-A0253,0,0.9999407529830933,5.920916373725049e-05
Lung_Dx-A0253,0,0.9999877214431763,1.2219074960739817e-05
Lung_Dx-A0253,0,0.9999927282333374,7.324937087105354e-06
Lung_Dx-A0253,0,0.9999986886978149,1.2531564834716846e-06
Lung_Dx-A0253,0,0.9999991655349731,8.315280410897685e-07
Lung_Dx-A0253,0,0.9999963045120239,3.712110583364847e-06
Lung_Dx-A0259,0,0.8802319765090942,0.11976800858974457
Lung_Dx-A0259,0,0.9567152261734009,0.04328484833240509
Lung_Dx-A0259,0,0.025687135756015778,0.9743129014968872
Lung_Dx-A0259,0,0.9865716695785522,0.01342825498431921
Lung_Dx-A0259,0,0.00219551520422101,0.9978044629096985
Lung_Dx-A0259,0,0.7277820706367493,0.2722179889678955
Lung_Dx-A0259,0,0.970520555973053,0.029479406774044037
Lung_Dx-A0259,0,0.001426959759555757,0.9985730648040771
Lung_Dx-A0259,0,0.3780069649219513,0.6219930648803711
Lung_Dx-A0259,0,0.09890306740999222,0.9010969400405884
Lung_Dx-A0259,0,0.9896618127822876,0.010338137857615948
Lung_Dx-A0259,0,0.9674102663993835,0.03258974477648735
Lung_Dx-A0259,0,0.9990395903587341,0.0009603368234820664
Lung_Dx-A0259,0,0.9701551795005798,0.029844803735613823
Lung_Dx-A0259,0,0.7649354934692383,0.23506447672843933
Lung_Dx-A0259,0,0.815011739730835,0.18498827517032623
Lung_Dx-A0259,0,0.07599521428346634,0.9240047931671143
Lung_Dx-A0259,0,0.995345413684845,0.004654597491025925
Lung_Dx-A0259,0,0.8022459149360657,0.1977541446685791
Lung_Dx-A0259,0,0.15616923570632935,0.8438308238983154
Lung_Dx-A0259,0,0.523603081703186,0.47639697790145874
Lung_Dx-A0259,0,0.02239282988011837,0.9776071906089783
Lung_Dx-A0259,0,0.05335398390889168,0.9466460347175598
Lung_Dx-A0259,0,2.551297029640409e-06,0.9999974966049194
Lung_Dx-A0259,0,0.0008830458973534405,0.9991169571876526
Lung_Dx-A0259,0,4.2814375774469227e-05,0.9999572038650513
Lung_Dx-A0259,0,9.461262379772961e-05,0.9999053478240967
Lung_Dx-A0259,0,0.00035976935760118067,0.9996402263641357
Lung_Dx-A0259,0,0.000550624739844352,0.9994493126869202
Lung_Dx-A0259,0,0.18227992951869965,0.8177200555801392
Lung_Dx-A0259,0,0.005426943302154541,0.9945730566978455
Lung_Dx-A0259,0,8.481103577651083e-05,0.9999151229858398
Lung_Dx-A0259,0,0.0032730645034462214,0.9967268705368042
Lung_Dx-A0259,0,0.0027362213004380465,0.9972637891769409
Lung_Dx-A0259,0,0.0016261349665001035,0.9983738660812378
Lung_Dx-A0259,0,0.3213002681732178,0.6786997318267822
Lung_Dx-A0259,0,0.016737207770347595,0.9832627773284912
Lung_Dx-A0259,0,0.9485372304916382,0.05146276578307152
Lung_Dx-A0259,0,0.2011454850435257,0.7988544702529907
Lung_Dx-A0259,0,0.035813190042972565,0.9641867876052856
Lung_Dx-A0259,0,0.32338011264801025,0.6766199469566345
Lung_Dx-A0259,0,0.8204334378242493,0.17956651747226715
Lung_Dx-A0259,0,0.02585877664387226,0.9741412401199341
Lung_Dx-A0259,0,0.8952023983001709,0.10479753464460373
Lung_Dx-A0259,0,0.23519620299339294,0.7648037672042847
Lung_Dx-A0259,0,0.7805788516998291,0.2194211184978485
Lung_Dx-A0259,0,0.00339638814330101,0.9966036081314087
Lung_Dx-A0259,0,0.04157886654138565,0.9584211707115173
Lung_Dx-A0259,0,0.014742792584002018,0.9852572083473206
Lung_Dx-A0259,0,0.023689471185207367,0.9763104915618896
Lung_Dx-A0259,0,0.003945406526327133,0.9960545301437378
Lung_Dx-A0259,0,0.006109410431236029,0.993890643119812
Lung_Dx-A0259,0,3.5218417906435207e-05,0.9999648332595825
Lung_Dx-A0259,0,0.005808669608086348,0.9941913485527039
Lung_Dx-A0259,0,0.014828144572675228,0.9851717948913574
Lung_Dx-A0259,0,0.0070254080928862095,0.9929746389389038
Lung_Dx-A0259,0,0.8229729533195496,0.17702700197696686
Lung_Dx-A0259,0,0.042009055614471436,0.9579908847808838
Lung_Dx-A0259,0,0.025809621438384056,0.974190354347229
Lung_Dx-A0259,0,0.05384937673807144,0.9461506009101868
Lung_Dx-A0259,0,0.16451644897460938,0.8354835510253906
Lung_Dx-A0259,0,0.9847378134727478,0.015262261964380741
Lung_Dx-A0259,0,0.7958565354347229,0.20414350926876068
Lung_Dx-A0259,0,0.9906960725784302,0.00930394884198904
Lung_Dx-A0259,0,0.9917961359024048,0.008203785866498947
Lung_Dx-A0259,0,0.991635799407959,0.008364237844944
Lung_Dx-A0259,0,0.9981141090393066,0.0018858587136492133
Lung_Dx-A0259,0,0.999208390712738,0.0007916296017356217
Lung_Dx-A0259,0,0.9985814094543457,0.001418634899891913
Lung_Dx-A0259,0,0.8588370084762573,0.14116297662258148
Lung_Dx-A0259,0,0.8224031925201416,0.1775968372821808
Lung_Dx-A0259,0,0.6489948630332947,0.35100510716438293
Lung_Dx-A0259,0,0.9666946530342102,0.033305369317531586
Lung_Dx-A0259,0,0.4965210556983948,0.5034789443016052
Lung_Dx-A0259,0,0.8124956488609314,0.1875043362379074
Lung_Dx-A0259,0,0.8380180597305298,0.1619819551706314
Lung_Dx-A0259,0,0.5912882089614868,0.40871185064315796
Lung_Dx-A0259,0,0.9748929738998413,0.02510703355073929
Lung_Dx-A0259,0,0.7241880893707275,0.27581191062927246
Lung_Dx-A0259,0,0.3559042811393738,0.6440956592559814
Lung_Dx-A0259,0,0.38398051261901855,0.6160194277763367
Lung_Dx-A0259,0,0.8392734527587891,0.16072654724121094
Lung_Dx-A0259,0,0.9581479430198669,0.041852131485939026
Lung_Dx-A0259,0,0.9392480850219727,0.06075190752744675
Lung_Dx-A0259,0,0.7803278565406799,0.21967211365699768
Lung_Dx-A0259,0,0.9764904975891113,0.023509450256824493
Lung_Dx-A0259,0,0.9064877033233643,0.09351230412721634
Lung_Dx-A0259,0,0.347869336605072,0.6521306037902832
Lung_Dx-A0259,0,0.8012368679046631,0.19876310229301453
Lung_Dx-A0259,0,0.741065502166748,0.25893455743789673
Lung_Dx-A0259,0,0.776707649230957,0.22329238057136536
Lung_Dx-A0259,0,0.5103744864463806,0.4896255135536194
Lung_Dx-A0259,0,0.9246877431869507,0.0753123089671135
Lung_Dx-A0259,0,0.9624972343444824,0.03750273957848549
Lung_Dx-A0259,0,0.8364877700805664,0.1635122001171112
Lung_Dx-A0259,0,0.9652831554412842,0.0347168855369091
Lung_Dx-A0259,0,0.4838923215866089,0.5161076784133911
Lung_Dx-A0259,0,0.9436599016189575,0.05634009465575218
Lung_Dx-A0259,0,0.7403151988983154,0.25968483090400696
Lung_Dx-A0259,0,0.39562296867370605,0.604377031326294
Lung_Dx-A0259,0,0.38018351793289185,0.6198165416717529
Lung_Dx-A0259,0,0.1200256273150444,0.879974365234375
Lung_Dx-A0259,0,0.5603015422821045,0.4396984875202179
Lung_Dx-A0259,0,0.6777940392494202,0.3222059905529022
Lung_Dx-A0259,0,0.19490359723567963,0.805096447467804
Lung_Dx-A0259,0,0.3339918255805969,0.6660082340240479
Lung_Dx-A0259,0,0.1603974997997284,0.839602530002594
Lung_Dx-A0259,0,0.4836522340774536,0.5163478255271912
Lung_Dx-A0259,0,0.5913398265838623,0.4086602032184601
Lung_Dx-A0259,0,0.5644586086273193,0.4355413615703583
Lung_Dx-A0259,0,0.23961614072322845,0.7603838443756104
Lung_Dx-A0259,0,0.5486205816268921,0.4513794183731079
Lung_Dx-A0259,0,0.36789458990097046,0.6321054100990295
Lung_Dx-A0259,0,0.020332353189587593,0.9796676635742188
Lung_Dx-A0259,0,0.2979293465614319,0.7020705938339233
Lung_Dx-A0259,0,0.42279505729675293,0.5772049427032471
Lung_Dx-A0259,0,0.27938589453697205,0.7206140756607056
Lung_Dx-A0259,0,0.38533851504325867,0.6146615147590637
Lung_Dx-A0259,0,0.1550145000219345,0.8449854850769043
Lung_Dx-A0259,0,0.0420483723282814,0.9579516053199768
Lung_Dx-A0259,0,0.008046386763453484,0.9919535517692566
Lung_Dx-A0259,0,0.01824677549302578,0.9817532300949097
Lung_Dx-A0259,0,0.05315703526139259,0.9468429088592529
Lung_Dx-A0259,0,0.002704429440200329,0.9972955584526062
Lung_Dx-A0259,0,0.002952147973701358,0.9970478415489197
Lung_Dx-A0259,0,1.7848135030362755e-05,0.9999821186065674
Lung_Dx-A0259,0,0.00034531671553850174,0.9996546506881714
Lung_Dx-A0259,0,8.97468544280855e-06,0.9999910593032837
Lung_Dx-A0259,0,8.664652341394685e-06,0.9999912977218628
Lung_Dx-A0259,0,0.00313583598472178,0.9968641400337219
Lung_Dx-A0259,0,0.09619516879320145,0.9038048982620239
Lung_Dx-A0259,0,0.26383641362190247,0.7361635565757751
Lung_Dx-A0259,0,0.012312326580286026,0.9876876473426819
Lung_Dx-A0259,0,0.0696682333946228,0.9303317666053772
Lung_Dx-A0259,0,0.05717659369111061,0.9428234100341797
Lung_Dx-A0259,0,0.21967211365699768,0.7803278565406799
Lung_Dx-A0259,0,0.26336249709129333,0.7366374731063843
Lung_Dx-G0034,1,0.4969177544116974,0.503082275390625
Lung_Dx-G0034,1,0.9001354575157166,0.09986454993486404
Lung_Dx-G0034,1,0.9288618564605713,0.0711381733417511
Lung_Dx-G0034,1,0.824603259563446,0.17539678514003754
Lung_Dx-G0034,1,0.702734112739563,0.297265887260437
Lung_Dx-G0034,1,0.9642878174781799,0.035712167620658875
Lung_Dx-G0034,1,0.9537081718444824,0.046291906386613846
Lung_Dx-G0034,1,0.9795506000518799,0.02044939622282982
Lung_Dx-G0034,1,0.9787938594818115,0.021206120029091835
Lung_Dx-G0034,1,0.9893885254859924,0.01061142049729824
Lung_Dx-G0034,1,0.9647224545478821,0.03527754545211792
Lung_Dx-G0034,1,0.9836598634719849,0.01634012721478939
Lung_Dx-G0034,1,0.9878761768341064,0.012123755179345608
Lung_Dx-G0034,1,0.9584600329399109,0.04153996706008911
Lung_Dx-G0034,1,0.9749884009361267,0.02501159906387329
Lung_Dx-G0034,1,0.9713473320007324,0.028652669861912727
Lung_Dx-G0034,1,0.9581479430198669,0.041852131485939026
Lung_Dx-G0034,1,0.9502266049385071,0.0497734472155571
Lung_Dx-G0034,1,0.9466460347175598,0.05335398390889168
Lung_Dx-G0034,1,0.9303950071334839,0.06960495561361313
Lung_Dx-G0034,1,0.953057050704956,0.04694293066859245
Lung_Dx-G0034,1,0.9340951442718506,0.06590478867292404
Lung_Dx-G0034,1,0.9621431827545166,0.03785684332251549
Lung_Dx-G0034,1,0.9708817005157471,0.029118353500962257
Lung_Dx-G0034,1,0.9634374976158142,0.03656250610947609
Lung_Dx-G0034,1,0.9834227561950684,0.01657724939286709
Lung_Dx-G0034,1,0.9210741519927979,0.07892587780952454
Lung_Dx-G0034,1,0.982185423374176,0.017814530059695244
Lung_Dx-G0034,1,0.9872527718544006,0.012747266329824924
Lung_Dx-G0034,1,0.9906960725784302,0.00930394884198904
Lung_Dx-G0034,1,0.9955315589904785,0.00446838466450572
Lung_Dx-G0034,1,0.9723097085952759,0.027690257877111435
Lung_Dx-G0034,1,0.9885361194610596,0.011463796719908714
Lung_Dx-G0034,1,0.915280282497406,0.08471965044736862
Lung_Dx-G0034,1,0.9961155652999878,0.0038844766095280647
Lung_Dx-G0034,1,0.9880388379096985,0.01196109876036644
Lung_Dx-G0034,1,0.9778622388839722,0.0221377182751894
Lung_Dx-G0034,1,0.9844563603401184,0.015543648041784763
Lung_Dx-G0034,1,0.9812389612197876,0.018761085346341133
Lung_Dx-G0034,1,0.9988304972648621,0.0011695101857185364
Lung_Dx-G0034,1,0.9819099307060242,0.01808999478816986
Lung_Dx-G0034,1,0.9965837001800537,0.00341627886518836
Lung_Dx-G0034,1,0.9917002320289612,0.008299686945974827
Lung_Dx-G0034,1,0.9962564706802368,0.0037434976547956467
Lung_Dx-G0034,1,0.986415684223175,0.01358439214527607
Lung_Dx-G0034,1,0.9992591738700867,0.0007408056408166885
Lung_Dx-G0034,1,0.9994329810142517,0.0005669856327585876
Lung_Dx-G0034,1,0.9996199607849121,0.0003799845289904624
Lung_Dx-G0034,1,0.9996373653411865,0.00036259007174521685
Lung_Dx-G0034,1,0.9998345375061035,0.00016539123316761106
Lung_Dx-G0034,1,0.9997463822364807,0.00025365117471665144
Lung_Dx-G0034,1,0.9964893460273743,0.0035106490831822157
Lung_Dx-G0034,1,0.9991323351860046,0.0008676726138219237
Lung_Dx-G0034,1,0.9071478247642517,0.0928521603345871
Lung_Dx-G0034,1,0.9855521321296692,0.014447852969169617
Lung_Dx-G0034,1,0.991859495639801,0.008140463382005692
Lung_Dx-G0034,1,0.9971272349357605,0.0028727480676025152
Lung_Dx-G0034,1,0.984351396560669,0.015648599714040756
Lung_Dx-G0034,1,0.7084395289421082,0.29156047105789185
Lung_Dx-G0034,1,0.8848377466201782,0.11516223102807999
Lung_Dx-G0034,1,0.38754546642303467,0.6124545335769653
Lung_Dx-G0034,1,0.9804125428199768,0.019587421789765358
Lung_Dx-G0034,1,0.9494354724884033,0.05056453496217728
Lung_Dx-G0034,1,0.9207183718681335,0.07928157597780228
Lung_Dx-G0034,1,0.8180474042892456,0.18195265531539917
Lung_Dx-G0034,1,0.4305214285850525,0.5694785714149475
Lung_Dx-G0034,1,0.9248236417770386,0.07517640292644501
Lung_Dx-G0034,1,0.31618449091911316,0.6838154792785645
Lung_Dx-G0034,1,0.8990771174430847,0.10092291980981827
Lung_Dx-G0034,1,0.7471088767051697,0.25289109349250793
Lung_Dx-G0034,1,0.9095460772514343,0.09045388549566269
Lung_Dx-G0034,1,0.15739570558071136,0.8426043391227722
Lung_Dx-G0034,1,0.2283715456724167,0.7716284394264221
Lung_Dx-G0034,1,0.04088399186730385,0.9591160416603088
Lung_Dx-G0034,1,0.4221472442150116,0.577852725982666
Lung_Dx-G0034,1,0.992046594619751,0.007953389547765255
Lung_Dx-G0034,1,0.9999027252197266,9.72351263044402e-05
Lung_Dx-G0034,1,0.9996215105056763,0.0003785036678891629
Lung_Dx-G0034,1,0.9987672567367554,0.001232760725542903
Lung_Dx-G0037,1,0.9995643496513367,0.0004356301506049931
Lung_Dx-G0037,1,0.9996812343597412,0.0003187510883435607
Lung_Dx-G0037,1,0.9988282322883606,0.0011717940215021372
Lung_Dx-G0037,1,0.9954082369804382,0.004591683391481638
Lung_Dx-G0037,1,0.9995131492614746,0.0004869057156611234
Lung_Dx-G0037,1,0.9976403713226318,0.0023596605751663446
Lung_Dx-G0037,1,0.9901019334793091,0.009898063726723194
Lung_Dx-G0037,1,0.988711953163147,0.011288074776530266
Lung_Dx-G0037,1,0.9929881691932678,0.007011795416474342
Lung_Dx-G0037,1,0.9944880604743958,0.005511933472007513
Lung_Dx-G0037,1,0.9991457462310791,0.0008542320574633777
Lung_Dx-G0037,1,0.9979652166366577,0.002034817123785615
Lung_Dx-G0037,1,0.9975751042366028,0.0024249141570180655
Lung_Dx-G0037,1,0.9997192025184631,0.00028075865702703595
Lung_Dx-G0037,1,0.9986249208450317,0.001375048072077334
Lung_Dx-G0037,1,0.9991672039031982,0.0008328334079124033
Lung_Dx-G0037,1,0.9979089498519897,0.0020911062601953745
Lung_Dx-G0037,1,0.9988752007484436,0.0011247574584558606
Lung_Dx-G0037,1,0.9986461997032166,0.001353758736513555
Lung_Dx-G0037,1,0.9978883862495422,0.002111583948135376
Lung_Dx-G0037,1,0.9984052777290344,0.0015947326319292188
Lung_Dx-G0037,1,0.9993307590484619,0.0006693099276162684
Lung_Dx-G0037,1,0.9974589943885803,0.002540992572903633
Lung_Dx-G0037,1,0.9983256459236145,0.0016743994783610106
Lung_Dx-G0037,1,0.9964550733566284,0.0035449787974357605
Lung_Dx-G0037,1,0.9987157583236694,0.0012843082658946514
Lung_Dx-G0037,1,0.9990130662918091,0.0009869320783764124
Lung_Dx-G0037,1,0.999312162399292,0.0006878511630930007
Lung_Dx-G0037,1,0.99935382604599,0.0006462032906711102
Lung_Dx-G0037,1,0.998798131942749,0.001201891340315342
Lung_Dx-G0037,1,0.9978594183921814,0.002140589291229844
Lung_Dx-G0037,1,0.9910838603973389,0.008916126564145088
Lung_Dx-G0037,1,0.9891605973243713,0.01083937007933855
Lung_Dx-G0037,1,0.9948000907897949,0.005199880339205265
Lung_Dx-G0037,1,0.9807841777801514,0.019215846434235573
Lung_Dx-G0037,1,0.9820826053619385,0.017917344346642494
Lung_Dx-G0037,1,2.9889639336033724e-05,0.9999700784683228
Lung_Dx-G0037,1,0.271348237991333,0.728651762008667
Lung_Dx-G0037,1,0.08419107645750046,0.915808916091919
Lung_Dx-G0037,1,0.0616496205329895,0.9383503198623657
Lung_Dx-G0037,1,0.03182874992489815,0.9681711792945862
Lung_Dx-G0037,1,0.0036006029695272446,0.9963994026184082
Lung_Dx-G0037,1,2.5071594791370444e-05,0.9999749660491943
Lung_Dx-G0037,1,0.018546564504504204,0.9814534187316895
Lung_Dx-G0037,1,0.7486969232559204,0.2513030171394348
Lung_Dx-G0037,1,0.9963215589523315,0.003678509034216404
Lung_Dx-G0037,1,0.970436692237854,0.02956334501504898
Lung_Dx-G0037,1,0.5088491439819336,0.491150826215744
Lung_Dx-G0037,1,0.9004859924316406,0.0995139554142952
Lung_Dx-G0049,1,0.033431366086006165,0.9665687084197998
Lung_Dx-G0049,1,0.4579850733280182,0.5420149564743042
Lung_Dx-G0049,1,0.4656912088394165,0.5343087315559387
Lung_Dx-G0049,1,0.05959219112992287,0.9404078125953674
Lung_Dx-G0049,1,0.9720985889434814,0.02790137566626072
Lung_Dx-G0049,1,0.16013464331626892,0.8398653864860535
Lung_Dx-G0049,1,0.7670797109603882,0.23292027413845062
Lung_Dx-G0049,1,0.17335817217826843,0.826641857624054
Lung_Dx-G0049,1,0.14134065806865692,0.8586593270301819
Lung_Dx-G0049,1,0.9685303568840027,0.03146960213780403
Lung_Dx-G0049,1,0.01867140643298626,0.9813286066055298
Lung_Dx-G0049,1,0.21659092605113983,0.783409059047699
Lung_Dx-G0049,1,0.30033501982688904,0.6996649503707886
Lung_Dx-G0049,1,0.8890480995178223,0.11095188558101654
Lung_Dx-G0049,1,0.8528435826301575,0.14715643227100372
Lung_Dx-G0049,1,0.06114313751459122,0.938856840133667
Lung_Dx-G0049,1,0.07857164740562439,0.9214283227920532
Lung_Dx-G0049,1,0.3015419840812683,0.6984580159187317
Lung_Dx-G0049,1,0.47457030415534973,0.5254296660423279
Lung_Dx-G0049,1,0.28477486968040466,0.715225100517273
Lung_Dx-G0049,1,0.06891250610351562,0.9310875535011292
Lung_Dx-G0049,1,0.1250653862953186,0.8749346137046814
Lung_Dx-G0049,1,0.9902538657188416,0.009746103547513485
Lung_Dx-G0049,1,0.807877779006958,0.1921221762895584
Lung_Dx-G0049,1,0.11676400899887085,0.8832359910011292
Lung_Dx-G0049,1,0.002467810409143567,0.9975321292877197
Lung_Dx-G0049,1,0.0031480705365538597,0.9968519806861877
Lung_Dx-G0049,1,0.009633652865886688,0.9903663396835327
Lung_Dx-G0049,1,0.0401625819504261,0.9598374962806702
Lung_Dx-G0049,1,0.046421416103839874,0.9535785913467407
Lung_Dx-G0049,1,0.03419705107808113,0.9658029675483704
Lung_Dx-G0049,1,0.00015356240328401327,0.9998464584350586
Lung_Dx-G0049,1,0.0694785863161087,0.9305214285850525
Lung_Dx-G0049,1,3.99075033783447e-05,0.9999600648880005
Lung_Dx-G0049,1,0.021677378565073013,0.9783226251602173
Lung_Dx-G0049,1,0.005899603012949228,0.9941003918647766
Lung_Dx-G0049,1,0.5548700094223022,0.44513002038002014
Lung_Dx-G0049,1,0.0022961588110774755,0.9977038502693176
Lung_Dx-G0049,1,0.006984649691730738,0.9930152893066406
Lung_Dx-G0049,1,0.003422935027629137,0.9965770840644836
Lung_Dx-G0049,1,0.0991208553314209,0.9008791446685791
Lung_Dx-G0049,1,0.00655152415856719,0.9934484362602234
Lung_Dx-G0049,1,0.5942275524139404,0.40577250719070435
Lung_Dx-G0049,1,0.7668615579605103,0.23313842713832855
Lung_Dx-G0049,1,0.16324524581432343,0.8367547988891602
Lung_Dx-G0049,1,0.17795370519161224,0.8220463395118713
Lung_Dx-G0049,1,2.6016164156317245e-06,0.9999973773956299
Lung_Dx-G0049,1,0.1253327876329422,0.874667227268219
Lung_Dx-G0049,1,0.005426943302154541,0.9945730566978455
Lung_Dx-G0049,1,0.0021573419217020273,0.9978426694869995
Lung_Dx-G0049,1,0.0030101987067610025,0.9969897270202637
Lung_Dx-G0049,1,0.03792804479598999,0.9620718955993652
Lung_Dx-G0056,1,4.5044595026411116e-05,0.9999549388885498
Lung_Dx-G0056,1,1.3979968116473174e-06,0.9999985694885254
Lung_Dx-G0056,1,0.0005781619693152606,0.9994218349456787
Lung_Dx-G0056,1,0.0002802110102493316,0.9997197985649109
Lung_Dx-G0056,1,3.386926618986763e-05,0.9999661445617676
Lung_Dx-G0056,1,2.591473730717553e-06,0.9999973773956299
Lung_Dx-G0056,1,0.0006154272705316544,0.9993845224380493
Lung_Dx-G0056,1,0.00022516825993079692,0.9997748732566833
Lung_Dx-G0056,1,3.494435077300295e-05,0.9999650716781616
Lung_Dx-G0056,1,0.0009039677097462118,0.9990960359573364
Lung_Dx-G0056,1,0.00022604932019021362,0.9997739195823669
Lung_Dx-G0056,1,4.75644895914229e-07,0.9999995231628418
Lung_Dx-G0056,1,0.00010150382877327502,0.9998984336853027
Lung_Dx-G0056,1,0.008030813187360764,0.9919691681861877
Lung_Dx-G0056,1,0.0012255674228072166,0.9987744688987732
Lung_Dx-G0056,1,0.006351235322654247,0.9936487078666687
Lung_Dx-G0056,1,0.05592617765069008,0.9440738558769226
Lung_Dx-G0056,1,0.08985311537981033,0.9101468920707703
Lung_Dx-G0056,1,0.055310651659965515,0.9446893334388733
Lung_Dx-G0056,1,0.0008409994770772755,0.9991589784622192
Lung_Dx-G0056,1,0.015130728483200073,0.9848692417144775
Lung_Dx-G0056,1,1.6964428141363896e-05,0.9999830722808838
Lung_Dx-G0056,1,0.00011412239837227389,0.9998859167098999
Lung_Dx-G0056,1,4.3829644710058346e-05,0.9999561309814453
Lung_Dx-G0056,1,0.0011446805438026786,0.9988553524017334
Lung_Dx-G0056,1,0.0005053045460954309,0.9994946718215942
Lung_Dx-G0056,1,0.0001547666179249063,0.9998452663421631
Lung_Dx-G0056,1,0.0009491591481491923,0.9990507960319519
Lung_Dx-G0056,1,9.590888112143148e-06,0.9999904632568359
Lung_Dx-G0056,1,7.155255843827035e-06,0.999992847442627
Lung_Dx-G0056,1,8.732609785511158e-06,0.9999912977218628
Lung_Dx-G0056,1,7.071895652188687e-06,0.9999929666519165
Lung_Dx-G0056,1,0.0006986756925471127,0.9993013143539429
Lung_Dx-G0056,1,1.1212865501875058e-05,0.9999887943267822
Lung_Dx-G0056,1,8.2523598393891e-05,0.9999175071716309
Lung_Dx-G0056,1,0.01822929084300995,0.9817706942558289
Lung_Dx-G0056,1,0.011072160676121712,0.9889278411865234
Lung_Dx-G0056,1,0.010631944984197617,0.9893680214881897
Lung_Dx-G0056,1,0.001299427356570959,0.9987004995346069
Lung_Dx-G0056,1,0.022053318098187447,0.9779467582702637
Lung_Dx-G0056,1,0.008898884057998657,0.991101086139679
Lung_Dx-G0056,1,0.00043990332051180303,0.9995600581169128
Lung_Dx-G0056,1,0.017492765560746193,0.9825071692466736
Lung_Dx-G0056,1,0.008299686945974827,0.9917002320289612
Lung_Dx-G0056,1,0.042009055614471436,0.9579908847808838
Lung_Dx-G0056,1,0.004857966210693121,0.9951419830322266
Lung_Dx-G0056,1,0.03825005888938904,0.9617499113082886
Lung_Dx-G0056,1,0.007968815043568611,0.9920312166213989
Lung_Dx-G0056,1,0.00021909605129621923,0.9997809529304504
