patient,y,p0,p1
Lung_Dx-A0175,0,0.8067765235900879,0.1932234913110733
Lung_Dx-A0175,0,0.5875290632247925,0.4124709963798523
Lung_Dx-A0175,0,0.6887825131416321,0.3112174868583679
Lung_Dx-A0175,0,0.7824547290802002,0.21754522621631622
Lung_Dx-A0175,0,0.7977932095527649,0.2022067755460739
Lung_Dx-A0175,0,0.8507168292999268,0.14928317070007324
Lung_Dx-A0175,0,0.8302847146987915,0.1697152704000473
Lung_Dx-A0175,0,0.8499711751937866,0.15002882480621338
Lung_Dx-A0175,0,0.6296892166137695,0.37031078338623047
Lung_Dx-A0175,0,0.5127993226051331,0.48720064759254456
Lung_Dx-A0175,0,0.9597620368003845,0.04023794084787369
Lung_Dx-A0175,0,0.8760523796081543,0.12394767254590988
Lung_Dx-A0175,0,0.7551407814025879,0.2448592185974121
Lung_Dx-A0175,0,0.8897685408592224,0.11023147404193878
Lung_Dx-A0175,0,0.31607893109321594,0.6839210987091064
Lung_Dx-A0175,0,0.41562506556510925,0.5843749642372131
Lung_Dx-A0175,0,0.9096665382385254,0.09033343940973282
Lung_Dx-A0175,0,0.6700687408447266,0.32993122935295105
Lung_Dx-A0175,0,0.45096755027770996,0.5490323901176453
Lung_Dx-A0175,0,0.5030517578125,0.4969483017921448
Lung_Dx-A0175,0,0.6108888387680054,0.389111191034317
Lung_Dx-A0175,0,0.6095060110092163,0.3904940187931061
Lung_Dx-A0175,0,0.9516838788986206,0.048316068947315216
Lung_Dx-A0175,0,0.4414322078227997,0.5585678219795227
Lung_Dx-A0175,0,0.9499951004981995,0.05000489577651024
Lung_Dx-A0175,0,0.9066118001937866,0.09338820725679398
Lung_Dx-A0175,0,0.8957052826881409,0.10429472476243973
Lung_Dx-A0175,0,0.825659990310669,0.17433996498584747
Lung_Dx-A0175,0,0.47586411237716675,0.5241358876228333
Lung_Dx-A0175,0,0.5227732062339783,0.47722676396369934
Lung_Dx-A0175,0,0.9330047965049744,0.06699522584676743
Lung_Dx-A0175,0,0.6157234907150269,0.38427653908729553
Lung_Dx-A0175,0,0.32645928859710693,0.6735407114028931
Lung_Dx-A0175,0,0.7309625148773193,0.2690374255180359
Lung_Dx-A0176,0,0.9140608906745911,0.08593913912773132
Lung_Dx-A0176,0,0.9660279750823975,0.03397199511528015
Lung_Dx-A0176,0,0.9708817005157471,0.029118353500962257
Lung_Dx-A0176,0,0.7799091339111328,0.22009089589118958
Lung_Dx-A0176,0,0.9773275852203369,0.022672437131404877
Lung_Dx-A0176,0,0.897650420665741,0.10234955698251724
Lung_Dx-A0176,0,0.9009662866592407,0.09903368353843689
Lung_Dx-A0176,0,0.9019206762313843,0.09807932376861572
Lung_Dx-A0176,0,0.9483940601348877,0.051605965942144394
Lung_Dx-A0176,0,0.9046083688735962,0.09539158642292023
Lung_Dx-A0176,0,0.847778856754303,0.1522212028503418
Lung_Dx-A0176,0,0.95163893699646,0.04836099222302437
Lung_Dx-A0176,0,0.929951012134552,0.07004895806312561
Lung_Dx-A0176,0,0.907230019569397,0.09276992827653885
Lung_Dx-A0176,0,0.9709368348121643,0.029063189402222633
Lung_Dx-A0176,0,0.850902795791626,0.1490972340106964
Lung_Dx-A0176,0,0.9063219428062439,0.09367799758911133
Lung_Dx-A0176,0,0.9701834917068481,0.02981654182076454
Lung_Dx-A0176,0,0.9561454057693481,0.04385456442832947
Lung_Dx-A0176,0,0.83635413646698,0.16364581882953644
Lung_Dx-A0176,0,0.8692712783813477,0.13072869181632996
Lung_Dx-A0176,0,0.8118252158164978,0.1881747543811798
Lung_Dx-A0176,0,0.8313485383987427,0.16865147650241852
Lung_Dx-A0176,0,0.9575167298316956,0.04248320683836937
Lung_Dx-A0176,0,0.9141375422477722,0.08586245775222778
Lung_Dx-A0176,0,0.9277569651603699,0.07224300503730774
Lung_Dx-A0176,0,0.9577149748802185,0.042285025119781494
Lung_Dx-A0176,0,0.8772666454315186,0.12273333966732025
Lung_Dx-A0176,0,0.95707768201828,0.04292234033346176
Lung_Dx-A0176,0,0.835952877998352,0.16404719650745392
Lung_Dx-A0176,0,0.9874841570854187,0.012515857815742493
Lung_Dx-A0176,0,0.7881758809089661,0.21182416379451752
Lung_Dx-A0176,0,0.9357587099075317,0.06424132734537125
Lung_Dx-A0176,0,0.9576358199119568,0.04236419126391411
Lung_Dx-A0176,0,0.8375535607337952,0.16244646906852722
Lung_Dx-A0176,0,0.8929365277290344,0.10706345736980438
Lung_Dx-A0176,0,0.8006919622421265,0.19930800795555115
Lung_Dx-A0176,0,0.8354163765907288,0.16458357870578766
Lung_Dx-A0176,0,0.8433797955513,0.15662017464637756
Lung_Dx-A0180,0,0.9687380790710449,0.03126191347837448
Lung_Dx-A0180,0,0.7975568175315857,0.2024431824684143
Lung_Dx-A0180,0,0.9225521683692932,0.07744785398244858
Lung_Dx-A0180,0,0.8490347862243652,0.15096519887447357
Lung_Dx-A0180,0,0.930268406867981,0.06973154842853546
Lung_Dx-A0180,0,0.7824963331222534,0.21750368177890778
Lung_Dx-A0180,0,0.8492849469184875,0.15071502327919006
Lung_Dx-A0180,0,0.9151287078857422,0.08487121760845184
Lung_Dx-A0180,0,0.7747538685798645,0.22524616122245789
Lung_Dx-A0180,0,0.8988997340202332,0.10110028833150864
Lung_Dx-A0180,0,0.9487276077270508,0.051272422075271606
Lung_Dx-A0180,0,0.7643643021583557,0.23563562333583832
Lung_Dx-A0180,0,0.8775817155838013,0.12241824716329575
Lung_Dx-A0180,0,0.9810764789581299,0.018923569470643997
Lung_Dx-A0180,0,0.7926247715950012,0.2073751986026764
Lung_Dx-A0180,0,0.9444336295127869,0.05556634068489075
Lung_Dx-A0180,0,0.936168372631073,0.06383161246776581
Lung_Dx-A0180,0,0.8546422123908997,0.14535783231258392
Lung_Dx-A0180,0,0.8123096227645874,0.1876903921365738
Lung_Dx-A0180,0,0.886322021484375,0.11367794871330261
Lung_Dx-A0180,0,0.89674973487854,0.10325025767087936
Lung_Dx-A0180,0,0.909062922000885,0.09093711525201797
Lung_Dx-A0180,0,0.9351691007614136,0.06483088433742523
Lung_Dx-A0180,0,0.8458470106124878,0.15415304899215698
Lung_Dx-A0180,0,0.890912652015686,0.10908732563257217
Lung_Dx-A0180,0,0.864367663860321,0.13563229143619537
Lung_Dx-A0180,0,0.95735764503479,0.042642395943403244
Lung_Dx-A0180,0,0.929951012134552,0.07004895806312561
Lung_Dx-A0180,0,0.8092005848884583,0.19079941511154175
Lung_Dx-A0180,0,0.8860265612602234,0.1139734610915184
Lung_Dx-A0180,0,0.8258005380630493,0.1741994470357895
Lung_Dx-A0180,0,0.8444731831550598,0.15552686154842377
Lung_Dx-A0180,0,0.9328213930130005,0.06717856973409653
Lung_Dx-A0180,0,0.9007046222686768,0.09929539263248444
Lung_Dx-A0180,0,0.9188450574874878,0.08115489780902863
Lung_Dx-A0180,0,0.8862236142158508,0.11377637088298798
Lung_Dx-A0180,0,0.9465473294258118,0.05345271900296211
Lung_Dx-A0180,0,0.7416272163391113,0.2583727538585663
Lung_Dx-A0180,0,0.9746769666671753,0.025323061272501945
Lung_Dx-A0180,0,0.9178197383880615,0.08218025416135788
Lung_Dx-A0180,0,0.87716144323349,0.12283853441476822
Lung_Dx-A0180,0,0.9318356513977051,0.06816437840461731
Lung_Dx-A0180,0,0.9252974390983582,0.07470250874757767
Lung_Dx-A0181,0,0.8851855993270874,0.114814393222332
Lung_Dx-A0181,0,0.9022226333618164,0.09777738898992538
Lung_Dx-A0181,0,0.9153559803962708,0.08464395999908447
Lung_Dx-A0181,0,0.6435533165931702,0.35644665360450745
Lung_Dx-A0181,0,0.22270014882087708,0.7772998809814453
Lung_Dx-A0181,0,0.9307735562324524,0.0692264586687088
Lung_Dx-A0181,0,0.05223085358738899,0.9477691650390625
Lung_Dx-A0181,0,0.10048072785139084,0.8995192646980286
Lung_Dx-A0181,0,0.656603217124939,0.3433968126773834
Lung_Dx-A0181,0,0.19860762357711792,0.8013923168182373
Lung_Dx-A0181,0,0.5384827256202698,0.4615173041820526
Lung_Dx-A0181,0,0.020061802119016647,0.9799382090568542
Lung_Dx-A0181,0,0.2628418505191803,0.7371581792831421
Lung_Dx-A0181,0,0.910902738571167,0.08909730613231659
Lung_Dx-A0181,0,0.17175468802452087,0.8282453417778015
Lung_Dx-A0181,0,0.9153182506561279,0.08468180149793625
Lung_Dx-A0181,0,0.6974543929100037,0.30254560708999634
Lung_Dx-A0181,0,0.8926093578338623,0.10739066451787949
Lung_Dx-A0181,0,0.05556634068489075,0.9444336295127869
Lung_Dx-A0181,0,0.8536689877510071,0.1463310569524765
Lung_Dx-A0181,0,0.3819829523563385,0.6180170774459839
Lung_Dx-A0181,0,0.19887977838516235,0.8011201620101929
Lung_Dx-A0181,0,0.5365254282951355,0.4634746015071869
Lung_Dx-A0181,0,0.2604365050792694,0.739563524723053
Lung_Dx-A0181,0,0.01824677549302578,0.9817532300949097
Lung_Dx-A0181,0,0.10479753464460373,0.8952023983001709
Lung_Dx-A0181,0,0.3733401894569397,0.6266598105430603
Lung_Dx-A0181,0,0.8626412153244019,0.13735881447792053
Lung_Dx-A0181,0,0.8812065720558167,0.11879339814186096
Lung_Dx-A0181,0,0.48498988151550293,0.5150101780891418
Lung_Dx-A0181,0,0.570290207862854,0.429709792137146
Lung_Dx-A0181,0,0.9315870404243469,0.0684129074215889
Lung_Dx-A0181,0,0.8557305932044983,0.14426937699317932
Lung_Dx-A0181,0,0.041969768702983856,0.9580301642417908
Lung_Dx-A0181,0,0.957912266254425,0.042087726294994354
Lung_Dx-A0181,0,0.8589553833007812,0.14104463160037994
Lung_Dx-A0181,0,0.7807878851890564,0.2192121148109436
Lung_Dx-A0181,0,0.4572881758213043,0.5427117943763733
Lung_Dx-A0181,0,0.9665370583534241,0.03346293419599533
Lung_Dx-A0181,0,0.438879132270813,0.561120867729187
Lung_Dx-A0181,0,0.15720152854919434,0.8427984118461609
Lung_Dx-A0181,0,0.8529967665672302,0.14700329303741455
Lung_Dx-A0181,0,0.6730304956436157,0.3269694745540619
Lung_Dx-A0181,0,0.35832148790359497,0.641678512096405
Lung_Dx-A0181,0,0.1139734610915184,0.8860265612602234
Lung_Dx-A0181,0,0.8724561333656311,0.12754392623901367
Lung_Dx-A0181,0,0.17560875415802002,0.82439124584198
Lung_Dx-A0181,0,0.2595088481903076,0.7404911518096924
Lung_Dx-A0181,0,0.8509646654129028,0.1490352898836136
Lung_Dx-A0181,0,0.39452528953552246,0.6054747104644775
Lung_Dx-A0181,0,0.2675516903400421,0.7324483394622803
Lung_Dx-A0181,0,0.21576356887817383,0.7842364311218262
Lung_Dx-A0181,0,0.9359345436096191,0.06406542658805847
Lung_Dx-A0181,0,0.917376697063446,0.08262329548597336
Lung_Dx-A0181,0,0.5297043323516846,0.47029566764831543
Lung_Dx-A0181,0,0.4043751358985901,0.5956248641014099
Lung_Dx-A0181,0,0.8768981695175171,0.12310183793306351
Lung_Dx-A0181,0,0.8828830122947693,0.11711697280406952
Lung_Dx-A0181,0,0.10488920658826828,0.8951108455657959
Lung_Dx-A0181,0,0.7703352570533752,0.22966477274894714
Lung_Dx-A0190,0,0.9576358199119568,0.04236419126391411
Lung_Dx-A0190,0,0.934155285358429,0.06584470719099045
Lung_Dx-A0190,0,0.897560715675354,0.10243932157754898
Lung_Dx-A0190,0,0.9363431930541992,0.0636567622423172
Lung_Dx-A0190,0,0.8794577121734619,0.12054230272769928
Lung_Dx-A0190,0,0.92950439453125,0.07049557566642761
Lung_Dx-A0190,0,0.8312115669250488,0.16878843307495117
Lung_Dx-A0190,0,0.984351396560669,0.015648599714040756
Lung_Dx-A0190,0,0.9526181817054749,0.047381773591041565
Lung_Dx-A0190,0,0.9363431930541992,0.0636567622423172
Lung_Dx-A0190,0,0.929440438747406,0.07055959850549698
Lung_Dx-A0190,0,0.9078037738800049,0.09219619631767273
Lung_Dx-A0190,0,0.8919522762298584,0.10804770141839981
Lung_Dx-A0190,0,0.9007918834686279,0.09920809417963028
Lung_Dx-A0190,0,0.9443824291229248,0.05561761558055878
Lung_Dx-A0190,0,0.8852352499961853,0.11476478725671768
Lung_Dx-A0190,0,0.9792947173118591,0.020705251023173332
Lung_Dx-A0190,0,0.9802808165550232,0.01971912570297718
Lung_Dx-A0190,0,0.9596109390258789,0.04038906842470169
Lung_Dx-A0190,0,0.9706321954727173,0.029367856681346893
Lung_Dx-A0190,0,0.9225521683692932,0.07744785398244858
Lung_Dx-A0190,0,0.8542170524597168,0.1457829624414444
Lung_Dx-A0190,0,0.9543930292129517,0.04560694471001625
Lung_Dx-A0190,0,0.9481545686721802,0.05184547230601311
Lung_Dx-A0190,0,0.8842393159866333,0.11576063930988312
Lung_Dx-A0190,0,0.8995634317398071,0.10043660551309586
Lung_Dx-A0190,0,0.9340951442718506,0.06590478867292404
Lung_Dx-A0204,0,0.95413738489151,0.04586266726255417
Lung_Dx-A0204,0,0.9779677391052246,0.02203226275742054
Lung_Dx-A0204,0,0.9739436507225037,0.026056304574012756
Lung_Dx-A0204,0,0.9778834581375122,0.022116590291261673
Lung_Dx-A0204,0,0.9803937673568726,0.019606182351708412
Lung_Dx-A0204,0,0.9669140577316284,0.03308597952127457
Lung_Dx-A0204,0,0.9824399948120117,0.01756002940237522
Lung_Dx-A0204,0,0.9799956679344177,0.020004287362098694
Lung_Dx-A0204,0,0.9646226167678833,0.035377390682697296
Lung_Dx-A0204,0,0.9662516117095947,0.03374836966395378
Lung_Dx-A0204,0,0.9571578502655029,0.04284217581152916
Lung_Dx-A0204,0,0.9870296716690063,0.012970387935638428
Lung_Dx-A0204,0,0.9819965362548828,0.018003465607762337
Lung_Dx-A0204,0,0.938010573387146,0.06198946014046669
Lung_Dx-A0204,0,0.9901971817016602,0.009802816435694695
Lung_Dx-A0204,0,0.9751782417297363,0.02482178807258606
Lung_Dx-A0204,0,0.987129271030426,0.01287075038999319
Lung_Dx-A0204,0,0.9818056225776672,0.018194368109107018
Lung_Dx-A0204,0,0.981788158416748,0.018211819231510162
Lung_Dx-A0204,0,0.9271657466888428,0.07283429801464081
Lung_Dx-A0204,0,0.9681711792945862,0.03182874992489815
Lung_Dx-A0204,0,0.9505488872528076,0.04945112764835358
Lung_Dx-A0204,0,0.9451974034309387,0.05480259656906128
Lung_Dx-A0204,0,0.9825071692466736,0.017492765560746193
Lung_Dx-A0213,0,0.9453993439674377,0.05460060387849808
Lung_Dx-A0213,0,0.8164063692092896,0.18359363079071045
Lung_Dx-A0213,0,0.6204527616500854,0.37954723834991455
Lung_Dx-A0213,0,0.8059378266334534,0.19406215846538544
Lung_Dx-A0213,0,0.7778909802436829,0.22210901975631714
Lung_Dx-A0213,0,0.9544354677200317,0.045564454048871994
Lung_Dx-A0213,0,0.9599877595901489,0.04001227021217346
Lung_Dx-A0213,0,0.9121626615524292,0.08783730864524841
Lung_Dx-A0213,0,0.8156734108924866,0.184326633810997
Lung_Dx-A0213,0,0.8845389485359192,0.11546110361814499
Lung_Dx-A0213,0,0.8158201575279236,0.1841798573732376
Lung_Dx-A0213,0,0.8337988257408142,0.16620120406150818
Lung_Dx-A0213,0,0.6700687408447266,0.32993122935295105
Lung_Dx-A0213,0,0.8023233413696289,0.19767668843269348
Lung_Dx-A0213,0,0.8752015233039856,0.124798484146595
Lung_Dx-A0213,0,0.954094648361206,0.045905422419309616
Lung_Dx-A0213,0,0.7449347972869873,0.2550652325153351
Lung_Dx-A0213,0,0.5842711925506592,0.4157288074493408
Lung_Dx-A0213,0,0.9226218461990356,0.07737810164690018
Lung_Dx-A0213,0,0.8250970244407654,0.17490297555923462
Lung_Dx-A0213,0,0.8431217074394226,0.15687835216522217
Lung_Dx-A0213,0,0.772015392780304,0.22798456251621246
Lung_Dx-A0213,0,0.9506864547729492,0.04931360483169556
Lung_Dx-A0213,0,0.8937275409698486,0.10627248138189316
Lung_Dx-A0213,0,0.8849372863769531,0.11506275832653046
Lung_Dx-A0213,0,0.5487339496612549,0.4512660801410675
Lung_Dx-A0213,0,0.9673795104026794,0.032620545476675034
Lung_Dx-A0213,0,0.9069007635116577,0.09309922158718109
Lung_Dx-A0213,0,0.9425067901611328,0.05749327689409256
Lung_Dx-A0213,0,0.9675945043563843,0.03240552172064781
Lung_Dx-A0213,0,0.84065181016922,0.15934817492961884
Lung_Dx-A0213,0,0.7585106492042542,0.24148939549922943
Lung_Dx-A0213,0,0.9565936326980591,0.04340633004903793
Lung_Dx-A0213,0,0.9453993439674377,0.05460060387849808
Lung_Dx-A0213,0,0.6204527616500854,0.37954723834991455
Lung_Dx-A0213,0,0.8059378266334534,0.19406215846538544
Lung_Dx-A0213,0,0.9544354677200317,0.045564454048871994
Lung_Dx-A0213,0,0.8585407733917236,0.14145924150943756
Lung_Dx-A0213,0,0.9303317666053772,0.0696682333946228
Lung_Dx-A0213,0,0.7018152475357056,0.29818472266197205
Lung_Dx-A0213,0,0.8845389485359192,0.11546110361814499
Lung_Dx-A0213,0,0.8337988257408142,0.16620120406150818
Lung_Dx-A0213,0,0.6700687408447266,0.32993122935295105
Lung_Dx-A0213,0,0.8023233413696289,0.19767668843269348
Lung_Dx-A0213,0,0.7449347972869873,0.2550652325153351
Lung_Dx-A0213,0,0.8250970244407654,0.17490297555923462
Lung_Dx-A0213,0,0.772015392780304,0.22798456251621246
Lung_Dx-A0213,0,0.9506864547729492,0.04931360483169556
Lung_Dx-A0213,0,0.8937275409698486,0.10627248138189316
Lung_Dx-A0213,0,0.8849372863769531,0.11506275832653046
Lung_Dx-A0213,0,0.5487339496612549,0.4512660801410675
Lung_Dx-A0213,0,0.9673795104026794,0.032620545476675034
Lung_Dx-A0213,0,0.9069007635116577,0.09309922158718109
Lung_Dx-A0213,0,0.9425067901611328,0.05749327689409256
Lung_Dx-A0213,0,0.9675945043563843,0.03240552172064781
Lung_Dx-A0213,0,0.8714748620986938,0.12852513790130615
Lung_Dx-A0213,0,0.84065181016922,0.15934817492961884
Lung_Dx-A0213,0,0.9565936326980591,0.04340633004903793
Lung_Dx-A0236,0,0.887740969657898,0.11225901544094086
Lung_Dx-A0236,0,0.8178656101226807,0.18213441967964172
Lung_Dx-A0236,0,0.9444848895072937,0.055515117943286896
Lung_Dx-A0236,0,0.9300780892372131,0.0699218362569809
Lung_Dx-A0236,0,0.9364595413208008,0.06354045122861862
Lung_Dx-A0236,0,0.9611344933509827,0.03886548429727554
Lung_Dx-A0236,0,0.9842457175254822,0.015754245221614838
Lung_Dx-A0236,0,0.8258707523345947,0.17412921786308289
Lung_Dx-A0236,0,0.85930997133255,0.14069007337093353
Lung_Dx-A0236,0,0.9455505013465881,0.054449573159217834
Lung_Dx-A0236,0,0.963711678981781,0.0362882986664772
Lung_Dx-A0236,0,0.8566324710845947,0.14336751401424408
Lung_Dx-A0236,0,0.9247556924819946,0.07524432986974716
Lung_Dx-A0236,0,0.9232470393180847,0.07675297558307648
Lung_Dx-A0236,0,0.9700418710708618,0.02995811589062214
Lung_Dx-A0236,0,0.869548499584198,0.1304514855146408
Lung_Dx-A0236,0,0.9754835963249207,0.024516336619853973
Lung_Dx-A0236,0,0.9310875535011292,0.06891250610351562
Lung_Dx-A0236,0,0.9267027974128723,0.07329727709293365
Lung_Dx-A0236,0,0.9050289392471313,0.09497107565402985
Lung_Dx-A0236,0,0.9681411385536194,0.03185885772109032
Lung_Dx-A0236,0,0.9790958166122437,0.020904194563627243
Lung_Dx-A0236,0,0.8365545868873596,0.16344544291496277
Lung_Dx-A0236,0,0.9207897186279297,0.0792103260755539
Lung_Dx-A0236,0,0.9556928277015686,0.04430721700191498
Lung_Dx-A0236,0,0.890389621257782,0.1096104308962822
Lung_Dx-A0236,0,0.9751782417297363,0.02482178807258606
Lung_Dx-A0236,0,0.9459512829780579,0.054048750549554825
Lung_Dx-A0236,0,0.9809308648109436,0.019069157540798187
Lung_Dx-A0236,0,0.959307074546814,0.04069295525550842
Lung_Dx-A0236,0,0.8921873569488525,0.10781264305114746
Lung_Dx-A0236,0,0.9544779658317566,0.04552200436592102
Lung_Dx-A0236,0,0.8873510956764221,0.11264889687299728
Lung_Dx-A0236,0,0.9717254042625427,0.028274601325392723
Lung_Dx-A0236,0,0.9698426127433777,0.030157409608364105
Lung_Dx-A0238,0,0.24617071449756622,0.753829300403595
Lung_Dx-A0238,0,0.5931085348129272,0.40689143538475037
Lung_Dx-A0238,0,0.6448683738708496,0.3551316559314728
Lung_Dx-A0238,0,0.5464810132980347,0.45351898670196533
Lung_Dx-A0238,0,0.1753261685371399,0.8246738314628601
Lung_Dx-A0238,0,0.5308141708374023,0.46918582916259766
Lung_Dx-A0238,0,0.04381363466382027,0.9561864137649536
Lung_Dx-A0238,0,0.4875323474407196,0.5124676823616028
Lung_Dx-A0238,0,0.7199007868766785,0.28009915351867676
Lung_Dx-A0238,0,0.5647587180137634,0.4352412819862366
Lung_Dx-A0238,0,0.5242881178855896,0.4757119119167328
Lung_Dx-A0238,0,0.4512660801410675,0.5487339496612549
Lung_Dx-A0238,0,0.5862711668014526,0.413728803396225
Lung_Dx-A0238,0,0.02598206140100956,0.9740179777145386
Lung_Dx-A0238,0,0.6394265294075012,0.3605734705924988
Lung_Dx-A0238,0,0.6051429510116577,0.3948570787906647
Lung_Dx-A0238,0,0.48852741718292236,0.5114725828170776
Lung_Dx-A0238,0,0.1773117184638977,0.8226882219314575
Lung_Dx-A0238,0,0.3971928656101227,0.6028071045875549
Lung_Dx-A0238,0,0.43624672293663025,0.5637532472610474
Lung_Dx-A0238,0,0.18495143949985504,0.8150485157966614
Lung_Dx-A0238,0,0.4070682227611542,0.5929318070411682
Lung_Dx-A0238,0,0.49523937702178955,0.5047605633735657
Lung_Dx-A0238,0,0.5769144892692566,0.4230855405330658
Lung_Dx-A0238,0,0.19597849249839783,0.8040214776992798
Lung_Dx-A0238,0,0.44061970710754395,0.559380292892456
Lung_Dx-A0238,0,0.29665428400039673,0.703345775604248
Lung_Dx-A0238,0,0.6334953308105469,0.3665046989917755
Lung_Dx-A0238,0,0.45586469769477844,0.544135332107544
Lung_Dx-A0238,0,0.29823583364486694,0.7017641663551331
Lung_Dx-A0238,0,0.30007854104042053,0.6999214291572571
Lung_Dx-A0238,0,0.17286889255046844,0.8271310925483704
Lung_Dx-A0238,0,0.3814643621444702,0.6185356974601746
Lung_Dx-A0238,0,0.5539879202842712,0.44601204991340637
Lung_Dx-A0238,0,0.43267756700515747,0.5673224329948425
Lung_Dx-A0238,0,0.6020140051841736,0.39798593521118164
Lung_Dx-A0238,0,0.42021292448043823,0.5797870755195618
Lung_Dx-A0238,0,0.2878679037094116,0.7121320366859436
Lung_Dx-A0238,0,0.2283715456724167,0.7716284394264221
Lung_Dx-A0238,0,0.27820777893066406,0.7217922210693359
Lung_Dx-A0238,0,0.6766199469566345,0.32338011264801025
Lung_Dx-A0238,0,0.3478139638900757,0.6521860361099243
Lung_Dx-A0238,0,0.6406779885292053,0.3593219816684723
Lung_Dx-A0238,0,0.10613343864679337,0.8938665986061096
Lung_Dx-A0238,0,0.2598373591899872,0.7401626110076904
Lung_Dx-A0238,0,0.08819004893302917,0.9118099808692932
Lung_Dx-A0238,0,0.8358858227729797,0.16411416232585907
Lung_Dx-A0238,0,0.7400334477424622,0.25996652245521545
Lung_Dx-A0238,0,0.39526182413101196,0.604738175868988
Lung_Dx-A0238,0,0.4183552861213684,0.5816447138786316
Lung_Dx-A0238,0,0.49238643050193787,0.5076135396957397
Lung_Dx-A0238,0,0.8242852091789246,0.17571482062339783
Lung_Dx-A0238,0,0.5481898188591003,0.45181021094322205
Lung_Dx-A0238,0,0.523085355758667,0.4769146144390106
Lung_Dx-A0238,0,0.6800557971000671,0.31994420289993286
Lung_Dx-A0238,0,0.19667187333106995,0.8033281564712524
Lung_Dx-A0238,0,0.47326162457466125,0.5267384052276611
Lung_Dx-A0238,0,0.38341042399406433,0.6165896058082581
Lung_Dx-A0238,0,0.45303499698638916,0.5469650626182556
Lung_Dx-A0238,0,0.459599107503891,0.5404009222984314
Lung_Dx-A0238,0,0.7217922210693359,0.27820777893066406
Lung_Dx-A0238,0,0.3635762631893158,0.6364237070083618
Lung_Dx-A0238,0,0.47731053829193115,0.5226894617080688
Lung_Dx-A0238,0,0.1274895966053009,0.8725103735923767
Lung_Dx-A0238,0,0.3364945352077484,0.6635054349899292
Lung_Dx-A0238,0,0.7211789488792419,0.2788209915161133
Lung_Dx-A0238,0,0.5396163463592529,0.4603836238384247
Lung_Dx-A0238,0,0.40350809693336487,0.5964919328689575
Lung_Dx-A0238,0,0.637538731098175,0.36246129870414734
Lung_Dx-A0238,0,0.2339687943458557,0.7660312056541443
Lung_Dx-A0238,0,0.34892240166664124,0.6510775685310364
Lung_Dx-A0238,0,0.17567944526672363,0.8243205547332764
Lung_Dx-A0238,0,0.12447882443666458,0.8755211234092712
Lung_Dx-A0238,0,0.6282933950424194,0.37170663475990295
Lung_Dx-A0242,0,0.7002290487289429,0.2997710108757019
Lung_Dx-A0242,0,0.3169834017753601,0.6830165386199951
Lung_Dx-A0242,0,0.349643737077713,0.6503562331199646
Lung_Dx-A0242,0,0.6686368584632874,0.33136311173439026
Lung_Dx-A0242,0,0.6219284534454346,0.37807151675224304
Lung_Dx-A0242,0,0.646027684211731,0.35397231578826904
Lung_Dx-A0242,0,0.5259775519371033,0.47402241826057434
Lung_Dx-A0242,0,0.391987681388855,0.6080123782157898
Lung_Dx-A0242,0,0.5197346210479736,0.480265349149704
Lung_Dx-A0242,0,0.5070490837097168,0.4929509162902832
Lung_Dx-A0242,0,0.6369319558143616,0.36306798458099365
Lung_Dx-A0242,0,0.2454465627670288,0.754553496837616
Lung_Dx-A0242,0,0.6445327997207642,0.35546720027923584
Lung_Dx-A0242,0,0.5097033381462097,0.4902966320514679
Lung_Dx-A0242,0,0.649161696434021,0.350838303565979
Lung_Dx-A0242,0,0.3979969024658203,0.6020030379295349
Lung_Dx-A0242,0,0.7326396107673645,0.2673603594303131
Lung_Dx-A0242,0,0.7638362646102905,0.23616373538970947
Lung_Dx-A0242,0,0.48944249749183655,0.5105575323104858
Lung_Dx-A0242,0,0.6531546115875244,0.34684544801712036
Lung_Dx-A0242,0,0.5264949202537537,0.47350507974624634
Lung_Dx-A0242,0,0.5936534404754639,0.40634652972221375
Lung_Dx-A0242,0,0.5578151941299438,0.44218480587005615
Lung_Dx-A0242,0,0.7496374249458313,0.2503625154495239
Lung_Dx-A0242,0,0.3782760500907898,0.6217239499092102
Lung_Dx-A0242,0,0.5462843179702759,0.45371562242507935
Lung_Dx-A0242,0,0.5446538329124451,0.4553461968898773
Lung_Dx-A0242,0,0.5305709838867188,0.46942904591560364
Lung_Dx-A0242,0,0.6379335522651672,0.36206647753715515
Lung_Dx-A0242,0,0.37282270193099976,0.6271772980690002
Lung_Dx-A0242,0,0.5317869186401367,0.46821311116218567
Lung_Dx-A0242,0,0.739022433757782,0.2609776258468628
Lung_Dx-A0242,0,0.7824131846427917,0.21758681535720825
Lung_Dx-A0242,0,0.7931860685348511,0.20681394636631012
Lung_Dx-A0242,0,0.41624781489372253,0.5837521553039551
Lung_Dx-A0242,0,0.3846520781517029,0.6153479814529419
Lung_Dx-A0242,0,0.7004852294921875,0.2995148301124573
Lung_Dx-A0242,0,0.4643094539642334,0.5356904864311218
Lung_Dx-A0242,0,0.4573790729045868,0.5426208972930908
Lung_Dx-A0242,0,0.6711474061012268,0.32885265350341797
Lung_Dx-A0242,0,0.7292305827140808,0.2707693576812744
Lung_Dx-A0242,0,0.5131805539131165,0.48681947588920593
Lung_Dx-A0242,0,0.7822469472885132,0.2177530974149704
Lung_Dx-A0242,0,0.4742963910102844,0.5257036685943604
Lung_Dx-A0242,0,0.611961841583252,0.38803809881210327
Lung_Dx-A0242,0,0.7056836485862732,0.2943163514137268
Lung_Dx-A0242,0,0.483617901802063,0.5163820385932922
Lung_Dx-A0242,0,0.6166040301322937,0.3833959996700287
Lung_Dx-A0242,0,0.6673374176025391,0.33266258239746094
Lung_Dx-A0242,0,0.6682581305503845,0.3317418694496155
Lung_Dx-A0242,0,0.3063195049762726,0.693680465221405
Lung_Dx-A0242,0,0.33973178267478943,0.6602681875228882
Lung_Dx-A0242,0,0.4092429280281067,0.5907570719718933
Lung_Dx-A0242,0,0.2836077809333801,0.7163922786712646
Lung_Dx-A0242,0,0.3542654812335968,0.6457345485687256
Lung_Dx-A0242,0,0.25367608666419983,0.7463239431381226
Lung_Dx-A0242,0,0.3642120361328125,0.6357879638671875
Lung_Dx-A0242,0,0.6728424429893494,0.32715752720832825
Lung_Dx-A0242,0,0.5217453241348267,0.4782547056674957
Lung_Dx-A0242,0,0.45556190609931946,0.5444381237030029
Lung_Dx-A0242,0,0.50030517578125,0.4996948540210724
Lung_Dx-A0242,0,0.44482100009918213,0.5551789999008179
Lung_Dx-A0242,0,0.3928462564945221,0.6071537733078003
Lung_Dx-A0242,0,0.8344069123268127,0.16559311747550964
Lung_Dx-A0242,0,0.6975445747375488,0.30245548486709595
Lung_Dx-A0242,0,0.5496859550476074,0.45031407475471497
Lung_Dx-A0242,0,0.16424816846847534,0.8357518315315247
Lung_Dx-A0242,0,0.17985445261001587,0.8201455473899841
Lung_Dx-A0242,0,0.5027770400047302,0.4972229301929474
Lung_Dx-A0242,0,0.5343087315559387,0.4656912088394165
Lung_Dx-A0242,0,0.49017462134361267,0.5098254084587097
Lung_Dx-A0242,0,0.36938613653182983,0.6306138038635254
Lung_Dx-A0242,0,0.5597112774848938,0.4402887523174286
Lung_Dx-A0242,0,0.5805898904800415,0.4194101393222809
Lung_Dx-A0242,0,0.07290027290582657,0.9270997643470764
Lung_Dx-A0242,0,0.26540419459342957,0.734595775604248
Lung_Dx-A0242,0,0.13776430487632751,0.8622356653213501
Lung_Dx-A0242,0,0.616070032119751,0.3839299976825714
Lung_Dx-A0242,0,0.11211313307285309,0.8878868818283081
Lung_Dx-A0242,0,0.3956010639667511,0.6043989062309265
Lung_Dx-A0242,0,0.5285181999206543,0.4714817702770233
Lung_Dx-A0242,0,0.3843487501144409,0.6156512498855591
Lung_Dx-A0242,0,0.47457030415534973,0.5254296660423279
Lung_Dx-A0242,0,0.6403548121452332,0.3596452474594116
Lung_Dx-A0242,0,0.39793840050697327,0.6020615696907043
Lung_Dx-A0242,0,0.31273719668388367,0.687262773513794
Lung_Dx-A0242,0,0.3371626138687134,0.6628373861312866
Lung_Dx-A0242,0,0.5318096876144409,0.4681902825832367
Lung_Dx-A0242,0,0.39711982011795044,0.6028802394866943
Lung_Dx-A0242,0,0.27968090772628784,0.7203190326690674
Lung_Dx-A0242,0,0.6827852725982666,0.3172147274017334
Lung_Dx-A0242,0,0.327140748500824,0.672859251499176
Lung_Dx-A0242,0,0.30347371101379395,0.696526288986206
Lung_Dx-A0242,0,0.663914144039154,0.33608585596084595
Lung_Dx-A0242,0,0.6984580159187317,0.3015419840812683
Lung_Dx-A0242,0,0.6946134567260742,0.3053865134716034
Lung_Dx-A0242,0,0.7043635845184326,0.29563647508621216
Lung_Dx-A0242,0,0.3687891960144043,0.6312107443809509
Lung_Dx-A0242,0,0.39008915424346924,0.6099108457565308
Lung_Dx-A0242,0,0.38377121090888977,0.6162288188934326
Lung_Dx-A0242,0,0.6446027159690857,0.3553972840309143
Lung_Dx-A0242,0,0.533822774887085,0.46617722511291504
Lung_Dx-A0242,0,0.5699611306190491,0.4300388991832733
Lung_Dx-A0242,0,0.5302060842514038,0.4697939157485962
Lung_Dx-A0242,0,0.3713076114654541,0.6286924481391907
Lung_Dx-A0242,0,0.36705756187438965,0.6329424381256104
Lung_Dx-A0242,0,0.2359876036643982,0.764012336730957
Lung_Dx-A0242,0,0.5394780039787292,0.46052202582359314
Lung_Dx-A0242,0,0.4782547056674957,0.5217453241348267
Lung_Dx-A0242,0,0.5964955687522888,0.4035044312477112
Lung_Dx-A0242,0,0.6902720928192139,0.3097279369831085
Lung_Dx-A0242,0,0.454714298248291,0.545285701751709
Lung_Dx-A0242,0,0.7691236138343811,0.2308764010667801
Lung_Dx-A0242,0,0.5460044145584106,0.4539955258369446
Lung_Dx-A0242,0,0.25321412086486816,0.7467858195304871
Lung_Dx-A0242,0,0.4737180769443512,0.5262818932533264
Lung_Dx-A0242,0,0.6958032846450806,0.30419668555259705
Lung_Dx-A0242,0,0.5849381685256958,0.4150618612766266
Lung_Dx-A0250,0,0.7908535599708557,0.2091464400291443
Lung_Dx-A0250,0,0.9139072895050049,0.08609268069267273
Lung_Dx-A0250,0,0.46511414647102356,0.534885823726654
Lung_Dx-A0250,0,0.7664684653282166,0.23353150486946106
Lung_Dx-A0250,0,0.8995192646980286,0.10048072785139084
Lung_Dx-A0250,0,0.9048609137535095,0.09513907879590988
Lung_Dx-A0250,0,0.8113772869110107,0.18862271308898926
Lung_Dx-A0250,0,0.7995597124099731,0.20044027268886566
Lung_Dx-A0250,0,0.46875640749931335,0.5312435626983643
Lung_Dx-A0250,0,0.20577459037303925,0.7942253947257996
Lung_Dx-A0250,0,0.38044238090515137,0.6195576190948486
Lung_Dx-A0250,0,0.7170614004135132,0.28293856978416443
Lung_Dx-A0250,0,0.9126699566841125,0.08733005076646805
Lung_Dx-A0250,0,0.793586254119873,0.20641371607780457
Lung_Dx-A0250,0,0.4791381061077118,0.5208619236946106
Lung_Dx-A0250,0,0.26922956109046936,0.730770468711853
Lung_Dx-A0250,0,0.5643236041069031,0.4356764256954193
Lung_Dx-A0250,0,0.7825794219970703,0.21742059290409088
Lung_Dx-A0250,0,0.8631033897399902,0.13689659535884857
Lung_Dx-A0250,0,0.897560715675354,0.10243932157754898
Lung_Dx-A0250,0,0.4643701910972595,0.5356298089027405
Lung_Dx-A0250,0,0.8967044949531555,0.1032954752445221
Lung_Dx-A0250,0,0.6192517876625061,0.3807481527328491
Lung_Dx-A0250,0,0.9614253044128418,0.0385746993124485
Lung_Dx-A0250,0,0.8388778567314148,0.1611221432685852
Lung_Dx-A0250,0,0.9061145186424255,0.09388549625873566
Lung_Dx-A0250,0,0.3639293909072876,0.6360705494880676
Lung_Dx-A0250,0,0.7804115414619446,0.21958844363689423
Lung_Dx-A0250,0,0.9374975562095642,0.06250248849391937
Lung_Dx-A0250,0,0.7024790048599243,0.2975209653377533
Lung_Dx-A0250,0,0.47285082936286926,0.5271491408348083
Lung_Dx-A0250,0,0.9167826771736145,0.08321738988161087
Lung_Dx-A0250,0,0.909183919429779,0.09081608802080154
Lung_Dx-A0250,0,0.5320300459861755,0.4679699242115021
Lung_Dx-A0250,0,0.7869504690170288,0.21304954588413239
Lung_Dx-A0250,0,0.8226882219314575,0.1773117184638977
Lung_Dx-A0250,0,0.4893204867839813,0.5106795430183411
Lung_Dx-A0250,0,0.5668467283248901,0.43315330147743225
Lung_Dx-A0250,0,0.8465142846107483,0.1534857153892517
Lung_Dx-A0250,0,0.4335317313671112,0.5664682984352112
Lung_Dx-A0250,0,0.7906919717788696,0.20930802822113037
Lung_Dx-A0250,0,0.803405225276947,0.1965947300195694
Lung_Dx-A0250,0,0.8598403930664062,0.14015962183475494
Lung_Dx-A0250,0,0.8913390040397644,0.1086609736084938
Lung_Dx-A0250,0,0.9076402187347412,0.09235979616641998
Lung_Dx-A0250,0,0.13471898436546326,0.8652810454368591
Lung_Dx-A0250,0,0.6238245964050293,0.3761754333972931
Lung_Dx-A0250,0,0.8679898381233215,0.13201020658016205
Lung_Dx-A0250,0,0.8255194425582886,0.174480602145195
Lung_Dx-A0250,0,0.1771693229675293,0.8228306770324707
Lung_Dx-A0250,0,0.8046362996101379,0.19536371529102325
Lung_Dx-A0250,0,0.8673169612884521,0.13268303871154785
Lung_Dx-A0250,0,0.18798834085464478,0.8120116591453552
Lung_Dx-A0250,0,0.8222604990005493,0.17773950099945068
Lung_Dx-A0250,0,0.8038675785064697,0.19613242149353027
Lung_Dx-A0250,0,0.23104986548423767,0.7689501643180847
Lung_Dx-A0250,0,0.6884422302246094,0.31155773997306824
Lung_Dx-A0250,0,0.7550504803657532,0.24494951963424683
Lung_Dx-A0250,0,0.6990490555763245,0.3009510040283203
Lung_Dx-A0250,0,0.6102502346038818,0.3897497355937958
Lung_Dx-A0250,0,0.6637779474258423,0.3362220525741577
Lung_Dx-A0250,0,0.6623870730400085,0.3376128673553467
Lung_Dx-A0250,0,0.7038548588752747,0.29614508152008057
Lung_Dx-A0250,0,0.7073541879653931,0.2926458418369293
Lung_Dx-A0255,0,0.436066597700119,0.5639333724975586
Lung_Dx-A0255,0,0.3820693790912628,0.6179305911064148
Lung_Dx-A0255,0,0.9145963191986084,0.08540366590023041
Lung_Dx-A0255,0,0.5081169605255127,0.4918830394744873
Lung_Dx-A0255,0,0.9033794403076172,0.09662051498889923
Lung_Dx-A0255,0,0.5533846020698547,0.4466153681278229
Lung_Dx-A0255,0,0.34287402033805847,0.6571259498596191
Lung_Dx-A0255,0,0.9218515157699585,0.0781484842300415
Lung_Dx-A0255,0,0.6472409963607788,0.3527590036392212
Lung_Dx-A0255,0,0.3575184941291809,0.6424815654754639
Lung_Dx-A0255,0,0.512997567653656,0.4870024621486664
Lung_Dx-A0255,0,0.033117230981588364,0.9668827652931213
Lung_Dx-A0255,0,0.2628418505191803,0.7371581792831421
Lung_Dx-A0255,0,0.49859619140625,0.50140380859375
Lung_Dx-A0255,0,0.1468808799982071,0.8531191349029541
Lung_Dx-A0255,0,0.442124605178833,0.557875394821167
Lung_Dx-A0255,0,0.9563496708869934,0.04365027695894241
Lung_Dx-A0255,0,0.5113658308982849,0.4886341691017151
Lung_Dx-A0255,0,0.7708962559700012,0.22910372912883759
Lung_Dx-A0255,0,0.8440237045288086,0.1559762805700302
Lung_Dx-A0255,0,0.8386136889457703,0.16138629615306854
Lung_Dx-A0255,0,0.6709620952606201,0.3290379047393799
Lung_Dx-A0255,0,0.7322569489479065,0.2677431106567383
Lung_Dx-A0255,0,0.41122910380363464,0.5887709259986877
Lung_Dx-A0255,0,0.5222326517105103,0.47776734828948975
Lung_Dx-A0255,0,0.3557049334049225,0.6442950367927551
Lung_Dx-A0255,0,0.4660557210445404,0.5339442491531372
Lung_Dx-A0255,0,0.4526417851448059,0.5473582148551941
Lung_Dx-A0255,0,0.5767505764961243,0.42324942350387573
Lung_Dx-A0255,0,0.1710611879825592,0.8289388418197632
Lung_Dx-A0255,0,0.021553464233875275,0.9784466028213501
Lung_Dx-A0255,0,0.3265666663646698,0.6734333038330078
Lung_Dx-A0255,0,0.5479328036308289,0.45206722617149353
Lung_Dx-A0255,0,0.5090017318725586,0.4909982979297638
Lung_Dx-A0255,0,0.9044819474220276,0.0955180823802948
Lung_Dx-A0255,0,0.19042274355888367,0.8095772862434387
Lung_Dx-A0255,0,0.5245773792266846,0.4754226505756378
Lung_Dx-A0255,0,0.38280460238456726,0.6171954274177551
Lung_Dx-A0255,0,0.3313901722431183,0.6686098575592041
Lung_Dx-A0255,0,0.630258321762085,0.36974164843559265
Lung_Dx-A0255,0,0.8111529350280762,0.18884700536727905
Lung_Dx-A0255,0,0.47595545649528503,0.5240445733070374
Lung_Dx-A0255,0,0.34516045451164246,0.6548395752906799
Lung_Dx-A0255,0,0.34800779819488525,0.65199214220047
Lung_Dx-A0255,0,0.2483518272638321,0.7516481280326843
Lung_Dx-A0255,0,0.5440142154693604,0.45598581433296204
Lung_Dx-A0255,0,0.35387465357780457,0.6461253762245178
Lung_Dx-A0255,0,0.4001632034778595,0.5998368263244629
Lung_Dx-A0255,0,0.5860787034034729,0.4139212667942047
Lung_Dx-A0255,0,0.31090354919433594,0.6890964508056641
Lung_Dx-A0255,0,0.14529718458652496,0.8547028303146362
Lung_Dx-A0255,0,0.9141375422477722,0.08586245775222778
Lung_Dx-A0255,0,0.9115740656852722,0.08842591196298599
Lung_Dx-A0255,0,0.23458193242549896,0.7654179930686951
Lung_Dx-A0255,0,0.47697553038597107,0.5230244994163513
Lung_Dx-A0255,0,0.3032415211200714,0.6967584490776062
Lung_Dx-A0255,0,0.5874698758125305,0.41253015398979187
Lung_Dx-A0255,0,0.5218670964241028,0.47813284397125244
Lung_Dx-A0255,0,0.825835645198822,0.1741643249988556
Lung_Dx-A0255,0,0.54449862241745,0.45550134778022766
Lung_Dx-A0255,0,0.7408780455589294,0.25912198424339294
Lung_Dx-A0255,0,0.7122821807861328,0.2877177894115448
Lung_Dx-A0255,0,0.7228695154190063,0.27713051438331604
Lung_Dx-A0255,0,0.9218515157699585,0.0781484842300415
Lung_Dx-A0255,0,0.3273859918117523,0.6726140379905701
Lung_Dx-A0255,0,0.16796797513961792,0.8320320844650269
Lung_Dx-A0255,0,0.8979192972183228,0.10208071768283844
Lung_Dx-A0255,0,0.8518295884132385,0.14817041158676147
Lung_Dx-A0255,0,0.5587295293807983,0.4412704408168793
Lung_Dx-A0255,0,0.17702700197696686,0.8229729533195496
Lung_Dx-A0255,0,0.40133580565452576,0.5986642241477966
Lung_Dx-A0255,0,0.9246196150779724,0.0753803476691246
Lung_Dx-A0255,0,0.8166623711585999,0.18333759903907776
Lung_Dx-A0255,0,0.6391732096672058,0.3608268201351166
Lung_Dx-A0255,0,0.2387276291847229,0.7612723708152771
Lung_Dx-A0255,0,0.4674229323863983,0.5325770974159241
Lung_Dx-A0255,0,0.9381806254386902,0.061819322407245636
Lung_Dx-A0255,0,0.5105575323104858,0.48944249749183655
Lung_Dx-A0255,0,0.4414924085140228,0.5585076212882996
Lung_Dx-A0255,0,0.48157572746276855,0.5184242725372314
Lung_Dx-A0257,0,0.7344052791595459,0.2655946612358093
Lung_Dx-A0257,0,0.5518303513526917,0.44816961884498596
Lung_Dx-A0257,0,0.2802715003490448,0.7197284698486328
Lung_Dx-A0257,0,0.34938013553619385,0.6506198644638062
Lung_Dx-A0257,0,0.6376338601112366,0.36236611008644104
Lung_Dx-A0257,0,0.5689847469329834,0.431015282869339
Lung_Dx-A0257,0,0.6602648496627808,0.339735209941864
Lung_Dx-A0257,0,0.5219889879226685,0.47801101207733154
Lung_Dx-A0257,0,0.8824785351753235,0.1175214871764183
Lung_Dx-A0257,0,0.32320651412010193,0.6767934560775757
Lung_Dx-A0257,0,0.2447463870048523,0.7552536129951477
Lung_Dx-A0257,0,0.8733769059181213,0.12662309408187866
Lung_Dx-A0257,0,0.6761924028396606,0.32380759716033936
Lung_Dx-A0257,0,0.5947461724281311,0.4052537977695465
Lung_Dx-A0257,0,0.49356114864349365,0.5064388513565063
Lung_Dx-A0257,0,0.7624240517616272,0.23757591843605042
Lung_Dx-A0257,0,0.41205692291259766,0.5879430770874023
Lung_Dx-A0257,0,0.7948630452156067,0.20513691008090973
Lung_Dx-A0257,0,0.37180638313293457,0.6281935572624207
Lung_Dx-A0257,0,0.11255132406949997,0.8874487280845642
Lung_Dx-A0257,0,0.384955495595932,0.6150445342063904
Lung_Dx-A0257,0,0.6760052442550659,0.3239947557449341
Lung_Dx-A0257,0,0.40857169032096863,0.591428279876709
Lung_Dx-A0257,0,0.347343385219574,0.6526565551757812
Lung_Dx-A0257,0,0.30710309743881226,0.6928969621658325
Lung_Dx-A0257,0,0.5824910402297974,0.41750895977020264
Lung_Dx-A0257,0,0.6026609539985657,0.39733901619911194
Lung_Dx-A0257,0,0.5015869140625,0.4984131157398224
Lung_Dx-A0257,0,0.4625944197177887,0.5374055504798889
Lung_Dx-A0257,0,0.5403478741645813,0.4596521556377411
Lung_Dx-A0257,0,0.19471211731433868,0.8052878379821777
Lung_Dx-A0257,0,0.9213930368423462,0.07860701531171799
Lung_Dx-A0257,0,0.4854167401790619,0.5145832300186157
Lung_Dx-A0257,0,0.6878135204315186,0.31218650937080383
Lung_Dx-A0257,0,0.36718517541885376,0.6328147649765015
Lung_Dx-A0257,0,0.4639299511909485,0.5360700488090515
Lung_Dx-A0257,0,0.18495143949985504,0.8150485157966614
Lung_Dx-A0257,0,0.41108131408691406,0.5889186859130859
Lung_Dx-A0257,0,0.8857303857803345,0.11426965147256851
Lung_Dx-A0257,0,0.08441724628210068,0.9155827760696411
Lung_Dx-A0257,0,0.3093496263027191,0.6906504034996033
Lung_Dx-A0257,0,0.8598403930664062,0.14015962183475494
Lung_Dx-A0257,0,0.4996337890625,0.5003662109375
Lung_Dx-A0257,0,0.5426815152168274,0.4573184847831726
Lung_Dx-A0257,0,0.6988949179649353,0.3011051118373871
Lung_Dx-A0257,0,0.4588942527770996,0.5411057472229004
Lung_Dx-A0257,0,0.19387131929397583,0.8061286807060242
Lung_Dx-A0257,0,0.5425906181335449,0.4574093520641327
Lung_Dx-A0257,0,0.6741845607757568,0.32581543922424316
Lung_Dx-A0257,0,0.3070722222328186,0.6929277777671814
Lung_Dx-A0257,0,0.8134608268737793,0.18653921782970428
Lung_Dx-A0257,0,0.24985884130001068,0.7501411437988281
Lung_Dx-A0257,0,0.7664684653282166,0.23353150486946106
Lung_Dx-A0257,0,0.8024007678031921,0.19759926199913025
Lung_Dx-A0257,0,0.6127442121505737,0.3872557580471039
Lung_Dx-A0257,0,0.6028509140014648,0.3971490263938904
Lung_Dx-A0257,0,0.7941456437110901,0.2058544158935547
Lung_Dx-A0257,0,0.2986287772655487,0.7013711929321289
Lung_Dx-A0257,0,0.5195213556289673,0.4804786741733551
Lung_Dx-A0257,0,0.5781802535057068,0.4218197464942932
Lung_Dx-A0257,0,0.8593689799308777,0.1406310498714447
Lung_Dx-A0257,0,0.6082450747489929,0.3917549252510071
Lung_Dx-A0257,0,0.1252257525920868,0.8747742176055908
Lung_Dx-A0257,0,0.6793116927146912,0.3206883370876312
Lung_Dx-A0257,0,0.45810624957084656,0.541893720626831
Lung_Dx-A0257,0,0.13528919219970703,0.864710807800293
Lung_Dx-A0257,0,0.24296823143959045,0.7570317983627319
Lung_Dx-A0257,0,0.333720326423645,0.666279673576355
Lung_Dx-A0257,0,0.7021217346191406,0.29787829518318176
Lung_Dx-A0257,0,0.6218997240066528,0.3781002163887024
Lung_Dx-A0257,0,0.7142794132232666,0.2857206165790558
Lung_Dx-A0257,0,0.8260813355445862,0.17391866445541382
Lung_Dx-A0257,0,0.4629889726638794,0.5370110273361206
Lung_Dx-A0257,0,0.2061738818883896,0.7938261032104492
Lung_Dx-A0257,0,0.1212688684463501,0.8787311315536499
Lung_Dx-A0257,0,0.23855021595954895,0.7614498138427734
Lung_Dx-A0257,0,0.8848875164985657,0.11511248350143433
Lung_Dx-A0257,0,0.338008850812912,0.6619911789894104
Lung_Dx-A0257,0,0.6891748905181885,0.3108251094818115
Lung_Dx-G0033,1,0.30720213055610657,0.6927978992462158
Lung_Dx-G0033,1,0.22051022946834564,0.7794896960258484
Lung_Dx-G0033,1,0.8329852819442749,0.16701479256153107
Lung_Dx-G0033,1,0.7781439423561096,0.2218560427427292
Lung_Dx-G0033,1,0.8589553833007812,0.14104463160037994
Lung_Dx-G0033,1,0.8427337408065796,0.15726622939109802
Lung_Dx-G0033,1,0.7869504690170288,0.21304954588413239
Lung_Dx-G0033,1,0.6910805702209473,0.3089194595813751
Lung_Dx-G0033,1,0.7564474940299988,0.24355244636535645
Lung_Dx-G0033,1,0.8441522121429443,0.15584777295589447
Lung_Dx-G0033,1,0.052473098039627075,0.9475268721580505
Lung_Dx-G0033,1,0.3325813412666321,0.6674187183380127
Lung_Dx-G0033,1,0.7386454939842224,0.2613545060157776
Lung_Dx-G0033,1,0.6562865972518921,0.3437133729457855
Lung_Dx-G0033,1,0.16125419735908508,0.8387458324432373
Lung_Dx-G0033,1,0.12787027657032013,0.8721297383308411
Lung_Dx-G0033,1,0.6322189569473267,0.36778104305267334
Lung_Dx-G0033,1,0.7654618620872498,0.23453810811042786
Lung_Dx-G0033,1,0.7424216866493225,0.2575782835483551
Lung_Dx-G0033,1,0.32402145862579346,0.6759784817695618
Lung_Dx-G0033,1,0.4538329243659973,0.5461671352386475
Lung_Dx-G0033,1,0.3605312407016754,0.6394687294960022
Lung_Dx-G0033,1,0.7124823331832886,0.2875176966190338
Lung_Dx-G0033,1,0.37643685936927795,0.6235631704330444
Lung_Dx-G0033,1,0.31965211033821106,0.6803479194641113
Lung_Dx-G0033,1,0.9186264276504517,0.08137363940477371
Lung_Dx-G0033,1,0.8874974250793457,0.1125025525689125
Lung_Dx-G0033,1,0.8845389485359192,0.11546110361814499
Lung_Dx-G0033,1,0.4462534189224243,0.5537466406822205
Lung_Dx-G0033,1,0.7141298651695251,0.28587010502815247
Lung_Dx-G0033,1,0.750781238079071,0.24921877682209015
Lung_Dx-G0033,1,0.6903764605522156,0.3096235394477844
Lung_Dx-G0033,1,0.9644221067428589,0.035577889531850815
Lung_Dx-G0033,1,0.8004971146583557,0.1995028853416443
Lung_Dx-G0033,1,0.791015088558197,0.20898495614528656
Lung_Dx-G0033,1,0.8852847814559937,0.11471516638994217
Lung_Dx-G0033,1,0.882933497428894,0.11706650257110596
Lung_Dx-G0033,1,0.7460464835166931,0.2539535164833069
Lung_Dx-G0033,1,0.6737285852432251,0.3262714743614197
Lung_Dx-G0033,1,0.6193849444389343,0.3806150257587433
Lung_Dx-G0033,1,0.7763687372207642,0.22363129258155823
Lung_Dx-G0033,1,0.8267817497253418,0.1732182651758194
Lung_Dx-G0033,1,0.7703999876976013,0.2295999825000763
Lung_Dx-G0033,1,0.9374975562095642,0.06250248849391937
Lung_Dx-G0033,1,0.5902183651924133,0.4097816050052643
Lung_Dx-G0033,1,0.6259527206420898,0.37404730916023254
Lung_Dx-G0033,1,0.8199654221534729,0.1800345778465271
Lung_Dx-G0033,1,0.438187837600708,0.561812162399292
Lung_Dx-G0033,1,0.6645674705505371,0.3354324698448181
Lung_Dx-G0033,1,0.7756472826004028,0.22435270249843597
Lung_Dx-G0033,1,0.5979600548744202,0.40203991532325745
Lung_Dx-G0033,1,0.7461852431297302,0.2538147568702698
Lung_Dx-G0033,1,0.2109287977218628,0.7890712022781372
Lung_Dx-G0033,1,0.7923036217689514,0.20769640803337097
Lung_Dx-G0033,1,0.7016619443893433,0.29833802580833435
Lung_Dx-G0033,1,0.20963144302368164,0.7903685569763184
Lung_Dx-G0033,1,0.34435388445854187,0.6556461453437805
Lung_Dx-G0033,1,0.7950222492218018,0.20497773587703705
Lung_Dx-G0033,1,0.6122226715087891,0.38777726888656616
Lung_Dx-G0033,1,0.7164666652679443,0.28353336453437805
Lung_Dx-G0039,1,0.7408311367034912,0.2591688334941864
Lung_Dx-G0039,1,0.2840792238712311,0.7159207463264465
Lung_Dx-G0039,1,0.5858122110366821,0.41418784856796265
Lung_Dx-G0039,1,0.3970029056072235,0.6029970645904541
Lung_Dx-G0039,1,0.4398225247859955,0.5601774454116821
Lung_Dx-G0039,1,0.16165080666542053,0.8383491635322571
Lung_Dx-G0039,1,0.27869829535484314,0.7213017344474792
Lung_Dx-G0039,1,0.8698251843452454,0.13017480075359344
Lung_Dx-G0039,1,0.8172829747200012,0.18271701037883759
Lung_Dx-G0039,1,0.7686463594436646,0.23135364055633545
Lung_Dx-G0039,1,0.6873152852058411,0.3126847445964813
Lung_Dx-G0039,1,0.1550784707069397,0.8449215292930603
Lung_Dx-G0039,1,0.7730878591537476,0.22691208124160767
Lung_Dx-G0039,1,0.5689547657966614,0.4310452342033386
Lung_Dx-G0039,1,0.7511921525001526,0.2488078773021698
Lung_Dx-G0039,1,0.3735044002532959,0.6264955997467041
Lung_Dx-G0039,1,0.889816403388977,0.11018358916044235
Lung_Dx-G0039,1,0.8296990990638733,0.1703009158372879
Lung_Dx-G0039,1,0.3256813883781433,0.6743186116218567
Lung_Dx-G0039,1,0.6993057727813721,0.3006942570209503
Lung_Dx-G0039,1,0.8444089889526367,0.1555909812450409
Lung_Dx-G0039,1,0.8927963972091675,0.10720358043909073
Lung_Dx-G0039,1,0.7023003697395325,0.29769960045814514
Lung_Dx-G0039,1,0.8260813355445862,0.17391866445541382
Lung_Dx-G0039,1,0.8597815036773682,0.14021848142147064
Lung_Dx-G0039,1,0.8288003206253052,0.1711997240781784
Lung_Dx-G0039,1,0.730770468711853,0.26922956109046936
Lung_Dx-G0039,1,0.5589891076087952,0.44101086258888245
Lung_Dx-G0039,1,0.20633375644683838,0.7936662435531616
Lung_Dx-G0039,1,0.46743813157081604,0.5325618982315063
Lung_Dx-G0039,1,0.7584211230278015,0.2415788471698761
Lung_Dx-G0039,1,0.7533760070800781,0.24662406742572784
Lung_Dx-G0039,1,0.4584168791770935,0.5415831208229065
Lung_Dx-G0039,1,0.7118817567825317,0.2881182134151459
Lung_Dx-G0039,1,0.3758496344089508,0.6241503357887268
Lung_Dx-G0039,1,0.7402212619781494,0.2597786784172058
Lung_Dx-G0039,1,0.7115812301635742,0.28841879963874817
Lung_Dx-G0039,1,0.555766761302948,0.444233238697052
Lung_Dx-G0039,1,0.5641285181045532,0.43587151169776917
Lung_Dx-G0039,1,0.6209089756011963,0.3790909945964813
Lung_Dx-G0039,1,0.8928431868553162,0.10715686529874802
Lung_Dx-G0039,1,0.43266257643699646,0.5673373937606812
Lung_Dx-G0039,1,0.4830234944820404,0.516976535320282
Lung_Dx-G0039,1,0.9109423160552979,0.08905768394470215
Lung_Dx-G0039,1,0.6753900647163391,0.3246099650859833
Lung_Dx-G0039,1,0.7456763386726379,0.25432372093200684
Lung_Dx-G0039,1,0.47740188241004944,0.5225980877876282
Lung_Dx-G0039,1,0.2745458483695984,0.7254541516304016
Lung_Dx-G0039,1,0.8844889998435974,0.11551099270582199
Lung_Dx-G0039,1,0.9229350090026855,0.07706495374441147
Lung_Dx-G0039,1,0.4611836373806,0.5388163924217224
Lung_Dx-G0039,1,0.05203782394528389,0.9479621648788452
Lung_Dx-G0039,1,0.9279531240463257,0.07204688340425491
Lung_Dx-G0039,1,0.3656265139579773,0.6343734264373779
Lung_Dx-G0039,1,0.8804891109466553,0.11951085925102234
Lung_Dx-G0039,1,0.5678167343139648,0.4321832060813904
Lung_Dx-G0039,1,0.3660796880722046,0.6339203119277954
Lung_Dx-G0041,1,0.6993570923805237,0.3006429076194763
Lung_Dx-G0041,1,0.8599580526351929,0.14004197716712952
Lung_Dx-G0041,1,0.6217849850654602,0.37821507453918457
Lung_Dx-G0041,1,0.499053955078125,0.500946044921875
Lung_Dx-G0041,1,0.5159248113632202,0.48407524824142456
Lung_Dx-G0041,1,0.05717659369111061,0.9428234100341797
Lung_Dx-G0041,1,0.5858232975006104,0.41417673230171204
Lung_Dx-G0041,1,0.8775817155838013,0.12241824716329575
Lung_Dx-G0041,1,0.6274377703666687,0.3725622892379761
Lung_Dx-G0041,1,0.9235923886299133,0.07640768587589264
Lung_Dx-G0041,1,0.9475268721580505,0.052473098039627075
Lung_Dx-G0041,1,0.6725199222564697,0.3274800777435303
Lung_Dx-G0041,1,0.6931095719337463,0.30689042806625366
Lung_Dx-G0041,1,0.6469622254371643,0.3530377745628357
Lung_Dx-G0041,1,0.7493165731430054,0.25068342685699463
Lung_Dx-G0041,1,0.3873426616191864,0.6126573085784912
Lung_Dx-G0041,1,0.745907723903656,0.2540923058986664
Lung_Dx-G0041,1,0.8626990914344788,0.13730096817016602
Lung_Dx-G0041,1,0.4994507133960724,0.50054931640625
Lung_Dx-G0041,1,0.646264910697937,0.3537351191043854
Lung_Dx-G0041,1,0.5377089977264404,0.4622909724712372
Lung_Dx-G0041,1,0.8725647330284119,0.12743529677391052
Lung_Dx-G0041,1,0.1456613838672638,0.8543385863304138
Lung_Dx-G0041,1,0.8946975469589233,0.10530251264572144
Lung_Dx-G0041,1,0.8374870419502258,0.1625128984451294
Lung_Dx-G0041,1,0.7483522891998291,0.2516477108001709
Lung_Dx-G0041,1,0.3540421426296234,0.645957887172699
Lung_Dx-G0041,1,0.5497614741325378,0.45023852586746216
Lung_Dx-G0041,1,0.5791363716125488,0.42086362838745117
Lung_Dx-G0041,1,0.39472582936286926,0.6052742004394531
Lung_Dx-G0041,1,0.3124224543571472,0.6875775456428528
Lung_Dx-G0041,1,0.4916694760322571,0.5083305239677429
Lung_Dx-G0041,1,0.5853381752967834,0.4146617650985718
Lung_Dx-G0041,1,0.6885207891464233,0.31147921085357666
Lung_Dx-G0041,1,0.9228308200836182,0.07716921716928482
Lung_Dx-G0041,1,0.6890310049057007,0.31096896529197693
Lung_Dx-G0041,1,0.6016886234283447,0.3983113467693329
Lung_Dx-G0041,1,0.2441827356815338,0.7558172941207886
Lung_Dx-G0041,1,0.7388575673103333,0.26114246249198914
Lung_Dx-G0041,1,0.6748277544975281,0.3251722455024719
Lung_Dx-G0041,1,0.764276385307312,0.235723614692688
Lung_Dx-G0041,1,0.6522691249847412,0.3477308750152588
Lung_Dx-G0041,1,0.34064966440200806,0.6593502759933472
Lung_Dx-G0041,1,0.692173957824707,0.3078260123729706
Lung_Dx-G0041,1,0.5165078639984131,0.4834921956062317
Lung_Dx-G0041,1,0.7581526637077332,0.24184733629226685
Lung_Dx-G0047,1,0.08299414813518524,0.9170058369636536
Lung_Dx-G0047,1,0.5672475099563599,0.43275246024131775
Lung_Dx-G0047,1,0.531209409236908,0.4687906503677368
Lung_Dx-G0047,1,0.8467044830322266,0.15329548716545105
Lung_Dx-G0047,1,0.16204825043678284,0.8379517793655396
Lung_Dx-G0047,1,0.554745614528656,0.445254385471344
Lung_Dx-G0047,1,0.5352199077606201,0.4647800922393799
Lung_Dx-G0047,1,0.5669029355049133,0.43309709429740906
Lung_Dx-G0047,1,0.6716859340667725,0.32831403613090515
Lung_Dx-G0047,1,0.1766716092824936,0.8233283758163452
Lung_Dx-G0047,1,0.30191493034362793,0.6980850696563721
Lung_Dx-G0047,1,0.3890821635723114,0.6109178066253662
Lung_Dx-G0047,1,0.6277515888214111,0.37224844098091125
Lung_Dx-G0047,1,0.8653379082679749,0.13466207683086395
Lung_Dx-G0047,1,0.5943489074707031,0.4056510925292969
Lung_Dx-G0047,1,0.5435296297073364,0.4564703404903412
Lung_Dx-G0047,1,0.1088029220700264,0.8911970853805542
Lung_Dx-G0047,1,0.37576016783714294,0.6242398619651794
Lung_Dx-G0047,1,0.8728359341621399,0.1271640658378601
Lung_Dx-G0047,1,0.9282788634300232,0.07172112166881561
Lung_Dx-G0047,1,0.47604677081108093,0.5239531993865967
Lung_Dx-G0047,1,0.5594931244850159,0.44050687551498413
Lung_Dx-G0047,1,0.37943944334983826,0.6205605268478394
Lung_Dx-G0047,1,0.943295419216156,0.05670464038848877
Lung_Dx-G0047,1,0.43821412324905396,0.561785876750946
Lung_Dx-G0047,1,0.48945775628089905,0.5105422735214233
Lung_Dx-G0047,1,0.27332884073257446,0.7266712188720703
Lung_Dx-G0047,1,0.6151456832885742,0.3848543167114258
Lung_Dx-G0047,1,0.4131811261177063,0.5868188142776489
Lung_Dx-G0047,1,0.4708278477191925,0.5291721224784851
Lung_Dx-G0047,1,0.6440572142601013,0.3559427559375763
Lung_Dx-G0047,1,0.6218854188919067,0.37811458110809326
Lung_Dx-G0047,1,0.46046707034111023,0.5395329594612122
Lung_Dx-G0047,1,0.866528332233429,0.13347168266773224
Lung_Dx-G0047,1,0.498565673828125,0.501434326171875
Lung_Dx-G0047,1,0.8125700354576111,0.18742996454238892
Lung_Dx-G0047,1,0.8741846680641174,0.12581531703472137
Lung_Dx-G0047,1,0.17539678514003754,0.824603259563446
Lung_Dx-G0047,1,0.63324373960495,0.36675629019737244
Lung_Dx-G0047,1,0.3770674467086792,0.6229325532913208
Lung_Dx-G0047,1,0.6479096412658691,0.35209038853645325
Lung_Dx-G0047,1,0.8772666454315186,0.12273333966732025
Lung_Dx-G0047,1,0.5824019312858582,0.41759803891181946
Lung_Dx-G0047,1,0.5563995838165283,0.4436004161834717
Lung_Dx-G0047,1,0.7406670451164246,0.25933292508125305
Lung_Dx-G0047,1,0.5353413224220276,0.46465864777565
Lung_Dx-G0047,1,0.7715424299240112,0.22845761477947235
Lung_Dx-G0047,1,0.26421594619750977,0.7357840538024902
Lung_Dx-G0047,1,0.7648037672042847,0.23519620299339294
Lung_Dx-G0047,1,0.7243830561637878,0.2756168842315674
Lung_Dx-G0047,1,0.6101630926132202,0.389836847782135
Lung_Dx-G0047,1,0.23753170669078827,0.7624682784080505
Lung_Dx-G0047,1,0.37979525327682495,0.620204746723175
Lung_Dx-G0047,1,0.30036067962646484,0.6996393799781799
Lung_Dx-G0047,1,0.4155806005001068,0.5844194293022156
Lung_Dx-G0047,1,0.803405225276947,0.1965947300195694
Lung_Dx-G0047,1,0.7020196318626404,0.2979804277420044
Lung_Dx-G0047,1,0.6285498738288879,0.3714500665664673
Lung_Dx-G0047,1,0.6480766534805298,0.3519233167171478
Lung_Dx-G0047,1,0.9549424648284912,0.04505753517150879
Lung_Dx-G0047,1,0.5668129920959473,0.4331870377063751
Lung_Dx-G0047,1,0.20102782547473907,0.7989721894264221
Lung_Dx-G0047,1,0.71497642993927,0.2850235402584076
Lung_Dx-G0047,1,0.17831110954284668,0.8216888904571533
Lung_Dx-G0047,1,0.5372234582901001,0.4627765119075775
Lung_Dx-G0047,1,0.7350239753723145,0.26497605443000793
Lung_Dx-G0047,1,0.6545636057853699,0.3454364240169525
Lung_Dx-G0047,1,0.693680465221405,0.3063195049762726
Lung_Dx-G0047,1,0.85500568151474,0.14499424397945404
Lung_Dx-G0047,1,0.50115966796875,0.4988403618335724
Lung_Dx-G0047,1,0.6406920552253723,0.3593079447746277
Lung_Dx-G0047,1,0.7367558479309082,0.2632441222667694
Lung_Dx-G0047,1,0.07409725338220596,0.9259026646614075
Lung_Dx-G0047,1,0.6088266372680664,0.3911733329296112
Lung_Dx-G0047,1,0.3355141282081604,0.6644858717918396
Lung_Dx-G0047,1,0.6032308340072632,0.3967691659927368
Lung_Dx-G0047,1,0.43914595246315,0.5608540773391724
Lung_Dx-G0047,1,0.6556668281555176,0.3443332016468048
Lung_Dx-G0047,1,0.7470166087150574,0.25298336148262024
Lung_Dx-G0047,1,0.23005375266075134,0.769946277141571
Lung_Dx-G0047,1,0.904902994632721,0.09509705752134323
Lung_Dx-G0047,1,0.5428633093833923,0.45713675022125244
Lung_Dx-G0047,1,0.43635180592536926,0.5636481642723083
Lung_Dx-G0047,1,0.3758639693260193,0.6241360306739807
Lung_Dx-G0047,1,0.8019358515739441,0.1980641782283783
Lung_Dx-G0047,1,0.6379616856575012,0.3620382845401764
Lung_Dx-G0047,1,0.3291254937648773,0.6708744764328003
Lung_Dx-G0047,1,0.7649135589599609,0.23508642613887787
Lung_Dx-G0047,1,0.8375535607337952,0.16244646906852722
Lung_Dx-G0047,1,0.3653576076030731,0.6346424221992493
Lung_Dx-G0047,1,0.23784136772155762,0.7621586918830872
Lung_Dx-G0047,1,0.5248817801475525,0.4751182198524475
Lung_Dx-A0191,0,0.9962855577468872,0.00371447391808033
Lung_Dx-A0191,0,0.9897513389587402,0.01024860143661499
Lung_Dx-A0191,0,0.9838781356811523,0.016121823340654373
Lung_Dx-A0191,0,0.9969485402107239,0.003051510313525796
Lung_Dx-A0191,0,0.9944987893104553,0.005501238163560629
Lung_Dx-A0191,0,0.9917163252830505,0.008283626288175583
Lung_Dx-A0191,0,0.9915544390678406,0.008445627987384796
Lung_Dx-A0191,0,0.9959927201271057,0.004007288720458746
Lung_Dx-A0191,0,0.9690910577774048,0.030908960849046707
Lung_Dx-A0191,0,0.9925537705421448,0.007446194067597389
Lung_Dx-A0191,0,0.997512936592102,0.0024871178902685642
Lung_Dx-A0191,0,0.940188467502594,0.05981148034334183
Lung_Dx-A0191,0,0.9846936464309692,0.015306354500353336
Lung_Dx-A0191,0,0.9894090890884399,0.010590936057269573
Lung_Dx-A0191,0,0.9689738154411316,0.03102618083357811
Lung_Dx-A0191,0,0.9449946880340576,0.055005282163619995
Lung_Dx-A0191,0,0.9793540239334106,0.020645931363105774
Lung_Dx-A0191,0,0.9883578419685364,0.011642225086688995
Lung_Dx-A0191,0,0.9801293015480042,0.019870713353157043
Lung_Dx-A0191,0,0.991355836391449,0.008644177578389645
Lung_Dx-A0191,0,0.9774785041809082,0.022521456703543663
Lung_Dx-A0191,0,0.9982109069824219,0.0017891592578962445
Lung_Dx-A0191,0,0.9870296716690063,0.012970387935638428
Lung_Dx-A0192,0,0.907967209815979,0.09203286468982697
Lung_Dx-A0192,0,0.9933974742889404,0.0066025699488818645
Lung_Dx-A0192,0,0.16079244017601013,0.8392075896263123
Lung_Dx-A0192,0,0.8851359486579895,0.11486402899026871
Lung_Dx-A0192,0,0.9895311594009399,0.01046883873641491
Lung_Dx-A0192,0,0.9966036081314087,0.00339638814330101
Lung_Dx-A0192,0,0.9859364032745361,0.014063626527786255
Lung_Dx-A0192,0,0.9902727007865906,0.00972727220505476
Lung_Dx-A0192,0,0.5567912459373474,0.443208783864975
Lung_Dx-A0192,0,0.7718434929847717,0.22815649211406708
Lung_Dx-A0192,0,0.9956600069999695,0.004339932929724455
Lung_Dx-A0192,0,0.9980695843696594,0.0019304943270981312
Lung_Dx-A0192,0,0.8382829427719116,0.1617169976234436
Lung_Dx-A0192,0,0.981788158416748,0.018211819231510162
Lung_Dx-A0192,0,0.9106646180152893,0.0893353596329689
Lung_Dx-A0199,0,0.2578117847442627,0.7421882748603821
Lung_Dx-A0199,0,0.9778199791908264,0.022180039435625076
Lung_Dx-A0199,0,0.960212230682373,0.039787810295820236
Lung_Dx-A0199,0,0.4114212095737457,0.5885788202285767
Lung_Dx-A0199,0,0.9709092378616333,0.02909075655043125
Lung_Dx-A0199,0,0.7910957336425781,0.20890425145626068
Lung_Dx-A0199,0,0.6354769468307495,0.3645230233669281
Lung_Dx-A0199,0,0.9753431081771851,0.024656854569911957
Lung_Dx-A0199,0,0.793906033039093,0.20609396696090698
Lung_Dx-A0199,0,0.9761973023414612,0.02380266599357128
Lung_Dx-A0199,0,0.9377260208129883,0.062273990362882614
Lung_Dx-A0199,0,0.7756897807121277,0.2243102341890335
Lung_Dx-A0199,0,0.955026388168335,0.04497356340289116
Lung_Dx-A0199,0,0.92637038230896,0.07362963259220123
Lung_Dx-A0199,0,0.9472835659980774,0.05271640419960022
Lung_Dx-A0199,0,0.8233994245529175,0.1766005903482437
Lung_Dx-A0199,0,0.9838781356811523,0.016121823340654373
Lung_Dx-A0199,0,0.9869166612625122,0.013083389960229397
Lung_Dx-A0199,0,0.4299491345882416,0.570050835609436
Lung_Dx-A0199,0,0.9014011025428772,0.09859886020421982
Lung_Dx-A0199,0,0.8457514643669128,0.15424858033657074
Lung_Dx-A0199,0,0.9313377141952515,0.06866227835416794
Lung_Dx-A0199,0,0.9987719655036926,0.0012279604561626911
Lung_Dx-A0199,0,0.3656761050224304,0.6343238949775696
Lung_Dx-A0199,0,0.327506959438324,0.672493040561676
Lung_Dx-A0199,0,0.9939496517181396,0.0060503981076180935
Lung_Dx-A0199,0,0.9995923638343811,0.00040765260928310454
Lung_Dx-A0199,0,0.9690031409263611,0.030996832996606827
Lung_Dx-A0199,0,0.9871910810470581,0.01280885934829712
Lung_Dx-A0199,0,0.9823046922683716,0.017695315182209015
Lung_Dx-A0199,0,0.3819829523563385,0.6180170774459839
Lung_Dx-A0202,0,0.5173879861831665,0.4826119840145111
Lung_Dx-A0202,0,0.8857303857803345,0.11426965147256851
Lung_Dx-A0202,0,0.8655654191970825,0.13443465530872345
Lung_Dx-A0202,0,0.23022675514221191,0.7697732448577881
Lung_Dx-A0202,0,0.8092759251594543,0.19072401523590088
Lung_Dx-A0202,0,0.4945985972881317,0.5054013729095459
Lung_Dx-A0202,0,0.8608377575874329,0.13916222751140594
Lung_Dx-A0202,0,0.8570517301559448,0.14294825494289398
Lung_Dx-A0202,0,0.8220463395118713,0.17795370519161224
Lung_Dx-A0202,0,0.8598403930664062,0.14015962183475494
Lung_Dx-A0202,0,0.6322757005691528,0.3677242398262024
Lung_Dx-A0202,0,0.8644821643829346,0.13551783561706543
Lung_Dx-A0202,0,0.3792526423931122,0.6207473278045654
Lung_Dx-A0202,0,0.38511449098587036,0.6148855686187744
Lung_Dx-A0202,0,0.7039057612419128,0.29609420895576477
Lung_Dx-A0202,0,0.9854684472084045,0.014531522057950497
Lung_Dx-A0202,0,0.8733229041099548,0.12667711079120636
Lung_Dx-A0202,0,0.3417300879955292,0.6582699418067932
Lung_Dx-A0202,0,0.7694269418716431,0.23057307302951813
Lung_Dx-A0202,0,0.9948902130126953,0.005109737627208233
Lung_Dx-A0202,0,0.9916195869445801,0.008380454033613205
Lung_Dx-A0202,0,0.17852582037448883,0.8214741349220276
Lung_Dx-A0202,0,0.3875527083873749,0.6124473214149475
Lung_Dx-A0202,0,0.9409527778625488,0.059047263115644455
Lung_Dx-A0202,0,0.9543505907058716,0.04564947262406349
Lung_Dx-A0202,0,0.08243842422962189,0.9175615310668945
Lung_Dx-A0202,0,0.9962272644042969,0.0037727474700659513
Lung_Dx-A0202,0,0.574793815612793,0.42520612478256226
Lung_Dx-A0202,0,0.8229018449783325,0.17709815502166748
Lung_Dx-A0202,0,0.6762992739677429,0.3237006962299347
Lung_Dx-A0202,0,0.9890553951263428,0.010944577865302563
Lung_Dx-A0202,0,0.3404954671859741,0.6595045328140259
Lung_Dx-A0202,0,0.973569393157959,0.026430636644363403
Lung_Dx-A0202,0,0.9976357221603394,0.0023642629384994507
Lung_Dx-A0202,0,0.9912716746330261,0.008728266693651676
Lung_Dx-A0202,0,0.10599455237388611,0.8940054774284363
Lung_Dx-A0202,0,0.994830310344696,0.0051696584559977055
Lung_Dx-A0202,0,0.9961155652999878,0.0038844766095280647
Lung_Dx-A0202,0,0.743773341178894,0.25622665882110596
Lung_Dx-A0202,0,0.8317589163780212,0.16824109852313995
Lung_Dx-A0202,0,0.975623369216919,0.02437659725546837
Lung_Dx-A0202,0,0.05644402652978897,0.9435559511184692
Lung_Dx-A0202,0,0.9985334873199463,0.0014664584305137396
Lung_Dx-A0202,0,0.08141013979911804,0.9185898303985596
Lung_Dx-A0202,0,0.47651877999305725,0.5234812498092651
Lung_Dx-A0202,0,0.5540859699249268,0.44591405987739563
Lung_Dx-A0202,0,0.6930835843086243,0.30691638588905334
Lung_Dx-A0202,0,0.9965097308158875,0.003490210510790348
Lung_Dx-A0202,0,0.786335825920105,0.21366417407989502
Lung_Dx-A0202,0,0.31357741355895996,0.68642258644104
Lung_Dx-A0202,0,0.9517288208007812,0.04827118664979935
Lung_Dx-A0202,0,0.6801354885101318,0.31986451148986816
Lung_Dx-A0202,0,0.9739684462547302,0.026031531393527985
Lung_Dx-A0202,0,0.574185848236084,0.42581412196159363
Lung_Dx-A0202,0,0.9940774440765381,0.005922556854784489
Lung_Dx-A0202,0,0.9517288208007812,0.04827118664979935
Lung_Dx-A0202,0,0.7601168751716614,0.239883154630661
Lung_Dx-A0202,0,0.9291195869445801,0.07088049501180649
Lung_Dx-A0202,0,0.9475754499435425,0.05242456495761871
Lung_Dx-A0202,0,0.8410438895225525,0.1589561253786087
Lung_Dx-A0202,0,0.8063956499099731,0.19360436499118805
Lung_Dx-A0202,0,0.9811487793922424,0.018851181492209435
Lung_Dx-A0202,0,0.9869669079780579,0.013033045455813408
Lung_Dx-A0202,0,0.3313191533088684,0.6686808466911316
Lung_Dx-A0202,0,0.9728566408157349,0.027143435552716255
Lung_Dx-A0202,0,0.9799765348434448,0.020023440942168236
Lung_Dx-A0202,0,0.9928923845291138,0.007107631769031286
Lung_Dx-A0202,0,0.930647611618042,0.0693524107336998
Lung_Dx-A0202,0,0.9042707681655884,0.09572920203208923
Lung_Dx-A0202,0,0.320050448179245,0.6799495816230774
Lung_Dx-A0202,0,0.995718777179718,0.004281254485249519
Lung_Dx-A0206,0,0.9155072569847107,0.0844927579164505
Lung_Dx-A0206,0,0.9875683188438416,0.01243165135383606
Lung_Dx-A0206,0,0.9747251272201538,0.02527490071952343
Lung_Dx-A0206,0,0.9146344065666199,0.08536553382873535
Lung_Dx-A0206,0,0.9984481334686279,0.0015517841093242168
Lung_Dx-A0206,0,0.9991573095321655,0.0008426422718912363
Lung_Dx-A0206,0,0.9973887801170349,0.0026112478226423264
Lung_Dx-A0206,0,0.9122018218040466,0.08779820054769516
Lung_Dx-A0206,0,0.9551938772201538,0.04480608552694321
Lung_Dx-A0206,0,0.9964824914932251,0.003517488483339548
Lung_Dx-A0206,0,0.9859499335289001,0.014050093479454517
Lung_Dx-A0206,0,0.9997137188911438,0.0002862945257220417
Lung_Dx-A0206,0,0.9962126016616821,0.003787457710132003
Lung_Dx-A0206,0,0.9993797540664673,0.0006202511722221971
Lung_Dx-A0206,0,0.9981649518013,0.0018350842874497175
Lung_Dx-A0206,0,0.9038048982620239,0.09619516879320145
Lung_Dx-A0206,0,0.9879695177078247,0.012030543759465218
Lung_Dx-A0208,0,0.9314625263214111,0.06853749603033066
Lung_Dx-A0208,0,0.8223318457603455,0.17766815423965454
Lung_Dx-A0208,0,0.9358759522438049,0.06412401050329208
Lung_Dx-A0208,0,0.9303950071334839,0.06960495561361313
Lung_Dx-A0208,0,0.9120060801506042,0.08799391239881516
Lung_Dx-A0208,0,0.8565725088119507,0.14342747628688812
Lung_Dx-A0208,0,0.9556928277015686,0.04430721700191498
Lung_Dx-A0208,0,0.8768454790115356,0.12315455824136734
Lung_Dx-A0222,0,0.06483088433742523,0.9351691007614136
Lung_Dx-A0222,0,0.872401773929596,0.12759827077388763
Lung_Dx-A0222,0,0.9386884570121765,0.06131153553724289
Lung_Dx-A0222,0,0.9905142784118652,0.009485714137554169
Lung_Dx-A0222,0,0.04288224130868912,0.9571177959442139
Lung_Dx-A0222,0,0.003700045868754387,0.9962999224662781
Lung_Dx-A0222,0,0.9754602313041687,0.024539699777960777
Lung_Dx-A0222,0,0.9851717948913574,0.014828144572675228
Lung_Dx-A0222,0,0.9825909733772278,0.01740904338657856
Lung_Dx-A0222,0,0.9146726131439209,0.08532742410898209
Lung_Dx-A0222,0,0.014842418022453785,0.9851576089859009
Lung_Dx-A0222,0,0.8920933604240417,0.10790660232305527
Lung_Dx-A0222,0,0.954308032989502,0.04569203406572342
Lung_Dx-A0222,0,0.3199176490306854,0.680082380771637
Lung_Dx-A0222,0,0.9923490285873413,0.007651031482964754
Lung_Dx-A0222,0,0.9091032147407532,0.09089674800634384
Lung_Dx-A0222,0,0.9791954755783081,0.02080448903143406
Lung_Dx-A0222,0,0.9876995086669922,0.012300455942749977
Lung_Dx-A0222,0,0.9791557192802429,0.020844316110014915
Lung_Dx-A0222,0,0.011552671901881695,0.988447368144989
Lung_Dx-A0222,0,0.987616240978241,0.012383786030113697
Lung_Dx-A0222,0,0.850902795791626,0.1490972340106964
Lung_Dx-A0222,0,0.9698426127433777,0.030157409608364105
Lung_Dx-A0222,0,0.34560203552246094,0.6543979048728943
Lung_Dx-A0222,0,0.88957679271698,0.11042317748069763
Lung_Dx-A0222,0,0.873214840888977,0.12678517401218414
Lung_Dx-A0222,0,0.7838230133056641,0.21617695689201355
Lung_Dx-A0222,0,0.87700355052948,0.12299646437168121
Lung_Dx-A0222,0,0.6810112595558167,0.31898877024650574
Lung_Dx-A0222,0,0.9064462184906006,0.09355370700359344
Lung_Dx-A0222,0,0.043691057711839676,0.956308901309967
Lung_Dx-A0222,0,0.9862046241760254,0.01379536371678114
Lung_Dx-A0222,0,0.09649273753166199,0.9035072922706604
Lung_Dx-A0222,0,0.9885029196739197,0.011497045867145061
Lung_Dx-A0222,0,0.9258692860603333,0.07413076609373093
Lung_Dx-A0222,0,0.6557494401931763,0.34425050020217896
Lung_Dx-A0222,0,0.039750516414642334,0.9602494835853577
Lung_Dx-A0222,0,0.0756189227104187,0.9243811368942261
Lung_Dx-A0222,0,0.07416429370641708,0.9258357286453247
Lung_Dx-A0222,0,0.9114953279495239,0.08850466459989548
Lung_Dx-A0222,0,0.13415081799030304,0.8658491373062134
Lung_Dx-A0222,0,0.0541987270116806,0.9458011984825134
Lung_Dx-A0222,0,0.5941686630249023,0.40583133697509766
Lung_Dx-A0222,0,0.9216402173042297,0.07835981249809265
Lung_Dx-A0222,0,0.9192809462547302,0.08071905374526978
Lung_Dx-A0222,0,0.8457514643669128,0.15424858033657074
Lung_Dx-A0222,0,0.948775053024292,0.05122493579983711
Lung_Dx-A0222,0,0.9005734920501709,0.09942647814750671
Lung_Dx-A0222,0,0.9642541408538818,0.035745806992053986
Lung_Dx-A0222,0,0.9709919095039368,0.029008125886321068
Lung_Dx-A0222,0,0.005437496118247509,0.994562566280365
Lung_Dx-A0222,0,0.10856641829013824,0.8914335370063782
Lung_Dx-A0222,0,0.793985903263092,0.20601409673690796
Lung_Dx-A0222,0,0.07185126841068268,0.9281486868858337
Lung_Dx-A0222,0,0.8494724035263062,0.15052762627601624
Lung_Dx-A0222,0,0.9833908081054688,0.01660911925137043
Lung_Dx-A0222,0,0.9197867512702942,0.08021324872970581
Lung_Dx-A0222,0,0.9257686138153076,0.07423136383295059
Lung_Dx-A0222,0,0.9348130226135254,0.06518703699111938
Lung_Dx-A0222,0,0.9913892149925232,0.008610767312347889
Lung_Dx-A0222,0,0.8911023736000061,0.10889766365289688
Lung_Dx-A0222,0,0.9556099772453308,0.0443899892270565
Lung_Dx-A0222,0,0.1531054675579071,0.8468945026397705
Lung_Dx-A0222,0,0.9876995086669922,0.012300455942749977
Lung_Dx-A0222,0,0.9139072895050049,0.08609268069267273
Lung_Dx-A0222,0,0.005179713014513254,0.994820237159729
Lung_Dx-A0222,0,0.9812749028205872,0.018725162371993065
Lung_Dx-A0222,0,0.9440738558769226,0.05592617765069008
Lung_Dx-A0222,0,0.0012918456923216581,0.9987081289291382
Lung_Dx-A0222,0,0.018038028851151466,0.9819619059562683
Lung_Dx-A0222,0,0.9930423498153687,0.00695760827511549
Lung_Dx-A0222,0,0.0010182288242504,0.998981773853302
Lung_Dx-A0222,0,0.037291813641786575,0.9627081751823425
Lung_Dx-A0222,0,0.8251674771308899,0.1748325228691101
Lung_Dx-A0222,0,0.9970130920410156,0.0029868432320654392
Lung_Dx-A0222,0,0.4160698652267456,0.5839301347732544
Lung_Dx-A0222,0,0.9877350926399231,0.012264914810657501
Lung_Dx-A0222,0,0.5428481698036194,0.457151859998703
Lung_Dx-A0222,0,0.9623559713363647,0.03764399513602257
Lung_Dx-A0222,0,0.6895931363105774,0.310406893491745
Lung_Dx-A0222,0,0.7935463190078735,0.20645372569561005
Lung_Dx-A0222,0,0.9297599792480469,0.07024005055427551
Lung_Dx-A0222,0,0.9654788970947266,0.034521058201789856
Lung_Dx-A0222,0,0.9590393900871277,0.0409606471657753
Lung_Dx-A0222,0,0.2079375684261322,0.7920624017715454
Lung_Dx-A0222,0,0.9968580007553101,0.0031419473234564066
Lung_Dx-A0222,0,0.13279546797275543,0.867204487323761
Lung_Dx-A0222,0,0.8119744062423706,0.1880256086587906
Lung_Dx-A0222,0,0.9735190272331238,0.026480939239263535
Lung_Dx-A0222,0,0.9402433633804321,0.059756580740213394
Lung_Dx-A0222,0,0.9973322153091431,0.0026678042486310005
Lung_Dx-A0222,0,0.9310875535011292,0.06891250610351562
Lung_Dx-A0222,0,0.8988109230995178,0.10118906199932098
Lung_Dx-A0222,0,0.9888418912887573,0.011158030480146408
Lung_Dx-A0222,0,0.987794041633606,0.012205901555716991
Lung_Dx-A0222,0,0.004117917735129595,0.9958821535110474
Lung_Dx-A0222,0,0.9453489780426025,0.05465104058384895
Lung_Dx-A0222,0,0.9084556102752686,0.09154440462589264
Lung_Dx-A0222,0,0.3746047914028168,0.6253952383995056
Lung_Dx-A0222,0,0.9556099772453308,0.0443899892270565
Lung_Dx-A0222,0,0.12629945576190948,0.8737005591392517
Lung_Dx-A0222,0,0.9835337996482849,0.016466174274683
Lung_Dx-A0222,0,0.9678993225097656,0.03210070729255676
Lung_Dx-A0222,0,0.005741385277360678,0.9942586421966553
Lung_Dx-A0222,0,0.033494532108306885,0.9665054082870483
Lung_Dx-A0222,0,0.9238675236701965,0.07613248378038406
Lung_Dx-A0222,0,0.9865587949752808,0.013441198505461216
Lung_Dx-A0222,0,0.9324532747268677,0.06754669547080994
Lung_Dx-A0222,0,0.8860759139060974,0.11392416805028915
Lung_Dx-A0222,0,0.9919067621231079,0.008093290962278843
Lung_Dx-A0222,0,0.8342719078063965,0.16572807729244232
Lung_Dx-A0222,0,0.6226171255111694,0.37738290429115295
Lung_Dx-A0222,0,0.049085184931755066,0.9509148001670837
Lung_Dx-A0222,0,0.02578507922589779,0.9742149114608765
Lung_Dx-A0222,0,0.9486324787139893,0.05136751011013985
Lung_Dx-A0222,0,0.799755334854126,0.2002447247505188
Lung_Dx-A0222,0,0.6841849088668823,0.31581512093544006
Lung_Dx-A0222,0,0.9858821630477905,0.014117893762886524
Lung_Dx-A0222,0,0.0029636684339493513,0.997036337852478
Lung_Dx-A0222,0,0.7601613402366638,0.2398386150598526
Lung_Dx-A0222,0,0.9790558218955994,0.020944207906723022
Lung_Dx-A0222,0,0.46581271290779114,0.5341873168945312
Lung_Dx-A0222,0,0.019197450950741768,0.9808025360107422
Lung_Dx-A0222,0,0.01807265728712082,0.9819273352622986
Lung_Dx-A0222,0,0.00017882819520309567,0.9998212456703186
Lung_Dx-A0222,0,0.001957016997039318,0.9980429410934448
Lung_Dx-A0223,0,0.7462314367294312,0.2537685036659241
Lung_Dx-A0223,0,0.8947435021400452,0.10525652021169662
Lung_Dx-A0223,0,0.988436222076416,0.011563828215003014
Lung_Dx-A0223,0,0.9311501383781433,0.06884987652301788
Lung_Dx-A0223,0,0.9773492217063904,0.022650809958577156
Lung_Dx-A0223,0,0.9418684244155884,0.05813159421086311
Lung_Dx-A0223,0,0.9954172372817993,0.00458276504650712
Lung_Dx-A0223,0,0.8648820519447327,0.13511791825294495
Lung_Dx-A0223,0,0.8603691458702087,0.13963085412979126
Lung_Dx-A0223,0,0.8024781346321106,0.19752183556556702
Lung_Dx-A0223,0,0.8285229802131653,0.17147701978683472
Lung_Dx-A0223,0,0.8088988661766052,0.19110114872455597
Lung_Dx-A0223,0,0.9757624268531799,0.024237636476755142
Lung_Dx-A0223,0,0.9889171123504639,0.01108285877853632
Lung_Dx-A0223,0,0.8463873863220215,0.1536126583814621
Lung_Dx-A0223,0,0.8861743807792664,0.11382561922073364
Lung_Dx-A0223,0,0.8713106513023376,0.12868930399417877
Lung_Dx-A0223,0,0.9825909733772278,0.01740904338657856
Lung_Dx-A0223,0,0.8289388418197632,0.1710611879825592
Lung_Dx-A0223,0,0.9888849258422852,0.011115012690424919
Lung_Dx-A0223,0,0.7413932681083679,0.2586067318916321
Lung_Dx-A0223,0,0.9937222599983215,0.006277706474065781
Lung_Dx-A0223,0,0.9464978575706482,0.0535021536052227
Lung_Dx-A0223,0,0.8120489120483398,0.18795107305049896
Lung_Dx-A0223,0,0.7463701367378235,0.2536298632621765
Lung_Dx-A0223,0,0.7950222492218018,0.20497773587703705
Lung_Dx-A0223,0,0.9957020878791809,0.004297938663512468
Lung_Dx-A0223,0,0.9988948702812195,0.0011051807086914778
Lung_Dx-A0223,0,0.8047897815704346,0.19521024823188782
Lung_Dx-A0223,0,0.8485333919525146,0.15146656334400177
Lung_Dx-A0223,0,0.8453049659729004,0.15469497442245483
Lung_Dx-A0223,0,0.9224823713302612,0.07751765847206116
Lung_Dx-A0226,0,0.9996812343597412,0.0003187510883435607
Lung_Dx-A0226,0,0.9136765599250793,0.08632348477840424
Lung_Dx-A0226,0,0.9993550181388855,0.0006449432112276554
Lung_Dx-A0226,0,0.9999561309814453,4.3829644710058346e-05
Lung_Dx-A0226,0,0.9846936464309692,0.015306354500353336
Lung_Dx-A0226,0,0.9998162388801575,0.0001837845629779622
Lung_Dx-A0226,0,0.9728566408157349,0.027143435552716255
Lung_Dx-A0226,0,0.9993821382522583,0.0006178345065563917
Lung_Dx-A0226,0,0.9941459894180298,0.005853960290551186
Lung_Dx-A0226,0,0.990532636642456,0.009467381052672863
Lung_Dx-A0226,0,0.9914721846580505,0.008527800440788269
Lung_Dx-A0226,0,0.9883578419685364,0.011642225086688995
Lung_Dx-A0226,0,0.9999326467514038,6.735481292707846e-05
Lung_Dx-A0226,0,0.9630572199821472,0.03694279491901398
Lung_Dx-A0226,0,0.9999580383300781,4.198630995233543e-05
Lung_Dx-A0226,0,0.9918753504753113,0.008124709129333496
Lung_Dx-A0226,0,0.9998751878738403,0.00012484894250519574
Lung_Dx-A0226,0,0.9760608077049255,0.023939194157719612
Lung_Dx-A0226,0,0.973569393157959,0.026430636644363403
Lung_Dx-A0226,0,0.929440438747406,0.07055959850549698
Lung_Dx-A0226,0,0.916857123374939,0.08314292132854462
Lung_Dx-A0226,0,0.9575167298316956,0.04248320683836937
Lung_Dx-A0226,0,0.998454213142395,0.0015457437839359045
Lung_Dx-A0241,0,0.02122640050947666,0.9787736535072327
Lung_Dx-A0241,0,0.013861953280866146,0.9861380457878113
Lung_Dx-A0241,0,0.910823404788971,0.08917658776044846
Lung_Dx-A0241,0,0.9796481728553772,0.020351815968751907
Lung_Dx-A0241,0,0.7733447551727295,0.22665521502494812
Lung_Dx-A0241,0,0.2362518012523651,0.7637481689453125
Lung_Dx-A0241,0,0.0019192374311387539,0.9980807304382324
Lung_Dx-A0241,0,0.006145091727375984,0.993854820728302
Lung_Dx-A0241,0,0.1444503217935562,0.855549693107605
Lung_Dx-A0241,0,0.007665874436497688,0.9923341274261475
Lung_Dx-A0241,0,0.416659414768219,0.583340585231781
Lung_Dx-A0241,0,0.89638751745224,0.1036124974489212
Lung_Dx-A0241,0,0.1250653862953186,0.8749346137046814
Lung_Dx-A0241,0,0.925499677658081,0.07450025528669357
Lung_Dx-A0241,0,0.9913892149925232,0.008610767312347889
Lung_Dx-A0241,0,0.9328826069831848,0.06711740791797638
Lung_Dx-A0241,0,0.01139758713543415,0.9886024594306946
Lung_Dx-A0241,0,0.4044082462787628,0.5955917835235596
Lung_Dx-A0241,0,0.7729593515396118,0.2270405888557434
Lung_Dx-A0241,0,0.8838388919830322,0.11616109311580658
Lung_Dx-A0241,0,0.29900282621383667,0.7009971737861633
Lung_Dx-A0241,0,0.9963215589523315,0.003678509034216404
Lung_Dx-A0241,0,0.9984391331672668,0.001560889300890267
Lung_Dx-A0241,0,0.19064868986606598,0.80935138463974
Lung_Dx-A0241,0,0.339252769947052,0.660747230052948
Lung_Dx-A0241,0,0.07737810164690018,0.9226218461990356
Lung_Dx-A0241,0,0.45337530970573425,0.5466247200965881
Lung_Dx-A0241,0,0.968110978603363,0.03188898786902428
Lung_Dx-A0241,0,0.9812568426132202,0.018743114545941353
Lung_Dx-A0241,0,0.7248703241348267,0.2751297354698181
Lung_Dx-A0241,0,0.9368651509284973,0.06313489377498627
Lung_Dx-A0241,0,0.9787533283233643,0.02124669775366783
Lung_Dx-A0241,0,0.9389688968658447,0.061031121760606766
Lung_Dx-A0241,0,0.2536298632621765,0.7463701367378235
Lung_Dx-A0241,0,0.9901592135429382,0.009840806014835835
Lung_Dx-A0241,0,0.060363005846738815,0.9396369457244873
Lung_Dx-A0241,0,0.9946774244308472,0.005322535056620836
Lung_Dx-A0241,0,0.39864054322242737,0.601359486579895
Lung_Dx-A0241,0,0.04594820365309715,0.9540517926216125
Lung_Dx-A0241,0,0.14229148626327515,0.8577085137367249
Lung_Dx-A0241,0,0.0005152656813152134,0.999484658241272
Lung_Dx-A0241,0,0.3817812204360962,0.6182187795639038
Lung_Dx-A0241,0,0.4856606721878052,0.5143393278121948
Lung_Dx-A0241,0,0.7100757956504822,0.2899242639541626
Lung_Dx-A0241,0,0.1083303764462471,0.8916696906089783
Lung_Dx-A0241,0,0.36402833461761475,0.63597172498703
Lung_Dx-A0241,0,0.9837381839752197,0.016261830925941467
Lung_Dx-A0241,0,0.9834862947463989,0.01651368848979473
Lung_Dx-A0241,0,0.988949179649353,0.011050795204937458
Lung_Dx-A0241,0,0.3283678889274597,0.6716321110725403
Lung_Dx-A0241,0,0.9651191234588623,0.03488088771700859
Lung_Dx-A0241,0,0.0065642488189041615,0.9934357404708862
Lung_Dx-A0241,0,0.10026028007268906,0.899739682674408
Lung_Dx-A0241,0,0.08411581814289093,0.9158841967582703
Lung_Dx-A0241,0,0.8504685759544373,0.14953137934207916
Lung_Dx-A0241,0,0.08985311537981033,0.9101468920707703
Lung_Dx-A0241,0,0.28101083636283875,0.7189891934394836
Lung_Dx-A0241,0,0.1619819551706314,0.8380180597305298
Lung_Dx-A0241,0,0.18676160275936127,0.8132384419441223
Lung_Dx-A0241,0,0.16518869996070862,0.834811270236969
Lung_Dx-A0241,0,0.012845958583056927,0.9871540665626526
Lung_Dx-A0241,0,0.13189834356307983,0.8681016564369202
Lung_Dx-A0241,0,0.9190269708633423,0.08097304403781891
Lung_Dx-A0241,0,0.02959137223660946,0.9704086184501648
Lung_Dx-A0241,0,0.9901211261749268,0.009878941811621189
Lung_Dx-A0241,0,0.9881079792976379,0.011892050504684448
Lung_Dx-A0241,0,0.009550157934427261,0.990449845790863
Lung_Dx-A0243,0,0.9970878958702087,0.0029121784027665854
Lung_Dx-A0243,0,0.2278127372264862,0.7721872925758362
Lung_Dx-A0243,0,0.9990527033805847,0.0009473090176470578
Lung_Dx-A0243,0,0.7422816157341003,0.25771838426589966
Lung_Dx-A0243,0,0.09093711525201797,0.909062922000885
Lung_Dx-A0243,0,0.998672366142273,0.0013276094105094671
Lung_Dx-A0243,0,0.5568816065788269,0.4431183934211731
Lung_Dx-A0243,0,0.9975985884666443,0.0024014052469283342
Lung_Dx-A0243,0,0.999321460723877,0.0006785172154195607
Lung_Dx-A0243,0,0.9991880059242249,0.0008119703852571547
Lung_Dx-A0243,0,0.9910838603973389,0.008916126564145088
Lung_Dx-A0243,0,0.7265711426734924,0.27342885732650757
Lung_Dx-A0243,0,0.9999414682388306,5.851939567946829e-05
Lung_Dx-A0243,0,0.999562680721283,0.0004373344127088785
Lung_Dx-A0243,0,0.9952632188796997,0.004736748989671469
Lung_Dx-A0248,0,0.9756466746330261,0.024353383108973503
Lung_Dx-A0248,0,0.9999407529830933,5.920916373725049e-05
Lung_Dx-A0248,0,0.9867516756057739,0.013248330913484097
Lung_Dx-A0248,0,0.9932942390441895,0.006705848500132561
Lung_Dx-A0248,0,0.9532750844955444,0.04672496020793915
Lung_Dx-A0248,0,0.9978635907173157,0.0021364211570471525
Lung_Dx-A0248,0,0.9955054521560669,0.004494525026530027
Lung_Dx-A0248,0,0.9994877576828003,0.0005122569273225963
Lung_Dx-A0248,0,0.9348130226135254,0.06518703699111938
Lung_Dx-A0248,0,0.9381806254386902,0.061819322407245636
Lung_Dx-A0248,0,0.9893474578857422,0.01065251138061285
Lung_Dx-A0248,0,0.9956176280975342,0.004382336977869272
Lung_Dx-A0248,0,0.9947186708450317,0.005281334277242422
Lung_Dx-A0248,0,0.9976993203163147,0.0023006375413388014
Lung_Dx-A0248,0,0.9999916553497314,8.300232366309501e-06
Lung_Dx-A0248,0,0.9994514584541321,0.0005484791472554207
Lung_Dx-A0248,0,0.9998396635055542,0.0001603035198058933
Lung_Dx-A0248,0,0.9999821186065674,1.7848135030362755e-05
Lung_Dx-A0248,0,0.9880620241165161,0.011938040144741535
Lung_Dx-A0248,0,0.9953272342681885,0.004672730341553688
Lung_Dx-A0248,0,0.9995686411857605,0.000431398453656584
Lung_Dx-A0248,0,0.9992401599884033,0.0007598414667882025
Lung_Dx-A0248,0,0.8914335370063782,0.10856641829013824
Lung_Dx-A0248,0,0.9990872144699097,0.0009128307574428618
Lung_Dx-A0248,0,0.9675945043563843,0.03240552172064781
Lung_Dx-A0248,0,0.9552773833274841,0.04472257196903229
Lung_Dx-A0248,0,0.9989494681358337,0.001050516846589744
Lung_Dx-A0248,0,0.9999417066574097,5.829126530443318e-05
Lung_Dx-A0249,0,0.25627321004867554,0.7437268495559692
Lung_Dx-A0249,0,0.0038319320883601904,0.9961680769920349
Lung_Dx-A0249,0,0.9857181310653687,0.01428193412721157
Lung_Dx-A0249,0,0.7432612180709839,0.2567387819290161
Lung_Dx-A0249,0,0.07903243601322174,0.9209675192832947
Lung_Dx-A0249,0,0.9390807151794434,0.06091928482055664
Lung_Dx-A0249,0,0.2486710250377655,0.7513290047645569
Lung_Dx-A0249,0,0.43140825629234314,0.5685917735099792
Lung_Dx-A0249,0,0.1888844072818756,0.8111156225204468
Lung_Dx-A0249,0,0.05218253284692764,0.9478174448013306
Lung_Dx-A0249,0,0.9593832492828369,0.040616780519485474
Lung_Dx-A0249,0,0.15921740233898163,0.8407825827598572
Lung_Dx-A0249,0,0.7362583875656128,0.2637416124343872
Lung_Dx-A0249,0,0.18616902828216553,0.8138309121131897
Lung_Dx-A0249,0,0.0918697863817215,0.9081302285194397
Lung_Dx-A0249,0,0.9043552875518799,0.09564469754695892
Lung_Dx-A0249,0,0.9546896815299988,0.04531031847000122
Lung_Dx-A0249,0,0.9289907217025757,0.07100921869277954
Lung_Dx-A0249,0,0.12565429508686066,0.8743456602096558
Lung_Dx-A0249,0,0.9114164710044861,0.08858346939086914
Lung_Dx-A0249,0,0.5694075226783752,0.43059247732162476
Lung_Dx-A0249,0,0.8855324983596802,0.11446747183799744
Lung_Dx-A0249,0,0.813164234161377,0.18683576583862305
Lung_Dx-A0249,0,0.015174448490142822,0.9848255515098572
Lung_Dx-A0249,0,0.9050709009170532,0.09492912143468857
Lung_Dx-A0249,0,0.6749616861343384,0.3250383138656616
Lung_Dx-A0249,0,0.9052804112434387,0.09471955895423889
Lung_Dx-A0249,0,0.7176306843757629,0.28236931562423706
Lung_Dx-A0249,0,0.5189728140830994,0.48102718591690063
Lung_Dx-A0249,0,0.9237300753593445,0.0762699693441391
Lung_Dx-A0249,0,0.8487842679023743,0.15121571719646454
Lung_Dx-A0249,0,0.2672886252403259,0.7327113747596741
Lung_Dx-A0249,0,0.8936347365379333,0.10636527091264725
Lung_Dx-A0249,0,0.9840936064720154,0.01590639166533947
Lung_Dx-A0249,0,0.8772140741348267,0.12278593331575394
Lung_Dx-A0249,0,0.5694785714149475,0.4305214285850525
Lung_Dx-A0249,0,0.8214741349220276,0.17852582037448883
Lung_Dx-A0249,0,0.1766716092824936,0.8233283758163452
Lung_Dx-A0249,0,0.7411122918128967,0.2588876783847809
Lung_Dx-A0249,0,0.4750269055366516,0.5249730944633484
Lung_Dx-A0249,0,0.6900469064712524,0.30995306372642517
Lung_Dx-A0249,0,0.9608049392700195,0.03919513151049614
Lung_Dx-A0249,0,0.18765316903591156,0.812346875667572
Lung_Dx-A0249,0,0.6456926465034485,0.3543073832988739
Lung_Dx-A0249,0,0.9992052912712097,0.0007947255508042872
Lung_Dx-A0249,0,0.7745833992958069,0.2254166156053543
Lung_Dx-A0249,0,0.7991290092468262,0.20087102055549622
Lung_Dx-A0249,0,0.04057874158024788,0.9594212770462036
Lung_Dx-A0249,0,0.9928786158561707,0.00712142838165164
Lung_Dx-A0249,0,0.9553608298301697,0.04463920742273331
Lung_Dx-A0249,0,0.9939143061637878,0.006085737142711878
Lung_Dx-A0249,0,0.016044558957219124,0.983955442905426
Lung_Dx-A0249,0,0.8078399300575256,0.19216008484363556
Lung_Dx-A0249,0,0.9125920534133911,0.0874079167842865
Lung_Dx-A0249,0,0.9697281122207642,0.030271871015429497
Lung_Dx-A0249,0,0.24283352494239807,0.7571664452552795
Lung_Dx-A0249,0,0.5731110572814941,0.42688891291618347
Lung_Dx-A0249,0,0.8236122727394104,0.17638768255710602
Lung_Dx-A0249,0,0.8473372459411621,0.15266279876232147
Lung_Dx-A0249,0,0.7885831594467163,0.2114168256521225
Lung_Dx-A0249,0,0.5604556202888489,0.43954434990882874
Lung_Dx-A0249,0,0.014406195841729641,0.985593855381012
Lung_Dx-A0249,0,0.9224124550819397,0.07758752256631851
Lung_Dx-A0249,0,0.8648820519447327,0.13511791825294495
Lung_Dx-A0249,0,0.4251278042793274,0.5748721957206726
Lung_Dx-A0249,0,0.11777491122484207,0.8822250962257385
Lung_Dx-A0249,0,0.9014878869056702,0.09851210564374924
Lung_Dx-A0249,0,0.5442867279052734,0.45571330189704895
Lung_Dx-A0249,0,0.9520864486694336,0.047913532704114914
Lung_Dx-A0249,0,0.5431662201881409,0.4568338096141815
Lung_Dx-A0249,0,0.1071101501584053,0.8928898572921753
Lung_Dx-A0249,0,0.19763796031475067,0.8023620843887329
Lung_Dx-A0249,0,0.8110033273696899,0.18899662792682648
Lung_Dx-A0249,0,0.9999525547027588,4.739097857964225e-05
Lung_Dx-A0249,0,0.046378206461668015,0.9536217451095581
Lung_Dx-A0249,0,0.7860485315322876,0.21395142376422882
Lung_Dx-A0249,0,0.3896372318267822,0.610362708568573
Lung_Dx-A0249,0,0.994541347026825,0.00545866135507822
Lung_Dx-A0249,0,0.90473473072052,0.09526525437831879
Lung_Dx-A0249,0,0.02299930341541767,0.9770007133483887
Lung_Dx-G0040,1,0.03155902028083801,0.9684410095214844
Lung_Dx-G0040,1,0.8990327715873718,0.10096723586320877
Lung_Dx-G0040,1,0.9408984184265137,0.05910154804587364
Lung_Dx-G0040,1,0.06424132734537125,0.9357587099075317
Lung_Dx-G0040,1,0.2237585037946701,0.7762415409088135
Lung_Dx-G0040,1,0.09488716721534729,0.9051128029823303
Lung_Dx-G0040,1,0.008950711227953434,0.9910492897033691
Lung_Dx-G0040,1,0.5781207084655762,0.4218793213367462
Lung_Dx-G0040,1,0.873214840888977,0.12678517401218414
Lung_Dx-G0040,1,0.24319279193878174,0.7568071484565735
Lung_Dx-G0040,1,0.6127297282218933,0.3872702419757843
Lung_Dx-G0040,1,0.3393348157405853,0.6606651544570923
Lung_Dx-G0040,1,0.3291456997394562,0.6708542704582214
Lung_Dx-G0040,1,0.9294724464416504,0.070527583360672
Lung_Dx-G0040,1,0.5868780016899109,0.41312193870544434
Lung_Dx-G0040,1,0.009965281933546066,0.9900347590446472
Lung_Dx-G0040,1,0.8445372581481934,0.15546274185180664
Lung_Dx-G0040,1,0.31729403138160706,0.6827059388160706
Lung_Dx-G0040,1,0.7392930388450623,0.26070696115493774
Lung_Dx-G0040,1,0.34834024310112,0.6516597270965576
Lung_Dx-G0040,1,0.07309852540493011,0.9269014000892639
Lung_Dx-G0040,1,0.9412234425544739,0.05877656117081642
Lung_Dx-G0040,1,0.8562723398208618,0.14372770488262177
Lung_Dx-G0040,1,0.2722179889678955,0.7277820706367493
Lung_Dx-G0040,1,0.11172487586736679,0.8882750868797302
Lung_Dx-G0040,1,0.3573712408542633,0.6426287293434143
Lung_Dx-G0040,1,0.7273464798927307,0.2726535201072693
Lung_Dx-G0040,1,0.0011902251280844212,0.998809814453125
Lung_Dx-G0040,1,0.09430169314146042,0.9056982398033142
Lung_Dx-G0040,1,0.05103541910648346,0.9489645957946777
Lung_Dx-G0040,1,0.42250463366508484,0.5774953961372375
Lung_Dx-G0040,1,0.009187658317387104,0.990812361240387
Lung_Dx-G0040,1,0.0011786720715463161,0.9988213181495667
Lung_Dx-G0040,1,0.23183153569698334,0.7681685090065002
Lung_Dx-G0040,1,0.7379142642021179,0.2620856761932373
Lung_Dx-G0040,1,0.006984649691730738,0.9930152893066406
Lung_Dx-G0040,1,0.0004512106243055314,0.9995487332344055
Lung_Dx-G0040,1,0.013702670112252235,0.9862973690032959
Lung_Dx-G0040,1,0.008187909610569477,0.9918121099472046
Lung_Dx-G0040,1,0.7218412160873413,0.2781587243080139
Lung_Dx-G0040,1,0.25137194991111755,0.7486280798912048
Lung_Dx-G0040,1,0.5001373291015625,0.4998626708984375
Lung_Dx-G0040,1,0.5827581882476807,0.41724181175231934
Lung_Dx-G0040,1,0.8015477657318115,0.19845226407051086
Lung_Dx-G0040,1,0.1245320737361908,0.8754679560661316
Lung_Dx-G0040,1,0.983020007610321,0.016979990527033806
Lung_Dx-G0040,1,0.2634572684764862,0.7365427613258362
Lung_Dx-G0040,1,0.7683423161506653,0.23165768384933472
Lung_Dx-G0040,1,0.6950793862342834,0.30492064356803894
Lung_Dx-G0040,1,0.0028727480676025152,0.9971272349357605
Lung_Dx-G0040,1,0.379062294960022,0.620937705039978
Lung_Dx-G0040,1,0.9634374976158142,0.03656250610947609
Lung_Dx-G0040,1,0.9822537302970886,0.01774631254374981
Lung_Dx-G0040,1,0.608026921749115,0.3919731378555298
Lung_Dx-G0040,1,0.05252167582511902,0.9474782943725586
Lung_Dx-G0040,1,0.06638737767934799,0.933612585067749
Lung_Dx-G0040,1,0.24314787983894348,0.7568520903587341
Lung_Dx-G0040,1,0.05384937673807144,0.9461506009101868
Lung_Dx-G0040,1,0.499725341796875,0.500274658203125
Lung_Dx-G0040,1,0.789314866065979,0.21068507432937622
Lung_Dx-G0040,1,0.7170614004135132,0.28293856978416443
Lung_Dx-G0040,1,0.00016931271238718182,0.9998306035995483
Lung_Dx-G0040,1,0.3314983546733856,0.6685016751289368
Lung_Dx-G0040,1,0.8303191661834717,0.1696808785200119
Lung_Dx-G0040,1,0.11018358916044235,0.889816403388977
Lung_Dx-G0040,1,0.50244140625,0.4975586235523224
Lung_Dx-G0040,1,0.02122640050947666,0.9787736535072327
Lung_Dx-G0040,1,0.007431773468852043,0.9925682544708252
Lung_Dx-G0040,1,0.499114990234375,0.500885009765625
Lung_Dx-G0040,1,0.11104825884103775,0.8889517188072205
Lung_Dx-G0040,1,0.761804461479187,0.23819561302661896
Lung_Dx-G0040,1,0.0020951859187334776,0.9979047775268555
Lung_Dx-G0040,1,0.049497056752443314,0.9505029916763306
Lung_Dx-G0040,1,0.6930056810379028,0.30699431896209717
Lung_Dx-G0040,1,0.0921553373336792,0.9078446626663208
Lung_Dx-G0040,1,0.200557678937912,0.7994422912597656
Lung_Dx-G0040,1,0.09033343940973282,0.9096665382385254
Lung_Dx-G0040,1,0.9422415494918823,0.05775843933224678
Lung_Dx-G0040,1,0.8312115669250488,0.16878843307495117
Lung_Dx-G0040,1,0.1448732316493988,0.8551267385482788
Lung_Dx-G0040,1,0.9509148001670837,0.049085184931755066
Lung_Dx-G0040,1,0.05839952081441879,0.941600501537323
Lung_Dx-G0040,1,0.0017891592578962445,0.9982109069824219
Lung_Dx-G0040,1,0.026180503889918327,0.9738195538520813
Lung_Dx-G0040,1,0.027195056900382042,0.9728049635887146
Lung_Dx-G0040,1,0.8320320844650269,0.16796797513961792
Lung_Dx-G0040,1,0.5325466990470886,0.4674533009529114
Lung_Dx-G0040,1,0.9494823217391968,0.050517670810222626
Lung_Dx-G0040,1,0.8808483481407166,0.11915167421102524
Lung_Dx-G0040,1,0.07864238321781158,0.9213575720787048
Lung_Dx-G0040,1,0.8633340001106262,0.13666599988937378
Lung_Dx-G0040,1,0.7213507294654846,0.2786492109298706
Lung_Dx-G0040,1,0.26416850090026855,0.7358314990997314
Lung_Dx-G0044,1,0.8698804974555969,0.13011953234672546
Lung_Dx-G0044,1,0.8690492510795593,0.13095080852508545
Lung_Dx-G0044,1,0.9771101474761963,0.022889841347932816
Lung_Dx-G0044,1,0.013782085850834846,0.9862179160118103
Lung_Dx-G0044,1,0.20260089635849,0.79739910364151
Lung_Dx-G0044,1,0.18795107305049896,0.8120489120483398
Lung_Dx-G0044,1,0.7795736789703369,0.22042635083198547
Lung_Dx-G0044,1,0.5677868723869324,0.4322131872177124
Lung_Dx-G0044,1,0.5477173924446106,0.4522826671600342
Lung_Dx-G0044,1,0.44172948598861694,0.5582705736160278
Lung_Dx-G0044,1,0.9609517455101013,0.039048291742801666
Lung_Dx-G0044,1,0.780662477016449,0.21933749318122864
Lung_Dx-G0044,1,0.7745833992958069,0.2254166156053543
Lung_Dx-G0044,1,0.09777738898992538,0.9022226333618164
Lung_Dx-G0044,1,0.8706522583961487,0.12934772670269012
Lung_Dx-G0044,1,0.793105959892273,0.20689405500888824
Lung_Dx-G0044,1,0.9207897186279297,0.0792103260755539
Lung_Dx-G0044,1,0.9620006084442139,0.03799937665462494
Lung_Dx-G0044,1,0.9114953279495239,0.08850466459989548
Lung_Dx-G0044,1,0.526434063911438,0.4735659658908844
Lung_Dx-G0044,1,0.8925157189369202,0.10748431831598282
Lung_Dx-G0044,1,0.6482297778129578,0.35177022218704224
Lung_Dx-G0044,1,0.9580301642417908,0.041969768702983856
Lung_Dx-G0044,1,0.3815651535987854,0.6184347867965698
Lung_Dx-G0044,1,0.771413266658783,0.22858671844005585
Lung_Dx-G0044,1,0.9990691542625427,0.0009308178559876978
Lung_Dx-G0044,1,0.3185911774635315,0.6814088821411133
Lung_Dx-G0044,1,0.9858003854751587,0.014199681580066681
Lung_Dx-G0044,1,0.24413767457008362,0.755862295627594
Lung_Dx-G0044,1,0.1709919571876526,0.8290080428123474
Lung_Dx-G0044,1,0.5211055874824524,0.4788943827152252
Lung_Dx-G0044,1,0.23686911165714264,0.7631309032440186
Lung_Dx-G0053,1,0.98973149061203,0.010268432088196278
Lung_Dx-G0053,1,0.3225559890270233,0.6774440407752991
Lung_Dx-G0053,1,0.9984752535820007,0.001524786464869976
Lung_Dx-G0053,1,0.371464341878891,0.6285356879234314
Lung_Dx-G0053,1,0.972933828830719,0.027066176757216454
Lung_Dx-G0053,1,0.9201462268829346,0.07985372841358185
Lung_Dx-G0053,1,0.9928508996963501,0.007149101700633764
Lung_Dx-G0053,1,0.1905733346939087,0.8094266653060913
Lung_Dx-G0053,1,0.5241587162017822,0.4758412837982178
Lung_Dx-G0053,1,0.8823264837265015,0.11767348647117615
Lung_Dx-G0053,1,0.10918228328227997,0.8908177614212036
Lung_Dx-G0053,1,0.9691786766052246,0.03082132525742054
Lung_Dx-G0053,1,0.9995810389518738,0.00041894835885614157
Lung_Dx-G0053,1,0.991355836391449,0.008644177578389645
Lung_Dx-G0053,1,0.049085184931755066,0.9509148001670837
Lung_Dx-G0053,1,0.3986697793006897,0.6013302206993103
Lung_Dx-G0053,1,0.9999691247940063,3.083840783801861e-05
Lung_Dx-G0053,1,0.7973201870918274,0.2026797980070114
Lung_Dx-G0053,1,0.16851459443569183,0.8314854502677917
Lung_Dx-G0053,1,0.1456613838672638,0.8543385863304138
Lung_Dx-G0053,1,0.9812389612197876,0.018761085346341133
Lung_Dx-G0053,1,0.9656089544296265,0.03439110517501831
Lung_Dx-G0053,1,0.8288003206253052,0.1711997240781784
Lung_Dx-G0053,1,0.9981505274772644,0.0018494504038244486
Lung_Dx-G0053,1,0.9962855577468872,0.00371447391808033
Lung_Dx-G0053,1,0.8492224812507629,0.15077754855155945
Lung_Dx-G0053,1,0.9689738154411316,0.03102618083357811
Lung_Dx-G0053,1,0.9997612833976746,0.0002387526328675449
Lung_Dx-G0053,1,0.5888670086860657,0.4111330211162567
Lung_Dx-G0053,1,0.9941800832748413,0.005819959565997124
Lung_Dx-G0053,1,0.5418634414672852,0.45813655853271484
Lung_Dx-G0053,1,0.9669764637947083,0.03302355483174324
Lung_Dx-G0053,1,0.69059818983078,0.3094017803668976
Lung_Dx-G0053,1,0.17300857603549957,0.8269913792610168
Lung_Dx-G0053,1,0.1538667529821396,0.8461332321166992
Lung_Dx-G0053,1,0.6086376309394836,0.3913623094558716
Lung_Dx-G0053,1,0.48309969902038574,0.5169002413749695
Lung_Dx-G0053,1,0.5644549131393433,0.4355451166629791
Lung_Dx-G0053,1,0.7030909657478333,0.29690903425216675
Lung_Dx-G0053,1,0.1330205351114273,0.8669794797897339
Lung_Dx-G0053,1,0.047470010817050934,0.952530026435852
Lung_Dx-G0053,1,0.2147737443447113,0.7852262258529663
Lung_Dx-G0053,1,0.8651101589202881,0.13488982617855072
Lung_Dx-G0053,1,0.9536217451095581,0.046378206461668015
Lung_Dx-G0053,1,0.9660279750823975,0.03397199511528015
Lung_Dx-G0053,1,0.999160647392273,0.0008393599418923259
Lung_Dx-G0053,1,0.9996373653411865,0.00036259007174521685
Lung_Dx-G0053,1,0.733738124370575,0.26626187562942505
Lung_Dx-G0053,1,0.9657061100006104,0.034293945878744125
Lung_Dx-G0053,1,0.9730108976364136,0.026989132165908813
Lung_Dx-G0053,1,0.05592617765069008,0.9440738558769226
Lung_Dx-G0053,1,0.004425152204930782,0.9955748319625854
Lung_Dx-G0053,1,0.9963783621788025,0.003621685318648815
Lung_Dx-G0053,1,0.16660760343074799,0.8333924412727356
Lung_Dx-G0053,1,0.14069007337093353,0.85930997133255
Lung_Dx-G0053,1,0.08616955578327179,0.9138304591178894
Lung_Dx-G0053,1,0.09363655745983124,0.9063634872436523
Lung_Dx-G0053,1,0.9820482730865479,0.01795174367725849
Lung_Dx-G0053,1,0.6331551671028137,0.36684489250183105
Lung_Dx-G0053,1,0.9748929738998413,0.02510703355073929
Lung_Dx-G0053,1,0.8748811483383179,0.12511882185935974
Lung_Dx-G0053,1,0.9685600996017456,0.031439851969480515
Lung_Dx-G0053,1,0.9873506426811218,0.012649319134652615
Lung_Dx-G0053,1,0.3503657877445221,0.6496341824531555
Lung_Dx-G0053,1,0.26350465416908264,0.7364953756332397
Lung_Dx-G0053,1,0.9996259212493896,0.00037409563083201647
Lung_Dx-G0053,1,0.9966233968734741,0.003376612439751625
Lung_Dx-G0053,1,0.9977349042892456,0.002265050308778882
Lung_Dx-G0053,1,0.9998660087585449,0.0001339421287411824
Lung_Dx-G0053,1,0.2265268713235855,0.7734731435775757
Lung_Dx-G0053,1,0.46022823452949524,0.5397717356681824
Lung_Dx-G0053,1,0.2539072632789612,0.7460927367210388
Lung_Dx-G0053,1,0.6271666288375854,0.37283340096473694
Lung_Dx-G0053,1,0.7134066820144653,0.28659334778785706
Lung_Dx-G0053,1,0.9986853003501892,0.001314724562689662
Lung_Dx-G0053,1,0.20406417548656464,0.7959358096122742
Lung_Dx-G0053,1,0.21011725068092346,0.7898827195167542
Lung_Dx-G0053,1,0.4816519021987915,0.5183480978012085
Lung_Dx-G0053,1,0.8433797955513,0.15662017464637756
Lung_Dx-G0053,1,0.1609242558479309,0.8390757441520691
Lung_Dx-G0053,1,0.9992475509643555,0.0007524627144448459
Lung_Dx-G0062,1,0.954647421836853,0.04535257816314697
Lung_Dx-G0062,1,0.015573563054203987,0.9844264388084412
Lung_Dx-G0062,1,0.6895147562026978,0.31048527359962463
Lung_Dx-G0062,1,0.725356936454773,0.27464309334754944
Lung_Dx-G0062,1,0.005888159386813641,0.9941118359565735
Lung_Dx-G0062,1,0.13460519909858704,0.8653948307037354
Lung_Dx-G0062,1,0.9081302285194397,0.0918697863817215
Lung_Dx-G0062,1,0.9982317090034485,0.0017683517653495073
Lung_Dx-G0062,1,0.08772001415491104,0.9122800230979919
Lung_Dx-G0062,1,0.8050197958946228,0.1949802190065384
Lung_Dx-G0062,1,0.06418264657258987,0.9358173608779907
Lung_Dx-G0062,1,0.18010665476322174,0.8198933005332947
Lung_Dx-G0062,1,0.6858443021774292,0.3141557574272156
Lung_Dx-G0062,1,0.0052099935710430145,0.9947900772094727
Lung_Dx-G0062,1,0.6918097138404846,0.3081902265548706
Lung_Dx-G0062,1,0.3729047477245331,0.6270952224731445
Lung_Dx-G0062,1,0.01061142049729824,0.9893885254859924
Lung_Dx-G0062,1,0.04480608552694321,0.9551938772201538
Lung_Dx-G0062,1,0.4161439836025238,0.5838559865951538
Lung_Dx-G0062,1,0.9746528267860413,0.02534717507660389
Lung_Dx-G0062,1,0.7953006029129028,0.20469938218593597
Lung_Dx-G0062,1,0.6647817492485046,0.335218220949173
Lung_Dx-G0062,1,0.03403615579009056,0.9659639000892639
Lung_Dx-G0062,1,0.043002646416425705,0.9569973349571228
Lung_Dx-G0062,1,0.4075396955013275,0.5924602746963501
Lung_Dx-G0062,1,0.7369215488433838,0.2630784213542938
Lung_Dx-G0062,1,0.9357587099075317,0.06424132734537125
Lung_Dx-G0062,1,0.029760094359517097,0.9702399373054504
Lung_Dx-G0062,1,0.36792653799057007,0.6320734620094299
Lung_Dx-G0062,1,0.18491466343402863,0.8150853514671326
Lung_Dx-G0062,1,0.4862705171108246,0.513729453086853
Lung_Dx-G0062,1,0.9819099307060242,0.01808999478816986
Lung_Dx-G0062,1,0.9998666048049927,0.0001334200205747038
Lung_Dx-G0062,1,0.8294920325279236,0.17050801217556
Lung_Dx-G0062,1,0.4641728699207306,0.5358271598815918
Lung_Dx-G0062,1,0.31869715452194214,0.6813028454780579
Lung_Dx-G0062,1,0.4380338191986084,0.5619661211967468
Lung_Dx-G0062,1,0.9973734617233276,0.002626552479341626
Lung_Dx-G0062,1,0.0009022055310197175,0.9990978240966797
Lung_Dx-G0062,1,0.12018042057752609,0.8798195719718933
Lung_Dx-G0062,1,0.7941854596138,0.20581449568271637
Lung_Dx-G0062,1,0.343961238861084,0.6560388207435608
Lung_Dx-G0062,1,0.015029196627438068,0.98497074842453
Lung_Dx-G0062,1,0.022694088518619537,0.9773059487342834
Lung_Dx-G0062,1,0.7564474940299988,0.24355244636535645
Lung_Dx-G0062,1,0.8288003206253052,0.1711997240781784
Lung_Dx-G0062,1,0.0009811718482524157,0.9990187883377075
Lung_Dx-G0062,1,0.8231862783432007,0.17681370675563812
Lung_Dx-G0062,1,0.024680351838469505,0.9753196239471436
Lung_Dx-G0062,1,0.9860039353370667,0.013996084220707417
Lung_Dx-G0062,1,0.12868930399417877,0.8713106513023376
Lung_Dx-G0062,1,0.9488699436187744,0.05113009363412857
Lung_Dx-G0062,1,0.004373823292553425,0.9956262111663818
Lung_Dx-G0062,1,0.011050795204937458,0.988949179649353
Lung_Dx-G0062,1,0.9742149114608765,0.02578507922589779
Lung_Dx-G0062,1,0.25367608666419983,0.7463239431381226
Lung_Dx-G0062,1,0.98497074842453,0.015029196627438068
Lung_Dx-G0062,1,0.9595351815223694,0.040464840829372406
Lung_Dx-G0062,1,0.7281204462051392,0.27187955379486084
Lung_Dx-G0062,1,0.994551956653595,0.005448068026453257
Lung_Dx-G0062,1,0.039750516414642334,0.9602494835853577
Lung_Dx-G0062,1,0.8632764220237732,0.1367236226797104
Lung_Dx-G0062,1,0.06584470719099045,0.934155285358429
Lung_Dx-G0062,1,0.8885655403137207,0.1114344522356987
Lung_Dx-G0062,1,0.1461481750011444,0.853851854801178
Lung_Dx-G0062,1,0.3678271472454071,0.6321728825569153
Lung_Dx-G0062,1,0.7906111478805542,0.2093888521194458
Lung_Dx-G0062,1,0.06891250610351562,0.9310875535011292
Lung_Dx-G0062,1,0.15171776711940765,0.8482822179794312
Lung_Dx-G0062,1,0.06216002628207207,0.9378399848937988
Lung_Dx-G0062,1,0.06717856973409653,0.9328213930130005
Lung_Dx-G0062,1,0.9832789301872253,0.016721144318580627
Lung_Dx-G0062,1,0.8438308238983154,0.15616923570632935
Lung_Dx-G0062,1,0.9866877198219299,0.013312315568327904
Lung_Dx-G0062,1,0.9901971817016602,0.009802816435694695
Lung_Dx-G0062,1,0.020508162677288055,0.9794918298721313
Lung_Dx-G0062,1,0.0678548812866211,0.9321451187133789
Lung_Dx-G0062,1,0.009540924802422523,0.9904590845108032
Lung_Dx-G0062,1,0.0010649627074599266,0.9989350438117981
Lung_Dx-G0062,1,0.7933462262153625,0.20665378868579865
Lung_Dx-G0062,1,0.9700985550880432,0.029901403933763504
Lung_Dx-G0062,1,0.7885831594467163,0.2114168256521225
Lung_Dx-G0062,1,0.8954769968986511,0.10452301055192947
Lung_Dx-G0062,1,0.9001354575157166,0.09986454993486404
Lung_Dx-G0062,1,0.43345680832862854,0.5665432214736938
Lung_Dx-G0062,1,0.9911527037620544,0.008847354911267757
Lung_Dx-G0062,1,0.9542226791381836,0.045777272433042526
Lung_Dx-G0062,1,0.8900555372238159,0.10994444787502289
Lung_Dx-G0062,1,0.9090225100517273,0.09097748249769211
Lung_Dx-G0062,1,0.22815649211406708,0.7718434929847717
Lung_Dx-G0062,1,0.9979493021965027,0.0020507434383034706
Lung_Dx-G0062,1,0.9609150886535645,0.03908495604991913
Lung_Dx-A0170,0,0.002336782868951559,0.9976632595062256
Lung_Dx-A0170,0,0.06884987652301788,0.9311501383781433
Lung_Dx-A0170,0,0.43588653206825256,0.5641134977340698
Lung_Dx-A0170,0,0.11023147404193878,0.8897685408592224
Lung_Dx-A0170,0,0.22151906788349152,0.7784809470176697
Lung_Dx-A0170,0,0.20809844136238098,0.7919015288352966
Lung_Dx-A0170,0,0.22970795631408691,0.7702920436859131
Lung_Dx-A0170,0,0.016737207770347595,0.9832627773284912
Lung_Dx-A0170,0,0.42889857292175293,0.5711014866828918
Lung_Dx-A0170,0,0.16377952694892883,0.8362205028533936
Lung_Dx-A0170,0,0.13546064496040344,0.8645393252372742
Lung_Dx-A0170,0,0.2882183790206909,0.7117816209793091
Lung_Dx-A0170,0,0.8316905498504639,0.16830943524837494
Lung_Dx-A0170,0,0.16871993243694305,0.8312800526618958
Lung_Dx-A0170,0,0.42369645833969116,0.5763035416603088
Lung_Dx-A0170,0,0.6650027632713318,0.3349972665309906
Lung_Dx-A0170,0,0.005343256518244743,0.9946568012237549
Lung_Dx-A0170,0,0.45984163880348206,0.5401583909988403
Lung_Dx-A0170,0,0.6087830662727356,0.3912169337272644
Lung_Dx-A0170,0,0.4136474132537842,0.5863526463508606
Lung_Dx-A0170,0,0.23691323399543762,0.76308673620224
Lung_Dx-A0170,0,0.8358188271522522,0.1641811579465866
Lung_Dx-A0170,0,0.5671876072883606,0.4328124225139618
Lung_Dx-A0170,0,0.9202179908752441,0.07978201657533646
Lung_Dx-A0170,0,0.0064882696606218815,0.9935117363929749
Lung_Dx-A0170,0,0.010870827361941338,0.9891291856765747
Lung_Dx-A0170,0,0.10114466398954391,0.8988553285598755
Lung_Dx-A0170,0,0.25935637950897217,0.7406436204910278
Lung_Dx-A0170,0,0.2086622714996338,0.7913377285003662
Lung_Dx-A0170,0,0.08021324872970581,0.9197867512702942
Lung_Dx-A0170,0,0.020061802119016647,0.9799382090568542
Lung_Dx-A0170,0,0.03058881126344204,0.9694111943244934
Lung_Dx-A0170,0,0.02843603491783142,0.971563994884491
Lung_Dx-A0170,0,0.5509698390960693,0.44903022050857544
Lung_Dx-A0170,0,0.7714993357658386,0.228500634431839
Lung_Dx-A0170,0,0.35014358162879944,0.649856448173523
Lung_Dx-A0170,0,0.2729441225528717,0.7270559072494507
Lung_Dx-A0170,0,0.12320729345083237,0.8767926692962646
Lung_Dx-A0170,0,0.36178454756736755,0.6382154226303101
Lung_Dx-A0170,0,0.0699218362569809,0.9300780892372131
Lung_Dx-A0170,0,0.3860398828983307,0.6139600872993469
Lung_Dx-A0170,0,0.056966383010149,0.9430335760116577
Lung_Dx-A0170,0,0.38193970918655396,0.6180602312088013
Lung_Dx-A0170,0,0.7158711552619934,0.284128874540329
Lung_Dx-A0170,0,0.12852513790130615,0.8714748620986938
Lung_Dx-A0170,0,0.801508903503418,0.19849106669425964
Lung_Dx-A0170,0,0.039158374071121216,0.9608416557312012
Lung_Dx-A0170,0,0.1030244305729866,0.896975576877594
Lung_Dx-A0170,0,0.692225992679596,0.30777397751808167
Lung_Dx-A0170,0,0.7789016962051392,0.22109831869602203
Lung_Dx-A0170,0,0.1268933266401291,0.8731066584587097
Lung_Dx-A0170,0,0.043936535716056824,0.956063449382782
Lung_Dx-A0170,0,0.2389051616191864,0.761094868183136
Lung_Dx-A0170,0,0.2798285186290741,0.7201715111732483
Lung_Dx-A0170,0,0.7565374970436096,0.24346253275871277
Lung_Dx-A0170,0,0.17328819632530212,0.8267117738723755
Lung_Dx-A0170,0,0.6480209827423096,0.35197898745536804
Lung_Dx-A0170,0,0.20063598453998566,0.7993640899658203
Lung_Dx-A0170,0,0.8417606949806213,0.15823937952518463
Lung_Dx-A0170,0,0.45109978318214417,0.5489001870155334
Lung_Dx-A0170,0,0.7144288420677185,0.2855711877346039
Lung_Dx-A0170,0,0.5303657054901123,0.4696342647075653
Lung_Dx-A0170,0,0.4381559193134308,0.5618441104888916
Lung_Dx-A0170,0,0.2402394413948059,0.7597605586051941
Lung_Dx-A0170,0,0.09326427429914474,0.9067357778549194
Lung_Dx-A0170,0,0.20094941556453705,0.7990505695343018
Lung_Dx-A0170,0,0.5181195139884949,0.4818805158138275
Lung_Dx-A0170,0,0.1557835340499878,0.8442164063453674
Lung_Dx-A0170,0,0.5385319590568542,0.46146801114082336
Lung_Dx-A0170,0,0.4083062410354614,0.5916937589645386
Lung_Dx-A0170,0,0.8324410915374756,0.1675589233636856
Lung_Dx-A0170,0,0.06354045122861862,0.9364595413208008
Lung_Dx-A0170,0,0.2167566865682602,0.7832432985305786
Lung_Dx-A0171,0,0.7369215488433838,0.2630784213542938
Lung_Dx-A0171,0,0.5959482192993164,0.4040517508983612
Lung_Dx-A0171,0,0.7946240901947021,0.20537588000297546
Lung_Dx-A0171,0,0.783409059047699,0.21659092605113983
Lung_Dx-A0171,0,0.8313485383987427,0.16865147650241852
Lung_Dx-A0171,0,0.5100389122962952,0.48996108770370483
Lung_Dx-A0171,0,0.7389517426490784,0.26104822754859924
Lung_Dx-A0171,0,0.3492552638053894,0.6507447361946106
Lung_Dx-A0171,0,0.7181993126869202,0.2818007469177246
Lung_Dx-A0171,0,0.9370381236076355,0.06296183168888092
Lung_Dx-A0171,0,0.6442810893058777,0.3557189404964447
Lung_Dx-A0171,0,0.5709893107414246,0.42901068925857544
Lung_Dx-A0171,0,0.7862948179244995,0.2137051820755005
Lung_Dx-A0171,0,0.4464946985244751,0.5535053014755249
Lung_Dx-A0171,0,0.34070447087287903,0.6592954993247986
Lung_Dx-A0171,0,0.6766732931137085,0.3233267068862915
Lung_Dx-A0171,0,0.6305996179580688,0.36940035223960876
Lung_Dx-A0171,0,0.652877926826477,0.3471220135688782
Lung_Dx-A0171,0,0.5449338555335999,0.45506617426872253
Lung_Dx-A0171,0,0.3750481605529785,0.6249518394470215
Lung_Dx-A0171,0,0.45553165674209595,0.5444684028625488
Lung_Dx-A0171,0,0.4484263062477112,0.5515737533569336
Lung_Dx-A0171,0,0.7224780321121216,0.27752193808555603
Lung_Dx-A0171,0,0.7885831594467163,0.2114168256521225
Lung_Dx-A0171,0,0.5796384215354919,0.42036163806915283
Lung_Dx-A0171,0,0.6966294646263123,0.30337053537368774
Lung_Dx-A0171,0,0.4241361916065216,0.575863778591156
Lung_Dx-A0171,0,0.25557583570480347,0.7444241642951965
Lung_Dx-A0171,0,0.40516555309295654,0.5948344469070435
Lung_Dx-A0171,0,0.7895584106445312,0.21044158935546875
Lung_Dx-A0171,0,0.6212088465690613,0.3787911534309387
Lung_Dx-A0171,0,0.48871806263923645,0.5112819671630859
Lung_Dx-A0171,0,0.9365176558494568,0.0634823590517044
Lung_Dx-A0171,0,0.5834407210350037,0.41655927896499634
Lung_Dx-A0171,0,0.47840696573257446,0.5215929746627808
Lung_Dx-A0171,0,0.7548246383666992,0.24517536163330078
Lung_Dx-A0171,0,0.7474316954612732,0.2525683641433716
Lung_Dx-A0171,0,0.3102239966392517,0.6897760033607483
Lung_Dx-A0171,0,0.8948813676834106,0.10511863231658936
Lung_Dx-A0171,0,0.9258357286453247,0.07416429370641708
Lung_Dx-A0171,0,0.3860398828983307,0.6139600872993469
Lung_Dx-A0171,0,0.852874219417572,0.14712578058242798
Lung_Dx-A0171,0,0.7555468082427979,0.24445317685604095
Lung_Dx-A0171,0,0.7060384750366211,0.2939615547657013
Lung_Dx-A0171,0,0.5919591188430786,0.408040851354599
Lung_Dx-A0171,0,0.6490783095359802,0.35092172026634216
Lung_Dx-A0171,0,0.5778825283050537,0.4221174716949463
Lung_Dx-A0171,0,0.5558270215988159,0.4441729485988617
Lung_Dx-A0171,0,0.6260098814964294,0.37399011850357056
Lung_Dx-A0171,0,0.4692162275314331,0.5307837724685669
Lung_Dx-A0171,0,0.39358896017074585,0.6064110398292542
Lung_Dx-A0171,0,0.6584449410438538,0.34155502915382385
Lung_Dx-A0171,0,0.9254323840141296,0.07456762343645096
Lung_Dx-A0171,0,0.6456507444381714,0.354349285364151
Lung_Dx-A0171,0,0.7032948136329651,0.2967052161693573
Lung_Dx-A0171,0,0.666089653968811,0.33391034603118896
Lung_Dx-A0171,0,0.8362873792648315,0.16371268033981323
Lung_Dx-A0171,0,0.7157469391822815,0.2842530310153961
Lung_Dx-A0171,0,0.47813284397125244,0.5218670964241028
Lung_Dx-A0171,0,0.754553496837616,0.2454465627670288
Lung_Dx-A0171,0,0.499298095703125,0.500701904296875
Lung_Dx-A0171,0,0.5306165814399719,0.46938344836235046
Lung_Dx-A0171,0,0.4143729507923126,0.5856270790100098
Lung_Dx-A0171,0,0.7563126087188721,0.2436874359846115
Lung_Dx-A0171,0,0.4785517156124115,0.5214483141899109
Lung_Dx-A0171,0,0.9092645049095154,0.09073548763990402
Lung_Dx-A0171,0,0.6123386025428772,0.387661337852478
Lung_Dx-A0171,0,0.6470319032669067,0.3529680669307709
Lung_Dx-A0171,0,0.7978719472885132,0.20212800800800323
Lung_Dx-A0171,0,0.7423750758171082,0.2576249837875366
Lung_Dx-A0171,0,0.7350714802742004,0.2649284899234772
Lung_Dx-A0171,0,0.5250187516212463,0.47498124837875366
Lung_Dx-A0171,0,0.7672541737556458,0.23274582624435425
Lung_Dx-A0171,0,0.7721013426780701,0.22789865732192993
Lung_Dx-A0171,0,0.7521036267280579,0.24789638817310333
Lung_Dx-A0171,0,0.5589289665222168,0.441071093082428
Lung_Dx-A0171,0,0.8673731684684753,0.13262686133384705
Lung_Dx-A0171,0,0.7265711426734924,0.27342885732650757
Lung_Dx-A0171,0,0.764672040939331,0.23532798886299133
Lung_Dx-A0171,0,0.6034061908721924,0.3965938687324524
Lung_Dx-A0171,0,0.5427685976028442,0.4572313725948334
Lung_Dx-A0171,0,0.6395109295845032,0.36048904061317444
Lung_Dx-A0173,0,0.39318111538887024,0.6068188548088074
Lung_Dx-A0173,0,0.6207078099250793,0.37929219007492065
Lung_Dx-A0173,0,0.7361398339271545,0.26386016607284546
Lung_Dx-A0173,0,0.7942253947257996,0.20577459037303925
Lung_Dx-A0173,0,0.8155999779701233,0.1844000667333603
Lung_Dx-A0173,0,0.7366847991943359,0.2633151412010193
Lung_Dx-A0173,0,0.5528867840766907,0.4471132457256317
Lung_Dx-A0173,0,0.5735291242599487,0.42647090554237366
Lung_Dx-A0173,0,0.7892336845397949,0.21076630055904388
Lung_Dx-A0173,0,0.8692157864570618,0.13078418374061584
Lung_Dx-A0173,0,0.7211053967475891,0.2788946330547333
Lung_Dx-A0173,0,0.5580862164497375,0.4419138431549072
Lung_Dx-A0173,0,0.4074217975139618,0.5925781726837158
Lung_Dx-A0173,0,0.6265241503715515,0.3734758198261261
Lung_Dx-A0173,0,0.5454370379447937,0.4545629620552063
Lung_Dx-A0173,0,0.8867150545120239,0.11328496038913727
Lung_Dx-A0173,0,0.6719551086425781,0.32804492115974426
Lung_Dx-A0173,0,0.5438287258148193,0.45617127418518066
Lung_Dx-A0173,0,0.6112659573554993,0.38873404264450073
Lung_Dx-A0173,0,0.8180837035179138,0.18191629648208618
Lung_Dx-A0173,0,0.5590944886207581,0.44090554118156433
Lung_Dx-A0173,0,0.5923276543617249,0.40767231583595276
Lung_Dx-A0173,0,0.6217849850654602,0.37821507453918457
Lung_Dx-A0173,0,0.6685287356376648,0.3314712941646576
Lung_Dx-A0173,0,0.5303276777267456,0.469672292470932
Lung_Dx-A0173,0,0.8487215638160706,0.15127839148044586
Lung_Dx-A0173,0,0.5433176159858704,0.45668232440948486
Lung_Dx-A0173,0,0.584345281124115,0.415654718875885
Lung_Dx-A0173,0,0.5901150107383728,0.4098849594593048
Lung_Dx-A0173,0,0.6927199363708496,0.3072800636291504
Lung_Dx-A0173,0,0.34764784574508667,0.6523521542549133
Lung_Dx-A0173,0,0.6051138043403625,0.39488622546195984
Lung_Dx-A0173,0,0.9737696647644043,0.0262303464114666
Lung_Dx-A0173,0,0.6244795918464661,0.37552037835121155
Lung_Dx-A0173,0,0.5983708500862122,0.40162912011146545
Lung_Dx-A0173,0,0.9798612594604492,0.02013874240219593
Lung_Dx-A0173,0,0.3301471769809723,0.6698528528213501
Lung_Dx-A0173,0,0.6923560500144958,0.30764394998550415
Lung_Dx-A0173,0,0.5634530186653137,0.4365469813346863
Lung_Dx-A0173,0,0.7899637818336487,0.2100362479686737
Lung_Dx-A0173,0,0.8168451189994812,0.1831549108028412
Lung_Dx-A0173,0,0.65572190284729,0.3442780673503876
Lung_Dx-A0173,0,0.5658385753631592,0.43416136503219604
Lung_Dx-A0173,0,0.5872923135757446,0.41270768642425537
Lung_Dx-A0173,0,0.7108290791511536,0.2891709506511688
Lung_Dx-A0173,0,0.6679062247276306,0.3320937752723694
Lung_Dx-A0173,0,0.5079339146614075,0.4920661151409149
Lung_Dx-A0173,0,0.9265698790550232,0.07343005388975143
Lung_Dx-A0173,0,0.4372452199459076,0.5627548098564148
Lung_Dx-A0173,0,0.7480993270874023,0.25190064311027527
Lung_Dx-A0177,0,0.9391923546791077,0.06080764904618263
Lung_Dx-A0177,0,0.801159143447876,0.1988408863544464
Lung_Dx-A0177,0,0.9591160416603088,0.04088399186730385
Lung_Dx-A0177,0,0.8213309049606323,0.17866909503936768
Lung_Dx-A0177,0,0.9633687138557434,0.03663136810064316
Lung_Dx-A0177,0,0.9425067901611328,0.05749327689409256
Lung_Dx-A0177,0,0.8946975469589233,0.10530251264572144
Lung_Dx-A0177,0,0.9585376977920532,0.04146227240562439
Lung_Dx-A0177,0,0.9636433720588684,0.036356665194034576
Lung_Dx-A0177,0,0.9192084670066833,0.08079154044389725
Lung_Dx-A0177,0,0.8569919466972351,0.14300808310508728
Lung_Dx-A0177,0,0.8321685194969177,0.16783154010772705
Lung_Dx-A0177,0,0.8826809525489807,0.11731908470392227
Lung_Dx-A0177,0,0.7656809687614441,0.2343190312385559
Lung_Dx-A0177,0,0.9464978575706482,0.0535021536052227
Lung_Dx-A0177,0,0.8640238642692566,0.13597612082958221
Lung_Dx-A0177,0,0.9172285199165344,0.08277145773172379
Lung_Dx-A0177,0,0.9144436717033386,0.08555635064840317
Lung_Dx-A0177,0,0.8143113255500793,0.18568864464759827
Lung_Dx-A0177,0,0.8591918349266052,0.14080817997455597
Lung_Dx-A0177,0,0.9592689275741577,0.04073109105229378
Lung_Dx-A0177,0,0.827479898929596,0.17252008616924286
Lung_Dx-A0177,0,0.9572377800941467,0.0427621528506279
Lung_Dx-A0177,0,0.8308001160621643,0.1691998690366745
Lung_Dx-A0177,0,0.8405863642692566,0.15941359102725983
Lung_Dx-A0177,0,0.945600688457489,0.05439931899309158
Lung_Dx-A0177,0,0.980728805065155,0.019271135330200195
Lung_Dx-A0177,0,0.9543505907058716,0.04564947262406349
Lung_Dx-A0177,0,0.8314854502677917,0.16851459443569183
Lung_Dx-A0177,0,0.8764230012893677,0.12357699871063232
Lung_Dx-A0177,0,0.8440879583358765,0.15591201186180115
Lung_Dx-A0177,0,0.9315870404243469,0.0684129074215889
Lung_Dx-A0177,0,0.7419545650482178,0.25804540514945984
Lung_Dx-A0177,0,0.9537512063980103,0.04624880477786064
Lung_Dx-A0177,0,0.8322367072105408,0.167763352394104
Lung_Dx-A0183,0,0.6157523393630981,0.38424763083457947
Lung_Dx-A0183,0,0.3507271111011505,0.6492728590965271
Lung_Dx-A0183,0,0.6323289275169373,0.36767104268074036
Lung_Dx-A0183,0,0.7483983039855957,0.2516017258167267
Lung_Dx-A0183,0,0.4599098265171051,0.5400901436805725
Lung_Dx-A0183,0,0.6597066521644592,0.3402933180332184
Lung_Dx-A0183,0,0.6881541609764099,0.3118458390235901
Lung_Dx-A0183,0,0.6665510535240173,0.33344894647598267
Lung_Dx-A0183,0,0.5815556049346924,0.4184443950653076
Lung_Dx-A0183,0,0.4728204011917114,0.5271795988082886
Lung_Dx-A0183,0,0.8867640495300293,0.11323592811822891
Lung_Dx-A0183,0,0.7866228222846985,0.21337716281414032
Lung_Dx-A0183,0,0.9712656736373901,0.028734320774674416
Lung_Dx-A0183,0,0.5006103515625,0.4993896484375
Lung_Dx-A0183,0,0.5434236526489258,0.45657631754875183
Lung_Dx-A0183,0,0.9665687084197998,0.033431366086006165
Lung_Dx-A0183,0,0.5440065860748291,0.4559933543205261
Lung_Dx-A0183,0,0.5023193359375,0.4976806640625
Lung_Dx-A0183,0,0.3806653916835785,0.6193345785140991
Lung_Dx-A0183,0,0.7318738102912903,0.2681261897087097
Lung_Dx-A0183,0,0.5404994487762451,0.4595005512237549
Lung_Dx-A0183,0,0.9192809462547302,0.08071905374526978
Lung_Dx-A0183,0,0.5377962589263916,0.4622037410736084
Lung_Dx-A0183,0,0.6818326711654663,0.3181672990322113
Lung_Dx-A0183,0,0.5709407329559326,0.42905929684638977
Lung_Dx-A0183,0,0.5644436478614807,0.4355563819408417
Lung_Dx-A0183,0,0.7482143044471741,0.25178566575050354
Lung_Dx-A0183,0,0.7518303990364075,0.24816958606243134
Lung_Dx-A0183,0,0.7423283457756042,0.25767165422439575
Lung_Dx-A0183,0,0.4881308674812317,0.5118690729141235
Lung_Dx-A0183,0,0.650328516960144,0.34967151284217834
Lung_Dx-A0183,0,0.7075562477111816,0.29244372248649597
Lung_Dx-A0183,0,0.14817041158676147,0.8518295884132385
Lung_Dx-A0183,0,0.6754168272018433,0.3245832324028015
Lung_Dx-A0183,0,0.6202191710472107,0.3797808885574341
Lung_Dx-A0183,0,0.5383158326148987,0.4616841673851013
Lung_Dx-A0183,0,0.6543703675270081,0.34562966227531433
Lung_Dx-A0183,0,0.6108017563819885,0.3891982436180115
Lung_Dx-A0183,0,0.6027486324310303,0.39725133776664734
Lung_Dx-A0183,0,0.504073977470398,0.49592599272727966
Lung_Dx-A0183,0,0.7532398104667664,0.24676017463207245
Lung_Dx-A0183,0,0.7460927367210388,0.2539072632789612
Lung_Dx-A0183,0,0.7091702222824097,0.29082977771759033
Lung_Dx-A0183,0,0.6093934178352356,0.3906065821647644
Lung_Dx-A0183,0,0.5173118114471436,0.48268821835517883
Lung_Dx-A0183,0,0.2140335589647293,0.7859664559364319
Lung_Dx-A0183,0,0.7426084280014038,0.2573915719985962
Lung_Dx-A0183,0,0.34881147742271423,0.6511885523796082
Lung_Dx-A0183,0,0.8153060674667358,0.18469397723674774
Lung_Dx-A0183,0,0.41906091570854187,0.5809390544891357
Lung_Dx-A0183,0,0.36576810479164124,0.6342318654060364
Lung_Dx-A0184,0,0.5730363726615906,0.4269636273384094
Lung_Dx-A0184,0,0.7450275421142578,0.2549724578857422
Lung_Dx-A0184,0,0.7728308439254761,0.22716917097568512
Lung_Dx-A0184,0,0.7886645793914795,0.2113354206085205
Lung_Dx-A0184,0,0.6519090533256531,0.34809091687202454
Lung_Dx-A0184,0,0.6717398166656494,0.328260213136673
Lung_Dx-A0184,0,0.43986767530441284,0.5601323246955872
Lung_Dx-A0184,0,0.6680686473846436,0.33193132281303406
Lung_Dx-A0184,0,0.615521252155304,0.38447871804237366
Lung_Dx-A0184,0,0.7072025537490845,0.2927974760532379
Lung_Dx-A0184,0,0.9364014267921448,0.06359858065843582
Lung_Dx-A0184,0,0.586359977722168,0.41363996267318726
Lung_Dx-A0184,0,0.5802925825119019,0.41970741748809814
Lung_Dx-A0184,0,0.485142320394516,0.5148576498031616
Lung_Dx-A0184,0,0.5781653523445129,0.4218346178531647
Lung_Dx-A0184,0,0.8999157547950745,0.10008423030376434
Lung_Dx-A0184,0,0.44477203488349915,0.5552279949188232
Lung_Dx-A0184,0,0.7728736996650696,0.22712630033493042
Lung_Dx-A0184,0,0.6305853724479675,0.3694145679473877
Lung_Dx-A0184,0,0.6901415586471558,0.30985844135284424
Lung_Dx-A0184,0,0.6774206757545471,0.32257935404777527
Lung_Dx-A0184,0,0.6993057727813721,0.3006942570209503
Lung_Dx-A0184,0,0.7141797542572021,0.28582027554512024
Lung_Dx-A0184,0,0.5627171993255615,0.4372827410697937
Lung_Dx-A0184,0,0.8855324983596802,0.11446747183799744
Lung_Dx-A0184,0,0.4929356575012207,0.5070643424987793
Lung_Dx-A0184,0,0.753829300403595,0.24617071449756622
Lung_Dx-A0184,0,0.40967828035354614,0.5903216600418091
Lung_Dx-A0184,0,0.9099069833755493,0.09009299427270889
Lung_Dx-A0184,0,0.5647287368774414,0.435271292924881
Lung_Dx-A0184,0,0.630372166633606,0.3696278929710388
Lung_Dx-A0184,0,0.6522414088249207,0.34775859117507935
Lung_Dx-A0184,0,0.5473411679267883,0.4526588022708893
Lung_Dx-A0184,0,0.5801290273666382,0.41987094283103943
Lung_Dx-A0184,0,0.6908199191093445,0.3091801404953003
Lung_Dx-A0184,0,0.3865028917789459,0.6134970784187317
Lung_Dx-A0184,0,0.7300974726676941,0.2699025273323059
Lung_Dx-A0184,0,0.6193130016326904,0.38068702816963196
Lung_Dx-A0184,0,0.7853909134864807,0.21460913121700287
Lung_Dx-A0184,0,0.6974543929100037,0.30254560708999634
Lung_Dx-A0184,0,0.5901297926902771,0.4098702073097229
Lung_Dx-A0184,0,0.6980721950531006,0.301927775144577
Lung_Dx-A0184,0,0.5966094732284546,0.4033905863761902
Lung_Dx-A0184,0,0.8938665986061096,0.10613343864679337
Lung_Dx-A0184,0,0.14928317070007324,0.8507168292999268
Lung_Dx-A0184,0,0.7174575328826904,0.28254249691963196
Lung_Dx-A0184,0,0.6621413826942444,0.3378585875034332
Lung_Dx-A0184,0,0.7174327373504639,0.28256723284721375
Lung_Dx-A0184,0,0.5892732739448547,0.41072672605514526
Lung_Dx-A0184,0,0.6258097290992737,0.37419021129608154
Lung_Dx-A0184,0,0.634925365447998,0.36507463455200195
Lung_Dx-A0184,0,0.4890230596065521,0.5109769105911255
Lung_Dx-A0184,0,0.6013009548187256,0.3986990749835968
Lung_Dx-A0184,0,0.7417675852775574,0.258232444524765
Lung_Dx-A0184,0,0.7906111478805542,0.2093888521194458
Lung_Dx-A0184,0,0.7528766393661499,0.2471233755350113
Lung_Dx-A0184,0,0.5785077214241028,0.4214922785758972
Lung_Dx-A0184,0,0.6718474626541138,0.32815253734588623
Lung_Dx-A0184,0,0.5824910402297974,0.41750895977020264
Lung_Dx-A0184,0,0.7668178677558899,0.23318210244178772
Lung_Dx-A0184,0,0.6933172345161438,0.3066827654838562
Lung_Dx-A0184,0,0.971563994884491,0.02843603491783142
Lung_Dx-A0184,0,0.6323325037956238,0.3676675260066986
Lung_Dx-A0184,0,0.7743275165557861,0.22567248344421387
Lung_Dx-A0184,0,0.6670934557914734,0.3329065442085266
Lung_Dx-A0185,0,0.4727139174938202,0.5272861123085022
Lung_Dx-A0185,0,0.5851159691810608,0.4148840308189392
Lung_Dx-A0185,0,0.7127823233604431,0.2872177064418793
Lung_Dx-A0185,0,0.7834919095039368,0.21650807559490204
Lung_Dx-A0185,0,0.7469243407249451,0.25307565927505493
Lung_Dx-A0185,0,0.5886083245277405,0.41139164566993713
Lung_Dx-A0185,0,0.7221843004226685,0.2778157591819763
Lung_Dx-A0185,0,0.7652426362037659,0.23475733399391174
Lung_Dx-A0185,0,0.4330671429634094,0.5669328570365906
Lung_Dx-A0185,0,0.7169128060340881,0.28308722376823425
Lung_Dx-A0185,0,0.43584147095680237,0.5641584992408752
Lung_Dx-A0185,0,0.6386381387710571,0.36136189103126526
Lung_Dx-A0185,0,0.8355506658554077,0.16444936394691467
Lung_Dx-A0185,0,0.6036142110824585,0.39638572931289673
Lung_Dx-A0185,0,0.13039611279964447,0.8696039319038391
Lung_Dx-A0185,0,0.6831024885177612,0.31689754128456116
Lung_Dx-A0185,0,0.8341368436813354,0.16586315631866455
Lung_Dx-A0185,0,0.9425067901611328,0.05749327689409256
Lung_Dx-A0185,0,0.6053762435913086,0.39462369680404663
Lung_Dx-A0185,0,0.7263285517692566,0.2736714482307434
Lung_Dx-A0185,0,0.9252974390983582,0.07470250874757767
Lung_Dx-A0185,0,0.6180602312088013,0.38193970918655396
Lung_Dx-A0185,0,0.6218997240066528,0.3781002163887024
Lung_Dx-A0185,0,0.7601168751716614,0.239883154630661
Lung_Dx-A0185,0,0.5637082457542419,0.43629178404808044
Lung_Dx-A0185,0,0.7853497266769409,0.2146502584218979
Lung_Dx-A0185,0,0.6495230197906494,0.3504769504070282
Lung_Dx-A0185,0,0.9736947417259216,0.02630528248846531
Lung_Dx-A0185,0,0.5283660888671875,0.4716339111328125
Lung_Dx-A0185,0,0.4996337890625,0.5003662109375
Lung_Dx-A0185,0,0.4302670359611511,0.5697329640388489
Lung_Dx-A0189,0,0.7036004066467285,0.29639965295791626
Lung_Dx-A0189,0,0.3360041379928589,0.6639958620071411
Lung_Dx-A0189,0,0.5734395384788513,0.4265604615211487
Lung_Dx-A0189,0,0.2940882742404938,0.7059117555618286
Lung_Dx-A0189,0,0.4181325435638428,0.581867516040802
Lung_Dx-A0189,0,0.46386924386024475,0.5361307263374329
Lung_Dx-A0189,0,0.5702117085456848,0.4297883212566376
Lung_Dx-A0189,0,0.33813175559043884,0.6618682146072388
Lung_Dx-A0189,0,0.7684726715087891,0.23152734339237213
Lung_Dx-A0189,0,0.24046233296394348,0.7595376372337341
Lung_Dx-A0189,0,0.9410068988800049,0.058993030339479446
Lung_Dx-A0189,0,0.09662051498889923,0.9033794403076172
Lung_Dx-A0189,0,0.7515569925308228,0.24844299256801605
Lung_Dx-A0189,0,0.05184547230601311,0.9481545686721802
Lung_Dx-A0189,0,0.7894366979598999,0.21056333184242249
Lung_Dx-A0189,0,0.5782099962234497,0.4217899739742279
Lung_Dx-A0189,0,0.29284805059432983,0.7071519494056702
Lung_Dx-A0189,0,0.4927068054676056,0.507293164730072
Lung_Dx-A0189,0,0.816918134689331,0.18308188021183014
Lung_Dx-A0189,0,0.46394893527030945,0.5360510349273682
Lung_Dx-A0189,0,0.24725967645645142,0.7527403235435486
Lung_Dx-A0189,0,0.5699087977409363,0.4300912618637085
Lung_Dx-A0189,0,0.3940297067165375,0.6059703230857849
Lung_Dx-A0189,0,0.5448468327522278,0.4551531970500946
Lung_Dx-A0189,0,0.20110628008842468,0.7988937497138977
Lung_Dx-A0189,0,0.5216996073722839,0.47830039262771606
Lung_Dx-A0189,0,0.18550415337085724,0.814495861530304
Lung_Dx-A0189,0,0.621856689453125,0.3781432807445526
Lung_Dx-A0189,0,0.4124709963798523,0.5875290632247925
Lung_Dx-A0189,0,0.4644498825073242,0.5355501174926758
Lung_Dx-A0189,0,0.22592855989933014,0.774071455001831
Lung_Dx-A0189,0,0.7120069265365601,0.28799304366111755
Lung_Dx-A0189,0,0.1145169734954834,0.8854829668998718
Lung_Dx-A0189,0,0.6443090438842773,0.35569095611572266
Lung_Dx-A0189,0,0.8043290972709656,0.1956709325313568
Lung_Dx-A0189,0,0.5645749568939209,0.4354251027107239
Lung_Dx-A0189,0,0.6379052996635437,0.3620946407318115
Lung_Dx-A0189,0,0.13279546797275543,0.867204487323761
Lung_Dx-A0189,0,0.5230967998504639,0.47690320014953613
Lung_Dx-A0189,0,0.8843392729759216,0.11566072702407837
Lung_Dx-A0189,0,0.6775006651878357,0.3224993050098419
Lung_Dx-A0189,0,0.6140071153640747,0.3859928548336029
Lung_Dx-A0189,0,0.3860398828983307,0.6139600872993469
Lung_Dx-A0189,0,0.5951249599456787,0.4048750400543213
Lung_Dx-A0189,0,0.8873022794723511,0.11269772052764893
Lung_Dx-A0189,0,0.520968496799469,0.47903144359588623
Lung_Dx-A0189,0,0.6608806252479553,0.3391193747520447
Lung_Dx-A0189,0,0.7419078350067139,0.2580921947956085
Lung_Dx-A0189,0,0.7556820511817932,0.2443179339170456
Lung_Dx-A0189,0,0.1696808785200119,0.8303191661834717
Lung_Dx-A0189,0,0.19383317232131958,0.8061668872833252
Lung_Dx-A0189,0,0.26274728775024414,0.7372527718544006
Lung_Dx-A0189,0,0.6515489220619202,0.3484511077404022
Lung_Dx-A0189,0,0.5558533668518066,0.4441465735435486
Lung_Dx-A0189,0,0.7061398029327393,0.29386022686958313
Lung_Dx-A0189,0,0.9741657972335815,0.025834187865257263
Lung_Dx-A0189,0,0.4633076786994934,0.5366923213005066
Lung_Dx-A0189,0,0.4551834762096405,0.5448165535926819
Lung_Dx-A0189,0,0.17050801217556,0.8294920325279236
Lung_Dx-A0189,0,0.42901068925857544,0.5709893107414246
Lung_Dx-A0189,0,0.6846067905426025,0.31539320945739746
Lung_Dx-A0189,0,0.23048648238182068,0.7695135474205017
Lung_Dx-A0189,0,0.5678767561912537,0.4321233034133911
Lung_Dx-A0201,0,0.7764958143234253,0.22350415587425232
Lung_Dx-A0201,0,0.8860759139060974,0.11392416805028915
Lung_Dx-A0201,0,0.8900077939033508,0.10999224334955215
Lung_Dx-A0201,0,0.9340951442718506,0.06590478867292404
Lung_Dx-A0201,0,0.9252299070358276,0.07477004081010818
Lung_Dx-A0201,0,0.9648882150650024,0.035111747682094574
Lung_Dx-A0201,0,0.7782703638076782,0.22172962129116058
Lung_Dx-A0201,0,0.8826303482055664,0.1173696517944336
Lung_Dx-A0201,0,0.9242786765098572,0.075721375644207
Lung_Dx-A0201,0,0.6825737357139587,0.31742629408836365
Lung_Dx-A0201,0,0.8807970285415649,0.11920291930437088
Lung_Dx-A0201,0,0.815453052520752,0.18454696238040924
Lung_Dx-A0201,0,0.9246196150779724,0.0753803476691246
Lung_Dx-A0201,0,0.9356999397277832,0.0643000528216362
Lung_Dx-A0201,0,0.8960696458816528,0.10393037647008896
Lung_Dx-A0201,0,0.9508236050605774,0.04917643591761589
Lung_Dx-A0201,0,0.9069420099258423,0.0930580124258995
Lung_Dx-A0201,0,0.8381505608558655,0.16184942424297333
Lung_Dx-A0201,0,0.9412774443626404,0.05872255191206932
Lung_Dx-A0201,0,0.8761053681373596,0.12389464676380157
Lung_Dx-A0201,0,0.889959990978241,0.11004006117582321
Lung_Dx-A0203,0,0.6406639814376831,0.3593360185623169
Lung_Dx-A0203,0,0.39685678482055664,0.6031432151794434
Lung_Dx-A0203,0,0.4674837291240692,0.5325163006782532
Lung_Dx-A0203,0,0.6442251205444336,0.3557748794555664
Lung_Dx-A0203,0,0.7568970322608948,0.24310295283794403
Lung_Dx-A0203,0,0.4352637827396393,0.5647362470626831
Lung_Dx-A0203,0,0.7719295024871826,0.22807052731513977
Lung_Dx-A0203,0,0.8875949382781982,0.11240507662296295
Lung_Dx-A0203,0,0.6116429567337036,0.3883570432662964
Lung_Dx-A0203,0,0.8464508652687073,0.1535491794347763
Lung_Dx-A0203,0,0.6469064354896545,0.35309356451034546
Lung_Dx-A0203,0,0.6908199191093445,0.3091801404953003
Lung_Dx-A0203,0,0.500762939453125,0.499237060546875
Lung_Dx-A0203,0,0.9301416277885437,0.0698583573102951
Lung_Dx-A0203,0,0.6429650783538818,0.35703492164611816
Lung_Dx-A0203,0,0.6994084119796753,0.3005915582180023
Lung_Dx-A0203,0,0.7286034822463989,0.2713965177536011
Lung_Dx-A0203,0,0.652988612651825,0.34701141715049744
Lung_Dx-A0203,0,0.4774399399757385,0.5225600004196167
Lung_Dx-A0203,0,0.898944079875946,0.10105591267347336
Lung_Dx-A0203,0,0.5050962567329407,0.4949037432670593
Lung_Dx-A0203,0,0.8010035157203674,0.19899649918079376
Lung_Dx-A0203,0,0.4849822223186493,0.5150177478790283
Lung_Dx-A0203,0,0.662004828453064,0.33799517154693604
Lung_Dx-A0203,0,0.8003020882606506,0.19969789683818817
Lung_Dx-A0203,0,0.8477157950401306,0.15228421986103058
Lung_Dx-A0203,0,0.31218650937080383,0.6878135204315186
Lung_Dx-A0203,0,0.5361307263374329,0.46386924386024475
Lung_Dx-A0203,0,0.8557305932044983,0.14426937699317932
Lung_Dx-A0203,0,0.7166649699211121,0.28333500027656555
Lung_Dx-A0203,0,0.5910300016403198,0.4089699685573578
Lung_Dx-A0203,0,0.5894062519073486,0.41059377789497375
Lung_Dx-A0203,0,0.6212249994277954,0.3787750005722046
Lung_Dx-A0203,0,0.7721013426780701,0.22789865732192993
Lung_Dx-A0203,0,0.4369974434375763,0.5630025863647461
Lung_Dx-A0203,0,0.6368755102157593,0.36312445998191833
Lung_Dx-A0203,0,0.9217811226844788,0.07821886241436005
Lung_Dx-A0203,0,0.7686029672622681,0.23139704763889313
Lung_Dx-A0203,0,0.6990233659744263,0.3009766638278961
Lung_Dx-A0203,0,0.5134549736976624,0.48654499650001526
Lung_Dx-A0203,0,0.7313464283943176,0.2686535120010376
Lung_Dx-A0203,0,0.49064746499061584,0.5093525648117065
Lung_Dx-A0203,0,0.8073087334632874,0.19269122183322906
Lung_Dx-A0203,0,0.5500220656394958,0.44997793436050415
Lung_Dx-A0203,0,0.5282596349716187,0.47174033522605896
Lung_Dx-A0203,0,0.3810468018054962,0.6189531683921814
Lung_Dx-A0203,0,0.6095677614212036,0.3904322385787964
Lung_Dx-A0203,0,0.5762439370155334,0.42375609278678894
Lung_Dx-A0203,0,0.7626893520355225,0.23731070756912231
Lung_Dx-A0203,0,0.7591361403465271,0.2408638745546341
Lung_Dx-A0203,0,0.7619816064834595,0.2380184382200241
Lung_Dx-A0203,0,0.052134253084659576,0.9478657245635986
Lung_Dx-A0203,0,0.9284088015556335,0.07159119844436646
Lung_Dx-A0203,0,0.6989206075668335,0.3010794222354889
Lung_Dx-A0203,0,0.4946291148662567,0.5053709149360657
Lung_Dx-A0203,0,0.8305941224098206,0.16940587759017944
Lung_Dx-A0203,0,0.8750414252281189,0.12495855987071991
Lung_Dx-A0203,0,0.750781238079071,0.24921877682209015
Lung_Dx-A0203,0,0.32729193568229675,0.6727080941200256
Lung_Dx-A0203,0,0.5770633816719055,0.4229365587234497
Lung_Dx-A0203,0,0.6205066442489624,0.37949338555336
Lung_Dx-A0203,0,0.21625970304012299,0.7837402820587158
Lung_Dx-A0203,0,0.44198912382125854,0.5580108761787415
Lung_Dx-A0203,0,0.4832216203212738,0.5167783498764038
Lung_Dx-A0225,0,0.7826625108718872,0.21733751893043518
Lung_Dx-A0225,0,0.7384804487228394,0.26151949167251587
Lung_Dx-A0225,0,0.7419545650482178,0.25804540514945984
Lung_Dx-A0225,0,0.7120820879936218,0.28791794180870056
Lung_Dx-A0225,0,0.8808995485305786,0.11910043656826019
Lung_Dx-A0225,0,0.7924642562866211,0.2075357437133789
Lung_Dx-A0225,0,0.8262215852737427,0.17377841472625732
Lung_Dx-A0225,0,0.8241083025932312,0.1758916825056076
Lung_Dx-A0225,0,0.8619454503059387,0.13805456459522247
Lung_Dx-A0225,0,0.8189540505409241,0.18104591965675354
Lung_Dx-A0225,0,0.8111529350280762,0.18884700536727905
Lung_Dx-A0225,0,0.8691603541374207,0.13083970546722412
Lung_Dx-A0225,0,0.8091251850128174,0.19087480008602142
Lung_Dx-A0225,0,0.8466410636901855,0.15335887670516968
Lung_Dx-A0225,0,0.778396725654602,0.22160327434539795
Lung_Dx-A0225,0,0.7874411940574646,0.21255874633789062
Lung_Dx-A0225,0,0.8423450589179993,0.15765489637851715
Lung_Dx-A0225,0,0.835013210773468,0.16498680412769318
Lung_Dx-A0225,0,0.879767894744873,0.12023206800222397
Lung_Dx-A0225,0,0.7502784132957458,0.24972160160541534
Lung_Dx-A0225,0,0.7663810849189758,0.23361892998218536
Lung_Dx-A0225,0,0.8598991632461548,0.14010077714920044
Lung_Dx-A0225,0,0.6886778473854065,0.3113221526145935
Lung_Dx-A0225,0,0.7702920436859131,0.22970795631408691
Lung_Dx-A0225,0,0.8009256720542908,0.19907434284687042
Lung_Dx-A0225,0,0.9245515465736389,0.0754484310746193
Lung_Dx-A0225,0,0.8713654279708862,0.12863455712795258
Lung_Dx-A0225,0,0.8776341676712036,0.1223657950758934
Lung_Dx-A0225,0,0.9152045845985413,0.08479540795087814
Lung_Dx-A0225,0,0.8707622289657593,0.1292378008365631
Lung_Dx-A0225,0,0.7902066707611084,0.20979328453540802
Lung_Dx-A0225,0,0.8922812342643738,0.10771873593330383
Lung_Dx-A0225,0,0.8935883641242981,0.10641169548034668
Lung_Dx-A0225,0,0.8250970244407654,0.17490297555923462
Lung_Dx-A0225,0,0.8020133376121521,0.19798661768436432
Lung_Dx-A0225,0,0.783409059047699,0.21659092605113983
Lung_Dx-A0225,0,0.8066242337226868,0.19337576627731323
Lung_Dx-A0225,0,0.8204693794250488,0.1795305609703064
Lung_Dx-A0225,0,0.753829300403595,0.24617071449756622
Lung_Dx-A0225,0,0.7593147158622742,0.2406853586435318
Lung_Dx-A0234,0,0.8198933005332947,0.18010665476322174
Lung_Dx-A0234,0,0.7343100905418396,0.2656899094581604
Lung_Dx-A0234,0,0.7120820879936218,0.28791794180870056
Lung_Dx-A0234,0,0.8125700354576111,0.18742996454238892
Lung_Dx-A0234,0,0.6392717361450195,0.36072826385498047
Lung_Dx-A0234,0,0.6932653188705444,0.30673468112945557
Lung_Dx-A0234,0,0.7381031513214111,0.26189687848091125
Lung_Dx-A0234,0,0.684580385684967,0.31541958451271057
Lung_Dx-A0234,0,0.6378771066665649,0.36212286353111267
Lung_Dx-A0234,0,0.8426043391227722,0.15739570558071136
Lung_Dx-A0234,0,0.692173957824707,0.3078260123729706
Lung_Dx-A0234,0,0.8342719078063965,0.16572807729244232
Lung_Dx-A0234,0,0.44218480587005615,0.5578151941299438
Lung_Dx-A0234,0,0.8951566815376282,0.104843370616436
Lung_Dx-A0234,0,0.861596405506134,0.13840354979038239
Lung_Dx-A0234,0,0.7927451729774475,0.2072548270225525
Lung_Dx-A0234,0,0.42650070786476135,0.5734992623329163
Lung_Dx-A0234,0,0.46429428458213806,0.5357056856155396
Lung_Dx-A0234,0,0.5498369932174683,0.45016297698020935
Lung_Dx-A0234,0,0.5713630318641663,0.42863693833351135
Lung_Dx-A0234,0,0.6053908467292786,0.39460915327072144
Lung_Dx-A0234,0,0.7376309037208557,0.2623690962791443
Lung_Dx-A0234,0,0.7981867790222168,0.2018132209777832
Lung_Dx-A0234,0,0.7858842611312866,0.214115709066391
Lung_Dx-A0234,0,0.6635326743125916,0.33646729588508606
Lung_Dx-A0234,0,0.8760523796081543,0.12394767254590988
Lung_Dx-A0234,0,0.7533305883407593,0.24666941165924072
Lung_Dx-A0234,0,0.6273806691169739,0.3726193606853485
Lung_Dx-A0234,0,0.8416955471038818,0.15830442309379578
Lung_Dx-A0234,0,0.7789857983589172,0.22101424634456635
Lung_Dx-A0234,0,0.7034985423088074,0.2965014576911926
Lung_Dx-A0234,0,0.7994422912597656,0.200557678937912
Lung_Dx-A0234,0,0.8129416108131409,0.1870584338903427
Lung_Dx-A0234,0,0.3593360185623169,0.6406639814376831
Lung_Dx-A0234,0,0.6418995261192322,0.3581004738807678
Lung_Dx-A0234,0,0.6940953731536865,0.3059046268463135
Lung_Dx-A0234,0,0.7017130851745605,0.29828691482543945
Lung_Dx-A0234,0,0.848846971988678,0.1511530578136444
Lung_Dx-A0234,0,0.703956663608551,0.296043336391449
Lung_Dx-A0234,0,0.8065480589866638,0.19345195591449738
Lung_Dx-A0234,0,0.7020705938339233,0.2979293465614319
Lung_Dx-A0234,0,0.7383862137794495,0.26161378622055054
Lung_Dx-A0234,0,0.37499096989631653,0.6250090599060059
Lung_Dx-A0234,0,0.5172203779220581,0.4827796518802643
Lung_Dx-A0234,0,0.6387789845466614,0.361221045255661
Lung_Dx-A0234,0,0.723162829875946,0.27683714032173157
Lung_Dx-A0234,0,0.42408400774002075,0.5759159922599792
Lung_Dx-A0234,0,0.511975884437561,0.48802414536476135
Lung_Dx-A0234,0,0.5756029486656189,0.4243970811367035
Lung_Dx-A0234,0,0.6954414248466492,0.30455851554870605
Lung_Dx-A0234,0,0.7098746299743652,0.29012531042099
Lung_Dx-A0234,0,0.7036004066467285,0.29639965295791626
Lung_Dx-A0234,0,0.8601343035697937,0.13986563682556152
Lung_Dx-A0234,0,0.783409059047699,0.21659092605113983
Lung_Dx-A0234,0,0.6030701398849487,0.39692988991737366
Lung_Dx-A0234,0,0.41475069522857666,0.5852493047714233
Lung_Dx-A0234,0,0.5930790901184082,0.4069208800792694
Lung_Dx-A0234,0,0.3713645935058594,0.6286354064941406
Lung_Dx-A0234,0,0.6867902874946594,0.3132096529006958
Lung_Dx-A0234,0,0.2695659101009369,0.7304341197013855
Lung_Dx-A0234,0,0.6654648780822754,0.3345350921154022
Lung_Dx-A0234,0,0.7641884088516235,0.23581159114837646
Lung_Dx-A0234,0,0.48286154866218567,0.5171384215354919
Lung_Dx-A0234,0,0.6567133069038391,0.3432867228984833
Lung_Dx-A0234,0,0.7542368173599243,0.24576321244239807
Lung_Dx-A0234,0,0.6411977410316467,0.35880228877067566
Lung_Dx-A0234,0,0.8005360960960388,0.1994638741016388
Lung_Dx-A0234,0,0.7941056489944458,0.20589430630207062
Lung_Dx-A0234,0,0.6346848607063293,0.36531516909599304
Lung_Dx-A0234,0,0.6395109295845032,0.36048904061317444
Lung_Dx-A0234,0,0.7338811755180359,0.2661187946796417
Lung_Dx-A0234,0,0.7252596020698547,0.2747403681278229
Lung_Dx-A0244,0,0.9320833086967468,0.06791667640209198
Lung_Dx-A0244,0,0.864367663860321,0.13563229143619537
Lung_Dx-A0244,0,0.8914335370063782,0.10856641829013824
Lung_Dx-A0244,0,0.830112636089325,0.16988734900951385
Lung_Dx-A0244,0,0.9284088015556335,0.07159119844436646
Lung_Dx-A0244,0,0.9099069833755493,0.09009299427270889
Lung_Dx-A0244,0,0.8639090657234192,0.13609088957309723
Lung_Dx-A0244,0,0.908048689365387,0.09195128828287125
Lung_Dx-A0244,0,0.9259697198867798,0.07403029501438141
Lung_Dx-A0244,0,0.9154317378997803,0.0845683291554451
Lung_Dx-A0244,0,0.8641386032104492,0.13586142659187317
Lung_Dx-A0244,0,0.798501193523407,0.20149877667427063
Lung_Dx-A0244,0,0.8639090657234192,0.13609088957309723
Lung_Dx-A0244,0,0.9470391869544983,0.052960772067308426
Lung_Dx-A0244,0,0.804405927658081,0.19559407234191895
Lung_Dx-A0244,0,0.9495759606361389,0.05042407289147377
Lung_Dx-A0244,0,0.8405863642692566,0.15941359102725983
Lung_Dx-A0244,0,0.9350505471229553,0.0649493932723999
Lung_Dx-A0244,0,0.8699910044670105,0.13000904023647308
Lung_Dx-A0244,0,0.9121235609054565,0.08787643909454346
Lung_Dx-A0244,0,0.9246877431869507,0.0753123089671135
Lung_Dx-A0244,0,0.9123581051826477,0.08764190226793289
Lung_Dx-A0244,0,0.9217811226844788,0.07821886241436005
Lung_Dx-G0042,1,0.3399440050125122,0.6600559949874878
Lung_Dx-G0042,1,0.6624417304992676,0.3375582993030548
Lung_Dx-G0042,1,0.18227992951869965,0.8177200555801392
Lung_Dx-G0042,1,0.7481223940849304,0.25187766551971436
Lung_Dx-G0042,1,0.21198724210262299,0.7880128026008606
Lung_Dx-G0042,1,0.3801259398460388,0.6198740601539612
Lung_Dx-G0042,1,0.7348337173461914,0.2651662826538086
Lung_Dx-G0042,1,0.7843602895736694,0.2156396508216858
Lung_Dx-G0042,1,0.6526565551757812,0.347343385219574
Lung_Dx-G0042,1,0.8095772862434387,0.19042274355888367
Lung_Dx-G0042,1,0.7654179930686951,0.23458193242549896
Lung_Dx-G0042,1,0.7477771043777466,0.25222283601760864
Lung_Dx-G0042,1,0.47383221983909607,0.5261678099632263
Lung_Dx-G0042,1,0.6403688192367554,0.35963118076324463
Lung_Dx-G0042,1,0.26404985785484314,0.7359501123428345
Lung_Dx-G0042,1,0.7201222777366638,0.2798777222633362
Lung_Dx-G0042,1,0.5359865427017212,0.4640134572982788
Lung_Dx-G0042,1,0.10683029145002365,0.8931697010993958
Lung_Dx-G0042,1,0.37421879172325134,0.6257811784744263
Lung_Dx-G0042,1,0.39204585552215576,0.6079540848731995
Lung_Dx-G0042,1,0.5101915001869202,0.4898085594177246
Lung_Dx-G0042,1,0.6405796408653259,0.3594203293323517
Lung_Dx-G0042,1,0.44218480587005615,0.5578151941299438
Lung_Dx-G0042,1,0.28977349400520325,0.7102264761924744
Lung_Dx-G0042,1,0.5125706195831299,0.4874294102191925
Lung_Dx-G0042,1,0.7727451324462891,0.22725491225719452
Lung_Dx-G0042,1,0.19821934401988983,0.8017807006835938
Lung_Dx-G0042,1,0.7673413753509521,0.23265865445137024
Lung_Dx-G0042,1,0.6101921200752258,0.3898078203201294
Lung_Dx-G0042,1,0.6504672765731812,0.34953272342681885
Lung_Dx-G0042,1,0.6196582913398743,0.38034170866012573
Lung_Dx-G0042,1,0.2809368371963501,0.7190631628036499
Lung_Dx-G0042,1,0.2766416668891907,0.7233583331108093
Lung_Dx-G0042,1,0.5048826336860657,0.4951173663139343
Lung_Dx-G0042,1,0.35605472326278687,0.6439452767372131
Lung_Dx-G0042,1,0.7500954270362854,0.24990461766719818
Lung_Dx-G0042,1,0.4511980414390564,0.5488019585609436
Lung_Dx-G0042,1,0.46267029643058777,0.5373297333717346
Lung_Dx-G0042,1,0.7365901470184326,0.26340991258621216
Lung_Dx-G0042,1,0.6650571823120117,0.33494284749031067
Lung_Dx-G0042,1,0.5849900245666504,0.4150099456310272
Lung_Dx-G0042,1,0.40691351890563965,0.5930864810943604
Lung_Dx-G0042,1,0.5882092118263245,0.41179075837135315
Lung_Dx-G0042,1,0.17681370675563812,0.8231862783432007
Lung_Dx-G0042,1,0.5425906181335449,0.4574093520641327
Lung_Dx-G0042,1,0.41786524653434753,0.5821347236633301
Lung_Dx-G0042,1,0.5578829646110535,0.4421170651912689
Lung_Dx-G0042,1,0.38078773021698,0.61921226978302
Lung_Dx-G0042,1,0.5623117089271545,0.43768832087516785
Lung_Dx-G0042,1,0.4175831973552704,0.582416832447052
Lung_Dx-G0042,1,0.29474759101867676,0.7052524089813232
Lung_Dx-G0042,1,0.11269772052764893,0.8873022794723511
Lung_Dx-G0042,1,0.3460162878036499,0.6539837121963501
Lung_Dx-G0042,1,0.2186276763677597,0.7813723683357239
Lung_Dx-G0042,1,0.20601409673690796,0.793985903263092
Lung_Dx-G0042,1,0.4253963530063629,0.5746036767959595
Lung_Dx-G0051,1,0.27566564083099365,0.7243343591690063
Lung_Dx-G0051,1,0.23961614072322845,0.7603838443756104
Lung_Dx-G0051,1,0.26951780915260315,0.7304821610450745
Lung_Dx-G0051,1,0.6056095361709595,0.3943904936313629
Lung_Dx-G0051,1,0.31578874588012695,0.684211254119873
Lung_Dx-G0051,1,0.4814385771751404,0.5185614228248596
Lung_Dx-G0051,1,0.41787266731262207,0.5821272730827332
Lung_Dx-G0051,1,0.41779839992523193,0.5822015404701233
Lung_Dx-G0051,1,0.5932558178901672,0.406744122505188
Lung_Dx-G0051,1,0.4060300290584564,0.5939699411392212
Lung_Dx-G0051,1,0.41046085953712463,0.5895391702651978
Lung_Dx-G0051,1,0.5029296278953552,0.4970703423023224
Lung_Dx-G0051,1,0.39303550124168396,0.6069644689559937
Lung_Dx-G0051,1,0.5504110455513,0.44958898425102234
Lung_Dx-G0051,1,0.4193730056285858,0.5806270241737366
Lung_Dx-G0051,1,0.45589497685432434,0.5441049933433533
Lung_Dx-G0051,1,0.5412421226501465,0.45875784754753113
Lung_Dx-G0051,1,0.4278448820114136,0.5721551179885864
Lung_Dx-G0051,1,0.5637232661247253,0.43627676367759705
Lung_Dx-G0051,1,0.671416699886322,0.328583300113678
Lung_Dx-G0051,1,0.12581531703472137,0.8741846680641174
Lung_Dx-G0051,1,0.509505033493042,0.4904949367046356
Lung_Dx-G0051,1,0.6832873821258545,0.3167125880718231
Lung_Dx-G0051,1,0.5799060463905334,0.42009398341178894
Lung_Dx-G0051,1,0.4316740036010742,0.5683259963989258
Lung_Dx-G0051,1,0.4187489151954651,0.5812510848045349
Lung_Dx-G0051,1,0.3763938844203949,0.6236061453819275
Lung_Dx-G0051,1,0.41699695587158203,0.583003044128418
Lung_Dx-G0051,1,0.3111913204193115,0.6888086795806885
Lung_Dx-G0051,1,0.6946134567260742,0.3053865134716034
Lung_Dx-G0051,1,0.16858302056789398,0.8314169645309448
Lung_Dx-G0051,1,0.4119681715965271,0.5880318284034729
Lung_Dx-G0051,1,0.46114569902420044,0.5388543009757996
Lung_Dx-G0051,1,0.35683879256248474,0.6431612372398376
Lung_Dx-G0051,1,0.6009351015090942,0.39906492829322815
Lung_Dx-G0051,1,0.30015549063682556,0.6998445391654968
Lung_Dx-G0051,1,0.5127230882644653,0.4872768819332123
Lung_Dx-G0051,1,0.43416136503219604,0.5658385753631592
Lung_Dx-G0051,1,0.38182446360588074,0.6181755065917969
Lung_Dx-G0051,1,0.38778451085090637,0.6122154593467712
Lung_Dx-G0051,1,0.6472967267036438,0.3527032434940338
Lung_Dx-G0051,1,0.40628400444984436,0.593716025352478
Lung_Dx-G0051,1,0.3817596435546875,0.6182403564453125
Lung_Dx-G0051,1,0.41703033447265625,0.5829696655273438
Lung_Dx-G0051,1,0.42679932713508606,0.5732006430625916
Lung_Dx-G0051,1,0.5846565961837769,0.41534340381622314
Lung_Dx-G0051,1,0.3431490957736969,0.6568508744239807
Lung_Dx-G0051,1,0.39975303411483765,0.6002469062805176
Lung_Dx-G0051,1,0.3377494215965271,0.6622506380081177
Lung_Dx-G0051,1,0.21992333233356476,0.7800767421722412
Lung_Dx-G0051,1,0.4881690442562103,0.5118309855461121
Lung_Dx-G0051,1,0.48273390531539917,0.5172660946846008
Lung_Dx-G0051,1,0.14773952960968018,0.8522604703903198
Lung_Dx-G0051,1,0.7318258285522461,0.26817411184310913
Lung_Dx-G0051,1,0.517628014087677,0.4823719561100006
Lung_Dx-G0051,1,0.6109468340873718,0.3890531659126282
Lung_Dx-G0051,1,0.31315717101097107,0.6868428587913513
Lung_Dx-G0051,1,0.434573769569397,0.565426230430603
Lung_Dx-G0051,1,0.12673112750053406,0.8732689023017883
Lung_Dx-G0051,1,0.7157469391822815,0.2842530310153961
Lung_Dx-G0051,1,0.589923083782196,0.41007688641548157
Lung_Dx-G0051,1,0.6496341824531555,0.3503657877445221
Lung_Dx-G0051,1,0.4161439836025238,0.5838559865951538
Lung_Dx-G0051,1,0.47255417704582214,0.5274457931518555
Lung_Dx-G0051,1,0.4946405589580536,0.5053594708442688
Lung_Dx-G0051,1,0.5946983695030212,0.40530160069465637
Lung_Dx-G0051,1,0.3093366026878357,0.6906633973121643
Lung_Dx-G0051,1,0.6235774755477905,0.3764225244522095
Lung_Dx-G0051,1,0.5844342708587646,0.41556575894355774
Lung_Dx-G0051,1,0.6027194261550903,0.39728057384490967
Lung_Dx-G0051,1,0.27869829535484314,0.7213017344474792
Lung_Dx-G0051,1,0.2003229260444641,0.7996770739555359
Lung_Dx-G0051,1,0.6360705494880676,0.3639293909072876
Lung_Dx-G0051,1,0.3901562988758087,0.6098436713218689
Lung_Dx-G0051,1,0.8220463395118713,0.17795370519161224
Lung_Dx-G0051,1,0.3750481605529785,0.6249518394470215
Lung_Dx-G0051,1,0.308724045753479,0.691275954246521
Lung_Dx-G0051,1,0.35493597388267517,0.6450639963150024
Lung_Dx-G0051,1,0.5497803688049316,0.45021960139274597
Lung_Dx-G0051,1,0.5455353856086731,0.4544645845890045
Lung_Dx-G0051,1,0.6576758623123169,0.3423241078853607
Lung_Dx-G0051,1,0.32648614048957825,0.6735138893127441
Lung_Dx-G0051,1,0.4762446880340576,0.5237552523612976
Lung_Dx-G0051,1,0.4335767328739166,0.5664232969284058
Lung_Dx-G0051,1,0.6690289378166199,0.3309710621833801
Lung_Dx-G0051,1,0.34562966227531433,0.6543703675270081
Lung_Dx-G0051,1,0.4685322344303131,0.5314677357673645
Lung_Dx-G0051,1,0.5809316635131836,0.4190683662891388
Lung_Dx-G0051,1,0.14481274783611298,0.8551872372627258
Lung_Dx-G0051,1,0.47366103529930115,0.5263389945030212
Lung_Dx-G0051,1,0.7102014422416687,0.2897986173629761
Lung_Dx-G0051,1,0.5102982521057129,0.4897017478942871
Lung_Dx-G0051,1,0.5191099643707275,0.48089006543159485
Lung_Dx-G0052,1,0.19744445383548737,0.802555501461029
Lung_Dx-G0052,1,0.44415032863616943,0.5558496713638306
Lung_Dx-G0052,1,0.010268432088196278,0.98973149061203
Lung_Dx-G0052,1,0.5463145971298218,0.45368537306785583
Lung_Dx-G0052,1,0.40277376770973206,0.5972262024879456
Lung_Dx-G0052,1,0.4647117853164673,0.5352882146835327
Lung_Dx-G0052,1,0.400595486164093,0.5994045734405518
Lung_Dx-G0052,1,0.679338276386261,0.3206617534160614
Lung_Dx-G0052,1,0.4943239688873291,0.5056760311126709
Lung_Dx-G0052,1,0.23235367238521576,0.767646312713623
Lung_Dx-G0052,1,0.388183057308197,0.6118168830871582
Lung_Dx-G0052,1,0.0061331759206950665,0.9938668608665466
Lung_Dx-G0052,1,0.0037072531413286924,0.996292769908905
Lung_Dx-G0052,1,0.4866669774055481,0.5133330225944519
Lung_Dx-G0052,1,0.1260840892791748,0.8739159107208252
Lung_Dx-G0052,1,0.021044565364718437,0.9789553880691528
Lung_Dx-G0052,1,0.2986447513103485,0.7013552784919739
Lung_Dx-G0052,1,0.454294353723526,0.5457056760787964
Lung_Dx-G0052,1,0.03608394414186478,0.9639160633087158
Lung_Dx-G0052,1,0.2033909112215042,0.796609103679657
Lung_Dx-G0052,1,0.30637139081954956,0.6936286091804504
Lung_Dx-G0052,1,0.4948427081108093,0.5051572918891907
Lung_Dx-G0052,1,0.0019800397567451,0.9980199337005615
Lung_Dx-G0052,1,0.5930570363998413,0.4069429934024811
Lung_Dx-G0052,1,0.394784152507782,0.6052159070968628
Lung_Dx-G0052,1,0.559380292892456,0.44061970710754395
Lung_Dx-G0052,1,0.3324187695980072,0.6675812005996704
Lung_Dx-G0052,1,0.5877471566200256,0.412252813577652
Lung_Dx-G0052,1,0.6082232594490051,0.39177677035331726
Lung_Dx-G0052,1,0.4667544364929199,0.5332455039024353
Lung_Dx-G0052,1,0.4189346134662628,0.5810653567314148
Lung_Dx-G0052,1,0.4656912088394165,0.5343087315559387
Lung_Dx-G0052,1,0.525810182094574,0.4741898477077484
Lung_Dx-G0052,1,0.4637174606323242,0.5362825393676758
Lung_Dx-G0052,1,0.0010608151787891984,0.9989392161369324
Lung_Dx-G0052,1,0.09700477868318558,0.902995228767395
Lung_Dx-G0052,1,0.018833130598068237,0.9811668992042542
Lung_Dx-G0052,1,0.7304821610450745,0.26951780915260315
Lung_Dx-G0052,1,0.05360114574432373,0.9463988542556763
Lung_Dx-G0052,1,0.501617431640625,0.498382568359375
Lung_Dx-G0052,1,0.37102270126342773,0.628977358341217
Lung_Dx-G0052,1,0.46446889638900757,0.5355311632156372
Lung_Dx-G0052,1,0.3882700502872467,0.6117299795150757
Lung_Dx-G0052,1,0.29269638657569885,0.7073035836219788
Lung_Dx-G0052,1,0.45432087779045105,0.5456791520118713
Lung_Dx-G0052,1,0.2831367552280426,0.716863214969635
Lung_Dx-G0052,1,0.5026016235351562,0.49739840626716614
Lung_Dx-G0052,1,0.6234198808670044,0.376580148935318
Lung_Dx-G0052,1,0.5941980481147766,0.4058018922805786
Lung_Dx-G0052,1,0.6068333983421326,0.39316654205322266
Lung_Dx-G0052,1,0.7194329500198364,0.28056710958480835
Lung_Dx-G0052,1,0.5934067964553833,0.4065932035446167
Lung_Dx-G0052,1,0.3836413025856018,0.6163586974143982
Lung_Dx-G0052,1,0.40216463804244995,0.59783536195755
Lung_Dx-G0052,1,0.47262266278266907,0.5273773670196533
Lung_Dx-G0052,1,0.4072928726673126,0.5927071571350098
Lung_Dx-G0052,1,0.46481046080589294,0.5351895689964294
Lung_Dx-G0052,1,0.6164885759353638,0.38351139426231384
Lung_Dx-G0052,1,0.09025324136018753,0.9097468256950378
Lung_Dx-G0052,1,0.3366580903530121,0.6633418798446655
Lung_Dx-G0052,1,0.4764997065067291,0.5235002636909485
Lung_Dx-G0052,1,0.45744723081588745,0.5425527691841125
Lung_Dx-G0052,1,0.5193537473678589,0.4806462824344635
Lung_Dx-G0052,1,0.6829438805580139,0.3170560896396637
Lung_Dx-G0052,1,0.4311313033103943,0.5688686966896057
Lung_Dx-G0052,1,0.373218834400177,0.626781165599823
Lung_Dx-G0052,1,0.08122774958610535,0.9187722206115723
Lung_Dx-G0052,1,0.025662709027528763,0.9743373394012451
Lung_Dx-G0052,1,0.035846926271915436,0.9641530513763428
Lung_Dx-G0052,1,0.2343190312385559,0.7656809687614441
Lung_Dx-G0052,1,0.267264723777771,0.732735276222229
Lung_Dx-G0052,1,0.3270232081413269,0.6729767918586731
Lung_Dx-G0052,1,0.47656822204589844,0.5234317779541016
Lung_Dx-G0052,1,0.04008735716342926,0.9599125981330872
Lung_Dx-G0052,1,0.3599545359611511,0.6400454640388489
Lung_Dx-G0052,1,0.6506059765815735,0.34939396381378174
Lung_Dx-G0052,1,0.4428623616695404,0.5571376085281372
Lung_Dx-G0052,1,0.47190767526626587,0.5280923247337341
Lung_Dx-G0052,1,0.1661335527896881,0.8338664174079895
Lung_Dx-G0052,1,0.4716947376728058,0.5283052921295166
Lung_Dx-G0052,1,0.004934090655297041,0.9950659275054932
Lung_Dx-G0052,1,0.25450897216796875,0.7454910278320312
Lung_Dx-G0052,1,0.8226169943809509,0.17738297581672668
Lung_Dx-G0052,1,0.0015548133524134755,0.9984452128410339
Lung_Dx-G0052,1,0.30798205733299255,0.6920179128646851
Lung_Dx-G0052,1,0.006085737142711878,0.9939143061637878
Lung_Dx-G0052,1,0.6034353375434875,0.39656463265419006
Lung_Dx-G0052,1,0.11008787900209427,0.8899121284484863
Lung_Dx-G0052,1,0.4428398013114929,0.5571601986885071
Lung_Dx-G0052,1,0.03803509473800659,0.9619649052619934
Lung_Dx-G0052,1,0.4003390073776245,0.5996609330177307
Lung_Dx-G0052,1,0.06954174488782883,0.9304582476615906
Lung_Dx-G0058,1,0.9112586379051208,0.08874128758907318
Lung_Dx-G0058,1,0.5081627368927002,0.4918372631072998
Lung_Dx-G0058,1,0.7454447150230408,0.25455528497695923
Lung_Dx-G0058,1,0.4989166259765625,0.5010833740234375
Lung_Dx-G0058,1,0.04858620837330818,0.9514138102531433
Lung_Dx-G0058,1,0.3391980230808258,0.6608019471168518
Lung_Dx-G0058,1,0.8760523796081543,0.12394767254590988
Lung_Dx-G0058,1,0.4106602668762207,0.5893397927284241
Lung_Dx-G0058,1,0.4949190020561218,0.5050809979438782
Lung_Dx-G0058,1,0.17773950099945068,0.8222604990005493
Lung_Dx-G0058,1,0.309806227684021,0.690193772315979
Lung_Dx-G0058,1,0.16377952694892883,0.8362205028533936
Lung_Dx-G0058,1,0.9064877033233643,0.09351230412721634
Lung_Dx-G0058,1,0.3221793472766876,0.67782062292099
Lung_Dx-G0058,1,0.13898684084415436,0.8610131144523621
Lung_Dx-G0058,1,0.5207857489585876,0.47921425104141235
Lung_Dx-G0058,1,0.3792347013950348,0.6207653284072876
Lung_Dx-G0058,1,0.6422922611236572,0.3577077388763428
Lung_Dx-G0058,1,0.029675619676709175,0.9703244566917419
Lung_Dx-G0058,1,0.463535338640213,0.5364646911621094
Lung_Dx-G0058,1,0.18587329983711243,0.81412672996521
Lung_Dx-G0058,1,0.502838134765625,0.4971618950366974
Lung_Dx-G0058,1,0.36602655053138733,0.6339734792709351
Lung_Dx-G0058,1,0.47264546155929565,0.5273545384407043
Lung_Dx-G0058,1,0.5092991590499878,0.4907008409500122
Lung_Dx-G0058,1,0.09150380641222,0.9084962010383606
Lung_Dx-G0058,1,0.9352282881736755,0.06477170437574387
Lung_Dx-G0058,1,0.36991238594055176,0.6300876140594482
Lung_Dx-G0058,1,0.48773059248924255,0.5122693777084351
Lung_Dx-G0058,1,0.8899121284484863,0.11008787900209427
Lung_Dx-G0058,1,0.9586926698684692,0.04130730405449867
Lung_Dx-G0058,1,0.896975576877594,0.1030244305729866
Lung_Dx-G0058,1,0.9331876635551453,0.06681232899427414
Lung_Dx-G0058,1,0.4103131890296936,0.5896868705749512
Lung_Dx-G0058,1,0.19783161580562592,0.8021684288978577
Lung_Dx-G0058,1,0.5731409192085266,0.4268590807914734
Lung_Dx-G0058,1,0.3340460956096649,0.6659538745880127
Lung_Dx-G0058,1,0.8412396311759949,0.15876039862632751
Lung_Dx-G0058,1,0.1594790369272232,0.840520977973938
Lung_Dx-G0058,1,0.4283978044986725,0.5716022253036499
Lung_Dx-G0058,1,0.2652614414691925,0.7347385287284851
Lung_Dx-G0058,1,0.3527590036392212,0.6472409963607788
Lung_Dx-G0058,1,0.22910372912883759,0.7708962559700012
Lung_Dx-G0058,1,0.9387446641921997,0.06125536188483238
Lung_Dx-G0058,1,0.5129365921020508,0.4870634377002716
Lung_Dx-G0058,1,0.4938090443611145,0.5061908960342407
Lung_Dx-G0058,1,0.1420532613992691,0.8579466938972473
Lung_Dx-G0058,1,0.31716182827949524,0.6828381419181824
Lung_Dx-G0058,1,0.4697558879852295,0.5302441120147705
Lung_Dx-G0058,1,0.25027090311050415,0.7497290968894958
Lung_Dx-G0058,1,0.8921873569488525,0.10781264305114746
Lung_Dx-G0058,1,0.6706082820892334,0.3293917179107666
Lung_Dx-G0058,1,0.25664564967155457,0.743354320526123
Lung_Dx-G0058,1,0.5474338531494141,0.4525661766529083
Lung_Dx-G0058,1,0.5306165814399719,0.46938344836235046
Lung_Dx-G0058,1,0.136781245470047,0.8632187843322754
Lung_Dx-G0058,1,0.9554024338722229,0.044597577303647995
Lung_Dx-G0058,1,0.8496596217155457,0.15034042298793793
Lung_Dx-G0058,1,0.7974779009819031,0.20252203941345215
Lung_Dx-G0058,1,0.7971623539924622,0.20283767580986023
Lung_Dx-G0058,1,0.16735470294952393,0.8326452970504761
Lung_Dx-G0058,1,0.0937194675207138,0.9062805771827698
Lung_Dx-G0058,1,0.7914586067199707,0.20854134857654572
Lung_Dx-G0058,1,0.9613890647888184,0.038610927760601044
Lung_Dx-G0058,1,0.3146030604839325,0.6853969693183899
Lung_Dx-G0058,1,0.28482457995414734,0.7151753902435303
Lung_Dx-G0058,1,0.6069499850273132,0.39305007457733154
Lung_Dx-G0058,1,0.15674921870231628,0.8432507514953613
Lung_Dx-G0058,1,0.9224823713302612,0.07751765847206116
Lung_Dx-G0058,1,0.7688199877738953,0.23118001222610474
Lung_Dx-G0058,1,0.7377254366874695,0.2622745931148529
Lung_Dx-G0058,1,0.5521020889282227,0.4478979706764221
Lung_Dx-G0058,1,0.5247448086738586,0.47525525093078613
Lung_Dx-G0058,1,0.9070656299591064,0.09293445199728012
Lung_Dx-G0058,1,0.9076402187347412,0.09235979616641998
Lung_Dx-G0058,1,0.3070982098579407,0.6929017901420593
Lung_Dx-G0058,1,0.6947687864303589,0.3052311837673187
Lung_Dx-G0058,1,0.4736419916152954,0.5263579487800598
Lung_Dx-G0058,1,0.27997612953186035,0.7200238704681396
Lung_Dx-G0058,1,0.22109831869602203,0.7789016962051392
Lung_Dx-G0058,1,0.514430820941925,0.4855692386627197
Lung_Dx-G0058,1,0.3564186692237854,0.6435813307762146
Lung_Dx-G0058,1,0.4747225046157837,0.5252774953842163
Lung_Dx-G0058,1,0.14432968199253082,0.8556703329086304
Lung_Dx-G0058,1,0.4108153283596039,0.5891846418380737
Lung_Dx-G0058,1,0.837221086025238,0.16277891397476196
Lung_Dx-G0058,1,0.5234926342964172,0.4765073359012604
Lung_Dx-G0058,1,0.14354750514030457,0.8564525246620178
Lung_Dx-G0058,1,0.48741415143013,0.5125858783721924
Lung_Dx-G0058,1,0.0697949230670929,0.9302051067352295
Lung_Dx-G0058,1,0.5070185661315918,0.4929814040660858
Lung_Dx-G0058,1,0.6773673295974731,0.32263270020484924
Lung_Dx-G0058,1,0.3879801332950592,0.6120198369026184
Lung_Dx-G0058,1,0.2238008826971054,0.7761991024017334
Lung_Dx-G0058,1,0.38606879115104675,0.6139311790466309
Lung_Dx-G0058,1,0.4431861639022827,0.5568138360977173
Lung_Dx-G0058,1,0.45199161767959595,0.548008382320404
Lung_Dx-G0058,1,0.4174570143222809,0.5825430154800415
Lung_Dx-G0058,1,0.30738401412963867,0.6926160454750061
Lung_Dx-G0058,1,0.44598188996315,0.5540180802345276
Lung_Dx-G0058,1,0.20212800800800323,0.7978719472885132
Lung_Dx-G0058,1,0.9458513259887695,0.05414869263768196
Lung_Dx-G0058,1,0.0575462244451046,0.9424538016319275
Lung_Dx-G0058,1,0.6769670248031616,0.3230329751968384
Lung_Dx-G0058,1,0.32847559452056885,0.6715244054794312
Lung_Dx-G0058,1,0.3008482754230499,0.6991516947746277
Lung_Dx-G0058,1,0.5609442591667175,0.43905574083328247
Lung_Dx-G0058,1,0.7460927367210388,0.2539072632789612
Lung_Dx-G0058,1,0.7805370688438416,0.21946293115615845
Lung_Dx-G0058,1,0.940626323223114,0.059373658150434494
Lung_Dx-G0058,1,0.8823771476745605,0.11762280017137527
Lung_Dx-G0058,1,0.7670797109603882,0.23292027413845062
Lung_Dx-G0058,1,0.08858346939086914,0.9114164710044861
Lung_Dx-G0058,1,0.20386599004268646,0.7961340546607971
Lung_Dx-G0058,1,0.549368679523468,0.45063135027885437
Lung_Dx-G0058,1,0.5205877423286438,0.4794122576713562
Lung_Dx-G0058,1,0.29475390911102295,0.705246090888977
Lung_Dx-G0058,1,0.8609547019004822,0.13904529809951782
Lung_Dx-G0058,1,0.42239293456077576,0.5776070356369019
Lung_Dx-G0058,1,0.7632191181182861,0.23678085207939148
Lung_Dx-G0058,1,0.8393393158912659,0.16066069900989532
Lung_Dx-G0058,1,0.2916613221168518,0.7083386778831482
Lung_Dx-A0165,0,0.9698712229728699,0.03012886270880699
Lung_Dx-A0165,0,0.9893269538879395,0.010673115029931068
Lung_Dx-A0165,0,0.983955442905426,0.016044558957219124
Lung_Dx-A0165,0,0.9656089544296265,0.03439110517501831
Lung_Dx-A0165,0,0.961713969707489,0.0382859967648983
Lung_Dx-A0165,0,0.9235233068466187,0.07647661864757538
Lung_Dx-A0165,0,0.9788748621940613,0.021125193685293198
Lung_Dx-A0165,0,0.9298236966133118,0.07017629593610764
Lung_Dx-A0165,0,0.9219921231269836,0.07800789922475815
Lung_Dx-A0165,0,0.9743860960006714,0.025613917037844658
Lung_Dx-A0165,0,0.9865975975990295,0.013402405194938183
Lung_Dx-A0165,0,0.9622852206230164,0.037714820355176926
Lung_Dx-A0165,0,0.9961456060409546,0.003854363691061735
Lung_Dx-A0165,0,0.9811668992042542,0.018833130598068237
Lung_Dx-A0165,0,0.9792749285697937,0.020725062116980553
Lung_Dx-A0165,0,0.8851359486579895,0.11486402899026871
Lung_Dx-A0165,0,0.9685600996017456,0.031439851969480515
Lung_Dx-A0165,0,0.9788949489593506,0.021105006337165833
Lung_Dx-A0165,0,0.9791157841682434,0.020884215831756592
Lung_Dx-A0165,0,0.9874841570854187,0.012515857815742493
Lung_Dx-A0165,0,0.9864286780357361,0.01357131265103817
Lung_Dx-A0165,0,0.9744104743003845,0.025589553639292717
Lung_Dx-A0165,0,0.9672868847846985,0.03271312639117241
Lung_Dx-A0165,0,0.9695556163787842,0.030444350093603134
Lung_Dx-A0165,0,0.9835811853408813,0.01641879603266716
Lung_Dx-A0165,0,0.9910666346549988,0.008933402597904205
Lung_Dx-A0165,0,0.9613164663314819,0.03868349641561508
Lung_Dx-A0166,0,0.9816479682922363,0.01835203729569912
Lung_Dx-A0166,0,0.9874961376190186,0.01250379253178835
Lung_Dx-A0166,0,0.9929198622703552,0.0070801181718707085
Lung_Dx-A0166,0,0.9871168732643127,0.012883163057267666
Lung_Dx-A0166,0,0.9946774244308472,0.005322535056620836
Lung_Dx-A0166,0,0.9834386706352234,0.016561338678002357
Lung_Dx-A0166,0,0.9891605973243713,0.01083937007933855
Lung_Dx-A0166,0,0.9575167298316956,0.04248320683836937
Lung_Dx-A0166,0,0.9842759370803833,0.01572399027645588
Lung_Dx-A0166,0,0.9835653901100159,0.016434572637081146
Lung_Dx-A0166,0,0.9901592135429382,0.009840806014835835
Lung_Dx-A0166,0,0.992046594619751,0.007953389547765255
Lung_Dx-A0166,0,0.9732915163040161,0.026708463206887245
Lung_Dx-A0166,0,0.9733928442001343,0.026607109233736992
Lung_Dx-A0166,0,0.9947289824485779,0.005271083675324917
Lung_Dx-A0166,0,0.9883240461349487,0.011675983667373657
Lung_Dx-A0166,0,0.9922143816947937,0.0077856555581092834
Lung_Dx-A0166,0,0.9697853922843933,0.030214589089155197
Lung_Dx-A0166,0,0.979393482208252,0.020606474950909615
Lung_Dx-A0166,0,0.9908744096755981,0.00912563782185316
Lung_Dx-A0166,0,0.9864678382873535,0.01353214867413044
Lung_Dx-A0174,0,0.9939963817596436,0.006003595422953367
Lung_Dx-A0174,0,0.9556099772453308,0.0443899892270565
Lung_Dx-A0174,0,0.9557340741157532,0.044265877455472946
Lung_Dx-A0174,0,0.9800339937210083,0.019966036081314087
Lung_Dx-A0174,0,0.9836126565933228,0.01638728380203247
Lung_Dx-A0174,0,0.9892855286598206,0.010714440606534481
Lung_Dx-A0174,0,0.9899863600730896,0.010013571009039879
Lung_Dx-A0174,0,0.9423477053642273,0.05765223503112793
Lung_Dx-A0174,0,0.9655439257621765,0.03445602208375931
Lung_Dx-A0174,0,0.9740672707557678,0.02593267522752285
Lung_Dx-A0174,0,0.9425595998764038,0.057440385222435
Lung_Dx-A0174,0,0.9844862222671509,0.015513790771365166
Lung_Dx-A0174,0,0.91957026720047,0.08042966574430466
Lung_Dx-A0174,0,0.9489645957946777,0.05103541910648346
Lung_Dx-A0174,0,0.9778622388839722,0.0221377182751894
Lung_Dx-A0174,0,0.9622142910957336,0.037785764783620834
Lung_Dx-A0174,0,0.9824904799461365,0.01750955730676651
Lung_Dx-A0174,0,0.991169810295105,0.008830243721604347
Lung_Dx-A0174,0,0.9796870946884155,0.02031290903687477
Lung_Dx-A0174,0,0.988711953163147,0.011288074776530266
Lung_Dx-A0174,0,0.9653158187866211,0.03468417376279831
Lung_Dx-A0174,0,0.9663152694702148,0.03368473798036575
Lung_Dx-A0174,0,0.8619454503059387,0.13805456459522247
Lung_Dx-A0174,0,0.9442282915115356,0.05577168986201286
Lung_Dx-A0174,0,0.9834068417549133,0.01659317873418331
Lung_Dx-A0174,0,0.7633073329925537,0.2366926372051239
Lung_Dx-A0188,0,0.6987920999526978,0.30120787024497986
Lung_Dx-A0188,0,0.5202525854110718,0.4797474145889282
Lung_Dx-A0188,0,0.7215470671653748,0.27845296263694763
Lung_Dx-A0188,0,0.7669488191604614,0.23305116593837738
Lung_Dx-A0188,0,0.8518912196159363,0.14810879528522491
Lung_Dx-A0188,0,0.7154240012168884,0.2845759987831116
Lung_Dx-A0188,0,0.17539678514003754,0.824603259563446
Lung_Dx-A0188,0,0.5700920224189758,0.42990800738334656
Lung_Dx-A0188,0,0.5378303527832031,0.4621695876121521
Lung_Dx-A0188,0,0.5392410159111023,0.4607589542865753
Lung_Dx-A0188,0,0.7028870582580566,0.29711294174194336
Lung_Dx-A0188,0,0.9717254042625427,0.028274601325392723
Lung_Dx-A0188,0,0.6150733828544617,0.38492658734321594
Lung_Dx-A0188,0,0.4994507133960724,0.50054931640625
Lung_Dx-A0188,0,0.5115640759468079,0.48843592405319214
Lung_Dx-A0188,0,0.6763794422149658,0.3236205279827118
Lung_Dx-A0188,0,0.5436432361602783,0.4563567638397217
Lung_Dx-A0188,0,0.5255628824234009,0.4744371473789215
Lung_Dx-A0188,0,0.8914808034896851,0.10851917415857315
Lung_Dx-A0188,0,0.25206175446510315,0.7479382753372192
Lung_Dx-A0188,0,0.6133884787559509,0.3866114616394043
Lung_Dx-A0188,0,0.9429286122322083,0.05707140266895294
Lung_Dx-A0188,0,0.7091198563575745,0.29088014364242554
Lung_Dx-A0188,0,0.6934729218482971,0.3065270483493805
Lung_Dx-A0188,0,0.8876436352729797,0.11235638707876205
Lung_Dx-A0188,0,0.5369806885719299,0.46301931142807007
Lung_Dx-A0188,0,0.4422450363636017,0.5577549934387207
Lung_Dx-A0188,0,0.9116920232772827,0.08830790221691132
Lung_Dx-A0188,0,0.853851854801178,0.1461481750011444
Lung_Dx-A0188,0,0.5008544921875,0.4991455078125
Lung_Dx-A0188,0,0.9293122291564941,0.07068779319524765
Lung_Dx-A0188,0,0.41270768642425537,0.5872923135757446
Lung_Dx-A0188,0,0.6308839321136475,0.36911606788635254
Lung_Dx-A0188,0,0.9004423022270203,0.09955772757530212
Lung_Dx-A0188,0,0.5526302456855774,0.4473697543144226
Lung_Dx-A0188,0,0.48876380920410156,0.5112361907958984
Lung_Dx-A0188,0,0.8872045874595642,0.1127953976392746
Lung_Dx-A0188,0,0.9096665382385254,0.09033343940973282
Lung_Dx-A0188,0,0.25501883029937744,0.7449811697006226
Lung_Dx-A0188,0,0.8799227476119995,0.12007720023393631
Lung_Dx-A0188,0,0.4181622266769409,0.5818377733230591
Lung_Dx-A0188,0,0.453371524810791,0.546628475189209
Lung_Dx-A0188,0,0.10842473804950714,0.891575276851654
Lung_Dx-A0188,0,0.8023233413696289,0.19767668843269348
Lung_Dx-A0188,0,0.5621614456176758,0.43783852458000183
Lung_Dx-A0188,0,0.3744761347770691,0.6255238652229309
Lung_Dx-A0188,0,0.5790917277336121,0.42090824246406555
Lung_Dx-A0188,0,0.39110067486763,0.6088993549346924
Lung_Dx-A0188,0,0.4674723148345947,0.5325276851654053
Lung_Dx-A0188,0,0.48154523968696594,0.5184547305107117
Lung_Dx-A0188,0,0.6797635555267334,0.3202364146709442
Lung_Dx-A0188,0,0.2056947946548462,0.7943052053451538
Lung_Dx-A0188,0,0.6305426955223083,0.3694572448730469
Lung_Dx-A0188,0,0.6200321912765503,0.37996774911880493
Lung_Dx-A0188,0,0.8961604833602905,0.1038394644856453
Lung_Dx-A0188,0,0.9603611826896667,0.03963884338736534
Lung_Dx-A0188,0,0.37716779112815857,0.622832179069519
Lung_Dx-A0188,0,0.3967399299144745,0.6032600402832031
Lung_Dx-A0188,0,0.8960241675376892,0.10397586226463318
Lung_Dx-A0188,0,0.11671367287635803,0.8832862973213196
Lung_Dx-A0188,0,0.5850122570991516,0.4149877727031708
Lung_Dx-A0188,0,0.7189398407936096,0.281060129404068
Lung_Dx-A0188,0,0.5064388513565063,0.49356114864349365
Lung_Dx-A0188,0,0.15700756013393402,0.8429924845695496
Lung_Dx-A0188,0,0.7110798954963684,0.2889200747013092
Lung_Dx-A0188,0,0.6381449699401855,0.36185503005981445
Lung_Dx-A0188,0,0.7628660202026367,0.23713397979736328
Lung_Dx-A0188,0,0.8020908832550049,0.19790910184383392
Lung_Dx-A0188,0,0.3192274868488312,0.6807724833488464
Lung_Dx-A0188,0,0.4030968248844147,0.5969031453132629
Lung_Dx-A0188,0,0.6394546627998352,0.3605453372001648
Lung_Dx-A0188,0,0.43453627824783325,0.5654637217521667
Lung_Dx-A0188,0,0.4212281405925751,0.5787718296051025
Lung_Dx-A0188,0,0.4467058777809143,0.5532941222190857
Lung_Dx-A0188,0,0.48447155952453613,0.5155284404754639
Lung_Dx-A0188,0,0.6906112432479858,0.30938875675201416
Lung_Dx-A0188,0,0.8721297383308411,0.12787027657032013
Lung_Dx-A0188,0,0.49951934814453125,0.5004806518554688
Lung_Dx-A0188,0,0.4179840385913849,0.5820159912109375
Lung_Dx-A0188,0,0.6989976763725281,0.3010023534297943
Lung_Dx-A0188,0,0.7136811017990112,0.28631889820098877
Lung_Dx-A0188,0,0.42117980122566223,0.5788202285766602
Lung_Dx-A0188,0,0.28609445691108704,0.7139055728912354
Lung_Dx-A0188,0,0.859663724899292,0.14033624529838562
Lung_Dx-A0188,0,0.6074557304382324,0.3925442099571228
Lung_Dx-A0188,0,0.5918559432029724,0.4081440567970276
Lung_Dx-A0188,0,0.4547596871852875,0.5452402830123901
Lung_Dx-A0188,0,0.811750590801239,0.1882493495941162
Lung_Dx-A0188,0,0.2991051971912384,0.700894832611084
Lung_Dx-A0188,0,0.16593071818351746,0.8340692520141602
Lung_Dx-A0188,0,0.5584549307823181,0.4415450692176819
Lung_Dx-A0188,0,0.8375535607337952,0.16244646906852722
Lung_Dx-A0188,0,0.2930503189563751,0.7069497108459473
Lung_Dx-A0188,0,0.3327981233596802,0.6672018766403198
Lung_Dx-A0188,0,0.6455110907554626,0.35448893904685974
Lung_Dx-A0188,0,0.3923950493335724,0.60760498046875
Lung_Dx-A0188,0,0.2629837989807129,0.7370162010192871
Lung_Dx-A0188,0,0.3609394133090973,0.6390605568885803
Lung_Dx-A0188,0,0.57783043384552,0.42216959595680237
Lung_Dx-A0188,0,0.19728974997997284,0.802710235118866
Lung_Dx-A0188,0,0.818156361579895,0.18184365332126617
Lung_Dx-A0188,0,0.8127187490463257,0.1872812807559967
Lung_Dx-A0188,0,0.8840392827987671,0.11596070975065231
Lung_Dx-A0188,0,0.6876823902130127,0.3123175799846649
Lung_Dx-A0188,0,0.8356512188911438,0.16434873640537262
Lung_Dx-A0188,0,0.3945654034614563,0.6054345965385437
Lung_Dx-A0188,0,0.9319595694541931,0.06804042309522629
Lung_Dx-A0188,0,0.415877103805542,0.584122896194458
Lung_Dx-A0188,0,0.9011839628219604,0.09881606698036194
Lung_Dx-A0188,0,0.5204810500144958,0.4795188903808594
Lung_Dx-A0188,0,0.30803409218788147,0.6919658780097961
Lung_Dx-A0188,0,0.4207260012626648,0.5792739987373352
Lung_Dx-A0188,0,0.7147276401519775,0.28527238965034485
Lung_Dx-A0188,0,0.5313993692398071,0.46860066056251526
Lung_Dx-A0188,0,0.3929772675037384,0.6070227026939392
Lung_Dx-A0188,0,0.29203975200653076,0.7079602479934692
Lung_Dx-A0188,0,0.20593424141407013,0.7940657734870911
Lung_Dx-A0188,0,0.7436337471008301,0.2563662827014923
Lung_Dx-A0188,0,0.7799091339111328,0.22009089589118958
Lung_Dx-A0193,0,0.9148629307746887,0.08513706922531128
Lung_Dx-A0193,0,0.9472835659980774,0.05271640419960022
Lung_Dx-A0193,0,0.7460927367210388,0.2539072632789612
Lung_Dx-A0193,0,0.8443447947502136,0.1556551605463028
Lung_Dx-A0193,0,0.9235923886299133,0.07640768587589264
Lung_Dx-A0193,0,0.9859364032745361,0.014063626527786255
Lung_Dx-A0193,0,0.7324483394622803,0.2675516903400421
Lung_Dx-A0193,0,0.9923638105392456,0.007636216469109058
Lung_Dx-A0193,0,0.9498092532157898,0.05019078403711319
Lung_Dx-A0193,0,0.9359931349754333,0.06400689482688904
Lung_Dx-A0193,0,0.9448422193527222,0.055157773196697235
Lung_Dx-A0193,0,0.9071478247642517,0.0928521603345871
Lung_Dx-A0193,0,0.9414929747581482,0.058507006615400314
Lung_Dx-A0193,0,0.9887554049491882,0.011244560591876507
Lung_Dx-A0193,0,0.9766469597816467,0.023353029042482376
Lung_Dx-A0193,0,0.8718026280403137,0.12819735705852509
Lung_Dx-A0193,0,0.9850859642028809,0.014913983643054962
Lung_Dx-A0193,0,0.9471371173858643,0.052862897515296936
Lung_Dx-A0193,0,0.9750834703445435,0.0249165166169405
Lung_Dx-A0193,0,0.9100669622421265,0.08993301540613174
Lung_Dx-A0193,0,0.9596487283706665,0.04035123810172081
Lung_Dx-A0193,0,0.9058650135993958,0.09413501620292664
Lung_Dx-A0193,0,0.8142744302749634,0.18572558462619781
Lung_Dx-A0193,0,0.924210250377655,0.07578974217176437
Lung_Dx-A0193,0,0.9880620241165161,0.011938040144741535
Lung_Dx-A0193,0,0.9767580628395081,0.023241925984621048
Lung_Dx-A0193,0,0.9837693572044373,0.016230614855885506
Lung_Dx-A0193,0,0.9289263486862183,0.07107366621494293
Lung_Dx-A0193,0,0.9565531015396118,0.043446894735097885
Lung_Dx-A0193,0,0.9646891355514526,0.03531079366803169
Lung_Dx-A0193,0,0.8759993314743042,0.12400069832801819
Lung_Dx-A0193,0,0.9671319723129272,0.03286798298358917
Lung_Dx-A0193,0,0.8216173648834229,0.17838266491889954
Lung_Dx-A0193,0,0.9398581385612488,0.06014182046055794
Lung_Dx-A0193,0,0.9898107051849365,0.010189337655901909
Lung_Dx-A0193,0,0.9899281859397888,0.010071823373436928
Lung_Dx-A0193,0,0.7679509520530701,0.23204898834228516
Lung_Dx-A0193,0,0.8064718246459961,0.19352814555168152
Lung_Dx-A0193,0,0.9430335760116577,0.056966383010149
Lung_Dx-A0193,0,0.9645892381668091,0.03541072458028793
Lung_Dx-A0193,0,0.991305410861969,0.008694533258676529
Lung_Dx-A0193,0,0.8704321384429932,0.12956786155700684
Lung_Dx-A0193,0,0.9244152307510376,0.0755847916007042
Lung_Dx-A0193,0,0.9849997162818909,0.015000312589108944
Lung_Dx-A0193,0,0.9885140061378479,0.011485951952636242
Lung_Dx-A0193,0,0.886322021484375,0.11367794871330261
Lung_Dx-A0193,0,0.9648882150650024,0.035111747682094574
Lung_Dx-A0193,0,0.9231084585189819,0.07689148187637329
Lung_Dx-A0193,0,0.8310745358467102,0.16892549395561218
Lung_Dx-A0193,0,0.9192084670066833,0.08079154044389725
Lung_Dx-A0193,0,0.9628131985664368,0.03718677535653114
Lung_Dx-A0193,0,0.8641386032104492,0.13586142659187317
Lung_Dx-A0193,0,0.8660192489624023,0.13398076593875885
Lung_Dx-A0193,0,0.7560875415802002,0.2439124882221222
Lung_Dx-A0193,0,0.9621431827545166,0.03785684332251549
Lung_Dx-A0193,0,0.9748929738998413,0.02510703355073929
Lung_Dx-A0193,0,0.9802431464195251,0.019756920635700226
Lung_Dx-A0193,0,0.9337939620018005,0.06620601564645767
Lung_Dx-A0193,0,0.9515040516853333,0.048496004194021225
Lung_Dx-A0193,0,0.8445372581481934,0.15546274185180664
Lung_Dx-A0193,0,0.9939024448394775,0.006097561679780483
Lung_Dx-A0193,0,0.981788158416748,0.018211819231510162
Lung_Dx-A0193,0,0.9569973349571228,0.043002646416425705
Lung_Dx-A0193,0,0.9584988951683044,0.04150110110640526
Lung_Dx-A0193,0,0.9293122291564941,0.07068779319524765
Lung_Dx-A0193,0,0.9919067621231079,0.008093290962278843
Lung_Dx-A0193,0,0.730818510055542,0.2691815197467804
Lung_Dx-A0193,0,0.9685898423194885,0.03141012415289879
Lung_Dx-A0193,0,0.9461008310317993,0.05389915406703949
Lung_Dx-A0193,0,0.9959771037101746,0.004022909794002771
Lung_Dx-A0193,0,0.9554024338722229,0.044597577303647995
Lung_Dx-A0193,0,0.9606574773788452,0.03934250399470329
Lung_Dx-A0193,0,0.9752253890037537,0.02477455325424671
Lung_Dx-A0196,0,0.801314651966095,0.19868534803390503
Lung_Dx-A0196,0,0.8891444206237793,0.1108555942773819
Lung_Dx-A0196,0,0.7444706559181213,0.25552937388420105
Lung_Dx-A0196,0,0.6396235227584839,0.3603764772415161
Lung_Dx-A0196,0,0.6745866537094116,0.3254133462905884
Lung_Dx-A0196,0,0.44209447503089905,0.5579054951667786
Lung_Dx-A0196,0,0.8233283758163452,0.1766716092824936
Lung_Dx-A0196,0,0.6342601776123047,0.3657397925853729
Lung_Dx-A0196,0,0.8894329071044922,0.11056715995073318
Lung_Dx-A0196,0,0.6430491209030151,0.3569508492946625
Lung_Dx-A0196,0,0.9146344065666199,0.08536553382873535
Lung_Dx-A0196,0,0.6029970645904541,0.3970029056072235
Lung_Dx-A0196,0,0.9641867876052856,0.035813190042972565
Lung_Dx-A0196,0,0.9486801028251648,0.051319949328899384
Lung_Dx-A0196,0,0.9211450219154358,0.07885491847991943
Lung_Dx-A0196,0,0.5604932308197021,0.43950676918029785
Lung_Dx-A0196,0,0.5730811953544617,0.4269188344478607
Lung_Dx-A0196,0,0.9416541457176208,0.05834583565592766
Lung_Dx-A0196,0,0.8797162175178528,0.12028371542692184
Lung_Dx-A0196,0,0.7837402820587158,0.21625970304012299
Lung_Dx-A0196,0,0.7873594760894775,0.21264049410820007
Lung_Dx-A0196,0,0.7530128955841064,0.24698713421821594
Lung_Dx-A0196,0,0.9276259541511536,0.07237402349710464
Lung_Dx-A0196,0,0.742888331413269,0.25711169838905334
Lung_Dx-A0196,0,0.7361161112785339,0.2638838589191437
Lung_Dx-A0196,0,0.4676356613636017,0.5323643684387207
Lung_Dx-A0196,0,0.8607792258262634,0.13922074437141418
Lung_Dx-A0196,0,0.5134245157241821,0.48657548427581787
Lung_Dx-A0196,0,0.7866228222846985,0.21337716281414032
Lung_Dx-A0196,0,0.9621431827545166,0.03785684332251549
Lung_Dx-A0196,0,0.6968358159065247,0.30316415429115295
Lung_Dx-A0196,0,0.8284536004066467,0.17154639959335327
Lung_Dx-A0196,0,0.8759462833404541,0.12405373901128769
Lung_Dx-A0196,0,0.561710774898529,0.43828925490379333
Lung_Dx-A0196,0,0.8979640603065491,0.10203596204519272
Lung_Dx-A0196,0,0.8996515870094299,0.10034841299057007
Lung_Dx-A0196,0,0.9606574773788452,0.03934250399470329
Lung_Dx-A0196,0,0.6327013969421387,0.3672986626625061
Lung_Dx-A0196,0,0.8900555372238159,0.10994444787502289
Lung_Dx-A0196,0,0.7034476399421692,0.2965523898601532
Lung_Dx-A0196,0,0.7755623459815979,0.22443769872188568
Lung_Dx-A0196,0,0.8896247744560242,0.11037521809339523
Lung_Dx-A0196,0,0.9537512063980103,0.04624880477786064
Lung_Dx-A0196,0,0.7102767825126648,0.2897232472896576
Lung_Dx-A0196,0,0.6261813044548035,0.37381866574287415
Lung_Dx-A0196,0,0.7503699064254761,0.2496301233768463
Lung_Dx-A0196,0,0.8202536106109619,0.17974644899368286
Lung_Dx-A0196,0,0.482596755027771,0.517403244972229
Lung_Dx-A0196,0,0.8522604703903198,0.14773952960968018
Lung_Dx-A0196,0,0.5593652725219727,0.44063472747802734
Lung_Dx-A0197,0,0.4965210556983948,0.5034789443016052
Lung_Dx-A0197,0,0.9454497694969177,0.05455021560192108
Lung_Dx-A0197,0,0.5933736562728882,0.4066263437271118
Lung_Dx-A0197,0,0.9377830028533936,0.06221698224544525
Lung_Dx-A0197,0,0.825659990310669,0.17433996498584747
Lung_Dx-A0197,0,0.6568508744239807,0.3431490957736969
Lung_Dx-A0197,0,0.7476159334182739,0.2523840367794037
Lung_Dx-A0197,0,0.9200026392936707,0.07999736815690994
Lung_Dx-A0197,0,0.8091251850128174,0.19087480008602142
Lung_Dx-A0197,0,0.8399310111999512,0.16006900370121002
Lung_Dx-A0197,0,0.9337335228919983,0.06626642495393753
Lung_Dx-A0197,0,0.7945444583892822,0.20545557141304016
Lung_Dx-A0197,0,0.5378303527832031,0.4621695876121521
Lung_Dx-A0197,0,0.761804461479187,0.23819561302661896
Lung_Dx-A0197,0,0.9920157194137573,0.007984270341694355
Lung_Dx-A0197,0,0.9185167551040649,0.08148320019245148
Lung_Dx-A0197,0,0.6912890076637268,0.3087110221385956
Lung_Dx-A0197,0,0.9038048982620239,0.09619516879320145
Lung_Dx-A0197,0,0.6122372150421143,0.38776278495788574
Lung_Dx-A0197,0,0.9268352389335632,0.07316471636295319
Lung_Dx-A0197,0,0.8718026280403137,0.12819735705852509
Lung_Dx-A0197,0,0.8444731831550598,0.15552686154842377
Lung_Dx-A0197,0,0.6721703410148621,0.3278296887874603
Lung_Dx-A0197,0,0.9101468920707703,0.08985311537981033
Lung_Dx-A0197,0,0.6780072450637817,0.32199278473854065
Lung_Dx-A0197,0,0.9302051067352295,0.0697949230670929
Lung_Dx-A0197,0,0.9771973490715027,0.02280263602733612
Lung_Dx-A0197,0,0.9096665382385254,0.09033343940973282
Lung_Dx-A0197,0,0.935523509979248,0.06447654962539673
Lung_Dx-A0197,0,0.7626893520355225,0.23731070756912231
Lung_Dx-A0197,0,0.9744833707809448,0.025516601279377937
Lung_Dx-A0197,0,0.8646537065505981,0.13534632325172424
Lung_Dx-A0197,0,0.793105959892273,0.20689405500888824
Lung_Dx-A0197,0,0.8828325867652893,0.11716748028993607
Lung_Dx-A0197,0,0.786581814289093,0.2134181559085846
Lung_Dx-A0197,0,0.9121626615524292,0.08783730864524841
Lung_Dx-A0197,0,0.9820998907089233,0.017900168895721436
Lung_Dx-A0197,0,0.9370381236076355,0.06296183168888092
Lung_Dx-A0197,0,0.643889307975769,0.35611069202423096
Lung_Dx-A0197,0,0.864710807800293,0.13528919219970703
Lung_Dx-A0197,0,0.4582577645778656,0.541742205619812
Lung_Dx-A0197,0,0.498291015625,0.501708984375
Lung_Dx-A0197,0,0.9868786931037903,0.013121270574629307
Lung_Dx-A0197,0,0.9625676870346069,0.03743230178952217
Lung_Dx-A0197,0,0.8627568483352661,0.1372431218624115
Lung_Dx-A0197,0,0.8730525970458984,0.12694743275642395
Lung_Dx-A0197,0,0.9645559191703796,0.03544410318136215
Lung_Dx-A0197,0,0.928083598613739,0.07191642373800278
Lung_Dx-A0197,0,0.7398808002471924,0.2601191997528076
Lung_Dx-A0197,0,0.6500230431556702,0.34997695684432983
Lung_Dx-A0197,0,0.8993868231773376,0.10061321407556534
Lung_Dx-A0239,0,0.913135826587677,0.0868641659617424
Lung_Dx-A0239,0,0.8957052826881409,0.10429472476243973
Lung_Dx-A0239,0,0.9293122291564941,0.07068779319524765
Lung_Dx-A0239,0,0.9502266049385071,0.0497734472155571
Lung_Dx-A0239,0,0.8933094143867493,0.10669060051441193
Lung_Dx-A0239,0,0.9500414729118347,0.049958523362874985
Lung_Dx-A0239,0,0.92637038230896,0.07362963259220123
Lung_Dx-A0239,0,0.9642878174781799,0.035712167620658875
Lung_Dx-A0239,0,0.982030987739563,0.01796896755695343
Lung_Dx-A0239,0,0.9700418710708618,0.02995811589062214
Lung_Dx-A0239,0,0.9462500810623169,0.05374995619058609
Lung_Dx-A0239,0,0.9731642603874207,0.026835685595870018
Lung_Dx-A0239,0,0.9549424648284912,0.04505753517150879
Lung_Dx-A0239,0,0.9458513259887695,0.05414869263768196
Lung_Dx-A0239,0,0.8905324339866638,0.1094675362110138
Lung_Dx-A0239,0,0.9614253044128418,0.0385746993124485
Lung_Dx-A0239,0,0.9747490882873535,0.02525085024535656
Lung_Dx-A0239,0,0.8692712783813477,0.13072869181632996
Lung_Dx-A0247,0,0.6494119167327881,0.3505881428718567
Lung_Dx-A0247,0,0.6685287356376648,0.3314712941646576
Lung_Dx-A0247,0,0.7245293259620667,0.27547070384025574
Lung_Dx-A0247,0,0.9660279750823975,0.03397199511528015
Lung_Dx-A0247,0,0.648800253868103,0.35119980573654175
Lung_Dx-A0247,0,0.5966241359710693,0.40337592363357544
Lung_Dx-A0247,0,0.441763311624527,0.5582366585731506
Lung_Dx-A0247,0,0.6590760946273804,0.34092390537261963
Lung_Dx-A0247,0,0.7440524101257324,0.25594761967658997
Lung_Dx-A0247,0,0.7695135474205017,0.23048648238182068
Lung_Dx-A0247,0,0.8094642758369446,0.19053567945957184
Lung_Dx-A0247,0,0.7000752091407776,0.2999247610569
Lung_Dx-A0247,0,0.8179383277893066,0.18206168711185455
Lung_Dx-A0247,0,0.7318738102912903,0.2681261897087097
Lung_Dx-A0247,0,0.848846971988678,0.1511530578136444
Lung_Dx-A0247,0,0.8636792898178101,0.13632068037986755
Lung_Dx-A0247,0,0.8785749077796936,0.12142506241798401
Lung_Dx-A0247,0,0.8677658438682556,0.13223415613174438
Lung_Dx-A0247,0,0.9224124550819397,0.07758752256631851
Lung_Dx-A0247,0,0.6291481852531433,0.3708517551422119
Lung_Dx-A0247,0,0.7309145331382751,0.26908546686172485
Lung_Dx-A0247,0,0.6836307048797607,0.31636926531791687
Lung_Dx-A0247,0,0.9873993396759033,0.012600625865161419
Lung_Dx-A0247,0,0.6862649321556091,0.31373506784439087
Lung_Dx-A0247,0,0.339362233877182,0.6606377959251404
Lung_Dx-A0247,0,0.7652426362037659,0.23475733399391174
Lung_Dx-A0247,0,0.7554566264152527,0.24454337358474731
Lung_Dx-A0247,0,0.5584097504615784,0.44159021973609924
Lung_Dx-A0247,0,0.3112174868583679,0.6887825131416321
Lung_Dx-A0247,0,0.6108453273773193,0.38915473222732544
Lung_Dx-A0247,0,0.9518184065818787,0.04818153381347656
Lung_Dx-A0247,0,0.8625254034996033,0.13747455179691315
Lung_Dx-A0247,0,0.6968874335289001,0.30311259627342224
Lung_Dx-A0247,0,0.7004339694976807,0.29956603050231934
Lung_Dx-A0247,0,0.8999157547950745,0.10008423030376434
Lung_Dx-A0247,0,0.8652810454368591,0.13471898436546326
Lung_Dx-A0247,0,0.7533760070800781,0.24662406742572784
Lung_Dx-A0247,0,0.6128672957420349,0.3871326446533203
Lung_Dx-A0247,0,0.5718861818313599,0.4281138479709625
Lung_Dx-A0247,0,0.8187368512153625,0.18126320838928223
Lung_Dx-A0247,0,0.5542593598365784,0.44574064016342163
Lung_Dx-A0247,0,0.9025237560272217,0.0974762812256813
Lung_Dx-A0247,0,0.7614498138427734,0.23855021595954895
Lung_Dx-A0247,0,0.5437265038490295,0.45627346634864807
Lung_Dx-A0247,0,0.7970043420791626,0.20299561321735382
Lung_Dx-A0247,0,0.8815129995346069,0.11848706007003784
Lung_Dx-A0247,0,0.6079505085945129,0.3920494616031647
Lung_Dx-A0247,0,0.86200350522995,0.13799647986888885
Lung_Dx-A0252,0,0.9863499999046326,0.013649976812303066
Lung_Dx-A0252,0,0.9851289987564087,0.014871004037559032
Lung_Dx-A0252,0,0.9909096360206604,0.009090383537113667
Lung_Dx-A0252,0,0.9839245080947876,0.01607542112469673
Lung_Dx-A0252,0,0.9859092831611633,0.014090735465288162
Lung_Dx-A0252,0,0.9861246943473816,0.013875309377908707
Lung_Dx-A0252,0,0.9891186952590942,0.010881332680583
Lung_Dx-A0252,0,0.9934865236282349,0.0065134987235069275
Lung_Dx-A0252,0,0.9876639246940613,0.01233610138297081
Lung_Dx-A0262,0,0.6580330729484558,0.3419669568538666
Lung_Dx-A0262,0,0.7889086008071899,0.21109139919281006
Lung_Dx-A0262,0,0.8121234178543091,0.18787656724452972
Lung_Dx-A0262,0,0.7149266600608826,0.28507333993911743
Lung_Dx-A0262,0,0.4416278898715973,0.5583721399307251
Lung_Dx-A0262,0,0.02724677324295044,0.9727531671524048
Lung_Dx-A0262,0,0.45442676544189453,0.5455732941627502
Lung_Dx-A0262,0,0.059756580740213394,0.9402433633804321
Lung_Dx-A0262,0,0.32338011264801025,0.6766199469566345
Lung_Dx-A0262,0,0.37150704860687256,0.6284928917884827
Lung_Dx-A0262,0,0.10008423030376434,0.8999157547950745
Lung_Dx-A0262,0,0.8907702565193176,0.10922977328300476
Lung_Dx-A0262,0,0.7445634603500366,0.2554365396499634
Lung_Dx-A0262,0,0.5545684695243835,0.44543156027793884
Lung_Dx-A0262,0,0.06359858065843582,0.9364014267921448
Lung_Dx-A0262,0,0.4405595362186432,0.5594404935836792
Lung_Dx-A0262,0,0.7696000933647156,0.23039987683296204
Lung_Dx-A0262,0,0.7409717440605164,0.25902822613716125
Lung_Dx-A0262,0,0.8957964777946472,0.10420353710651398
Lung_Dx-A0262,0,0.9235923886299133,0.07640768587589264
Lung_Dx-A0262,0,0.20833994448184967,0.7916600704193115
Lung_Dx-A0262,0,0.6615949869155884,0.3384050130844116
Lung_Dx-A0262,0,0.08694165199995041,0.9130582809448242
Lung_Dx-A0262,0,0.720220685005188,0.279779314994812
Lung_Dx-A0262,0,0.028409063816070557,0.9715908765792847
Lung_Dx-A0262,0,0.08240150660276413,0.9175984263420105
Lung_Dx-A0262,0,0.5230549573898315,0.47694507241249084
Lung_Dx-A0262,0,0.38219907879829407,0.6178008913993835
Lung_Dx-A0262,0,0.4929356575012207,0.5070643424987793
Lung_Dx-A0262,0,0.6651386618614197,0.33486127853393555
Lung_Dx-A0262,0,0.26010745763778687,0.7398925423622131
Lung_Dx-A0262,0,0.06602513045072556,0.9339748620986938
Lung_Dx-A0262,0,0.3494217097759247,0.6505782604217529
Lung_Dx-A0262,0,0.05414869263768196,0.9458513259887695
Lung_Dx-A0262,0,0.1257079541683197,0.8742920160293579
Lung_Dx-A0262,0,0.36700084805488586,0.6329991817474365
Lung_Dx-A0262,0,0.16244646906852722,0.8375535607337952
Lung_Dx-A0262,0,0.8408805727958679,0.1591193825006485
Lung_Dx-A0262,0,0.26630955934524536,0.7336903810501099
Lung_Dx-A0262,0,0.7975174188613892,0.20248261094093323
Lung_Dx-A0262,0,0.31512972712516785,0.6848703026771545
Lung_Dx-A0262,0,0.15674921870231628,0.8432507514953613
Lung_Dx-A0262,0,0.4065527319908142,0.5934473276138306
Lung_Dx-A0262,0,0.13273923099040985,0.867260754108429
Lung_Dx-A0262,0,0.6373694539070129,0.36263054609298706
Lung_Dx-A0262,0,0.2639786899089813,0.7360212802886963
Lung_Dx-A0262,0,0.16331195831298828,0.8366881012916565
Lung_Dx-A0262,0,0.708010733127594,0.291989266872406
Lung_Dx-A0262,0,0.5423785448074341,0.4576214551925659
Lung_Dx-A0262,0,0.744841992855072,0.255158007144928
Lung_Dx-A0262,0,0.7024790048599243,0.2975209653377533
Lung_Dx-A0262,0,0.7534213066101074,0.24657870829105377
Lung_Dx-A0262,0,0.9411153197288513,0.05888470262289047
Lung_Dx-A0262,0,0.8542170524597168,0.1457829624414444
Lung_Dx-A0262,0,0.6925380229949951,0.3074619770050049
Lung_Dx-A0262,0,0.7105278968811035,0.2894721031188965
Lung_Dx-A0262,0,0.5587182641029358,0.4412817060947418
Lung_Dx-A0262,0,0.7482603192329407,0.25173965096473694
Lung_Dx-A0262,0,0.4525661766529083,0.5474338531494141
Lung_Dx-A0262,0,0.9469411373138428,0.053058817982673645
Lung_Dx-A0262,0,0.46485602855682373,0.5351439714431763
Lung_Dx-A0262,0,0.129733145236969,0.8702667951583862
Lung_Dx-A0262,0,0.8614217042922974,0.13857834041118622
Lung_Dx-A0262,0,0.05108273774385452,0.9489172697067261
Lung_Dx-A0265,0,0.9802808165550232,0.01971912570297718
Lung_Dx-A0265,0,0.8184467554092407,0.18155324459075928
Lung_Dx-A0265,0,0.830112636089325,0.16988734900951385
Lung_Dx-A0265,0,0.7921428084373474,0.207857146859169
Lung_Dx-A0265,0,0.8663588762283325,0.13364119827747345
Lung_Dx-A0265,0,0.8940516710281372,0.10594827681779861
Lung_Dx-A0265,0,0.9429811239242554,0.057018861174583435
Lung_Dx-A0265,0,0.8300437331199646,0.169956237077713
Lung_Dx-A0265,0,0.746554970741272,0.253445029258728
Lung_Dx-A0265,0,0.96518474817276,0.03481519594788551
Lung_Dx-A0265,0,0.9412774443626404,0.05872255191206932
Lung_Dx-A0265,0,0.7409717440605164,0.25902822613716125
Lung_Dx-A0265,0,0.6665510535240173,0.33344894647598267
Lung_Dx-A0265,0,0.9744347929954529,0.025565212592482567
Lung_Dx-A0265,0,0.9672868847846985,0.03271312639117241
Lung_Dx-A0265,0,0.9554855227470398,0.044514428824186325
Lung_Dx-A0265,0,0.9826576113700867,0.017342347651720047
Lung_Dx-A0265,0,0.9445360898971558,0.05546393245458603
Lung_Dx-A0265,0,0.8110781908035278,0.18892180919647217
Lung_Dx-A0265,0,0.8016254305839539,0.19837458431720734
Lung_Dx-A0265,0,0.8429924845695496,0.15700756013393402
Lung_Dx-A0265,0,0.90256667137146,0.09743332862854004
Lung_Dx-A0265,0,0.858065664768219,0.14193429052829742
Lung_Dx-A0265,0,0.9905142784118652,0.009485714137554169
Lung_Dx-A0265,0,0.8199654221534729,0.1800345778465271
Lung_Dx-A0265,0,0.9893269538879395,0.010673115029931068
Lung_Dx-A0265,0,0.9163719415664673,0.08362807333469391
Lung_Dx-A0265,0,0.9281486868858337,0.07185126841068268
Lung_Dx-A0265,0,0.9631959199905396,0.036804068833589554
Lung_Dx-A0265,0,0.9855660796165466,0.01443395484238863
Lung_Dx-A0265,0,0.7599387168884277,0.2400612235069275
Lung_Dx-A0265,0,0.6388352513313293,0.36116471886634827
Lung_Dx-A0265,0,0.9425595998764038,0.057440385222435
Lung_Dx-A0265,0,0.7666869163513184,0.23331308364868164
Lung_Dx-A0265,0,0.9405717849731445,0.05942821875214577
Lung_Dx-G0043,1,0.9739684462547302,0.026031531393527985
Lung_Dx-G0043,1,0.8548240661621094,0.14517594873905182
Lung_Dx-G0043,1,0.6578269600868225,0.3421730101108551
Lung_Dx-G0043,1,0.7397515773773193,0.26024842262268066
Lung_Dx-G0043,1,0.8190264105796814,0.18097352981567383
Lung_Dx-G0043,1,0.9462500810623169,0.05374995619058609
Lung_Dx-G0043,1,0.8633340001106262,0.13666599988937378
Lung_Dx-G0043,1,0.8085967898368835,0.19140325486660004
Lung_Dx-G0043,1,0.7232605814933777,0.2767394185066223
Lung_Dx-G0043,1,0.6011106967926025,0.3988892734050751
Lung_Dx-G0043,1,0.9594592452049255,0.04054073989391327
Lung_Dx-G0043,1,0.7635278701782227,0.23647215962409973
Lung_Dx-G0043,1,0.5970500111579895,0.4029499888420105
Lung_Dx-G0043,1,0.9384632706642151,0.06153673306107521
Lung_Dx-G0043,1,0.9623913168907166,0.03760863468050957
Lung_Dx-G0043,1,0.8075365424156189,0.1924634575843811
Lung_Dx-G0043,1,0.6696368455886841,0.3303631842136383
Lung_Dx-G0043,1,0.9749406576156616,0.02505926974117756
Lung_Dx-G0043,1,0.8287310004234314,0.1712689995765686
Lung_Dx-G0043,1,0.6889395117759705,0.31106051802635193
Lung_Dx-G0043,1,0.874667227268219,0.1253327876329422
Lung_Dx-G0043,1,0.8671482801437378,0.13285169005393982
Lung_Dx-G0043,1,0.9179301857948303,0.08206984400749207
Lung_Dx-G0043,1,0.9580301642417908,0.041969768702983856
Lung_Dx-G0043,1,0.8231862783432007,0.17681370675563812
Lung_Dx-G0043,1,0.8245325684547424,0.17546741664409637
Lung_Dx-G0043,1,0.6826795339584351,0.31732049584388733
Lung_Dx-G0043,1,0.9116920232772827,0.08830790221691132
Lung_Dx-G0043,1,0.8633340001106262,0.13666599988937378
Lung_Dx-G0043,1,0.7404090762138367,0.25959092378616333
Lung_Dx-G0043,1,0.8070047497749329,0.19299525022506714
Lung_Dx-G0043,1,0.6351658701896667,0.36483415961265564
Lung_Dx-G0043,1,0.8145327568054199,0.18546724319458008
Lung_Dx-G0043,1,0.6158390045166016,0.3841610252857208
Lung_Dx-G0043,1,0.7159207463264465,0.2840792238712311
Lung_Dx-G0043,1,0.6768335103988647,0.32316645979881287
Lung_Dx-G0043,1,0.5642785429954529,0.43572142720222473
Lung_Dx-G0043,1,0.49243220686912537,0.507567822933197
Lung_Dx-G0043,1,0.7945444583892822,0.20545557141304016
Lung_Dx-G0043,1,0.6593502759933472,0.34064966440200806
Lung_Dx-G0043,1,0.880591869354248,0.11940813809633255
Lung_Dx-G0046,1,0.16803622245788574,0.831963837146759
Lung_Dx-G0046,1,0.14829371869564056,0.851706326007843
Lung_Dx-G0046,1,0.8642531633377075,0.1357468068599701
Lung_Dx-G0046,1,0.17827534675598145,0.8217246532440186
Lung_Dx-G0046,1,0.6099162697792053,0.3900836706161499
Lung_Dx-G0046,1,0.501861572265625,0.4981383979320526
Lung_Dx-G0046,1,0.1973671019077301,0.8026329278945923
Lung_Dx-G0046,1,0.6568784117698669,0.34312161803245544
Lung_Dx-G0046,1,0.14505480229854584,0.8549452424049377
Lung_Dx-G0046,1,0.1057172492146492,0.8942826986312866
Lung_Dx-G0046,1,0.1270015686750412,0.8729984164237976
Lung_Dx-G0046,1,0.4218941926956177,0.5781058073043823
Lung_Dx-G0046,1,0.3922349810600281,0.6077650189399719
Lung_Dx-G0046,1,0.5078919529914856,0.4921080470085144
Lung_Dx-G0046,1,0.4245200753211975,0.5754798650741577
Lung_Dx-G0046,1,0.6586371064186096,0.3413628935813904
Lung_Dx-G0046,1,0.617847740650177,0.3821522295475006
Lung_Dx-G0046,1,0.6243507862091064,0.37564921379089355
Lung_Dx-G0046,1,0.06506811082363129,0.9349318742752075
Lung_Dx-G0046,1,0.5795045495033264,0.42049548029899597
Lung_Dx-G0046,1,0.25949710607528687,0.7405028939247131
Lung_Dx-G0046,1,0.8200374841690063,0.17996250092983246
Lung_Dx-G0046,1,0.9941347241401672,0.005865338258445263
Lung_Dx-G0046,1,0.5071406364440918,0.4928593635559082
Lung_Dx-G0046,1,0.12121684849262238,0.878783106803894
Lung_Dx-G0046,1,0.39836254715919495,0.6016374230384827
Lung_Dx-G0046,1,0.3133147358894348,0.68668532371521
Lung_Dx-G0046,1,0.250087708234787,0.7499122619628906
Lung_Dx-G0046,1,0.3597576916217804,0.6402422785758972
Lung_Dx-G0046,1,0.42560523748397827,0.5743947625160217
Lung_Dx-G0046,1,0.06878728419542313,0.9312127232551575
Lung_Dx-G0046,1,0.19170570373535156,0.8082943558692932
Lung_Dx-G0046,1,0.27713051438331604,0.7228695154190063
Lung_Dx-G0046,1,0.6121357679367065,0.38786420226097107
Lung_Dx-G0046,1,0.1527891606092453,0.8472108244895935
Lung_Dx-G0046,1,0.8653379082679749,0.13466207683086395
Lung_Dx-G0046,1,0.4366670846939087,0.5633329153060913
Lung_Dx-G0046,1,0.42821842432022095,0.5717815160751343
Lung_Dx-G0046,1,0.3787175714969635,0.6212824583053589
Lung_Dx-G0046,1,0.5036010146141052,0.4963989853858948
Lung_Dx-G0046,1,0.8715295791625977,0.12847046554088593
Lung_Dx-G0046,1,0.9567959308624268,0.04320403188467026
Lung_Dx-G0046,1,0.5554653406143188,0.44453462958335876
Lung_Dx-G0046,1,0.5153759717941284,0.4846239984035492
Lung_Dx-G0046,1,0.5915610194206238,0.4084389805793762
Lung_Dx-G0046,1,0.38320842385292053,0.6167916059494019
Lung_Dx-G0046,1,0.3138270676136017,0.6861729025840759
Lung_Dx-G0046,1,0.9597243666648865,0.04027567803859711
Lung_Dx-G0046,1,0.9771755933761597,0.022824406623840332
Lung_Dx-G0046,1,0.16742275655269623,0.8325772285461426
Lung_Dx-G0046,1,0.5989061594009399,0.40109387040138245
Lung_Dx-G0046,1,0.4102540910243988,0.5897458791732788
Lung_Dx-G0046,1,0.5015411376953125,0.4984588623046875
Lung_Dx-G0046,1,0.8147170543670654,0.18528291583061218
Lung_Dx-G0046,1,0.3433692455291748,0.65663081407547
Lung_Dx-G0046,1,0.3763115108013153,0.6236885190010071
Lung_Dx-G0046,1,0.4545326828956604,0.5454673171043396
Lung_Dx-G0046,1,0.9723097085952759,0.027690257877111435
Lung_Dx-G0046,1,0.954008936882019,0.04599103331565857
Lung_Dx-G0046,1,0.851706326007843,0.14829371869564056
Lung_Dx-G0046,1,0.8965234756469727,0.10347652435302734
Lung_Dx-G0046,1,0.5833219885826111,0.41667795181274414
Lung_Dx-G0046,1,0.18061193823814392,0.8193880319595337
Lung_Dx-G0046,1,0.625852644443512,0.37414732575416565
Lung_Dx-G0046,1,0.9844114184379578,0.015588540583848953
Lung_Dx-G0046,1,0.9961381554603577,0.003861870151013136
Lung_Dx-G0046,1,0.45989471673965454,0.5401053428649902
Lung_Dx-G0046,1,0.466526597738266,0.5334734320640564
Lung_Dx-G0046,1,0.5509018898010254,0.4490981698036194
Lung_Dx-G0046,1,0.8521990180015564,0.14780102670192719
Lung_Dx-G0050,1,0.8310059905052185,0.16899405419826508
Lung_Dx-G0050,1,0.6148638129234314,0.3851361572742462
Lung_Dx-G0050,1,0.49209660291671753,0.5079033970832825
Lung_Dx-G0050,1,0.4807834029197693,0.5192165970802307
Lung_Dx-G0050,1,0.709522545337677,0.290477454662323
Lung_Dx-G0050,1,0.3074359893798828,0.6925640106201172
Lung_Dx-G0050,1,0.5754538178443909,0.4245462119579315
Lung_Dx-G0050,1,0.7656809687614441,0.2343190312385559
Lung_Dx-G0050,1,0.8484078645706177,0.15159212052822113
Lung_Dx-G0050,1,0.5956101417541504,0.4043898284435272
Lung_Dx-G0050,1,0.5845083594322205,0.41549164056777954
Lung_Dx-G0050,1,0.7105781435966492,0.2894219160079956
Lung_Dx-G0050,1,0.2604129910469055,0.7395870089530945
Lung_Dx-G0050,1,0.5189118981361389,0.48108816146850586
Lung_Dx-G0050,1,0.6223445534706116,0.37765541672706604
Lung_Dx-G0050,1,0.5646687150001526,0.4353313148021698
Lung_Dx-G0050,1,0.7161689400672913,0.28383103013038635
Lung_Dx-G0050,1,0.3877483010292053,0.6122517585754395
Lung_Dx-G0050,1,0.6152034401893616,0.3847965896129608
Lung_Dx-G0050,1,0.6991516947746277,0.3008482754230499
Lung_Dx-G0050,1,0.6990875601768494,0.300912469625473
Lung_Dx-G0050,1,0.33233749866485596,0.667662501335144
Lung_Dx-G0050,1,0.6170512437820435,0.38294878602027893
Lung_Dx-G0050,1,0.7697732448577881,0.23022675514221191
Lung_Dx-G0050,1,0.626224160194397,0.37377581000328064
Lung_Dx-G0050,1,0.40736284852027893,0.5926371216773987
Lung_Dx-G0050,1,0.5350680351257324,0.4649319648742676
Lung_Dx-G0050,1,0.6937323808670044,0.3062676191329956
Lung_Dx-G0050,1,0.7252596020698547,0.2747403681278229
Lung_Dx-G0050,1,0.800808846950531,0.1991911381483078
Lung_Dx-G0055,1,0.6476868391036987,0.35231319069862366
Lung_Dx-G0055,1,0.5608991384506226,0.43910086154937744
Lung_Dx-G0055,1,0.7343100905418396,0.2656899094581604
Lung_Dx-G0055,1,0.8652810454368591,0.13471898436546326
Lung_Dx-G0055,1,0.6363531351089478,0.363646924495697
Lung_Dx-G0055,1,0.7119318842887878,0.28806814551353455
Lung_Dx-G0055,1,0.7014064192771912,0.2985936105251312
Lung_Dx-G0055,1,0.9651520252227783,0.03484803065657616
Lung_Dx-G0055,1,0.659514844417572,0.34048518538475037
Lung_Dx-G0055,1,0.5677269101142883,0.43227308988571167
Lung_Dx-G0055,1,0.49057117104530334,0.5094287991523743
Lung_Dx-G0055,1,0.5701817274093628,0.4298182427883148
Lung_Dx-G0055,1,0.7679075002670288,0.23209251463413239
Lung_Dx-G0055,1,0.6236634254455566,0.37633657455444336
Lung_Dx-G0055,1,0.9000037312507629,0.09999631345272064
Lung_Dx-G0055,1,0.6462370157241821,0.35376298427581787
Lung_Dx-G0055,1,0.7063930630683899,0.2936069965362549
Lung_Dx-G0055,1,0.6435533165931702,0.35644665360450745
Lung_Dx-G0055,1,0.7097237706184387,0.2902761995792389
Lung_Dx-G0055,1,0.6932134032249451,0.30678659677505493
Lung_Dx-G0055,1,0.7464163899421692,0.2535836398601532
Lung_Dx-G0055,1,0.5961980819702148,0.40380191802978516
Lung_Dx-G0055,1,0.6342035531997681,0.36579644680023193
Lung_Dx-G0055,1,0.979841947555542,0.02015801891684532
Lung_Dx-G0055,1,0.6743722558021545,0.32562777400016785
Lung_Dx-G0055,1,0.6332968473434448,0.3667031228542328
Lung_Dx-G0055,1,0.6938361525535583,0.3061639070510864
Lung_Dx-G0055,1,0.6661167740821838,0.3338831961154938
Lung_Dx-G0055,1,0.8013923168182373,0.19860762357711792
Lung_Dx-G0055,1,0.5662583708763123,0.43374159932136536
Lung_Dx-G0055,1,0.636339008808136,0.3636610209941864
Lung_Dx-G0055,1,0.6292052268981934,0.3707948327064514
Lung_Dx-G0055,1,0.8758400678634644,0.12415990233421326
Lung_Dx-G0055,1,0.6190323829650879,0.3809676170349121
Lung_Dx-G0055,1,0.5662921071052551,0.4337078928947449
Lung_Dx-G0055,1,0.8715295791625977,0.12847046554088593
Lung_Dx-G0055,1,0.9547740817070007,0.04522590711712837
Lung_Dx-G0055,1,0.9562273025512695,0.04377273842692375
Lung_Dx-G0055,1,0.7000240087509155,0.29997602105140686
Lung_Dx-G0055,1,0.6367485523223877,0.3632515072822571
Lung_Dx-G0055,1,0.5366620421409607,0.4633380174636841
Lung_Dx-G0055,1,0.9026954770088196,0.09730459004640579
Lung_Dx-G0055,1,0.9526622891426086,0.047337718307971954
Lung_Dx-G0055,1,0.8566924333572388,0.14330755174160004
Lung_Dx-G0055,1,0.7977538108825684,0.20224615931510925
Lung_Dx-A0167,0,0.9999814033508301,1.8631748389452696e-05
Lung_Dx-A0167,0,0.9020501375198364,0.09794981777667999
Lung_Dx-A0167,0,0.9976449608802795,0.0023550675250589848
Lung_Dx-A0167,0,0.6111281514167786,0.38887181878089905
Lung_Dx-A0167,0,0.9170058369636536,0.08299414813518524
Lung_Dx-A0167,0,0.7703352570533752,0.22966477274894714
Lung_Dx-A0167,0,0.9999598264694214,4.022049324703403e-05
Lung_Dx-A0167,0,0.9994482398033142,0.0005517006502486765
Lung_Dx-A0167,0,0.47070619463920593,0.5292937755584717
Lung_Dx-A0167,0,0.9973887801170349,0.0026112478226423264
Lung_Dx-A0167,0,0.00039821304380893707,0.9996017813682556
Lung_Dx-A0167,0,0.3650321960449219,0.6349678039550781
Lung_Dx-A0167,0,0.9930961728096008,0.006903838366270065
Lung_Dx-A0167,0,0.9975892305374146,0.0024107815697789192
Lung_Dx-A0167,0,0.4052758812904358,0.594724178314209
Lung_Dx-A0167,0,0.9231777787208557,0.0768221914768219
Lung_Dx-A0167,0,0.9609517455101013,0.039048291742801666
Lung_Dx-A0167,0,0.9658674597740173,0.03413260728120804
Lung_Dx-A0167,0,0.9988144636154175,0.0011855904012918472
Lung_Dx-A0167,0,0.9999254941940308,7.455446029780433e-05
Lung_Dx-A0167,0,0.8327133059501648,0.16728666424751282
Lung_Dx-A0167,0,0.9934230446815491,0.006576998624950647
Lung_Dx-A0167,0,0.9829874038696289,0.01701262593269348
Lung_Dx-A0167,0,0.995866060256958,0.004133968148380518
Lung_Dx-A0167,0,0.998793363571167,0.0012065897462889552
Lung_Dx-A0167,0,0.9287972450256348,0.07120272517204285
Lung_Dx-A0167,0,0.9069831967353821,0.09301680326461792
Lung_Dx-A0167,0,0.5665282011032104,0.43347179889678955
Lung_Dx-A0167,0,0.8522604703903198,0.14773952960968018
Lung_Dx-A0167,0,0.9761291742324829,0.023870835080742836
Lung_Dx-A0167,0,0.9328826069831848,0.06711740791797638
Lung_Dx-A0167,0,0.9999544620513916,4.557554711936973e-05
Lung_Dx-A0167,0,0.8070047497749329,0.19299525022506714
Lung_Dx-A0167,0,0.9999552965164185,4.469407213036902e-05
Lung_Dx-A0167,0,0.9457511901855469,0.054248809814453125
Lung_Dx-A0167,0,0.9966036081314087,0.00339638814330101
Lung_Dx-A0167,0,0.007725534029304981,0.9922744631767273
Lung_Dx-A0167,0,0.6907677054405212,0.30923229455947876
Lung_Dx-A0167,0,0.000954731716774404,0.999045193195343
Lung_Dx-A0167,0,0.6347131729125977,0.36528685688972473
Lung_Dx-A0167,0,0.1439080834388733,0.8560919761657715
Lung_Dx-A0167,0,0.8338664174079895,0.1661335527896881
Lung_Dx-A0167,0,0.8513358235359192,0.14866411685943604
Lung_Dx-A0167,0,0.9356999397277832,0.0643000528216362
Lung_Dx-A0167,0,0.9988969564437866,0.0011030265595763922
Lung_Dx-A0167,0,0.9362850189208984,0.06371499598026276
Lung_Dx-A0167,0,0.9911527037620544,0.008847354911267757
Lung_Dx-A0167,0,0.8394051790237427,0.1605948656797409
Lung_Dx-A0167,0,0.5413444638252258,0.45865556597709656
Lung_Dx-A0167,0,0.10650458931922913,0.8934953808784485
Lung_Dx-A0167,0,0.9888311624526978,0.011168811470270157
Lung_Dx-A0167,0,0.929632306098938,0.07036770135164261
Lung_Dx-A0167,0,0.9923785924911499,0.007621429860591888
Lung_Dx-A0167,0,0.7920624017715454,0.2079375684261322
Lung_Dx-A0167,0,0.0055657243356108665,0.9944342970848083
Lung_Dx-A0167,0,0.9412234425544739,0.05877656117081642
Lung_Dx-A0167,0,0.38711094856262207,0.6128891110420227
Lung_Dx-A0167,0,0.9971272349357605,0.0028727480676025152
Lung_Dx-A0167,0,0.9983769655227661,0.001622966956347227
Lung_Dx-A0167,0,0.9049869179725647,0.09501304477453232
Lung_Dx-A0167,0,0.9828562140464783,0.017143767327070236
Lung_Dx-A0167,0,0.21526823937892914,0.7847317457199097
Lung_Dx-A0167,0,0.9145963191986084,0.08540366590023041
Lung_Dx-A0167,0,0.16810448467731476,0.8318955302238464
Lung_Dx-A0167,0,0.9967711567878723,0.0032287640497088432
Lung_Dx-A0167,0,0.913135826587677,0.0868641659617424
Lung_Dx-A0167,0,0.9999181032180786,8.188144420273602e-05
Lung_Dx-A0167,0,0.9990781545639038,0.0009217804181389511
Lung_Dx-A0169,0,0.9999868869781494,1.3109142855682876e-05
Lung_Dx-A0169,0,0.9736195802688599,0.026380425319075584
Lung_Dx-A0169,0,0.9977261424064636,0.0022738955449312925
Lung_Dx-A0169,0,0.9999970197677612,2.9711382012465037e-06
Lung_Dx-A0169,0,0.9998675584793091,0.00013238185783848166
Lung_Dx-A0169,0,0.999993085861206,6.908076102263294e-06
Lung_Dx-A0169,0,0.9965368509292603,0.0034631439484655857
Lung_Dx-A0169,0,0.9998058676719666,0.00019411317771300673
Lung_Dx-A0169,0,0.999984622001648,1.5326106222346425e-05
Lung_Dx-A0169,0,0.9529695510864258,0.047030385583639145
Lung_Dx-A0169,0,0.9927250146865845,0.0072749583050608635
Lung_Dx-A0169,0,0.9473323225975037,0.052667658776044846
Lung_Dx-A0169,0,0.9856215119361877,0.014378489926457405
Lung_Dx-A0169,0,0.9999194145202637,8.061209518928081e-05
Lung_Dx-A0169,0,0.9740919470787048,0.02590801939368248
Lung_Dx-A0169,0,0.9999699592590332,3.0006620363565162e-05
Lung_Dx-A0169,0,0.9973061084747314,0.0026939143426716328
Lung_Dx-A0169,0,0.9999239444732666,7.602479308843613e-05
Lung_Dx-A0169,0,0.9999114274978638,8.853436156641692e-05
Lung_Dx-A0169,0,0.9999996423721313,3.943235356018704e-07
Lung_Dx-A0169,0,0.9999957084655762,4.2559531721053645e-06
Lung_Dx-A0169,0,0.9987257122993469,0.0012743263505399227
Lung_Dx-A0169,0,0.9999955892562866,4.40823714598082e-06
Lung_Dx-A0169,0,0.9999803304672241,1.9679026081576012e-05
Lung_Dx-A0169,0,0.9999591112136841,4.085384352947585e-05
Lung_Dx-A0169,0,0.9987004995346069,0.001299427356570959
Lung_Dx-A0169,0,0.999930739402771,6.922183092683554e-05
Lung_Dx-A0169,0,0.9999786615371704,2.1361343897297047e-05
Lung_Dx-A0169,0,0.9996849298477173,0.0003150386910419911
Lung_Dx-A0169,0,0.9998644590377808,0.00013552079326473176
Lung_Dx-A0169,0,0.9999891519546509,1.0825516255863477e-05
Lung_Dx-A0169,0,0.9903290271759033,0.009670993313193321
Lung_Dx-A0169,0,0.9826076626777649,0.017392344772815704
Lung_Dx-A0169,0,0.9962419271469116,0.0037580945063382387
Lung_Dx-A0169,0,0.9886244535446167,0.011375601403415203
Lung_Dx-A0169,0,0.9998584985733032,0.0001414700091117993
Lung_Dx-A0169,0,0.9959927201271057,0.004007288720458746
Lung_Dx-A0169,0,0.9964619278907776,0.0035380860790610313
Lung_Dx-A0169,0,0.9998965263366699,0.000103505612059962
Lung_Dx-A0169,0,0.9999920129776001,7.951138286443893e-06
Lung_Dx-A0169,0,0.9999980926513672,1.9183130461897235e-06
Lung_Dx-A0178,0,0.3250383138656616,0.6749616861343384
Lung_Dx-A0178,0,0.9972423315048218,0.0027576221618801355
Lung_Dx-A0178,0,0.9949001669883728,0.005099818110466003
Lung_Dx-A0178,0,0.6326729655265808,0.3673270046710968
Lung_Dx-A0178,0,0.9999916553497314,8.398072168347426e-06
Lung_Dx-A0178,0,0.9999960660934448,3.875090442306828e-06
Lung_Dx-A0178,0,0.9997120499610901,0.0002879764651879668
Lung_Dx-A0178,0,0.9981470108032227,0.0018530595116317272
Lung_Dx-A0178,0,0.9876639246940613,0.01233610138297081
Lung_Dx-A0178,0,0.9998300075531006,0.0001699752756394446
Lung_Dx-A0178,0,0.9999988079071045,1.1635164582912694e-06
Lung_Dx-A0178,0,0.9994207620620728,0.0005792917218059301
Lung_Dx-A0178,0,0.948775053024292,0.05122493579983711
Lung_Dx-A0178,0,0.994168758392334,0.005831271409988403
Lung_Dx-A0178,0,0.9974639415740967,0.002536047250032425
Lung_Dx-A0178,0,0.2979293465614319,0.7020705938339233
Lung_Dx-A0178,0,0.6993057727813721,0.3006942570209503
Lung_Dx-A0178,0,0.999940037727356,5.9907062677666545e-05
Lung_Dx-A0178,0,0.9418148994445801,0.05818508565425873
Lung_Dx-A0178,0,0.9932942390441895,0.006705848500132561
Lung_Dx-A0178,0,0.26908546686172485,0.7309145331382751
Lung_Dx-A0178,0,0.9997859597206116,0.00021402176935225725
Lung_Dx-A0178,0,0.42592233419418335,0.5740776658058167
Lung_Dx-A0178,0,0.9893474578857422,0.01065251138061285
Lung_Dx-A0178,0,0.6537903547286987,0.34620964527130127
Lung_Dx-A0178,0,0.9893885254859924,0.01061142049729824
Lung_Dx-A0178,0,0.7405498623847961,0.25945019721984863
Lung_Dx-A0178,0,0.9999840259552002,1.5936620911816135e-05
Lung_Dx-A0178,0,0.6678520441055298,0.33214789628982544
Lung_Dx-A0178,0,0.9532750844955444,0.04672496020793915
Lung_Dx-A0178,0,0.016947422176599503,0.9830526113510132
Lung_Dx-A0178,0,0.9920002222061157,0.007999754510819912
Lung_Dx-A0178,0,0.9999042749404907,9.572778799338266e-05
Lung_Dx-A0178,0,0.88333660364151,0.11666332185268402
Lung_Dx-A0178,0,0.9995253086090088,0.0004747042548842728
Lung_Dx-A0178,0,0.8854829668998718,0.1145169734954834
Lung_Dx-A0178,0,0.9680506587028503,0.03194934129714966
Lung_Dx-A0178,0,0.5281379222869873,0.4718620479106903
Lung_Dx-A0178,0,0.9839708209037781,0.016029145568609238
Lung_Dx-A0178,0,0.999808132648468,0.00019185213022865355
Lung_Dx-A0178,0,0.9960004687309265,0.003999501001089811
Lung_Dx-A0178,0,0.9978965520858765,0.0021033689845353365
Lung_Dx-A0178,0,0.9912885427474976,0.008711383678019047
Lung_Dx-A0178,0,0.9876876473426819,0.012312326580286026
Lung_Dx-A0178,0,0.9999804496765137,1.9525885363691486e-05
Lung_Dx-A0178,0,0.9971936345100403,0.0028063873760402203
Lung_Dx-A0178,0,0.8860265612602234,0.1139734610915184
Lung_Dx-A0178,0,0.9994926452636719,0.0005072812782600522
Lung_Dx-A0178,0,0.9982282519340515,0.001771802781149745
Lung_Dx-A0178,0,0.9998741149902344,0.00012582799536176026
Lung_Dx-A0178,0,0.582164466381073,0.4178355634212494
Lung_Dx-A0178,0,0.9999555349349976,4.451983841136098e-05
Lung_Dx-A0178,0,0.9997851252555847,0.00021485923207364976
Lung_Dx-A0178,0,0.06614567339420319,0.933854341506958
Lung_Dx-A0178,0,0.9731387495994568,0.026861201971769333
Lung_Dx-A0178,0,0.9923785924911499,0.007621429860591888
Lung_Dx-A0178,0,0.3698838949203491,0.6301160454750061
Lung_Dx-A0178,0,0.04755840077996254,0.9524415731430054
Lung_Dx-A0178,0,0.9999569654464722,4.298194471630268e-05
Lung_Dx-A0178,0,0.01657724939286709,0.9834227561950684
Lung_Dx-A0178,0,0.8369547128677368,0.1630452573299408
Lung_Dx-A0178,0,0.9843664169311523,0.015633562579751015
Lung_Dx-A0178,0,0.4499741196632385,0.5500258207321167
Lung_Dx-A0178,0,0.9960082769393921,0.0039917281828820705
Lung_Dx-A0178,0,0.9495291709899902,0.050470851361751556
Lung_Dx-A0178,0,0.999929666519165,7.031184213701636e-05
Lung_Dx-A0178,0,0.6318783164024353,0.3681217133998871
Lung_Dx-A0178,0,0.030530942603945732,0.9694690108299255
Lung_Dx-A0178,0,0.9720456600189209,0.027954399585723877
Lung_Dx-A0195,0,0.9999994039535522,6.450700880122895e-07
Lung_Dx-A0195,0,0.9999737739562988,2.627477442729287e-05
Lung_Dx-A0195,0,1.0,2.8901423476668242e-08
Lung_Dx-A0195,0,0.9999971389770508,2.857316076187999e-06
Lung_Dx-A0195,0,0.9999974966049194,2.4824801130307605e-06
Lung_Dx-A0195,0,0.9994705319404602,0.0005295418086461723
Lung_Dx-A0195,0,0.9999769926071167,2.3007036361377686e-05
Lung_Dx-A0195,0,0.9999731779098511,2.679298268049024e-05
Lung_Dx-A0195,0,0.9999998807907104,6.26352516519546e-08
Lung_Dx-A0195,0,0.999988317489624,1.1705164979503024e-05
Lung_Dx-A0195,0,0.9999881982803345,1.1843138963740785e-05
Lung_Dx-A0195,0,0.9999966621398926,3.3405392514396226e-06
Lung_Dx-A0195,0,0.999985933303833,1.411908942827722e-05
Lung_Dx-A0195,0,0.9983288645744324,0.0016711377538740635
Lung_Dx-A0195,0,0.9616420269012451,0.03835798054933548
Lung_Dx-A0195,0,0.9998923540115356,0.0001076283588190563
Lung_Dx-A0195,0,1.0,7.364737264481391e-09
Lung_Dx-A0195,0,0.9999926090240479,7.353604814852588e-06
Lung_Dx-A0195,0,0.999819815158844,0.00018023050506599247
Lung_Dx-A0195,0,0.9999971389770508,2.913671551141306e-06
Lung_Dx-A0195,0,0.9999821186065674,1.7848135030362755e-05
Lung_Dx-A0195,0,0.9999951124191284,4.898568931821501e-06
Lung_Dx-A0195,0,0.9999887943267822,1.1169150639034342e-05
Lung_Dx-A0198,0,0.9989350438117981,0.0010649627074599266
Lung_Dx-A0198,0,0.9995469450950623,0.0004529757716227323
Lung_Dx-A0198,0,0.9999914169311523,8.563707524444908e-06
Lung_Dx-A0198,0,0.9999959468841553,3.9980986912269145e-06
Lung_Dx-A0198,0,0.999984860420227,1.5147555131989066e-05
Lung_Dx-A0198,0,0.9995149374008179,0.0004850083205383271
Lung_Dx-A0198,0,0.9999850988388062,1.485457869421225e-05
Lung_Dx-A0198,0,0.9999847412109375,1.520683872513473e-05
Lung_Dx-A0198,0,0.9998862743377686,0.00011367750266799703
Lung_Dx-A0198,0,0.9999237060546875,7.632232882315293e-05
Lung_Dx-A0198,0,0.9999706745147705,2.9311537218745798e-05
Lung_Dx-A0198,0,0.9999983310699463,1.6153818478414905e-06
Lung_Dx-A0198,0,0.9999662637710571,3.373722211108543e-05
Lung_Dx-A0198,0,0.9999842643737793,1.575095666339621e-05
Lung_Dx-A0198,0,0.9999194145202637,8.061209518928081e-05
Lung_Dx-A0198,0,0.9999904632568359,9.553497875458561e-06
Lung_Dx-A0198,0,0.9990111589431763,0.0009888596832752228
Lung_Dx-A0198,0,0.9999967813491821,3.187565198459197e-06
Lung_Dx-A0198,0,0.9997748732566833,0.00022516825993079692
Lung_Dx-A0198,0,0.9905874133110046,0.009412589482963085
Lung_Dx-A0198,0,0.999714195728302,0.000285736023215577
Lung_Dx-A0198,0,0.9999986886978149,1.3549852155847475e-06
Lung_Dx-A0198,0,0.9999469518661499,5.3075080359121785e-05
Lung_Dx-A0198,0,0.9999728202819824,2.721490091062151e-05
Lung_Dx-A0198,0,0.9998836517333984,0.0001163729903055355
Lung_Dx-A0198,0,0.9999920129776001,7.951138286443893e-06
Lung_Dx-A0198,0,0.999976396560669,2.355261858610902e-05
Lung_Dx-A0200,0,0.500946044921875,0.499053955078125
Lung_Dx-A0200,0,0.9999980926513672,1.8885722283812356e-06
Lung_Dx-A0200,0,0.9747009873390198,0.025298966094851494
Lung_Dx-A0200,0,0.9999996423721313,3.792172265093541e-07
Lung_Dx-A0200,0,0.4337866008281708,0.5662134289741516
Lung_Dx-A0200,0,0.995866060256958,0.004133968148380518
Lung_Dx-A0200,0,0.9999867677688599,1.32636678245035e-05
Lung_Dx-A0200,0,0.999376118183136,0.0006238938658498228
Lung_Dx-A0200,0,0.6139745712280273,0.38602542877197266
Lung_Dx-A0200,0,0.9935243129730225,0.006475691217929125
Lung_Dx-A0200,0,0.9260365962982178,0.07396337389945984
Lung_Dx-A0200,0,0.9290551543235779,0.07094482332468033
Lung_Dx-A0200,0,0.9999988079071045,1.2385568197714747e-06
Lung_Dx-A0200,0,0.9986489415168762,0.0013511208817362785
Lung_Dx-A0200,0,0.9923192858695984,0.007680746726691723
Lung_Dx-A0200,0,0.3411433696746826,0.6588566303253174
Lung_Dx-A0200,0,0.9999808073043823,1.922317096614279e-05
Lung_Dx-A0200,0,0.9985363483428955,0.0014636012492701411
Lung_Dx-A0200,0,0.9996086955070496,0.00039127710624597967
Lung_Dx-A0200,0,0.9999940395355225,5.9319227148080245e-06
Lung_Dx-A0200,0,0.9999269247055054,7.311254739761353e-05
Lung_Dx-A0200,0,0.9675024151802063,0.032497502863407135
Lung_Dx-A0200,0,0.9940658807754517,0.005934066604822874
Lung_Dx-A0200,0,0.9903849363327026,0.009615035727620125
Lung_Dx-A0200,0,0.9999908208847046,9.22347044252092e-06
Lung_Dx-A0200,0,0.4485545754432678,0.5514454245567322
Lung_Dx-A0200,0,0.8764230012893677,0.12357699871063232
Lung_Dx-A0200,0,0.9943360686302185,0.005663864780217409
Lung_Dx-A0200,0,0.9750598073005676,0.024940254166722298
Lung_Dx-A0200,0,0.9977612495422363,0.0022387211211025715
Lung_Dx-A0200,0,0.9994482398033142,0.0005517006502486765
Lung_Dx-A0200,0,0.9969780445098877,0.0030219447799026966
Lung_Dx-A0200,0,0.9718325734138489,0.028167473152279854
Lung_Dx-A0200,0,0.03155902028083801,0.9684410095214844
Lung_Dx-A0200,0,0.9999744892120361,2.556607432779856e-05
Lung_Dx-A0200,0,0.9892648458480835,0.01073516346514225
Lung_Dx-A0200,0,0.9996520280838013,0.0003480241575744003
Lung_Dx-A0200,0,0.8283147811889648,0.17168524861335754
Lung_Dx-A0200,0,0.9998992681503296,0.00010071400174638256
Lung_Dx-A0200,0,0.31389278173446655,0.6861072182655334
Lung_Dx-A0200,0,0.9999972581863403,2.7586092983256094e-06
Lung_Dx-A0200,0,0.9823893308639526,0.017610643059015274
Lung_Dx-A0200,0,0.999312162399292,0.0006878511630930007
Lung_Dx-A0200,0,0.9928923845291138,0.007107631769031286
Lung_Dx-A0200,0,0.9677167534828186,0.03228325769305229
Lung_Dx-A0200,0,0.9980732202529907,0.0019267346942797303
Lung_Dx-A0200,0,0.9999158382415771,8.415109914494678e-05
Lung_Dx-A0200,0,0.8350804448127747,0.16491955518722534
Lung_Dx-A0200,0,0.27727726101875305,0.7227227091789246
Lung_Dx-A0212,0,0.972362220287323,0.027637720108032227
Lung_Dx-A0212,0,0.9999997615814209,2.2555816769909143e-07
Lung_Dx-A0212,0,0.9940428137779236,0.005957154091447592
Lung_Dx-A0212,0,0.0630771592259407,0.9369227886199951
Lung_Dx-A0212,0,0.9971272349357605,0.0028727480676025152
Lung_Dx-A0212,0,0.9999996423721313,3.2563121976636467e-07
Lung_Dx-A0212,0,0.2182525247335434,0.7817474007606506
Lung_Dx-A0212,0,0.0631926879286766,0.9368072748184204
Lung_Dx-A0212,0,0.9896518588066101,0.010348135605454445
Lung_Dx-A0212,0,0.9542226791381836,0.045777272433042526
Lung_Dx-A0212,0,0.9999518394470215,4.813724444829859e-05
Lung_Dx-A0212,0,0.9999231100082397,7.692087820032611e-05
Lung_Dx-A0212,0,0.9999943971633911,5.638215043290984e-06
Lung_Dx-A0212,0,0.9983385801315308,0.001661390531808138
Lung_Dx-A0212,0,0.9920157194137573,0.007984270341694355
Lung_Dx-A0212,0,0.10039249807596207,0.8996075391769409
Lung_Dx-A0212,0,0.9999797344207764,2.0224537365720607e-05
Lung_Dx-A0212,0,0.7147773504257202,0.2852226197719574
Lung_Dx-A0212,0,0.9562273025512695,0.04377273842692375
Lung_Dx-A0212,0,0.9991390705108643,0.0008609260548837483
Lung_Dx-A0212,0,0.03952746465802193,0.960472583770752
Lung_Dx-A0212,0,0.9999983310699463,1.7128611489169998e-06
Lung_Dx-A0212,0,0.12836116552352905,0.8716388940811157
Lung_Dx-A0212,0,0.9823893308639526,0.017610643059015274
Lung_Dx-A0212,0,0.3446640074253082,0.6553360223770142
Lung_Dx-A0212,0,0.05981148034334183,0.940188467502594
Lung_Dx-A0212,0,0.0401625819504261,0.9598374962806702
Lung_Dx-A0212,0,0.9998822212219238,0.00011774458835134283
Lung_Dx-A0212,0,0.9998940229415894,0.00010595991625450552
Lung_Dx-A0212,0,0.9777776002883911,0.02222243882715702
Lung_Dx-A0212,0,0.9685600996017456,0.031439851969480515
Lung_Dx-A0212,0,0.9985979199409485,0.0014021304668858647
Lung_Dx-A0212,0,0.9999876022338867,1.2411495845299214e-05
Lung_Dx-A0212,0,0.9967648983001709,0.0032350558321923018
Lung_Dx-A0212,0,0.9999916553497314,8.365331268578302e-06
Lung_Dx-A0212,0,0.9999897480010986,1.0289513738825917e-05
Lung_Dx-A0212,0,0.9999257326126099,7.426381489494815e-05
Lung_Dx-A0212,0,0.9563905000686646,0.04360952973365784
Lung_Dx-A0212,0,0.999977707862854,2.2299200281850062e-05
Lung_Dx-A0212,0,0.9998260140419006,0.00017400544311385602
Lung_Dx-A0212,0,0.07107366621494293,0.9289263486862183
Lung_Dx-A0212,0,0.9975321292877197,0.002467810409143567
Lung_Dx-A0212,0,0.9999966621398926,3.327515742057585e-06
Lung_Dx-A0212,0,0.9893680214881897,0.010631944984197617
Lung_Dx-A0212,0,0.03317983075976372,0.9668201208114624
Lung_Dx-A0212,0,0.40555909276008606,0.5944408774375916
Lung_Dx-A0212,0,0.9999948740005493,5.133655122335767e-06
Lung_Dx-A0212,0,0.9999727010726929,2.732141365413554e-05
Lung_Dx-A0212,0,0.9990924596786499,0.0009075026027858257
Lung_Dx-A0212,0,0.9999991655349731,7.842056106710515e-07
Lung_Dx-A0212,0,0.973869264125824,0.026130756363272667
Lung_Dx-A0212,0,0.5338835716247559,0.4661164879798889
Lung_Dx-A0212,0,0.040464840829372406,0.9595351815223694
Lung_Dx-A0212,0,0.9999402761459351,5.967351535218768e-05
Lung_Dx-A0212,0,0.999562680721283,0.0004373344127088785
Lung_Dx-A0212,0,0.9961155652999878,0.0038844766095280647
Lung_Dx-A0212,0,0.9999929666519165,7.044324775051791e-06
Lung_Dx-A0212,0,0.7646281123161316,0.2353719174861908
Lung_Dx-A0212,0,0.015498880296945572,0.9845011234283447
Lung_Dx-A0212,0,1.0,4.23811385985573e-08
Lung_Dx-A0212,0,0.9999881982803345,1.179696755571058e-05
Lung_Dx-A0212,0,0.9999966621398926,3.379916051926557e-06
Lung_Dx-A0212,0,0.9889278411865234,0.011072160676121712
Lung_Dx-A0212,0,0.9999065399169922,9.351046901429072e-05
Lung_Dx-A0212,0,0.52638840675354,0.47361162304878235
Lung_Dx-A0212,0,0.9999988079071045,1.2098656725356705e-06
Lung_Dx-A0212,0,0.9724670648574829,0.027532940730452538
Lung_Dx-A0212,0,0.9999994039535522,5.919496288697701e-07
Lung_Dx-A0212,0,0.005490563809871674,0.9945095181465149
Lung_Dx-A0212,0,0.9621075391769409,0.0378924235701561
Lung_Dx-A0212,0,0.9304582476615906,0.06954174488782883
Lung_Dx-A0212,0,0.1302300989627838,0.8697698712348938
Lung_Dx-A0212,0,0.998121440410614,0.0018785203574225307
Lung_Dx-A0212,0,0.8371545076370239,0.1628454476594925
Lung_Dx-A0212,0,0.9992296695709229,0.0007702931761741638
Lung_Dx-A0212,0,0.9984238147735596,0.0015761827817186713
Lung_Dx-A0212,0,0.9999997615814209,2.976510700136714e-07
Lung_Dx-A0212,0,0.9996718168258667,0.00032822455978021026
Lung_Dx-A0212,0,0.6969905495643616,0.3030094504356384
Lung_Dx-A0212,0,0.8573505878448486,0.14264941215515137
Lung_Dx-A0212,0,0.9997640252113342,0.00023597176186740398
Lung_Dx-A0212,0,0.9999935626983643,6.413933988369536e-06
Lung_Dx-A0212,0,0.9990034699440002,0.0009966078214347363
Lung_Dx-A0212,0,1.0,4.94445018262013e-09
Lung_Dx-A0228,0,0.9998844861984253,0.0001154674610006623
Lung_Dx-A0228,0,0.9999990463256836,9.991038041334832e-07
Lung_Dx-A0228,0,0.9996465444564819,0.0003535027790348977
Lung_Dx-A0228,0,0.9999957084655762,4.2559531721053645e-06
Lung_Dx-A0228,0,0.9999850988388062,1.485457869421225e-05
Lung_Dx-A0228,0,0.9999992847442627,7.424711157000274e-07
Lung_Dx-A0228,0,0.9999027252197266,9.72351263044402e-05
Lung_Dx-A0228,0,0.9999974966049194,2.4921962449298007e-06
Lung_Dx-A0228,0,0.9986929297447205,0.0013070536078885198
Lung_Dx-A0228,0,0.9998332262039185,0.00016668821626808494
Lung_Dx-A0228,0,0.9999712705612183,2.8744620067300275e-05
Lung_Dx-A0228,0,0.9997847676277161,0.00021527921489905566
Lung_Dx-A0228,0,0.9999990463256836,1.003014176603756e-06
Lung_Dx-A0231,0,0.04360952973365784,0.9563905000686646
Lung_Dx-A0231,0,0.012995414435863495,0.9870045781135559
Lung_Dx-A0231,0,0.896975576877594,0.1030244305729866
Lung_Dx-A0231,0,0.0031115084420889616,0.9968884587287903
Lung_Dx-A0231,0,0.02878887951374054,0.9712111353874207
Lung_Dx-A0231,0,0.000755405577365309,0.9992445707321167
Lung_Dx-A0231,0,0.0006487308419309556,0.9993513226509094
Lung_Dx-A0231,0,0.006930672097951174,0.9930693507194519
Lung_Dx-A0231,0,0.016450367867946625,0.9835495948791504
Lung_Dx-A0231,0,0.27362293004989624,0.7263770699501038
Lung_Dx-A0231,0,0.005469274707138538,0.9945307374000549
Lung_Dx-A0231,0,0.5776740908622742,0.4223259389400482
Lung_Dx-A0231,0,0.34485700726509094,0.6551429629325867
Lung_Dx-A0231,0,3.194181772414595e-05,0.9999680519104004
Lung_Dx-A0231,0,0.01824677549302578,0.9817532300949097
Lung_Dx-A0231,0,0.00806199200451374,0.9919379353523254
Lung_Dx-A0231,0,0.7140302062034607,0.2859697937965393
Lung_Dx-A0231,0,0.2778647243976593,0.7221353054046631
Lung_Dx-A0231,0,0.017610643059015274,0.9823893308639526
Lung_Dx-A0231,0,0.0007364808116108179,0.9992634654045105
Lung_Dx-A0231,0,0.00013289992057252675,0.9998670816421509
Lung_Dx-A0231,0,0.2588876783847809,0.7411122918128967
Lung_Dx-A0231,0,0.0012113065458834171,0.9987887740135193
Lung_Dx-A0231,0,0.0634823590517044,0.9365176558494568
Lung_Dx-A0231,0,0.06797852367162704,0.9320214986801147
Lung_Dx-A0231,0,2.2650352548225783e-05,0.9999773502349854
Lung_Dx-A0231,0,0.0011402228847146034,0.9988597631454468
Lung_Dx-A0231,0,0.016230614855885506,0.9837693572044373
Lung_Dx-A0231,0,0.07490527629852295,0.925094723701477
Lung_Dx-A0231,0,0.10347652435302734,0.8965234756469727
Lung_Dx-A0231,0,0.7668178677558899,0.23318210244178772
Lung_Dx-A0231,0,0.210198312997818,0.7898017168045044
Lung_Dx-A0231,0,0.17497345805168152,0.8250265121459961
Lung_Dx-A0231,0,0.004007288720458746,0.9959927201271057
Lung_Dx-A0231,0,0.004007288720458746,0.9959927201271057
Lung_Dx-A0231,0,0.2111726999282837,0.7888273000717163
Lung_Dx-A0231,0,0.16398024559020996,0.83601975440979
Lung_Dx-A0231,0,0.20713451504707336,0.7928654551506042
Lung_Dx-A0231,0,0.8738082647323608,0.12619172036647797
Lung_Dx-A0233,0,0.9999990463256836,9.836140861807507e-07
Lung_Dx-A0233,0,0.9992021918296814,0.0007978334906511009
Lung_Dx-A0233,0,0.9999932050704956,6.8543176894309e-06
Lung_Dx-A0233,0,0.9961829781532288,0.0038170497864484787
Lung_Dx-A0233,0,0.47755417227745056,0.5224458575248718
Lung_Dx-A0233,0,0.9999821186065674,1.7917989680427127e-05
Lung_Dx-A0233,0,0.9675024151802063,0.032497502863407135
Lung_Dx-A0233,0,0.9985702037811279,0.001429745345376432
Lung_Dx-A0233,0,0.9999872446060181,1.270582197321346e-05
Lung_Dx-A0233,0,0.9998822212219238,0.00011774458835134283
Lung_Dx-A0233,0,0.811750590801239,0.1882493495941162
Lung_Dx-A0233,0,0.28039464354515076,0.7196053266525269
Lung_Dx-A0233,0,0.9999035596847534,9.647852130001411e-05
Lung_Dx-A0233,0,0.9999924898147583,7.469406682503177e-06
Lung_Dx-A0233,0,0.9946463704109192,0.005353646818548441
Lung_Dx-A0233,0,0.9999755620956421,2.4490827854606323e-05
Lung_Dx-A0233,0,0.9999935626983643,6.439037861127872e-06
Lung_Dx-A0233,0,0.38863253593444824,0.611367404460907
Lung_Dx-A0233,0,0.9985758066177368,0.0014241792960092425
Lung_Dx-A0233,0,0.04958902671933174,0.9504110217094421
Lung_Dx-A0233,0,0.9987624883651733,0.001237579737789929
Lung_Dx-A0233,0,0.99993896484375,6.108855450293049e-05
Lung_Dx-A0233,0,0.9999233484268188,7.662102143513039e-05
Lung_Dx-A0233,0,0.9997443556785583,0.0002556400722824037
Lung_Dx-A0233,0,0.9999967813491821,3.2000409646570915e-06
Lung_Dx-A0233,0,0.95707768201828,0.04292234033346176
Lung_Dx-A0233,0,0.9997164607048035,0.0002835130726452917
Lung_Dx-A0233,0,0.9997640252113342,0.00023597176186740398
Lung_Dx-A0233,0,0.9993892908096313,0.0006106409127824008
Lung_Dx-A0233,0,0.9999673366546631,3.269927037763409e-05
Lung_Dx-A0233,0,0.9996337890625,0.0003661469672806561
Lung_Dx-A0233,0,0.9999641180038452,3.591301356209442e-05
Lung_Dx-A0233,0,0.9999957084655762,4.2559531721053645e-06
Lung_Dx-A0233,0,0.9910320043563843,0.008968053385615349
Lung_Dx-A0233,0,0.9394150376319885,0.06058494374155998
Lung_Dx-A0233,0,0.9991065859794617,0.000893445685505867
Lung_Dx-A0233,0,0.3453949987888336,0.6546050310134888
Lung_Dx-A0233,0,0.9999697208404541,3.0241957574617118e-05
Lung_Dx-A0233,0,0.9711017608642578,0.028898300603032112
Lung_Dx-A0233,0,0.9998785257339478,0.00012148175301263109
Lung_Dx-A0233,0,0.9999947547912598,5.19416880706558e-06
Lung_Dx-A0233,0,0.999975323677063,2.4682904040673748e-05
Lung_Dx-A0253,0,0.9879926443099976,0.012007351033389568
Lung_Dx-A0253,0,0.9521309733390808,0.0478690080344677
Lung_Dx-A0253,0,0.9993162155151367,0.0006838353001512587
Lung_Dx-A0253,0,0.9986955523490906,0.00130450667347759
Lung_Dx-A0253,0,0.913135826587677,0.0868641659617424
Lung_Dx-A0253,0,0.9998433589935303,0.0001565906568430364
Lung_Dx-A0253,0,0.9986329674720764,0.001367025775834918
Lung_Dx-A0253,0,0.9978760480880737,0.002123966347426176
Lung_Dx-A0253,0,0.9793343544006348,0.020665688440203667
Lung_Dx-A0253,0,0.9989141225814819,0.0010859444737434387
Lung_Dx-A0253,0,0.90183424949646,0.09816574305295944
Lung_Dx-A0253,0,0.9998433589935303,0.0001565906568430364
Lung_Dx-A0253,0,0.9974391460418701,0.0025608709547668695
Lung_Dx-A0253,0,0.8558511734008789,0.14414885640144348
Lung_Dx-A0253,0,0.8389438390731812,0.16105617582798004
Lung_Dx-A0253,0,0.9998944997787476,0.00010554686741670594
Lung_Dx-A0253,0,0.9394150376319885,0.06058494374155998
Lung_Dx-A0253,0,0.9778622388839722,0.0221377182751894
Lung_Dx-A0253,0,0.9996010661125183,0.0003989913093391806
Lung_Dx-A0253,0,0.9996781349182129,0.00032187814940698445
Lung_Dx-A0253,0,0.8521990180015564,0.14780102670192719
Lung_Dx-A0253,0,0.9610980749130249,0.03890198469161987
Lung_Dx-A0253,0,0.9828562140464783,0.017143767327070236
Lung_Dx-A0253,0,0.9995326995849609,0.00046734808711335063
Lung_Dx-A0253,0,0.9974589943885803,0.002540992572903633
Lung_Dx-A0253,0,0.9949690699577332,0.005030917003750801
Lung_Dx-A0253,0,0.9857181310653687,0.01428193412721157
Lung_Dx-A0253,0,0.9979251623153687,0.002074867021292448
Lung_Dx-A0253,0,0.9999542236328125,4.575390994432382e-05
Lung_Dx-A0253,0,0.9272975325584412,0.07270251959562302
Lung_Dx-A0253,0,0.5983415246009827,0.40165847539901733
Lung_Dx-A0253,0,0.9980467557907104,0.001953205792233348
Lung_Dx-A0253,0,0.8946054577827454,0.10539454966783524
Lung_Dx-A0253,0,0.9961456060409546,0.003854363691061735
Lung_Dx-A0253,0,0.9948403239250183,0.005159622523933649
Lung_Dx-A0253,0,0.9999639987945557,3.605356687330641e-05
Lung_Dx-A0253,0,0.9957518577575684,0.004248078912496567
Lung_Dx-A0259,0,0.03185885772109032,0.9681411385536194
Lung_Dx-A0259,0,0.9996302127838135,0.00036973884562030435
Lung_Dx-A0259,0,0.0005692035192623734,0.9994307160377502
Lung_Dx-A0259,0,0.3387604057788849,0.6612396240234375
Lung_Dx-A0259,0,0.045564454048871994,0.9544354677200317
Lung_Dx-A0259,0,0.9457011222839355,0.05429894104599953
Lung_Dx-A0259,0,0.012895587831735611,0.9871044158935547
Lung_Dx-A0259,0,0.052618954330682755,0.9473810195922852
Lung_Dx-A0259,0,0.01662507839500904,0.9833749532699585
Lung_Dx-A0259,0,0.619888424873352,0.38011157512664795
Lung_Dx-A0259,0,0.28611937165260315,0.7138805985450745
Lung_Dx-A0259,0,0.06687324494123459,0.9331267476081848
Lung_Dx-A0259,0,0.9941800832748413,0.005819959565997124
Lung_Dx-A0259,0,0.9872773289680481,0.012722709216177464
Lung_Dx-A0259,0,0.38341042399406433,0.6165896058082581
Lung_Dx-A0259,0,0.05037733167409897,0.9496226906776428
Lung_Dx-A0259,0,0.0008813243475742638,0.9991186261177063
Lung_Dx-A0259,0,0.9980732202529907,0.0019267346942797303
Lung_Dx-A0259,0,0.843959391117096,0.15604057908058167
Lung_Dx-A0259,0,0.00821969285607338,0.9917803406715393
Lung_Dx-A0259,0,0.023464657366275787,0.9765353798866272
Lung_Dx-A0259,0,0.8381505608558655,0.16184942424297333
Lung_Dx-A0259,0,0.42896583676338196,0.5710341334342957
Lung_Dx-A0259,0,0.04284217581152916,0.9571578502655029
Lung_Dx-A0259,0,0.45534998178482056,0.5446500182151794
Lung_Dx-A0259,0,0.9999922513961792,7.766951966914348e-06
Lung_Dx-A0259,0,0.9917163252830505,0.008283626288175583
Lung_Dx-A0259,0,0.14288842678070068,0.8571115136146545
Lung_Dx-A0259,0,0.00026530236937105656,0.9997346997261047
Lung_Dx-A0259,0,0.012527933344244957,0.9874721169471741
Lung_Dx-A0259,0,0.3705669939517975,0.6294329762458801
Lung_Dx-A0259,0,0.9688856601715088,0.031114377081394196
Lung_Dx-A0259,0,0.6307986974716187,0.3692013621330261
Lung_Dx-A0259,0,0.9999878406524658,1.2123987289669458e-05
Lung_Dx-A0259,0,0.0778675451874733,0.9221324920654297
Lung_Dx-A0259,0,0.07504072040319443,0.9249592423439026
Lung_Dx-A0259,0,0.2343190312385559,0.7656809687614441
Lung_Dx-A0259,0,0.9999774694442749,2.2474090656032786e-05
Lung_Dx-A0259,0,3.0415963010455016e-06,0.9999969005584717
Lung_Dx-A0259,0,0.001999432221055031,0.9980005621910095
Lung_Dx-A0259,0,0.9997938275337219,0.00020622673036996275
Lung_Dx-A0259,0,0.9999419450759888,5.8064022596227005e-05
Lung_Dx-A0259,0,0.9999903440475464,9.666109690442681e-06
Lung_Dx-A0259,0,6.989504981902428e-06,0.9999929666519165
Lung_Dx-A0259,0,0.06273176521062851,0.9372682571411133
Lung_Dx-A0259,0,0.002952147973701358,0.9970478415489197
Lung_Dx-A0259,0,0.1261378973722458,0.8738621473312378
Lung_Dx-A0259,0,0.988949179649353,0.011050795204937458
Lung_Dx-A0259,0,0.9999983310699463,1.6863056089277961e-06
Lung_Dx-A0259,0,0.00033209225512109697,0.9996678829193115
Lung_Dx-A0259,0,0.0024871178902685642,0.997512936592102
Lung_Dx-A0259,0,0.028707075864076614,0.9712929129600525
Lung_Dx-A0259,0,9.461262379772961e-05,0.9999053478240967
Lung_Dx-A0259,0,0.004556113854050636,0.9954439401626587
Lung_Dx-A0259,0,0.14199377596378326,0.8580061793327332
Lung_Dx-A0259,0,0.3745976388454437,0.6254023313522339
Lung_Dx-A0259,0,1.7880646510093356e-06,0.9999982118606567
Lung_Dx-A0259,0,0.9933071732521057,0.006692850962281227
Lung_Dx-A0259,0,0.0008559006382711232,0.9991440773010254
Lung_Dx-A0259,0,0.00034938580938614905,0.9996505975723267
Lung_Dx-A0259,0,0.3664763569831848,0.6335236430168152
Lung_Dx-A0259,0,0.07263670116662979,0.9273632764816284
Lung_Dx-A0259,0,0.5430450439453125,0.4569549858570099
Lung_Dx-A0259,0,0.28318628668785095,0.7168136835098267
Lung_Dx-A0259,0,0.6384127140045166,0.3615873157978058
Lung_Dx-A0259,0,0.779531717300415,0.22046831250190735
Lung_Dx-A0259,0,0.9997045397758484,0.0002953798102680594
Lung_Dx-A0259,0,0.1652560532093048,0.8347439169883728
Lung_Dx-A0259,0,0.6582801938056946,0.34171977639198303
Lung_Dx-A0259,0,0.2429232895374298,0.7570766806602478
Lung_Dx-A0259,0,0.00033863994758576155,0.9996613264083862
Lung_Dx-A0259,0,0.03346293419599533,0.9665370583534241
Lung_Dx-A0259,0,0.9892752766609192,0.010724796913564205
Lung_Dx-A0259,0,0.836821436882019,0.16317857801914215
Lung_Dx-A0259,0,0.4379812479019165,0.5620187520980835
Lung_Dx-A0259,0,0.001113839098252356,0.9988861680030823
Lung_Dx-A0259,0,0.0018243828089907765,0.9981756210327148
Lung_Dx-A0259,0,0.7581974864006042,0.24180255830287933
Lung_Dx-A0259,0,0.02978830225765705,0.9702116250991821
Lung_Dx-A0259,0,0.43889790773391724,0.5611020922660828
Lung_Dx-A0259,0,0.9997236132621765,0.00027640711050480604
Lung_Dx-A0259,0,0.9862709045410156,0.013729092665016651
Lung_Dx-A0259,0,0.9844862222671509,0.015513790771365166
Lung_Dx-A0259,0,0.9999841451644897,1.581260221428238e-05
Lung_Dx-A0259,0,0.20681394636631012,0.7931860685348511
Lung_Dx-A0259,0,0.7594484686851501,0.24055151641368866
Lung_Dx-A0259,0,0.014145104214549065,0.9858549237251282
Lung_Dx-A0259,0,0.9999496936798096,5.025061182095669e-05
Lung_Dx-A0259,0,0.08464395999908447,0.9153559803962708
Lung_Dx-A0259,0,0.010631944984197617,0.9893680214881897
Lung_Dx-A0259,0,0.008898884057998657,0.991101086139679
Lung_Dx-A0259,0,0.0012818054528906941,0.99871826171875
Lung_Dx-A0259,0,0.0008459375821985304,0.9991540908813477
Lung_Dx-A0259,0,0.9750598073005676,0.024940254166722298
Lung_Dx-A0259,0,0.08593913912773132,0.9140608906745911
Lung_Dx-A0259,0,0.050283972173929214,0.9497160315513611
Lung_Dx-A0259,0,0.00036901768180541694,0.9996309280395508
Lung_Dx-A0259,0,0.01962496154010296,0.9803749918937683
Lung_Dx-A0259,0,0.9997305274009705,0.0002694791473913938
Lung_Dx-A0259,0,0.8049047589302063,0.19509519636631012
Lung_Dx-A0259,0,0.32084789872169495,0.6791520714759827
Lung_Dx-A0259,0,0.003700045868754387,0.9962999224662781
Lung_Dx-A0259,0,0.0006214630557224154,0.9993785619735718
Lung_Dx-A0259,0,0.895248293876648,0.10475174337625504
Lung_Dx-A0259,0,0.452808141708374,0.547191858291626
Lung_Dx-A0259,0,0.008412977680563927,0.9915870428085327
Lung_Dx-A0259,0,0.995685338973999,0.00431468803435564
Lung_Dx-A0259,0,0.9990283250808716,0.0009716460481286049
Lung_Dx-A0259,0,0.8426043391227722,0.15739570558071136
Lung_Dx-A0259,0,2.647363430696714e-07,0.9999997615814209
Lung_Dx-A0259,0,0.9999744892120361,2.5466402803431265e-05
Lung_Dx-A0259,0,0.5993348956108093,0.4006651043891907
Lung_Dx-A0259,0,0.6975059509277344,0.3024941086769104
Lung_Dx-A0259,0,0.9997175335884094,0.0002824080875143409
Lung_Dx-A0259,0,0.031084952875971794,0.9689150452613831
Lung_Dx-A0259,0,0.0014131119241937995,0.998586893081665
Lung_Dx-A0259,0,0.8520143628120422,0.14798562228679657
Lung_Dx-A0259,0,0.7341195344924927,0.2658804953098297
Lung_Dx-A0259,0,0.5690595507621765,0.4309404492378235
Lung_Dx-A0259,0,0.993320107460022,0.006679879035800695
Lung_Dx-A0259,0,0.9999560117721558,4.400118632474914e-05
Lung_Dx-A0259,0,0.17497345805168152,0.8250265121459961
Lung_Dx-A0259,0,0.9903383851051331,0.009661644697189331
Lung_Dx-A0259,0,3.460068228378077e-06,0.999996542930603
Lung_Dx-A0259,0,0.9893165826797485,0.010683431290090084
Lung_Dx-A0259,0,0.0002694791473913938,0.9997305274009705
Lung_Dx-A0259,0,0.0637732744216919,0.9362266659736633
Lung_Dx-A0259,0,0.6009204387664795,0.3990795910358429
Lung_Dx-A0259,0,0.2523840367794037,0.7476159334182739
Lung_Dx-A0259,0,0.9992875456809998,0.0007124459370970726
Lung_Dx-A0259,0,0.9614614844322205,0.03853849321603775
Lung_Dx-A0259,0,0.32621777057647705,0.6737822890281677
Lung_Dx-A0259,0,0.2667868733406067,0.7332131266593933
Lung_Dx-A0259,0,8.801101103017572e-06,0.9999911785125732
Lung_Dx-A0259,0,0.9926967024803162,0.007303223479539156
Lung_Dx-A0259,0,7.662102143513039e-05,0.9999233484268188
Lung_Dx-A0259,0,3.373722211108543e-05,0.9999662637710571
Lung_Dx-G0034,1,0.33980026841163635,0.660199761390686
Lung_Dx-G0034,1,0.889816403388977,0.11018358916044235
Lung_Dx-G0034,1,0.020725062116980553,0.9792749285697937
Lung_Dx-G0034,1,0.268557608127594,0.731442391872406
Lung_Dx-G0034,1,0.9963215589523315,0.003678509034216404
Lung_Dx-G0034,1,0.35636264085769653,0.6436373591423035
Lung_Dx-G0034,1,0.9082523584365845,0.09174764156341553
Lung_Dx-G0034,1,0.7350714802742004,0.2649284899234772
Lung_Dx-G0034,1,0.9987768530845642,0.001223179162479937
Lung_Dx-G0034,1,0.22460772097110748,0.7753922939300537
Lung_Dx-G0034,1,0.9988190531730652,0.0011809737188741565
Lung_Dx-G0034,1,0.1274895966053009,0.8725103735923767
Lung_Dx-G0034,1,0.2274264544248581,0.7725735306739807
Lung_Dx-G0034,1,0.9498556852340698,0.0501442514359951
Lung_Dx-G0034,1,0.0072890776209533215,0.9927109479904175
Lung_Dx-G0034,1,0.42158156633377075,0.5784184336662292
Lung_Dx-G0034,1,0.45426028966903687,0.5457397103309631
Lung_Dx-G0034,1,0.14378780126571655,0.8562121987342834
Lung_Dx-G0034,1,0.028625505045056343,0.9713745713233948
Lung_Dx-G0034,1,0.5727376937866211,0.4272623062133789
Lung_Dx-G0034,1,0.000992726068943739,0.9990072846412659
Lung_Dx-G0034,1,0.38566383719444275,0.6143361926078796
Lung_Dx-G0034,1,0.13747455179691315,0.8625254034996033
Lung_Dx-G0034,1,0.005159622523933649,0.9948403239250183
Lung_Dx-G0034,1,0.4529593586921692,0.5470406413078308
Lung_Dx-G0034,1,0.00093263597227633,0.9990673661231995
Lung_Dx-G0034,1,0.6923820376396179,0.3076179623603821
Lung_Dx-G0034,1,0.03102618083357811,0.9689738154411316
Lung_Dx-G0034,1,0.004365325439721346,0.9956346154212952
Lung_Dx-G0034,1,0.1716158092021942,0.8283842206001282
Lung_Dx-G0034,1,0.9946255087852478,0.005374487489461899
Lung_Dx-G0034,1,9.915272676153108e-05,0.9999008178710938
Lung_Dx-G0034,1,0.9303950071334839,0.06960495561361313
Lung_Dx-G0034,1,0.8728359341621399,0.1271640658378601
Lung_Dx-G0034,1,0.007218752056360245,0.9927812218666077
Lung_Dx-G0034,1,0.9464978575706482,0.0535021536052227
Lung_Dx-G0034,1,0.9008355736732483,0.09916447103023529
Lung_Dx-G0034,1,0.9994296431541443,0.0005703156930394471
Lung_Dx-G0034,1,0.9997434020042419,0.00025664037093520164
Lung_Dx-G0034,1,0.01630876585841179,0.9836912155151367
Lung_Dx-G0034,1,0.04150110110640526,0.9584988951683044
Lung_Dx-G0034,1,0.4545932114124298,0.5454067587852478
Lung_Dx-G0034,1,3.120191104244441e-05,0.9999687671661377
Lung_Dx-G0034,1,0.9192084670066833,0.08079154044389725
Lung_Dx-G0034,1,0.0012668906711041927,0.9987331032752991
Lung_Dx-G0034,1,0.1146160438656807,0.8853839039802551
Lung_Dx-G0034,1,0.07336363941431046,0.9266363382339478
Lung_Dx-G0034,1,0.9864678382873535,0.01353214867413044
Lung_Dx-G0034,1,0.00027640711050480604,0.9997236132621765
Lung_Dx-G0034,1,0.33848699927330017,0.6615130305290222
Lung_Dx-G0034,1,0.7346909642219543,0.26530903577804565
Lung_Dx-G0034,1,0.025516601279377937,0.9744833707809448
Lung_Dx-G0034,1,0.007518718484789133,0.9924813508987427
Lung_Dx-G0034,1,0.045819949358701706,0.9541800618171692
Lung_Dx-G0034,1,0.000118667958304286,0.9998812675476074
Lung_Dx-G0034,1,0.9701269268989563,0.029873093590140343
Lung_Dx-G0034,1,0.9704086184501648,0.02959137223660946
Lung_Dx-G0034,1,7.632232882315293e-05,0.9999237060546875
Lung_Dx-G0034,1,0.002491967985406518,0.9975080490112305
Lung_Dx-G0034,1,0.0001523675600765273,0.9998476505279541
Lung_Dx-G0034,1,0.996570348739624,0.0034296035300940275
Lung_Dx-G0034,1,0.219045028090477,0.7809550166130066
Lung_Dx-G0034,1,0.9987792372703552,0.001220795325934887
Lung_Dx-G0034,1,9.876620606519282e-05,0.9999011754989624
Lung_Dx-G0034,1,0.8658491373062134,0.13415081799030304
Lung_Dx-G0034,1,0.00037629317375831306,0.9996236562728882
Lung_Dx-G0034,1,0.03403615579009056,0.9659639000892639
Lung_Dx-G0034,1,0.9591160416603088,0.04088399186730385
Lung_Dx-G0034,1,0.01542455144226551,0.9845753908157349
Lung_Dx-G0034,1,0.30492064356803894,0.6950793862342834
Lung_Dx-G0034,1,0.0004520923539530486,0.9995478987693787
Lung_Dx-G0034,1,0.000807230535428971,0.9991927742958069
Lung_Dx-G0034,1,0.05592617765069008,0.9440738558769226
Lung_Dx-G0034,1,0.20769640803337097,0.7923036217689514
Lung_Dx-G0034,1,0.934634268283844,0.06536578387022018
Lung_Dx-G0034,1,0.001654924126341939,0.9983450174331665
Lung_Dx-G0034,1,0.11446747183799744,0.8855324983596802
Lung_Dx-G0034,1,0.008494837209582329,0.9915052056312561
Lung_Dx-G0034,1,0.37102270126342773,0.628977358341217
Lung_Dx-G0037,1,0.9107043743133545,0.0892956405878067
Lung_Dx-G0037,1,0.6746402382850647,0.3253597617149353
Lung_Dx-G0037,1,0.20473910868167877,0.7952608466148376
Lung_Dx-G0037,1,0.16572807729244232,0.8342719078063965
Lung_Dx-G0037,1,0.0023276936262845993,0.9976722598075867
Lung_Dx-G0037,1,0.12320729345083237,0.8767926692962646
Lung_Dx-G0037,1,0.27084168791770935,0.729158341884613
Lung_Dx-G0037,1,0.9979251623153687,0.002074867021292448
Lung_Dx-G0037,1,0.9043552875518799,0.09564469754695892
Lung_Dx-G0037,1,0.997730553150177,0.002269468503072858
Lung_Dx-G0037,1,0.04522590711712837,0.9547740817070007
Lung_Dx-G0037,1,0.9979292154312134,0.002070826943963766
Lung_Dx-G0037,1,0.09195128828287125,0.908048689365387
Lung_Dx-G0037,1,0.9912548065185547,0.008745182305574417
Lung_Dx-G0037,1,0.8935883641242981,0.10641169548034668
Lung_Dx-G0037,1,0.1866874396800995,0.8133125305175781
Lung_Dx-G0037,1,0.9901019334793091,0.009898063726723194
Lung_Dx-G0037,1,0.9596109390258789,0.04038906842470169
Lung_Dx-G0037,1,0.04564947262406349,0.9543505907058716
Lung_Dx-G0037,1,0.8763701319694519,0.12362989783287048
Lung_Dx-G0037,1,0.9423477053642273,0.05765223503112793
Lung_Dx-G0037,1,0.9767136573791504,0.023286305367946625
Lung_Dx-G0037,1,0.5661534667015076,0.43384653329849243
Lung_Dx-G0037,1,0.5080978870391846,0.49190211296081543
Lung_Dx-G0037,1,0.9999872446060181,1.2805474398192018e-05
Lung_Dx-G0037,1,0.14547918736934662,0.854520857334137
Lung_Dx-G0037,1,0.013480104506015778,0.9865199327468872
Lung_Dx-G0037,1,0.9889278411865234,0.011072160676121712
Lung_Dx-G0037,1,0.977262556552887,0.022737447172403336
Lung_Dx-G0037,1,0.19821934401988983,0.8017807006835938
Lung_Dx-G0037,1,0.9987305998802185,0.0012693643802776933
Lung_Dx-G0037,1,0.9683812260627747,0.031618766486644745
Lung_Dx-G0037,1,0.9303317666053772,0.0696682333946228
Lung_Dx-G0037,1,0.2621328830718994,0.7378670573234558
Lung_Dx-G0037,1,0.8151221871376038,0.18487785756587982
Lung_Dx-G0037,1,0.3203427195549011,0.6796572804450989
Lung_Dx-G0037,1,0.45561864972114563,0.544381320476532
Lung_Dx-G0037,1,0.9758085012435913,0.024191485717892647
Lung_Dx-G0037,1,0.23109324276447296,0.7689067125320435
Lung_Dx-G0037,1,0.24382245540618896,0.756177544593811
Lung_Dx-G0037,1,0.013955710455775261,0.9860442876815796
Lung_Dx-G0037,1,0.9986222982406616,0.001377732609398663
Lung_Dx-G0037,1,0.9550683498382568,0.04493164271116257
Lung_Dx-G0037,1,0.24104245007038116,0.7589575052261353
Lung_Dx-G0037,1,0.9050709009170532,0.09492912143468857
Lung_Dx-G0037,1,0.0031974867451936007,0.9968024492263794
Lung_Dx-G0037,1,0.995309054851532,0.00469093257561326
Lung_Dx-G0037,1,0.20637375116348267,0.7936262488365173
Lung_Dx-G0037,1,0.6117299795150757,0.3882700502872467
Lung_Dx-G0049,1,0.9940428137779236,0.005957154091447592
Lung_Dx-G0049,1,0.19155442714691162,0.8084455132484436
Lung_Dx-G0049,1,0.42601561546325684,0.5739843249320984
Lung_Dx-G0049,1,0.0004263746668584645,0.9995736479759216
Lung_Dx-G0049,1,0.06638737767934799,0.933612585067749
Lung_Dx-G0049,1,0.8190264105796814,0.18097352981567383
Lung_Dx-G0049,1,0.005853960290551186,0.9941459894180298
Lung_Dx-G0049,1,0.45659148693084717,0.5434085130691528
Lung_Dx-G0049,1,0.9803562164306641,0.019643759354948997
Lung_Dx-G0049,1,6.976470467634499e-05,0.9999302625656128
Lung_Dx-G0049,1,0.9963071346282959,0.0036928525660187006
Lung_Dx-G0049,1,0.001991652650758624,0.9980083107948303
Lung_Dx-G0049,1,0.008331900462508202,0.9916681051254272
Lung_Dx-G0049,1,0.05495454743504524,0.9450454711914062
Lung_Dx-G0049,1,0.1487877517938614,0.851212203502655
Lung_Dx-G0049,1,0.12576161324977875,0.8742383122444153
Lung_Dx-G0049,1,0.14511536061763763,0.854884684085846
Lung_Dx-G0049,1,0.005230278242379427,0.9947697520256042
Lung_Dx-G0049,1,0.03799937665462494,0.9620006084442139
Lung_Dx-G0049,1,0.0753803476691246,0.9246196150779724
Lung_Dx-G0049,1,0.6822032928466797,0.31779664754867554
Lung_Dx-G0049,1,0.015276945196092129,0.9847230911254883
Lung_Dx-G0049,1,0.6288633942604065,0.3711366057395935
Lung_Dx-G0049,1,0.09170696884393692,0.9082930684089661
Lung_Dx-G0049,1,0.2874176800251007,0.7125822901725769
Lung_Dx-G0049,1,0.02222243882715702,0.9777776002883911
Lung_Dx-G0049,1,0.1661335527896881,0.8338664174079895
Lung_Dx-G0049,1,0.0036076169926673174,0.9963924288749695
Lung_Dx-G0049,1,0.4787040054798126,0.5212960243225098
Lung_Dx-G0049,1,0.0038468718994408846,0.9961530566215515
Lung_Dx-G0049,1,0.012576348148286343,0.9874235987663269
Lung_Dx-G0049,1,0.8269913792610168,0.17300857603549957
Lung_Dx-G0049,1,0.00020582439901772887,0.9997941851615906
Lung_Dx-G0049,1,0.1420532613992691,0.8579466938972473
Lung_Dx-G0049,1,0.004086002707481384,0.9959140419960022
Lung_Dx-G0049,1,0.18293586373329163,0.8170641660690308
Lung_Dx-G0049,1,0.8551267385482788,0.1448732316493988
Lung_Dx-G0049,1,0.05602938309311867,0.9439706206321716
Lung_Dx-G0049,1,0.11018358916044235,0.889816403388977
Lung_Dx-G0049,1,0.8717480301856995,0.12825192511081696
Lung_Dx-G0049,1,0.49089914560317993,0.5091008543968201
Lung_Dx-G0049,1,0.8560919761657715,0.1439080834388733
Lung_Dx-G0049,1,0.7829115986824036,0.2170884609222412
Lung_Dx-G0049,1,0.00021485923207364976,0.9997851252555847
Lung_Dx-G0049,1,3.071818355238065e-05,0.9999692440032959
Lung_Dx-G0049,1,0.5741410851478577,0.4258589446544647
Lung_Dx-G0049,1,0.9583432078361511,0.04165676608681679
Lung_Dx-G0049,1,0.0005907104350626469,0.9994093179702759
Lung_Dx-G0049,1,0.0002684288483578712,0.9997316002845764
Lung_Dx-G0049,1,0.8757869601249695,0.12421300262212753
Lung_Dx-G0049,1,0.00019487277313601226,0.9998051524162292
Lung_Dx-G0049,1,0.11546110361814499,0.8845389485359192
Lung_Dx-G0056,1,0.037326883524656296,0.9626730680465698
Lung_Dx-G0056,1,0.07963874191045761,0.9203612804412842
Lung_Dx-G0056,1,0.06797852367162704,0.9320214986801147
Lung_Dx-G0056,1,0.13517498970031738,0.8648250102996826
Lung_Dx-G0056,1,0.8636792898178101,0.13632068037986755
Lung_Dx-G0056,1,0.010110844857990742,0.9898892045021057
Lung_Dx-G0056,1,0.18053969740867615,0.8194603323936462
Lung_Dx-G0056,1,0.04760265722870827,0.952397346496582
Lung_Dx-G0056,1,0.028925718739628792,0.9710743427276611
Lung_Dx-G0056,1,0.0035866156686097383,0.9964134097099304
Lung_Dx-G0056,1,0.2849738299846649,0.7150261998176575
Lung_Dx-G0056,1,0.11747086048126221,0.8825291395187378
Lung_Dx-G0056,1,0.9102266430854797,0.0897732824087143
Lung_Dx-G0056,1,0.0025065753143280745,0.9974933862686157
Lung_Dx-G0056,1,0.0018279430223628879,0.9981720447540283
Lung_Dx-G0056,1,0.12137298285961151,0.8786270022392273
Lung_Dx-G0056,1,0.17738297581672668,0.8226169943809509
Lung_Dx-G0056,1,0.26020142436027527,0.7397985458374023
Lung_Dx-G0056,1,0.03228325769305229,0.9677167534828186
Lung_Dx-G0056,1,7.309601528504572e-07,0.9999992847442627
Lung_Dx-G0056,1,0.8423450589179993,0.15765489637851715
Lung_Dx-G0056,1,0.16151851415634155,0.8384814858436584
Lung_Dx-G0056,1,0.056861549615859985,0.9431384205818176
Lung_Dx-G0056,1,0.5186985731124878,0.4813014566898346
Lung_Dx-G0056,1,0.6393420696258545,0.3606579303741455
Lung_Dx-G0056,1,9.387641330249608e-05,0.999906063079834
Lung_Dx-G0056,1,0.10847194492816925,0.8915280699729919
Lung_Dx-G0056,1,0.024191485717892647,0.9758085012435913
Lung_Dx-G0056,1,0.23292027413845062,0.7670797109603882
Lung_Dx-G0056,1,0.2749350070953369,0.7250649929046631
Lung_Dx-G0056,1,0.10922977328300476,0.8907702565193176
Lung_Dx-G0056,1,0.12517228722572327,0.8748277425765991
Lung_Dx-G0056,1,0.005405900068581104,0.994594156742096
Lung_Dx-G0056,1,0.020984293892979622,0.9790157079696655
Lung_Dx-G0056,1,0.9664104580879211,0.03358950465917587
Lung_Dx-G0056,1,0.0006905414629727602,0.9993094205856323
Lung_Dx-G0056,1,0.026205413043498993,0.9737945199012756
Lung_Dx-G0056,1,0.04863136634230614,0.9513686299324036
Lung_Dx-G0056,1,0.05037733167409897,0.9496226906776428
Lung_Dx-G0056,1,0.0035936026833951473,0.9964063763618469
Lung_Dx-G0056,1,0.05033063143491745,0.949669361114502
Lung_Dx-G0056,1,0.21247702836990356,0.7875229716300964
Lung_Dx-G0056,1,0.005426943302154541,0.9945730566978455
Lung_Dx-G0056,1,0.01342825498431921,0.9865716695785522
Lung_Dx-G0056,1,0.002453428227454424,0.9975466132164001
Lung_Dx-G0056,1,0.01609087362885475,0.9839090704917908
Lung_Dx-G0056,1,0.057599201798439026,0.9424007534980774
Lung_Dx-G0056,1,0.929248034954071,0.07075196504592896
Lung_Dx-G0056,1,0.007232763338834047,0.9927672147750854
