patient,y,p0,p1
Lung_Dx-A0166,0,0.9992606043815613,0.000739361101295799
Lung_Dx-A0166,0,0.9995793700218201,0.0004205874283798039
Lung_Dx-A0166,0,0.9997608065605164,0.00023921929823700339
Lung_Dx-A0166,0,0.9999648332595825,3.5218417906435207e-05
Lung_Dx-A0166,0,0.9998494386672974,0.00015059269207995385
Lung_Dx-A0166,0,0.9999788999557495,2.1112482500029728e-05
Lung_Dx-A0166,0,0.9997325539588928,0.00026738259475678205
Lung_Dx-A0166,0,0.9997075200080872,0.000292510143481195
Lung_Dx-A0166,0,0.999882698059082,0.0001172855991171673
Lung_Dx-A0166,0,0.9996743202209473,0.0003256710770074278
Lung_Dx-A0166,0,0.9996892213821411,0.0003107621450908482
Lung_Dx-A0166,0,0.9995947480201721,0.0004052719159517437
Lung_Dx-A0166,0,0.9997459053993225,0.00025414698757231236
Lung_Dx-A0166,0,0.9986114501953125,0.0013885233784094453
Lung_Dx-A0166,0,0.9927250146865845,0.0072749583050608635
Lung_Dx-A0166,0,0.9999512434005737,4.870463817496784e-05
Lung_Dx-A0166,0,0.999481737613678,0.0005182921304367483
Lung_Dx-A0166,0,0.9932550191879272,0.0067449901252985
Lung_Dx-A0166,0,0.9997677206993103,0.0002323141961824149
Lung_Dx-A0166,0,0.9972796440124512,0.0027202784549444914
Lung_Dx-A0166,0,0.9995005130767822,0.0004994205082766712
Lung_Dx-A0177,0,0.990044355392456,0.009955651126801968
Lung_Dx-A0177,0,0.9989033937454224,0.0010965894907712936
Lung_Dx-A0177,0,0.988004207611084,0.0119957709684968
Lung_Dx-A0177,0,0.9007918834686279,0.09920809417963028
Lung_Dx-A0177,0,0.9843062162399292,0.015693791210651398
Lung_Dx-A0177,0,0.9905508756637573,0.009449080564081669
Lung_Dx-A0177,0,0.9983223080635071,0.0016776672564446926
Lung_Dx-A0177,0,0.9996302127838135,0.00036973884562030435
Lung_Dx-A0177,0,0.9992037415504456,0.0007962779491208494
Lung_Dx-A0177,0,0.9992052912712097,0.0007947255508042872
Lung_Dx-A0177,0,0.9998212456703186,0.00017882819520309567
Lung_Dx-A0177,0,0.9997512698173523,0.000248746364377439
Lung_Dx-A0177,0,0.9997367262840271,0.00026323829661123455
Lung_Dx-A0177,0,0.9995736479759216,0.0004263746668584645
Lung_Dx-A0177,0,0.9998568296432495,0.0001431373821105808
Lung_Dx-A0177,0,0.9999369382858276,6.302758993115276e-05
Lung_Dx-A0177,0,0.9999700784683228,2.9889639336033724e-05
Lung_Dx-A0177,0,0.9996192455291748,0.000380727113224566
Lung_Dx-A0177,0,0.9998956918716431,0.00010431733244331554
Lung_Dx-A0177,0,0.9999810457229614,1.8925147742265835e-05
Lung_Dx-A0177,0,0.9993833303451538,0.0006166296661831439
Lung_Dx-A0177,0,0.9992720484733582,0.0007279067649506032
Lung_Dx-A0177,0,0.9991975426673889,0.0008025182760320604
Lung_Dx-A0177,0,0.9988190531730652,0.0011809737188741565
Lung_Dx-A0177,0,0.995866060256958,0.004133968148380518
Lung_Dx-A0177,0,0.9988051652908325,0.001194878132082522
Lung_Dx-A0177,0,0.9988051652908325,0.001194878132082522
Lung_Dx-A0177,0,0.9584211707115173,0.04157886654138565
Lung_Dx-A0177,0,0.9987599849700928,0.0012399960542097688
Lung_Dx-A0177,0,0.9929060935974121,0.007093861699104309
Lung_Dx-A0177,0,0.9983256459236145,0.0016743994783610106
Lung_Dx-A0177,0,0.9989738464355469,0.001026206649839878
Lung_Dx-A0177,0,0.9998668432235718,0.00013315973046701401
Lung_Dx-A0177,0,0.9993345141410828,0.0006654022727161646
Lung_Dx-A0177,0,0.9990907907485962,0.0009092752588912845
Lung_Dx-A0183,0,0.9976859092712402,0.0023141265846788883
Lung_Dx-A0183,0,0.9952356219291687,0.004764452576637268
Lung_Dx-A0183,0,0.997065007686615,0.0029349515680223703
Lung_Dx-A0183,0,0.9999186992645264,8.124428131850436e-05
Lung_Dx-A0183,0,0.9999767541885376,2.327823131054174e-05
Lung_Dx-A0183,0,0.9999696016311646,3.0360319215105847e-05
Lung_Dx-A0183,0,0.9996862411499023,0.00031381085864268243
Lung_Dx-A0183,0,0.9996387958526611,0.0003611769643612206
Lung_Dx-A0183,0,0.9996366500854492,0.00036329866270534694
Lung_Dx-A0183,0,0.9596487283706665,0.04035123810172081
Lung_Dx-A0183,0,0.999683141708374,0.0003168894618283957
Lung_Dx-A0183,0,0.9870670437812805,0.012932933866977692
Lung_Dx-A0183,0,0.9576753973960876,0.04232458770275116
Lung_Dx-A0183,0,0.9703805446624756,0.029619429260492325
Lung_Dx-A0183,0,0.9989857077598572,0.0010142631363123655
Lung_Dx-A0183,0,0.9995177984237671,0.00048217613948509097
Lung_Dx-A0183,0,0.05397389829158783,0.946026086807251
Lung_Dx-A0183,0,0.0022387211211025715,0.9977612495422363
Lung_Dx-A0183,0,0.08411581814289093,0.9158841967582703
Lung_Dx-A0183,0,0.4717099368572235,0.5282900333404541
Lung_Dx-A0183,0,0.6513539552688599,0.34864598512649536
Lung_Dx-A0183,0,0.124798484146595,0.8752015233039856
Lung_Dx-A0183,0,0.05170163884758949,0.9482983350753784
Lung_Dx-A0183,0,0.3399645686149597,0.6600354313850403
Lung_Dx-A0183,0,0.9575167298316956,0.04248320683836937
Lung_Dx-A0183,0,0.1420532613992691,0.8579466938972473
Lung_Dx-A0183,0,0.9480584859848022,0.051941562443971634
Lung_Dx-A0183,0,0.8802834153175354,0.11971653252840042
Lung_Dx-A0183,0,0.54295414686203,0.45704585313796997
Lung_Dx-A0183,0,0.08188609778881073,0.9181138277053833
Lung_Dx-A0183,0,0.05893884226679802,0.9410611987113953
Lung_Dx-A0183,0,0.015469107776880264,0.9845309257507324
Lung_Dx-A0183,0,0.10534851998090744,0.894651472568512
Lung_Dx-A0183,0,0.4052427411079407,0.5947571992874146
Lung_Dx-A0183,0,0.9777776002883911,0.02222243882715702
Lung_Dx-A0183,0,0.7834219932556152,0.21657797694206238
Lung_Dx-A0183,0,0.046507954597473145,0.9534921050071716
Lung_Dx-A0183,0,0.01095515489578247,0.9890449047088623
Lung_Dx-A0183,0,0.006984649691730738,0.9930152893066406
Lung_Dx-A0183,0,0.07014443725347519,0.9298555254936218
Lung_Dx-A0183,0,0.9946358799934387,0.0053640566766262054
Lung_Dx-A0183,0,0.9999291896820068,7.086326513672248e-05
Lung_Dx-A0183,0,0.9996976852416992,0.0003023824538104236
Lung_Dx-A0183,0,0.9999475479125977,5.245676948106848e-05
Lung_Dx-A0183,0,0.9997342228889465,0.00026582094142213464
Lung_Dx-A0183,0,0.9996033310890198,0.0003966611984651536
Lung_Dx-A0183,0,0.9999865293502808,1.3472536011249758e-05
Lung_Dx-A0183,0,0.9991927742958069,0.000807230535428971
Lung_Dx-A0183,0,0.9999068975448608,9.314593626186252e-05
Lung_Dx-A0183,0,0.9998956918716431,0.00010431733244331554
Lung_Dx-A0183,0,0.9999141693115234,8.581068686908111e-05
Lung_Dx-A0184,0,0.8020133376121521,0.19798661768436432
Lung_Dx-A0184,0,0.9897116422653198,0.01028829999268055
Lung_Dx-A0184,0,0.9972744584083557,0.002725582802668214
Lung_Dx-A0184,0,0.9969544410705566,0.0030455742962658405
Lung_Dx-A0184,0,0.9975080490112305,0.002491967985406518
Lung_Dx-A0184,0,0.9927812218666077,0.007218752056360245
Lung_Dx-A0184,0,0.99405437707901,0.00594559870660305
Lung_Dx-A0184,0,0.9744104743003845,0.025589553639292717
Lung_Dx-A0184,0,0.9874479174613953,0.012552118860185146
Lung_Dx-A0184,0,0.9811487793922424,0.018851181492209435
Lung_Dx-A0184,0,0.967100977897644,0.03289904072880745
Lung_Dx-A0184,0,0.9175615310668945,0.08243842422962189
Lung_Dx-A0184,0,0.9851289987564087,0.014871004037559032
Lung_Dx-A0184,0,0.9965903759002686,0.003409635741263628
Lung_Dx-A0184,0,0.996271014213562,0.0037289573810994625
Lung_Dx-A0184,0,0.7987368106842041,0.2012632042169571
Lung_Dx-A0184,0,0.8938201665878296,0.10617976635694504
Lung_Dx-A0184,0,0.9946877956390381,0.005312204826623201
Lung_Dx-A0184,0,0.999322772026062,0.0006771942134946585
Lung_Dx-A0184,0,0.9859092831611633,0.014090735465288162
Lung_Dx-A0184,0,0.9554855227470398,0.044514428824186325
Lung_Dx-A0184,0,0.928083598613739,0.07191642373800278
Lung_Dx-A0184,0,0.9822025299072266,0.017797453328967094
Lung_Dx-A0184,0,0.9961079955101013,0.003892041277140379
Lung_Dx-A0184,0,0.9998482465744019,0.00015177360910456628
Lung_Dx-A0184,0,0.9992889165878296,0.0007110568694770336
Lung_Dx-A0184,0,0.9926967024803162,0.007303223479539156
Lung_Dx-A0184,0,0.9690910577774048,0.030908960849046707
Lung_Dx-A0184,0,0.9287002682685852,0.07129965722560883
Lung_Dx-A0184,0,0.9543505907058716,0.04564947262406349
Lung_Dx-A0184,0,0.9871044158935547,0.012895587831735611
Lung_Dx-A0184,0,0.9808025360107422,0.019197450950741768
Lung_Dx-A0184,0,0.9944987893104553,0.005501238163560629
Lung_Dx-A0184,0,0.8891444206237793,0.1108555942773819
Lung_Dx-A0184,0,0.6448264122009277,0.35517358779907227
Lung_Dx-A0184,0,0.7496145367622375,0.25038543343544006
Lung_Dx-A0184,0,0.45756086707115173,0.5424391627311707
Lung_Dx-A0184,0,0.4561977982521057,0.5438022017478943
Lung_Dx-A0184,0,0.8485020995140076,0.1514979600906372
Lung_Dx-A0184,0,0.8004971146583557,0.1995028853416443
Lung_Dx-A0184,0,0.7095791697502136,0.2904208302497864
Lung_Dx-A0184,0,0.9985306262969971,0.001469321083277464
Lung_Dx-A0184,0,0.9836912155151367,0.01630876585841179
Lung_Dx-A0184,0,0.5950808525085449,0.40491917729377747
Lung_Dx-A0184,0,0.7694269418716431,0.23057307302951813
Lung_Dx-A0184,0,0.9895815849304199,0.010418377816677094
Lung_Dx-A0184,0,0.9527063369750977,0.04729370027780533
Lung_Dx-A0184,0,0.9909709692001343,0.009029013104736805
Lung_Dx-A0184,0,0.314050555229187,0.685949444770813
Lung_Dx-A0184,0,0.95707768201828,0.04292234033346176
Lung_Dx-A0184,0,0.2748863399028778,0.7251136898994446
Lung_Dx-A0184,0,0.5958563685417175,0.4041436016559601
Lung_Dx-A0184,0,0.8502200841903687,0.14977993071079254
Lung_Dx-A0184,0,0.9026954770088196,0.09730459004640579
Lung_Dx-A0184,0,0.4805091321468353,0.5194908380508423
Lung_Dx-A0184,0,0.8962059617042542,0.10379403829574585
Lung_Dx-A0184,0,0.961207389831543,0.03879259154200554
Lung_Dx-A0184,0,0.963949978351593,0.036049991846084595
Lung_Dx-A0184,0,0.929248034954071,0.07075196504592896
Lung_Dx-A0184,0,0.9857729077339172,0.014227045699954033
Lung_Dx-A0184,0,0.9882901906967163,0.011709840036928654
Lung_Dx-A0184,0,0.991635799407959,0.008364237844944
Lung_Dx-A0184,0,0.898187518119812,0.10181248188018799
Lung_Dx-A0184,0,0.8021684288978577,0.19783161580562592
Lung_Dx-A0184,0,0.9876995086669922,0.012300455942749977
Lung_Dx-A0196,0,0.9999542236328125,4.575390994432382e-05
Lung_Dx-A0196,0,0.9995149374008179,0.0004850083205383271
Lung_Dx-A0196,0,0.999983549118042,1.6442494597868063e-05
Lung_Dx-A0196,0,0.9996762275695801,0.0003237690543755889
Lung_Dx-A0196,0,0.9686492681503296,0.0313507616519928
Lung_Dx-A0196,0,0.807384729385376,0.19261528551578522
Lung_Dx-A0196,0,0.9700134992599487,0.029986508190631866
Lung_Dx-A0196,0,0.8545815348625183,0.14541849493980408
Lung_Dx-A0196,0,0.9969425797462463,0.0030574577394872904
Lung_Dx-A0196,0,0.990678071975708,0.00932196993380785
Lung_Dx-A0196,0,0.9908034801483154,0.009196553379297256
Lung_Dx-A0196,0,0.9981433153152466,0.0018566754879429936
Lung_Dx-A0196,0,0.9990890026092529,0.0009110512328334153
Lung_Dx-A0196,0,0.8828830122947693,0.11711697280406952
Lung_Dx-A0196,0,0.9969005584716797,0.0030994152184575796
Lung_Dx-A0196,0,0.8707622289657593,0.1292378008365631
Lung_Dx-A0196,0,0.9814712405204773,0.01852879673242569
Lung_Dx-A0196,0,0.9963924288749695,0.0036076169926673174
Lung_Dx-A0196,0,0.9990226030349731,0.0009773503988981247
Lung_Dx-A0196,0,0.9566342234611511,0.043365802615880966
Lung_Dx-A0196,0,0.8776341676712036,0.1223657950758934
Lung_Dx-A0196,0,0.9794918298721313,0.020508162677288055
Lung_Dx-A0196,0,0.9983025789260864,0.0016974096652120352
Lung_Dx-A0196,0,0.996870219707489,0.0031297362875193357
Lung_Dx-A0196,0,0.9956769347190857,0.004323086701333523
Lung_Dx-A0196,0,0.996870219707489,0.0031297362875193357
Lung_Dx-A0196,0,0.9924666285514832,0.007533306255936623
Lung_Dx-A0196,0,0.9996199607849121,0.0003799845289904624
Lung_Dx-A0196,0,0.997512936592102,0.0024871178902685642
Lung_Dx-A0196,0,0.9817181825637817,0.01828179508447647
Lung_Dx-A0196,0,0.9794526100158691,0.02054743468761444
Lung_Dx-A0196,0,0.9364014267921448,0.06359858065843582
Lung_Dx-A0196,0,0.9694401025772095,0.03055986389517784
Lung_Dx-A0196,0,0.9909622073173523,0.009037754498422146
Lung_Dx-A0196,0,0.9980770349502563,0.0019229825120419264
Lung_Dx-A0196,0,0.9997612833976746,0.0002387526328675449
Lung_Dx-A0196,0,0.9986169338226318,0.001383117400109768
Lung_Dx-A0196,0,0.9561044573783875,0.04389553144574165
Lung_Dx-A0196,0,0.9958337545394897,0.004166256170719862
Lung_Dx-A0196,0,0.9976677298545837,0.0023322340566664934
Lung_Dx-A0196,0,0.994455873966217,0.0055441465228796005
Lung_Dx-A0196,0,0.9847817420959473,0.015218292362987995
Lung_Dx-A0196,0,0.79739910364151,0.20260089635849
Lung_Dx-A0196,0,0.953923225402832,0.046076804399490356
Lung_Dx-A0196,0,0.9795701503753662,0.020429842174053192
Lung_Dx-A0196,0,0.8039445281028748,0.19605544209480286
Lung_Dx-A0196,0,0.02784845046699047,0.972151517868042
Lung_Dx-A0196,0,0.23480118811130524,0.7651987671852112
Lung_Dx-A0196,0,0.006784358527511358,0.9932156205177307
Lung_Dx-A0196,0,0.09653530269861221,0.903464674949646
Lung_Dx-A0200,0,0.9999507665634155,4.927872942062095e-05
Lung_Dx-A0200,0,0.9999946355819702,5.317343948263442e-06
Lung_Dx-A0200,0,0.9998584985733032,0.0001414700091117993
Lung_Dx-A0200,0,0.9999816417694092,1.8414684745948762e-05
Lung_Dx-A0200,0,0.9999731779098511,2.679298268049024e-05
Lung_Dx-A0200,0,0.9999970197677612,3.006161250596051e-06
Lung_Dx-A0200,0,0.9995939135551453,0.0004060639475937933
Lung_Dx-A0200,0,0.9999834299087524,1.6571451851632446e-05
Lung_Dx-A0200,0,0.9999920129776001,7.982258466654457e-06
Lung_Dx-A0200,0,0.9999387264251709,6.132764247013256e-05
Lung_Dx-A0200,0,0.9993700385093689,0.0006300125969573855
Lung_Dx-A0200,0,0.9994966983795166,0.0005033356137573719
Lung_Dx-A0200,0,0.9991047978401184,0.0008951908675953746
Lung_Dx-A0200,0,0.9988553524017334,0.0011446805438026786
Lung_Dx-A0200,0,0.9999538660049438,4.611274562194012e-05
Lung_Dx-A0200,0,0.9994046688079834,0.0005953406216576695
Lung_Dx-A0200,0,0.9999053478240967,9.461262379772961e-05
Lung_Dx-A0200,0,0.9992944002151489,0.000705527258105576
Lung_Dx-A0200,0,0.9968273043632507,0.0031726830638945103
Lung_Dx-A0200,0,0.9790757894515991,0.020924191921949387
Lung_Dx-A0200,0,0.15746048092842102,0.8425394892692566
Lung_Dx-A0200,0,0.9134451746940613,0.08655482530593872
Lung_Dx-A0200,0,0.17981843650341034,0.8201815485954285
Lung_Dx-A0200,0,0.6198165416717529,0.38018351793289185
Lung_Dx-A0200,0,0.8508408069610596,0.14915919303894043
Lung_Dx-A0200,0,0.05802474915981293,0.9419752359390259
Lung_Dx-A0200,0,0.6835779547691345,0.31642207503318787
Lung_Dx-A0200,0,0.019946934655308723,0.9800530076026917
Lung_Dx-A0200,0,0.9603239297866821,0.03967602923512459
Lung_Dx-A0200,0,0.9920002222061157,0.007999754510819912
Lung_Dx-A0200,0,0.9998859167098999,0.00011412239837227389
Lung_Dx-A0200,0,0.9996607303619385,0.00033930176869034767
Lung_Dx-A0200,0,0.898499608039856,0.10150033980607986
Lung_Dx-A0200,0,0.3760787546634674,0.6239212155342102
Lung_Dx-A0200,0,0.9966885447502136,0.0033115192782133818
Lung_Dx-A0200,0,0.9622496962547302,0.03775027394294739
Lung_Dx-A0200,0,0.9999101161956787,8.992846414912492e-05
Lung_Dx-A0200,0,0.9999243021011353,7.572842878289521e-05
Lung_Dx-A0200,0,0.9999772310256958,2.2738999177818187e-05
Lung_Dx-A0200,0,0.9996849298477173,0.0003150386910419911
Lung_Dx-A0200,0,0.9999313354492188,6.868318450869992e-05
Lung_Dx-A0200,0,0.999698281288147,0.000301792606478557
Lung_Dx-A0200,0,0.9994907379150391,0.0005092656938359141
Lung_Dx-A0200,0,0.9990763664245605,0.0009235808975063264
Lung_Dx-A0200,0,0.9998005032539368,0.00019949312263634056
Lung_Dx-A0200,0,0.9997859597206116,0.00021402176935225725
Lung_Dx-A0200,0,0.9997085928916931,0.00029137005913071334
Lung_Dx-A0200,0,0.9997677206993103,0.0002323141961824149
Lung_Dx-A0200,0,0.9998931884765625,0.00010679088154574856
Lung_Dx-A0204,0,0.9999737739562988,2.6172339858021587e-05
Lung_Dx-A0204,0,0.9999407529830933,5.920916373725049e-05
Lung_Dx-A0204,0,0.9996259212493896,0.00037409563083201647
Lung_Dx-A0204,0,0.9996862411499023,0.00031381085864268243
Lung_Dx-A0204,0,0.9999836683273315,1.6314539607265033e-05
Lung_Dx-A0204,0,0.999991774559021,8.171549779945053e-06
Lung_Dx-A0204,0,0.9999841451644897,1.581260221428238e-05
Lung_Dx-A0204,0,0.9999902248382568,9.78004936769139e-06
Lung_Dx-A0204,0,0.9999749660491943,2.4973849576781504e-05
Lung_Dx-A0204,0,0.987829327583313,0.01217062957584858
Lung_Dx-A0204,0,0.9786922335624695,0.021307704970240593
Lung_Dx-A0204,0,0.9996750354766846,0.00032503585680387914
Lung_Dx-A0204,0,0.999945878982544,5.412183600128628e-05
Lung_Dx-A0204,0,0.997368335723877,0.0026316740550100803
Lung_Dx-A0204,0,0.9999381303787231,6.18085905443877e-05
Lung_Dx-A0204,0,0.9999608993530273,3.9135655242716894e-05
Lung_Dx-A0204,0,0.999808132648468,0.00019185213022865355
Lung_Dx-A0204,0,0.9997765421867371,0.0002234163403045386
Lung_Dx-A0204,0,0.999640941619873,0.0003590676642488688
Lung_Dx-A0204,0,0.9998867511749268,0.00011323438229737803
Lung_Dx-A0204,0,0.9972584247589111,0.002741555916145444
Lung_Dx-A0204,0,0.9999767541885376,2.327823131054174e-05
Lung_Dx-A0204,0,0.9998670816421509,0.00013289992057252675
Lung_Dx-A0204,0,0.998848557472229,0.001151399570517242
Lung_Dx-A0212,0,0.9999053478240967,9.461262379772961e-05
Lung_Dx-A0212,0,0.9999291896820068,7.086326513672248e-05
Lung_Dx-A0212,0,0.9998283386230469,0.00017164305609185249
Lung_Dx-A0212,0,0.9999405145645142,5.94408847973682e-05
Lung_Dx-A0212,0,0.9999712705612183,2.8744620067300275e-05
Lung_Dx-A0212,0,0.9999654293060303,3.453725003055297e-05
Lung_Dx-A0212,0,0.9998675584793091,0.00013238185783848166
Lung_Dx-A0212,0,0.9999613761901855,3.867972918669693e-05
Lung_Dx-A0212,0,0.9995785355567932,0.0004214093496557325
Lung_Dx-A0212,0,0.9999512434005737,4.870463817496784e-05
Lung_Dx-A0212,0,0.9999527931213379,4.720623110188171e-05
Lung_Dx-A0212,0,0.999127209186554,0.0008727670647203922
Lung_Dx-A0212,0,0.9987672567367554,0.001232760725542903
Lung_Dx-A0212,0,0.9997550845146179,0.0002448908344376832
Lung_Dx-A0212,0,0.9998910427093506,0.00010889690747717395
Lung_Dx-A0212,0,0.9975703358650208,0.002429643413051963
Lung_Dx-A0212,0,0.99964439868927,0.000355579424649477
Lung_Dx-A0212,0,0.999954104423523,4.5932985813124105e-05
Lung_Dx-A0212,0,0.9994631409645081,0.0005368274287320673
Lung_Dx-A0212,0,0.9995425939559937,0.00045741902431473136
Lung_Dx-A0212,0,0.9988553524017334,0.0011446805438026786
Lung_Dx-A0212,0,0.9989956021308899,0.001004416262730956
Lung_Dx-A0212,0,0.998095691204071,0.001904330332763493
Lung_Dx-A0212,0,0.9985306262969971,0.001469321083277464
Lung_Dx-A0212,0,0.999864935874939,0.00013499250053428113
Lung_Dx-A0212,0,0.999913215637207,8.682211046107113e-05
Lung_Dx-A0212,0,0.9999593496322632,4.0694576455280185e-05
Lung_Dx-A0212,0,0.9997974038124084,0.00020263406622689217
Lung_Dx-A0212,0,0.9985841512680054,0.0014158706180751324
Lung_Dx-A0212,0,0.9994766116142273,0.0005233756965026259
Lung_Dx-A0212,0,0.9903849363327026,0.009615035727620125
Lung_Dx-A0212,0,0.9997658133506775,0.00023413580493070185
Lung_Dx-A0212,0,0.9981324076652527,0.0018675659084692597
Lung_Dx-A0212,0,0.9993952512741089,0.0006047102506272495
Lung_Dx-A0212,0,0.9999395608901978,6.0376889450708404e-05
Lung_Dx-A0212,0,0.9996436834335327,0.00035627433680929244
Lung_Dx-A0212,0,0.9998713731765747,0.0001285602484131232
Lung_Dx-A0212,0,0.9999496936798096,5.025061182095669e-05
Lung_Dx-A0212,0,0.9999328851699829,6.70922381686978e-05
Lung_Dx-A0212,0,0.9998854398727417,0.00011456900392659009
Lung_Dx-A0212,0,0.9999394416809082,6.061318708816543e-05
Lung_Dx-A0212,0,0.9999567270278931,4.3319039832567796e-05
Lung_Dx-A0212,0,0.9999039173126221,9.610241977497935e-05
Lung_Dx-A0212,0,0.9999614953994751,3.852893496514298e-05
Lung_Dx-A0212,0,0.9996352195739746,0.0003647200355771929
Lung_Dx-A0212,0,0.9993081092834473,0.0006918906001374125
Lung_Dx-A0212,0,0.9983091354370117,0.0016908030956983566
Lung_Dx-A0212,0,0.9983256459236145,0.0016743994783610106
Lung_Dx-A0212,0,0.9983738660812378,0.0016261349665001035
Lung_Dx-A0212,0,0.999843955039978,0.00015598026220686734
Lung_Dx-A0212,0,0.9998854398727417,0.00011456900392659009
Lung_Dx-A0212,0,0.9999951124191284,4.86044837089139e-06
Lung_Dx-A0212,0,0.9995149374008179,0.0004850083205383271
Lung_Dx-A0212,0,0.7530128955841064,0.24698713421821594
Lung_Dx-A0212,0,0.8351812958717346,0.16481870412826538
Lung_Dx-A0212,0,0.9907320141792297,0.009268012829124928
Lung_Dx-A0212,0,0.9998384714126587,0.000161560601554811
Lung_Dx-A0212,0,0.9887662529945374,0.011233708821237087
Lung_Dx-A0212,0,0.9501802921295166,0.04981965571641922
Lung_Dx-A0212,0,0.9993333220481873,0.0006667023408226669
Lung_Dx-A0212,0,0.9998190999031067,0.0001809357781894505
Lung_Dx-A0212,0,0.9995978474617004,0.0004021193308290094
Lung_Dx-A0212,0,0.9999945163726807,5.464745754579781e-06
Lung_Dx-A0212,0,0.9998831748962402,0.00011682840704452246
Lung_Dx-A0212,0,0.9998794794082642,0.00012053648970322683
Lung_Dx-A0212,0,0.9986515641212463,0.0013484881492331624
Lung_Dx-A0212,0,0.9994195699691772,0.0005804235697723925
Lung_Dx-A0212,0,0.9980993866920471,0.0019006215734407306
Lung_Dx-A0212,0,0.9998948574066162,0.00010513541928958148
Lung_Dx-A0212,0,0.9999357461929321,6.427061452995986e-05
Lung_Dx-A0212,0,0.9998761415481567,0.0001238774711964652
Lung_Dx-A0212,0,0.9998218417167664,0.000178131100255996
Lung_Dx-A0212,0,0.9999521970748901,4.776264904648997e-05
Lung_Dx-A0212,0,0.9999850988388062,1.4912718143023085e-05
Lung_Dx-A0212,0,0.9998812675476074,0.000118667958304286
Lung_Dx-A0212,0,0.9995575547218323,0.00044248730409890413
Lung_Dx-A0212,0,0.999998927116394,1.0887614507737453e-06
Lung_Dx-A0212,0,0.999976396560669,2.3644801331101917e-05
Lung_Dx-A0212,0,0.9999315738677979,6.841542926849797e-05
Lung_Dx-A0212,0,0.9997448325157166,0.00025514140725135803
Lung_Dx-A0212,0,0.9999016523361206,9.83811987680383e-05
Lung_Dx-A0212,0,0.9999759197235107,2.411114110145718e-05
Lung_Dx-A0212,0,0.9994694590568542,0.0005305765080265701
Lung_Dx-A0212,0,0.9692660570144653,0.030733926221728325
Lung_Dx-A0225,0,0.9928370118141174,0.007162978406995535
Lung_Dx-A0225,0,0.9975032210350037,0.0024968276266008615
Lung_Dx-A0225,0,0.9946358799934387,0.0053640566766262054
Lung_Dx-A0225,0,0.9995417594909668,0.0004583129193633795
Lung_Dx-A0225,0,0.9978552460670471,0.00214476534165442
Lung_Dx-A0225,0,0.8208287358283997,0.17917121946811676
Lung_Dx-A0225,0,0.9893062710762024,0.010693758726119995
Lung_Dx-A0225,0,0.9875444173812866,0.01245565339922905
Lung_Dx-A0225,0,0.9992266893386841,0.0007733057136647403
Lung_Dx-A0225,0,0.9969485402107239,0.003051510313525796
Lung_Dx-A0225,0,0.9995899796485901,0.0004100472142454237
Lung_Dx-A0225,0,0.9039745330810547,0.0960254967212677
Lung_Dx-A0225,0,0.9864417314529419,0.01355824526399374
Lung_Dx-A0225,0,0.9997367262840271,0.00026323829661123455
Lung_Dx-A0225,0,0.9999744892120361,2.5466402803431265e-05
Lung_Dx-A0225,0,0.9998601675033569,0.0001398220774717629
Lung_Dx-A0225,0,0.9998562335968018,0.0001436975144315511
Lung_Dx-A0225,0,0.9999825954437256,1.7434689652873203e-05
Lung_Dx-A0225,0,0.9998528957366943,0.00014710471441503614
Lung_Dx-A0225,0,0.9996147155761719,0.00038521323585882783
Lung_Dx-A0225,0,0.9998225569725037,0.00017743678472470492
Lung_Dx-A0225,0,0.9998984336853027,0.00010150382877327502
Lung_Dx-A0225,0,0.9996117949485779,0.00038823336944915354
Lung_Dx-A0225,0,0.9994956254959106,0.0005043190903961658
Lung_Dx-A0225,0,0.9999011754989624,9.876620606519282e-05
Lung_Dx-A0225,0,0.9998691082000732,0.0001308397768298164
Lung_Dx-A0225,0,0.9990563988685608,0.000943619292229414
Lung_Dx-A0225,0,0.9980429410934448,0.001957016997039318
Lung_Dx-A0225,0,0.9967774748802185,0.0032224839087575674
Lung_Dx-A0225,0,0.9982959628105164,0.0017040417296811938
Lung_Dx-A0225,0,0.9976310729980469,0.0023688741493970156
Lung_Dx-A0225,0,0.9995015859603882,0.000498446577694267
Lung_Dx-A0225,0,0.9987768530845642,0.001223179162479937
Lung_Dx-A0225,0,0.9932680726051331,0.006731917150318623
Lung_Dx-A0225,0,0.9967899918556213,0.003209961112588644
Lung_Dx-A0225,0,0.9997108578681946,0.0002891032490879297
Lung_Dx-A0225,0,0.9987356066703796,0.0012644219677895308
Lung_Dx-A0225,0,0.9998741149902344,0.00012582799536176026
Lung_Dx-A0225,0,0.9992519021034241,0.0007480700733140111
Lung_Dx-A0225,0,0.9977127313613892,0.002287227427586913
Lung_Dx-A0228,0,0.7843191027641296,0.21568095684051514
Lung_Dx-A0228,0,0.830937385559082,0.16906264424324036
Lung_Dx-A0228,0,0.9319595694541931,0.06804042309522629
Lung_Dx-A0228,0,0.9841545820236206,0.01584536023437977
Lung_Dx-A0228,0,0.997166097164154,0.002833849750459194
Lung_Dx-A0228,0,0.999231219291687,0.0007687913603149354
Lung_Dx-A0228,0,0.9992037415504456,0.0007962779491208494
Lung_Dx-A0228,0,0.9826576113700867,0.017342347651720047
Lung_Dx-A0228,0,0.9638139605522156,0.03618597984313965
Lung_Dx-A0228,0,0.9922143816947937,0.0077856555581092834
Lung_Dx-A0228,0,0.9889705181121826,0.011029469780623913
Lung_Dx-A0228,0,0.9930827617645264,0.006917241960763931
Lung_Dx-A0228,0,0.9243469834327698,0.07565305382013321
Lung_Dx-A0248,0,0.999484658241272,0.0005152656813152134
Lung_Dx-A0248,0,0.9990206956863403,0.000979259260930121
Lung_Dx-A0248,0,0.9999467134475708,5.328280167304911e-05
Lung_Dx-A0248,0,0.9997377991676331,0.00026221232837997377
Lung_Dx-A0248,0,0.925567090511322,0.07443295419216156
Lung_Dx-A0248,0,0.9066531658172607,0.09334687888622284
Lung_Dx-A0248,0,0.9955748319625854,0.004425152204930782
Lung_Dx-A0248,0,0.9995686411857605,0.000431398453656584
Lung_Dx-A0248,0,0.9997579455375671,0.0002420384407741949
Lung_Dx-A0248,0,0.999099612236023,0.0009004466701298952
Lung_Dx-A0248,0,0.9987331032752991,0.0012668906711041927
Lung_Dx-A0248,0,0.9999754428863525,2.4586677682236768e-05
Lung_Dx-A0248,0,0.9984573125839233,0.0015427324688062072
Lung_Dx-A0248,0,0.9992678761482239,0.0007321813027374446
Lung_Dx-A0248,0,0.9998352527618408,0.00016474656877107918
Lung_Dx-A0248,0,0.9999305009841919,6.949273665668443e-05
Lung_Dx-A0248,0,0.9999779462814331,2.2039412215235643e-05
Lung_Dx-A0248,0,0.9999686479568481,3.1324027077062055e-05
Lung_Dx-A0248,0,0.9999881982803345,1.1750976227631327e-05
Lung_Dx-A0248,0,0.9999598264694214,4.022049324703403e-05
Lung_Dx-A0248,0,0.9999586343765259,4.133539550821297e-05
Lung_Dx-A0248,0,0.9992387294769287,0.0007613258785568178
Lung_Dx-A0248,0,0.9975225329399109,0.002477445174008608
Lung_Dx-A0248,0,0.9996646642684937,0.00033535013790242374
Lung_Dx-A0248,0,0.999841570854187,0.00015843621804378927
Lung_Dx-A0248,0,0.9999493360519409,5.0644717703107744e-05
Lung_Dx-A0248,0,0.9999439716339111,5.6058292102534324e-05
Lung_Dx-A0248,0,0.9982555508613586,0.0017443812685087323
Lung_Dx-A0250,0,0.4554483890533447,0.5445516705513
Lung_Dx-A0250,0,0.2881182134151459,0.7118817567825317
Lung_Dx-A0250,0,0.7536479830741882,0.24635198712348938
Lung_Dx-A0250,0,0.9863237142562866,0.013676297850906849
Lung_Dx-A0250,0,0.9611344933509827,0.03886548429727554
Lung_Dx-A0250,0,0.9859634041786194,0.014036569744348526
Lung_Dx-A0250,0,0.8739159107208252,0.1260840892791748
Lung_Dx-A0250,0,0.9935117363929749,0.0064882696606218815
Lung_Dx-A0250,0,0.9527941942214966,0.04720576852560043
Lung_Dx-A0250,0,0.5509093999862671,0.4490906000137329
Lung_Dx-A0250,0,0.9843363761901855,0.015663649886846542
Lung_Dx-A0250,0,0.8542778491973877,0.1457221657037735
Lung_Dx-A0250,0,0.6413521766662598,0.35864782333374023
Lung_Dx-A0250,0,0.26246359944343567,0.7375364303588867
Lung_Dx-A0250,0,0.7764958143234253,0.22350415587425232
Lung_Dx-A0250,0,0.8022071719169617,0.1977928876876831
Lung_Dx-A0250,0,0.5548925995826721,0.44510743021965027
Lung_Dx-A0250,0,0.7603393197059631,0.2396606206893921
Lung_Dx-A0250,0,0.21027937531471252,0.7897205948829651
Lung_Dx-A0250,0,0.9967523813247681,0.0032476766500622034
Lung_Dx-A0250,0,0.9998452663421631,0.0001547666179249063
Lung_Dx-A0250,0,0.999841570854187,0.00015843621804378927
Lung_Dx-A0250,0,0.9997933506965637,0.00020662981842178851
Lung_Dx-A0250,0,0.9999315738677979,6.841542926849797e-05
Lung_Dx-A0250,0,0.9996923208236694,0.00030774305923841894
Lung_Dx-A0250,0,0.9999674558639526,3.25717956002336e-05
Lung_Dx-A0250,0,0.999859094619751,0.00014091856428422034
Lung_Dx-A0250,0,0.9997438788414001,0.0002561397268436849
Lung_Dx-A0250,0,0.9998965263366699,0.000103505612059962
Lung_Dx-A0250,0,0.9998960494995117,0.0001039106646203436
Lung_Dx-A0250,0,0.999995231628418,4.7850949158601e-06
Lung_Dx-A0250,0,0.9999464750289917,5.3491330618271604e-05
Lung_Dx-A0250,0,0.9999489784240723,5.104190859128721e-05
Lung_Dx-A0250,0,0.9812029004096985,0.018797073513269424
Lung_Dx-A0250,0,0.9817706942558289,0.01822929084300995
Lung_Dx-A0250,0,0.9999852180480957,1.4738980098627508e-05
Lung_Dx-A0250,0,0.9988730549812317,0.0011269539827480912
Lung_Dx-A0250,0,0.999698281288147,0.000301792606478557
Lung_Dx-A0250,0,0.999942421913147,5.761219290434383e-05
Lung_Dx-A0250,0,0.9992634654045105,0.0007364808116108179
Lung_Dx-A0250,0,0.9972903728485107,0.002709702355787158
Lung_Dx-A0250,0,0.9992634654045105,0.0007364808116108179
Lung_Dx-A0250,0,0.9987695813179016,0.0012303581461310387
Lung_Dx-A0250,0,0.9987624883651733,0.001237579737789929
Lung_Dx-A0250,0,0.9928508996963501,0.007149101700633764
Lung_Dx-A0250,0,0.8784186244010925,0.12158142775297165
Lung_Dx-A0250,0,0.7967277765274048,0.2032722532749176
Lung_Dx-A0250,0,0.8392734527587891,0.16072654724121094
Lung_Dx-A0250,0,0.8132384419441223,0.18676160275936127
Lung_Dx-A0250,0,0.9092645049095154,0.09073548763990402
Lung_Dx-A0250,0,0.9843964576721191,0.015603532083332539
Lung_Dx-A0250,0,0.9890975952148438,0.010902373120188713
Lung_Dx-A0250,0,0.973418116569519,0.02658182755112648
Lung_Dx-A0250,0,0.5835751295089722,0.41642484068870544
Lung_Dx-A0250,0,0.9089417457580566,0.09105828404426575
Lung_Dx-A0250,0,0.5776889324188232,0.42231103777885437
Lung_Dx-A0250,0,0.22798456251621246,0.772015392780304
Lung_Dx-A0250,0,0.8846883773803711,0.11531158536672592
Lung_Dx-A0250,0,0.9701551795005798,0.029844803735613823
Lung_Dx-A0250,0,0.7590468525886536,0.24095314741134644
Lung_Dx-A0250,0,0.9983515739440918,0.0016484830994158983
Lung_Dx-A0250,0,0.9927812218666077,0.007218752056360245
Lung_Dx-A0250,0,0.9982993006706238,0.001700722612440586
Lung_Dx-A0250,0,0.9996373653411865,0.00036259007174521685
Lung_Dx-A0257,0,0.9922594428062439,0.0077405208721756935
Lung_Dx-A0257,0,0.9964480400085449,0.0035518843214958906
Lung_Dx-A0257,0,0.1788124442100525,0.8211875557899475
Lung_Dx-A0257,0,0.704871654510498,0.29512834548950195
Lung_Dx-A0257,0,0.000341295002726838,0.9996587038040161
Lung_Dx-A0257,0,0.029760094359517097,0.9702399373054504
Lung_Dx-A0257,0,0.30146488547325134,0.698535144329071
Lung_Dx-A0257,0,0.18140818178653717,0.818591833114624
Lung_Dx-A0257,0,0.7888273000717163,0.2111726999282837
Lung_Dx-A0257,0,0.7359263896942139,0.26407361030578613
Lung_Dx-A0257,0,3.6764631659025326e-05,0.9999632835388184
Lung_Dx-A0257,0,7.874486618675292e-05,0.9999212026596069
Lung_Dx-A0257,0,0.00024729344295337796,0.9997527003288269
Lung_Dx-A0257,0,6.156764720799401e-05,0.9999384880065918
Lung_Dx-A0257,0,9.954076813301072e-05,0.9999004602432251
Lung_Dx-A0257,0,0.0006654022727161646,0.9993345141410828
Lung_Dx-A0257,0,0.000967861560638994,0.9990321397781372
Lung_Dx-A0257,0,0.00019949312263634056,0.9998005032539368
Lung_Dx-A0257,0,3.647853736765683e-05,0.9999635219573975
Lung_Dx-A0257,0,8.922867709770799e-05,0.9999107122421265
Lung_Dx-A0257,0,0.00011774458835134283,0.9998822212219238
Lung_Dx-A0257,0,0.05959219112992287,0.9404078125953674
Lung_Dx-A0257,0,0.9150528311729431,0.08494710177183151
Lung_Dx-A0257,0,0.9846641421318054,0.015335820615291595
Lung_Dx-A0257,0,0.8931231498718262,0.10687688738107681
Lung_Dx-A0257,0,0.12458530813455582,0.8754147291183472
Lung_Dx-A0257,0,0.6426568031311035,0.35734322667121887
Lung_Dx-A0257,0,0.6185787916183472,0.38142114877700806
Lung_Dx-A0257,0,0.9848400950431824,0.015159860253334045
Lung_Dx-A0257,0,0.0007096704212017357,0.9992903470993042
Lung_Dx-A0257,0,0.0018821859266608953,0.9981178045272827
Lung_Dx-A0257,0,0.7132319211959839,0.2867680788040161
Lung_Dx-A0257,0,0.012784186750650406,0.9872158169746399
Lung_Dx-A0257,0,0.2040245234966278,0.7959754467010498
Lung_Dx-A0257,0,0.23445047438144684,0.7655495405197144
Lung_Dx-A0257,0,0.47729530930519104,0.5227047204971313
Lung_Dx-A0257,0,0.454093873500824,0.545906126499176
Lung_Dx-A0257,0,0.7151256799697876,0.2848743498325348
Lung_Dx-A0257,0,0.13933780789375305,0.8606621623039246
Lung_Dx-A0257,0,0.6792052984237671,0.3207947015762329
Lung_Dx-A0257,0,0.5010566711425781,0.4989433288574219
Lung_Dx-A0257,0,0.0216359943151474,0.9783639311790466
Lung_Dx-A0257,0,0.9049869179725647,0.09501304477453232
Lung_Dx-A0257,0,0.9978510141372681,0.00214894930832088
Lung_Dx-A0257,0,0.9800912737846375,0.019908789545297623
Lung_Dx-A0257,0,0.9982282519340515,0.001771802781149745
Lung_Dx-A0257,0,0.9926967024803162,0.007303223479539156
Lung_Dx-A0257,0,0.9948102235794067,0.0051897866651415825
Lung_Dx-A0257,0,0.990678071975708,0.00932196993380785
Lung_Dx-A0257,0,0.9998140931129456,0.00018595057190395892
Lung_Dx-A0257,0,0.9830526113510132,0.016947422176599503
Lung_Dx-A0257,0,0.95735764503479,0.042642395943403244
Lung_Dx-A0257,0,0.9989494681358337,0.001050516846589744
Lung_Dx-A0257,0,0.9978594183921814,0.002140589291229844
Lung_Dx-A0257,0,0.994820237159729,0.005179713014513254
Lung_Dx-A0257,0,0.9972207546234131,0.0027791906613856554
Lung_Dx-A0257,0,0.9837850332260132,0.01621503196656704
Lung_Dx-A0257,0,0.9989657402038574,0.0010342469904571772
Lung_Dx-A0257,0,0.9993724226951599,0.0006275578052736819
Lung_Dx-A0257,0,0.9972207546234131,0.0027791906613856554
Lung_Dx-A0257,0,0.7523766160011292,0.24762336909770966
Lung_Dx-A0257,0,0.9964134097099304,0.0035866156686097383
Lung_Dx-A0257,0,0.7892336845397949,0.21076630055904388
Lung_Dx-A0257,0,0.967563807964325,0.032436151057481766
Lung_Dx-A0257,0,0.9968149065971375,0.0031850605737417936
Lung_Dx-A0257,0,0.963161289691925,0.03683870658278465
Lung_Dx-A0257,0,0.9482024908065796,0.05179747939109802
Lung_Dx-A0257,0,0.9762200117111206,0.023779984563589096
Lung_Dx-A0257,0,0.9965837001800537,0.00341627886518836
Lung_Dx-A0257,0,0.9285385012626648,0.07146149128675461
Lung_Dx-A0257,0,0.9835969805717468,0.01640303246676922
Lung_Dx-A0257,0,0.9760836362838745,0.02391638606786728
Lung_Dx-A0257,0,0.8981428742408752,0.10185714811086655
Lung_Dx-A0257,0,0.9998190999031067,0.0001809357781894505
Lung_Dx-A0257,0,0.9970073103904724,0.0029926651623100042
Lung_Dx-A0257,0,0.9987744688987732,0.0012255674228072166
Lung_Dx-A0257,0,0.9955054521560669,0.004494525026530027
Lung_Dx-A0257,0,0.9981288313865662,0.001871210290119052
Lung_Dx-A0257,0,0.9960004687309265,0.003999501001089811
Lung_Dx-G0037,1,0.008140463382005692,0.991859495639801
Lung_Dx-G0037,1,0.0020911062601953745,0.9979089498519897
Lung_Dx-G0037,1,0.00020027378923259676,0.9997997879981995
Lung_Dx-G0037,1,0.004109915811568499,0.9958900809288025
Lung_Dx-G0037,1,0.00019260287808720022,0.9998074173927307
Lung_Dx-G0037,1,0.001813743612729013,0.9981862902641296
Lung_Dx-G0037,1,0.001761469873599708,0.9982385635375977
Lung_Dx-G0037,1,0.0001431373821105808,0.9998568296432495
Lung_Dx-G0037,1,5.6497930927434936e-05,0.9999434947967529
Lung_Dx-G0037,1,0.0010649627074599266,0.9989350438117981
Lung_Dx-G0037,1,0.0008231386309489608,0.9991768002510071
Lung_Dx-G0037,1,0.12485181540250778,0.8751482367515564
Lung_Dx-G0037,1,0.13195426762104034,0.8680456876754761
Lung_Dx-G0037,1,0.8569919466972351,0.14300808310508728
Lung_Dx-G0037,1,0.007066401187330484,0.9929336309432983
Lung_Dx-G0037,1,0.03718677535653114,0.9628131985664368
Lung_Dx-G0037,1,0.010328153148293495,0.9896718263626099
Lung_Dx-G0037,1,0.0020667947828769684,0.9979332685470581
Lung_Dx-G0037,1,0.06014182046055794,0.9398581385612488
Lung_Dx-G0037,1,0.0002753298031166196,0.9997246861457825
Lung_Dx-G0037,1,0.001785674481652677,0.9982143640518188
Lung_Dx-G0037,1,0.0003107621450908482,0.9996892213821411
Lung_Dx-G0037,1,1.1169150639034342e-05,0.9999887943267822
Lung_Dx-G0037,1,4.9369896260031965e-06,0.9999951124191284
Lung_Dx-G0037,1,4.813724444829859e-05,0.9999518394470215
Lung_Dx-G0037,1,1.1936024748138152e-05,0.9999880790710449
Lung_Dx-G0037,1,3.647853736765683e-05,0.9999635219573975
Lung_Dx-G0037,1,2.0543020582408644e-05,0.9999794960021973
Lung_Dx-G0037,1,0.0003733659686986357,0.999626636505127
Lung_Dx-G0037,1,0.03155902028083801,0.9684410095214844
Lung_Dx-G0037,1,0.00016931271238718182,0.9998306035995483
Lung_Dx-G0037,1,2.090458337988821e-06,0.9999978542327881
Lung_Dx-G0037,1,4.197551675133582e-07,0.9999995231628418
Lung_Dx-G0037,1,4.306120899855159e-06,0.9999957084655762
Lung_Dx-G0037,1,2.7528224677553226e-07,0.9999997615814209
Lung_Dx-G0037,1,1.282874222852115e-06,0.9999986886978149
Lung_Dx-G0037,1,7.827868103049695e-06,0.9999921321868896
Lung_Dx-G0037,1,4.5742325482933666e-07,0.9999995231628418
Lung_Dx-G0037,1,0.0014866153942421079,0.998513400554657
Lung_Dx-G0037,1,0.015513790771365166,0.9844862222671509
Lung_Dx-G0037,1,5.044728095526807e-05,0.99994957447052
Lung_Dx-G0037,1,0.002278330735862255,0.9977216124534607
Lung_Dx-G0037,1,0.008364237844944,0.991635799407959
Lung_Dx-G0037,1,0.0006706176209263504,0.9993294477462769
Lung_Dx-G0037,1,1.750292540236842e-05,0.999982476234436
Lung_Dx-G0037,1,0.00020825011597480625,0.9997918009757996
Lung_Dx-G0037,1,0.00024826108710840344,0.9997517466545105
Lung_Dx-G0037,1,0.01657724939286709,0.9834227561950684
Lung_Dx-G0037,1,0.0008659809827804565,0.9991340041160583
Lung_Dx-G0041,1,0.9983611702919006,0.0016388678923249245
Lung_Dx-G0041,1,0.9401335716247559,0.059866417199373245
Lung_Dx-G0041,1,0.9988144636154175,0.0011855904012918472
Lung_Dx-G0041,1,0.9999644756317139,3.5494620533427224e-05
Lung_Dx-G0041,1,0.9999535083770752,4.6474400733131915e-05
Lung_Dx-G0041,1,0.9939963817596436,0.006003595422953367
Lung_Dx-G0041,1,0.9996359348297119,0.00036400865064933896
Lung_Dx-G0041,1,0.98973149061203,0.010268432088196278
Lung_Dx-G0041,1,0.9976769089698792,0.0023231625091284513
Lung_Dx-G0041,1,0.9988395571708679,0.0011604195460677147
Lung_Dx-G0041,1,0.9998133778572083,0.00018667822587303817
Lung_Dx-G0041,1,0.9999502897262573,4.966520646121353e-05
Lung_Dx-G0041,1,0.9998799562454224,0.0001200666229124181
Lung_Dx-G0041,1,0.9932418465614319,0.00675808684900403
Lung_Dx-G0041,1,0.9998183846473694,0.0001816438016248867
Lung_Dx-G0041,1,0.9991065859794617,0.000893445685505867
Lung_Dx-G0041,1,0.9997063279151917,0.000293654651613906
Lung_Dx-G0041,1,0.9999419450759888,5.8064022596227005e-05
Lung_Dx-G0041,1,0.9982859492301941,0.0017140384297817945
Lung_Dx-G0041,1,0.9995660185813904,0.00043393249507062137
Lung_Dx-G0041,1,0.9999827146530151,1.7231572201126255e-05
Lung_Dx-G0041,1,0.9995112419128418,0.0004888105322606862
Lung_Dx-G0041,1,0.9982002973556519,0.0017996543319895864
Lung_Dx-G0041,1,0.9205042719841003,0.07949570566415787
Lung_Dx-G0041,1,0.937210738658905,0.0627892017364502
Lung_Dx-G0041,1,0.9998243451118469,0.00017571273201610893
Lung_Dx-G0041,1,0.9971936345100403,0.0028063873760402203
Lung_Dx-G0041,1,0.997654139995575,0.0023459075018763542
Lung_Dx-G0041,1,0.9579908847808838,0.042009055614471436
Lung_Dx-G0041,1,0.9995225667953491,0.0004774926055688411
Lung_Dx-G0041,1,0.9962051510810852,0.003794834017753601
Lung_Dx-G0041,1,0.9868660569190979,0.013133922591805458
Lung_Dx-G0041,1,0.9952077269554138,0.004792316816747189
Lung_Dx-G0041,1,0.9646226167678833,0.035377390682697296
Lung_Dx-G0041,1,0.7021727561950684,0.29782721400260925
Lung_Dx-G0041,1,0.9603983759880066,0.039601683616638184
Lung_Dx-G0041,1,0.9987131357192993,0.0012868157355114818
Lung_Dx-G0041,1,0.9997884631156921,0.0002115288662025705
Lung_Dx-G0041,1,0.9996756315231323,0.0003244018298573792
Lung_Dx-G0041,1,0.9920312166213989,0.007968815043568611
Lung_Dx-G0041,1,0.9999245405197144,7.543320680269971e-05
Lung_Dx-G0041,1,0.9999200105667114,7.998482033144683e-05
Lung_Dx-G0041,1,0.9972099661827087,0.002790037775412202
Lung_Dx-G0041,1,0.9990872144699097,0.0009128307574428618
Lung_Dx-G0041,1,0.9476239681243896,0.05237607657909393
Lung_Dx-G0041,1,0.9791557192802429,0.020844316110014915
Lung_Dx-G0052,1,0.009522486478090286,0.9904775619506836
Lung_Dx-G0052,1,0.17377841472625732,0.8262215852737427
Lung_Dx-G0052,1,0.010368156246840954,0.9896317720413208
Lung_Dx-G0052,1,0.0034698909148573875,0.9965301156044006
Lung_Dx-G0052,1,0.031055551022291183,0.9689444899559021
Lung_Dx-G0052,1,0.0004442183708306402,0.999555766582489
Lung_Dx-G0052,1,0.017543187364935875,0.9824568033218384
Lung_Dx-G0052,1,0.09113914519548416,0.9088609218597412
Lung_Dx-G0052,1,0.013888676650822163,0.9861112833023071
Lung_Dx-G0052,1,0.8277585506439209,0.1722414493560791
Lung_Dx-G0052,1,0.04655127599835396,0.9534487724304199
Lung_Dx-G0052,1,0.049912191927433014,0.9500877857208252
Lung_Dx-G0052,1,0.024053553119301796,0.9759464263916016
Lung_Dx-G0052,1,0.21766994893550873,0.7823300957679749
Lung_Dx-G0052,1,0.00032187814940698445,0.9996781349182129
Lung_Dx-G0052,1,4.182262273388915e-05,0.9999581575393677
Lung_Dx-G0052,1,0.0002663404738996178,0.9997336268424988
Lung_Dx-G0052,1,9.666109690442681e-06,0.9999903440475464
Lung_Dx-G0052,1,0.0066025699488818645,0.9933974742889404
Lung_Dx-G0052,1,0.00015356240328401327,0.9998464584350586
Lung_Dx-G0052,1,0.14712578058242798,0.852874219417572
Lung_Dx-G0052,1,0.32439589500427246,0.6756041049957275
Lung_Dx-G0052,1,0.10687688738107681,0.8931231498718262
Lung_Dx-G0052,1,0.5496255159378052,0.4503745138645172
Lung_Dx-G0052,1,0.08826860785484314,0.9117313623428345
Lung_Dx-G0052,1,0.004681822843849659,0.9953181147575378
Lung_Dx-G0052,1,0.04535257816314697,0.954647421836853
Lung_Dx-G0052,1,0.1253327876329422,0.874667227268219
Lung_Dx-G0052,1,0.006253384985029697,0.9937466382980347
Lung_Dx-G0052,1,0.11838509887456894,0.8816148638725281
Lung_Dx-G0052,1,0.0004165018326602876,0.9995835423469543
Lung_Dx-G0052,1,0.005763726774603128,0.9942362904548645
Lung_Dx-G0052,1,0.0018386653391644359,0.9981613755226135
Lung_Dx-G0052,1,0.005587386433035135,0.9944126009941101
Lung_Dx-G0052,1,0.0015669888816773891,0.9984330534934998
Lung_Dx-G0052,1,0.0029752333648502827,0.9970247149467468
Lung_Dx-G0052,1,0.000626334163825959,0.999373733997345
Lung_Dx-G0052,1,1.2557797163026407e-05,0.9999874830245972
Lung_Dx-G0052,1,3.718824928000686e-07,0.9999996423721313
Lung_Dx-G0052,1,1.7299014871241525e-05,0.9999827146530151
Lung_Dx-G0052,1,2.7969301299890503e-05,0.9999719858169556
Lung_Dx-G0052,1,8.664652341394685e-06,0.9999912977218628
Lung_Dx-G0052,1,0.02019663341343403,0.9798033833503723
Lung_Dx-G0052,1,0.8681016564369202,0.13189834356307983
Lung_Dx-G0052,1,0.00017536996165290475,0.9998247027397156
Lung_Dx-G0052,1,4.2150626541115344e-05,0.999957799911499
Lung_Dx-G0052,1,0.0013885233784094453,0.9986114501953125
Lung_Dx-G0052,1,0.011892050504684448,0.9881079792976379
Lung_Dx-G0052,1,0.004451041109859943,0.9955489635467529
Lung_Dx-G0052,1,0.004773722030222416,0.995226263999939
Lung_Dx-G0052,1,0.00037409563083201647,0.9996259212493896
Lung_Dx-G0052,1,0.0032224839087575674,0.9967774748802185
Lung_Dx-G0052,1,0.00031381085864268243,0.9996862411499023
Lung_Dx-G0052,1,0.009268012829124928,0.9907320141792297
Lung_Dx-G0052,1,0.0006399274570867419,0.9993600249290466
Lung_Dx-G0052,1,0.00017952796770259738,0.9998205304145813
Lung_Dx-G0052,1,0.0006719278171658516,0.9993281364440918
Lung_Dx-G0052,1,0.0007778466097079217,0.9992221593856812
Lung_Dx-G0052,1,3.577300230972469e-05,0.9999642372131348
Lung_Dx-G0052,1,0.004109915811568499,0.9958900809288025
Lung_Dx-G0052,1,0.0051897866651415825,0.9948102235794067
Lung_Dx-G0052,1,0.02505926974117756,0.9749406576156616
Lung_Dx-G0052,1,0.005991951562464237,0.9940080642700195
Lung_Dx-G0052,1,0.008172065019607544,0.9918279647827148
Lung_Dx-G0052,1,0.25949710607528687,0.7405028939247131
Lung_Dx-G0052,1,0.39030152559280396,0.609698474407196
Lung_Dx-G0052,1,0.9137535095214844,0.08624648302793503
Lung_Dx-G0052,1,0.46050116419792175,0.5394988059997559
Lung_Dx-G0052,1,0.9937587976455688,0.006241259630769491
Lung_Dx-G0052,1,0.8665847778320312,0.13341520726680756
Lung_Dx-G0052,1,0.0313507616519928,0.9686492681503296
Lung_Dx-G0052,1,0.8260111808776855,0.17398883402347565
Lung_Dx-G0052,1,0.8692157864570618,0.13078418374061584
Lung_Dx-G0052,1,0.5219661593437195,0.4780338704586029
Lung_Dx-G0052,1,0.002058753278106451,0.9979411959648132
Lung_Dx-G0052,1,0.0009966078214347363,0.9990034699440002
Lung_Dx-G0052,1,0.0005907104350626469,0.9994093179702759
Lung_Dx-G0052,1,0.020744889974594116,0.9792551398277283
Lung_Dx-G0052,1,0.013597484678030014,0.9864025712013245
Lung_Dx-G0052,1,0.03926875442266464,0.9607312679290771
Lung_Dx-G0052,1,0.004062228836119175,0.9959378242492676
Lung_Dx-G0052,1,0.01638728380203247,0.9836126565933228
Lung_Dx-G0052,1,0.07204688340425491,0.9279531240463257
Lung_Dx-G0052,1,0.14027735590934753,0.8597226738929749
Lung_Dx-G0052,1,0.4931606650352478,0.5068393349647522
Lung_Dx-G0052,1,0.5565652847290039,0.4434347152709961
Lung_Dx-G0052,1,0.01587584614753723,0.9841241240501404
Lung_Dx-G0052,1,0.056548137217760086,0.9434518814086914
Lung_Dx-G0052,1,0.04236419126391411,0.9576358199119568
Lung_Dx-G0052,1,0.3767377734184265,0.6232622265815735
Lung_Dx-G0052,1,0.002491967985406518,0.9975080490112305
Lung_Dx-G0052,1,0.0002663404738996178,0.9997336268424988
Lung_Dx-G0058,1,0.9928923845291138,0.007107631769031286
Lung_Dx-G0058,1,0.7678857445716858,0.2321142703294754
Lung_Dx-G0058,1,0.9715099930763245,0.02849004417657852
Lung_Dx-G0058,1,0.8269215226173401,0.17307844758033752
Lung_Dx-G0058,1,0.06064055114984512,0.9393594861030579
Lung_Dx-G0058,1,0.9990800619125366,0.0009199836058542132
Lung_Dx-G0058,1,0.9907945990562439,0.009205455891788006
Lung_Dx-G0058,1,0.9791755676269531,0.020824391394853592
Lung_Dx-G0058,1,0.987794041633606,0.012205901555716991
Lung_Dx-G0058,1,0.982355535030365,0.01764446310698986
Lung_Dx-G0058,1,0.05370030552148819,0.94629967212677
Lung_Dx-G0058,1,0.6298243999481201,0.3701756000518799
Lung_Dx-G0058,1,0.04476431757211685,0.9552357196807861
Lung_Dx-G0058,1,0.9900828003883362,0.009917222894728184
Lung_Dx-G0058,1,0.9830363392829895,0.01696370169520378
Lung_Dx-G0058,1,0.9991457462310791,0.0008542320574633777
Lung_Dx-G0058,1,0.9990434050559998,0.0009565964573994279
Lung_Dx-G0058,1,0.9991752505302429,0.0008247465593740344
Lung_Dx-G0058,1,0.9990618824958801,0.000938111508730799
Lung_Dx-G0058,1,0.8107038140296936,0.1892962008714676
Lung_Dx-G0058,1,0.9493885040283203,0.050611432641744614
Lung_Dx-G0058,1,0.9244492650032043,0.07555067539215088
Lung_Dx-G0058,1,0.9974737763404846,0.0025261850096285343
Lung_Dx-G0058,1,0.9803562164306641,0.019643759354948997
Lung_Dx-G0058,1,0.9969425797462463,0.0030574577394872904
Lung_Dx-G0058,1,0.9961977601051331,0.0038022249937057495
Lung_Dx-G0058,1,0.9991323351860046,0.0008676726138219237
Lung_Dx-G0058,1,0.9991975426673889,0.0008025182760320604
Lung_Dx-G0058,1,0.9948803186416626,0.005119676236063242
Lung_Dx-G0058,1,0.9974541068077087,0.0025459476746618748
Lung_Dx-G0058,1,0.9987719655036926,0.0012279604561626911
Lung_Dx-G0058,1,0.9992461204528809,0.0007539328653365374
Lung_Dx-G0058,1,0.9980467557907104,0.001953205792233348
Lung_Dx-G0058,1,0.9970247149467468,0.0029752333648502827
Lung_Dx-G0058,1,0.9996718168258667,0.00032822455978021026
Lung_Dx-G0058,1,0.9997438788414001,0.0002561397268436849
Lung_Dx-G0058,1,0.9998666048049927,0.0001334200205747038
Lung_Dx-G0058,1,0.9999489784240723,5.104190859128721e-05
Lung_Dx-G0058,1,0.9999854564666748,1.4567271136911586e-05
Lung_Dx-G0058,1,0.9999563694000244,4.365877975942567e-05
Lung_Dx-G0058,1,0.9999713897705078,2.863255940610543e-05
Lung_Dx-G0058,1,0.9992563128471375,0.0007437029271386564
Lung_Dx-G0058,1,0.9998300075531006,0.0001699752756394446
Lung_Dx-G0058,1,0.9995778203010559,0.0004222329007461667
Lung_Dx-G0058,1,0.9987672567367554,0.001232760725542903
Lung_Dx-G0058,1,0.9948902130126953,0.005109737627208233
Lung_Dx-G0058,1,0.9980238676071167,0.001976184081286192
Lung_Dx-G0058,1,0.9993294477462769,0.0006706176209263504
Lung_Dx-G0058,1,0.9999326467514038,6.735481292707846e-05
Lung_Dx-G0058,1,0.9999395608901978,6.0376889450708404e-05
Lung_Dx-G0058,1,0.9999662637710571,3.373722211108543e-05
Lung_Dx-G0058,1,0.999789297580719,0.00021070436923764646
Lung_Dx-G0058,1,0.9999593496322632,4.0694576455280185e-05
Lung_Dx-G0058,1,0.999832034111023,0.00016799535660538822
Lung_Dx-G0058,1,0.9993916749954224,0.0006082616746425629
Lung_Dx-G0058,1,0.9999561309814453,4.3829644710058346e-05
Lung_Dx-G0058,1,0.9999603033065796,3.975192885263823e-05
Lung_Dx-G0058,1,0.9999741315841675,2.5867431759252213e-05
Lung_Dx-G0058,1,0.9994012117385864,0.0005988372140564024
Lung_Dx-G0058,1,0.9999456405639648,5.4333650041371584e-05
Lung_Dx-G0058,1,0.9993563294410706,0.00064368563471362
Lung_Dx-G0058,1,0.9999291896820068,7.086326513672248e-05
Lung_Dx-G0058,1,0.9998660087585449,0.0001339421287411824
Lung_Dx-G0058,1,0.9992417097091675,0.0007583600236102939
Lung_Dx-G0058,1,0.9976813793182373,0.0023186402395367622
Lung_Dx-G0058,1,0.9997175335884094,0.0002824080875143409
Lung_Dx-G0058,1,0.9996041655540466,0.0003958875604439527
Lung_Dx-G0058,1,0.9996620416641235,0.000337979436153546
Lung_Dx-G0058,1,0.9995461106300354,0.00045386102283373475
Lung_Dx-G0058,1,0.9962051510810852,0.003794834017753601
Lung_Dx-G0058,1,0.9890764951705933,0.010923455469310284
Lung_Dx-G0058,1,0.9998001456260681,0.0001998830703087151
Lung_Dx-G0058,1,0.9885804057121277,0.01141961570829153
Lung_Dx-G0058,1,0.9946463704109192,0.005353646818548441
Lung_Dx-G0058,1,0.9668514132499695,0.03314851596951485
Lung_Dx-G0058,1,0.9917643666267395,0.008235630579292774
Lung_Dx-G0058,1,0.9842154383659363,0.01578456163406372
Lung_Dx-G0058,1,0.9955403208732605,0.004459704738110304
Lung_Dx-G0058,1,0.9956936836242676,0.0043063051998615265
Lung_Dx-G0058,1,0.9995531439781189,0.0004468277038540691
Lung_Dx-G0058,1,0.9995539784431458,0.0004459562187548727
Lung_Dx-G0058,1,0.9997712969779968,0.0002287133247591555
Lung_Dx-G0058,1,0.9983515739440918,0.0016484830994158983
Lung_Dx-G0058,1,0.9974090456962585,0.002590979216620326
Lung_Dx-G0058,1,0.9940890073776245,0.005911068990826607
Lung_Dx-G0058,1,0.9995112419128418,0.0004888105322606862
Lung_Dx-G0058,1,0.9910320043563843,0.008968053385615349
Lung_Dx-G0058,1,0.9986929297447205,0.0013070536078885198
Lung_Dx-G0058,1,0.9930017590522766,0.006998209282755852
Lung_Dx-G0058,1,0.9872281551361084,0.012771868146955967
Lung_Dx-G0058,1,0.9894295334815979,0.010570487938821316
Lung_Dx-G0058,1,0.9811307191848755,0.018869252875447273
Lung_Dx-G0058,1,0.9874235987663269,0.012576348148286343
Lung_Dx-G0058,1,0.9897116422653198,0.01028829999268055
Lung_Dx-G0058,1,0.9965165853500366,0.0034834244288504124
Lung_Dx-G0058,1,0.9906056523323059,0.009394396096467972
Lung_Dx-G0058,1,0.9823724627494812,0.017627544701099396
Lung_Dx-G0058,1,0.9954172372817993,0.00458276504650712
Lung_Dx-G0058,1,0.9998390674591064,0.00016093082376755774
Lung_Dx-G0058,1,0.9977437257766724,0.002256239764392376
Lung_Dx-G0058,1,0.9908919930458069,0.009107992984354496
Lung_Dx-G0058,1,0.9864417314529419,0.01355824526399374
Lung_Dx-G0058,1,0.998586893081665,0.0014131119241937995
Lung_Dx-G0058,1,0.9994162321090698,0.0005838324432261288
Lung_Dx-G0058,1,0.9998741149902344,0.00012582799536176026
Lung_Dx-G0058,1,0.9999456405639648,5.4333650041371584e-05
Lung_Dx-G0058,1,0.9997909665107727,0.00020906499412376434
Lung_Dx-G0058,1,0.9999721050262451,2.786026379908435e-05
Lung_Dx-G0058,1,0.9999874830245972,1.2508839972724672e-05
Lung_Dx-G0058,1,0.9999585151672363,4.149717642576434e-05
Lung_Dx-G0058,1,0.9998273253440857,0.000172651547472924
Lung_Dx-G0058,1,0.9998977184295654,0.00010229985491605476
Lung_Dx-G0058,1,0.9999079704284668,9.206085815094411e-05
Lung_Dx-G0058,1,0.9998133778572083,0.00018667822587303817
Lung_Dx-G0058,1,0.9999755620956421,2.4490827854606323e-05
Lung_Dx-G0058,1,0.9996140599250793,0.0003859660937450826
Lung_Dx-G0058,1,0.9999538660049438,4.611274562194012e-05
Lung_Dx-G0058,1,0.9993588328361511,0.0006411777576431632
Lung_Dx-G0058,1,0.9999507665634155,4.927872942062095e-05
Lung_Dx-G0058,1,0.9999371767044067,6.278188084252179e-05
Lung_Dx-G0058,1,0.9999606609344482,3.928881778847426e-05
Lung_Dx-G0058,1,0.9999369382858276,6.302758993115276e-05
Lung_Dx-A0170,0,1.0,9.16556341934438e-09
Lung_Dx-A0170,0,0.003945406526327133,0.9960545301437378
Lung_Dx-A0170,0,0.9999998807907104,1.3896239181576675e-07
Lung_Dx-A0170,0,0.008677717298269272,0.9913222789764404
Lung_Dx-A0170,0,0.9999992847442627,7.482943260583852e-07
Lung_Dx-A0170,0,0.003069387748837471,0.9969306588172913
Lung_Dx-A0170,0,1.0,5.747734732608478e-08
Lung_Dx-A0170,0,0.6522414088249207,0.34775859117507935
Lung_Dx-A0170,0,0.9999985694885254,1.3817098079016432e-06
Lung_Dx-A0170,0,0.007388676051050425,0.9926113486289978
Lung_Dx-A0170,0,0.9948603510856628,0.005139611195772886
Lung_Dx-A0170,0,0.09293445199728012,0.9070656299591064
Lung_Dx-A0170,0,0.9927109479904175,0.0072890776209533215
Lung_Dx-A0170,0,0.31541958451271057,0.684580385684967
Lung_Dx-A0170,0,0.9979332685470581,0.0020667947828769684
Lung_Dx-A0170,0,0.8812576532363892,0.11874229460954666
Lung_Dx-A0170,0,0.9956769347190857,0.004323086701333523
Lung_Dx-A0170,0,0.5376786589622498,0.46232131123542786
Lung_Dx-A0170,0,0.6195000410079956,0.3804999589920044
Lung_Dx-A0170,0,0.9774355292320251,0.022564494982361794
Lung_Dx-A0170,0,0.02959137223660946,0.9704086184501648
Lung_Dx-A0170,0,0.9948000907897949,0.005199880339205265
Lung_Dx-A0170,0,0.062273990362882614,0.9377260208129883
Lung_Dx-A0170,0,0.8828830122947693,0.11711697280406952
Lung_Dx-A0170,0,0.4544645845890045,0.5455353856086731
Lung_Dx-A0170,0,0.691132664680481,0.30886733531951904
Lung_Dx-A0170,0,0.09073548763990402,0.9092645049095154
Lung_Dx-A0170,0,0.6857390403747559,0.31426095962524414
Lung_Dx-A0170,0,0.15843459963798523,0.8415654301643372
Lung_Dx-A0170,0,0.7853085398674011,0.2146914154291153
Lung_Dx-A0170,0,0.9947595000267029,0.00524044968187809
Lung_Dx-A0170,0,0.9996633529663086,0.00033666222589090466
Lung_Dx-A0170,0,0.9981505274772644,0.0018494504038244486
Lung_Dx-A0170,0,0.9981541037559509,0.0018458481645211577
Lung_Dx-A0170,0,0.9795897603034973,0.020410308614373207
Lung_Dx-A0170,0,0.9425067901611328,0.05749327689409256
Lung_Dx-A0170,0,0.9815597534179688,0.018440209329128265
Lung_Dx-A0170,0,0.9831175804138184,0.01688246615231037
Lung_Dx-A0170,0,0.992408037185669,0.007591942325234413
Lung_Dx-A0170,0,0.9696994423866272,0.030300550162792206
Lung_Dx-A0170,0,0.9999171495437622,8.284656360046938e-05
Lung_Dx-A0170,0,0.9998944997787476,0.00010554686741670594
Lung_Dx-A0170,0,0.9862577319145203,0.01374232117086649
Lung_Dx-A0170,0,0.9956516623497009,0.004348380956798792
Lung_Dx-A0170,0,0.9949100613594055,0.005089918151497841
Lung_Dx-A0170,0,0.46232131123542786,0.5376786589622498
Lung_Dx-A0170,0,0.651576578617096,0.34842339158058167
Lung_Dx-A0170,0,0.4673013985157013,0.5326986312866211
Lung_Dx-A0170,0,0.24522054195404053,0.7547794580459595
Lung_Dx-A0170,0,0.24757787585258484,0.7524220943450928
Lung_Dx-A0170,0,0.9201462268829346,0.07985372841358185
Lung_Dx-A0170,0,0.9951889514923096,0.004810982383787632
Lung_Dx-A0170,0,0.9863631129264832,0.013636834919452667
Lung_Dx-A0170,0,0.05536169931292534,0.9446382522583008
Lung_Dx-A0170,0,0.9739436507225037,0.026056304574012756
Lung_Dx-A0170,0,0.9969722032546997,0.0030278353951871395
Lung_Dx-A0170,0,0.04401865229010582,0.9559813141822815
Lung_Dx-A0170,0,0.5106337666511536,0.4893662631511688
Lung_Dx-A0170,0,0.980262041091919,0.01973801478743553
Lung_Dx-A0170,0,0.9895513653755188,0.010448625311255455
Lung_Dx-A0170,0,0.9719659090042114,0.028034118935465813
Lung_Dx-A0170,0,0.9949100613594055,0.005089918151497841
Lung_Dx-A0170,0,0.9556928277015686,0.04430721700191498
Lung_Dx-A0170,0,0.9498556852340698,0.0501442514359951
Lung_Dx-A0170,0,0.9864547252655029,0.013545190915465355
Lung_Dx-A0170,0,0.6791520714759827,0.32084789872169495
Lung_Dx-A0170,0,0.16858302056789398,0.8314169645309448
Lung_Dx-A0170,0,0.45662176609039307,0.5433782339096069
Lung_Dx-A0170,0,0.045564454048871994,0.9544354677200317
Lung_Dx-A0170,0,0.0023413405288010836,0.9976586103439331
Lung_Dx-A0170,0,0.004591683391481638,0.9954082369804382
Lung_Dx-A0170,0,0.0016356752021238208,0.998364269733429
Lung_Dx-A0170,0,1.0370215022703633e-05,0.9999896287918091
Lung_Dx-A0185,0,0.9887987971305847,0.011201214045286179
Lung_Dx-A0185,0,0.9999467134475708,5.328280167304911e-05
Lung_Dx-A0185,0,0.9999387264251709,6.132764247013256e-05
Lung_Dx-A0185,0,0.9997507929801941,0.00024923254386521876
Lung_Dx-A0185,0,0.9996465444564819,0.0003535027790348977
Lung_Dx-A0185,0,0.9999948740005493,5.093705112813041e-06
Lung_Dx-A0185,0,0.999944806098938,5.518923353520222e-05
Lung_Dx-A0185,0,0.9999430179595947,5.6941025832202286e-05
Lung_Dx-A0185,0,0.9995216131210327,0.0004784256452694535
Lung_Dx-A0185,0,0.9947493672370911,0.005250641144812107
Lung_Dx-A0185,0,0.9999986886978149,1.2878952020400902e-06
Lung_Dx-A0185,0,0.9999953508377075,4.637873189494712e-06
Lung_Dx-A0185,0,0.9999740123748779,2.596866943349596e-05
Lung_Dx-A0185,0,0.9999996423721313,3.9125490047808853e-07
Lung_Dx-A0185,0,0.999953031539917,4.702220030594617e-05
Lung_Dx-A0185,0,0.9999847412109375,1.520683872513473e-05
Lung_Dx-A0185,0,0.9999966621398926,3.327515742057585e-06
Lung_Dx-A0185,0,0.9999918937683105,8.107959729386494e-06
Lung_Dx-A0185,0,0.9912039041519165,0.00879612099379301
Lung_Dx-A0185,0,0.9989412426948547,0.0010587475262582302
Lung_Dx-A0185,0,0.9999783039093018,2.1697729607694782e-05
Lung_Dx-A0185,0,0.9994173049926758,0.0005826939013786614
Lung_Dx-A0185,0,0.9930152893066406,0.006984649691730738
Lung_Dx-A0185,0,0.49700358510017395,0.5029963850975037
Lung_Dx-A0185,0,0.9994307160377502,0.0005692035192623734
Lung_Dx-A0185,0,0.9997208714485168,0.00027911883080378175
Lung_Dx-A0185,0,0.9998977184295654,0.00010229985491605476
Lung_Dx-A0185,0,0.9999977350234985,2.2603242086915998e-06
Lung_Dx-A0185,0,0.9999994039535522,5.692723448191828e-07
Lung_Dx-A0185,0,0.999981164932251,1.877787508419715e-05
Lung_Dx-A0185,0,0.9990321397781372,0.000967861560638994
Lung_Dx-A0191,0,0.9851289987564087,0.014871004037559032
Lung_Dx-A0191,0,0.9554024338722229,0.044597577303647995
Lung_Dx-A0191,0,0.9979047775268555,0.0020951859187334776
Lung_Dx-A0191,0,0.7957375049591064,0.20426252484321594
Lung_Dx-A0191,0,0.9992985725402832,0.0007014083093963563
Lung_Dx-A0191,0,0.9999467134475708,5.328280167304911e-05
Lung_Dx-A0191,0,0.9991238713264465,0.0008761799545027316
Lung_Dx-A0191,0,0.8946975469589233,0.10530251264572144
Lung_Dx-A0191,0,0.996906578540802,0.00309338653460145
Lung_Dx-A0191,0,0.8556703329086304,0.14432968199253082
Lung_Dx-A0191,0,0.6749081611633301,0.3250918984413147
Lung_Dx-A0191,0,0.666279673576355,0.333720326423645
Lung_Dx-A0191,0,0.9690031409263611,0.030996832996606827
Lung_Dx-A0191,0,0.9995986819267273,0.00040133504080586135
Lung_Dx-A0191,0,0.9990414977073669,0.0009584648068994284
Lung_Dx-A0191,0,0.9997974038124084,0.00020263406622689217
Lung_Dx-A0191,0,0.9700985550880432,0.029901403933763504
Lung_Dx-A0191,0,0.93974769115448,0.06025232374668121
Lung_Dx-A0191,0,0.9840323328971863,0.015967654064297676
Lung_Dx-A0191,0,0.9954879879951477,0.0045120371505618095
Lung_Dx-A0191,0,0.9999728202819824,2.721490091062151e-05
Lung_Dx-A0191,0,0.9999973773956299,2.632283667480806e-06
Lung_Dx-A0191,0,0.9999996423721313,3.576358835744031e-07
Lung_Dx-A0197,0,0.9995736479759216,0.0004263746668584645
Lung_Dx-A0197,0,0.9881309270858765,0.011869121342897415
Lung_Dx-A0197,0,0.9999955892562866,4.442811587068718e-06
Lung_Dx-A0197,0,0.9973374009132385,0.00266261282376945
Lung_Dx-A0197,0,0.9752253890037537,0.02477455325424671
Lung_Dx-A0197,0,0.998095691204071,0.001904330332763493
Lung_Dx-A0197,0,0.9999839067459106,1.606160913070198e-05
Lung_Dx-A0197,0,0.999924898147583,7.513914897572249e-05
Lung_Dx-A0197,0,0.9999986886978149,1.3444405340123922e-06
Lung_Dx-A0197,0,0.9999972581863403,2.7694061373040313e-06
Lung_Dx-A0197,0,0.9999839067459106,1.6124473404488526e-05
Lung_Dx-A0197,0,0.9999998807907104,1.2902219737043197e-07
Lung_Dx-A0197,0,0.9999990463256836,9.13254780243733e-07
Lung_Dx-A0197,0,0.9999580383300781,4.198630995233543e-05
Lung_Dx-A0197,0,1.0,6.105581373816449e-09
Lung_Dx-A0197,0,1.0,1.9252500038646758e-08
Lung_Dx-A0197,0,1.0,5.634880340110726e-10
Lung_Dx-A0197,0,1.0,2.0481942964584166e-12
Lung_Dx-A0197,0,1.0,1.144795439000923e-10
Lung_Dx-A0197,0,1.0,1.6822645498848487e-09
Lung_Dx-A0197,0,1.0,2.2814889977240682e-09
Lung_Dx-A0197,0,1.0,6.522847539880416e-11
Lung_Dx-A0197,0,1.0,1.397581517181834e-08
Lung_Dx-A0197,0,0.9999998807907104,1.202619159812457e-07
Lung_Dx-A0197,0,0.9999995231628418,4.450850212833757e-07
Lung_Dx-A0197,0,1.0,1.158635853926171e-08
Lung_Dx-A0197,0,0.9999998807907104,6.166417421127335e-08
Lung_Dx-A0197,0,0.9999997615814209,2.7420901460573077e-07
Lung_Dx-A0197,0,1.0,2.2461177362487206e-09
Lung_Dx-A0197,0,1.0,1.0754357820941252e-10
Lung_Dx-A0197,0,1.0,5.964145621817352e-09
Lung_Dx-A0197,0,1.0,3.4788556479981025e-09
Lung_Dx-A0197,0,1.0,1.3026892453638084e-08
Lung_Dx-A0197,0,1.0,4.691164434689199e-08
Lung_Dx-A0197,0,0.9999988079071045,1.2098656725356705e-06
Lung_Dx-A0197,0,0.9999978542327881,2.1151001874386566e-06
Lung_Dx-A0197,0,1.0,1.397581517181834e-08
Lung_Dx-A0197,0,1.0,1.3232035023236222e-08
Lung_Dx-A0197,0,1.0,1.3946462873448695e-09
Lung_Dx-A0197,0,1.0,5.141415293508089e-09
Lung_Dx-A0197,0,0.9999843835830688,1.5567453374387696e-05
Lung_Dx-A0197,0,1.0,5.930186830482853e-08
Lung_Dx-A0197,0,0.9999997615814209,1.9983346533081203e-07
Lung_Dx-A0197,0,0.9999979734420776,2.0500258415268036e-06
Lung_Dx-A0197,0,0.9999692440032959,3.071818355238065e-05
Lung_Dx-A0197,0,0.9998499155044556,0.0001500056532677263
Lung_Dx-A0197,0,0.999840259552002,0.00015967863146215677
Lung_Dx-A0197,0,0.9999998807907104,8.042525934115474e-08
Lung_Dx-A0197,0,0.9998675584793091,0.00013238185783848166
Lung_Dx-A0197,0,0.9999995231628418,4.793755010723544e-07
Lung_Dx-A0197,0,0.9999988079071045,1.2098656725356705e-06
Lung_Dx-A0199,0,0.9811125993728638,0.018887341022491455
Lung_Dx-A0199,0,0.7839057445526123,0.2160942405462265
Lung_Dx-A0199,0,0.008577484637498856,0.9914224743843079
Lung_Dx-A0199,0,0.9902915358543396,0.009708477184176445
Lung_Dx-A0199,0,0.9473323225975037,0.052667658776044846
Lung_Dx-A0199,0,0.9678993225097656,0.03210070729255676
Lung_Dx-A0199,0,0.995866060256958,0.004133968148380518
Lung_Dx-A0199,0,0.9478657245635986,0.052134253084659576
Lung_Dx-A0199,0,0.9951984286308289,0.004801641218364239
Lung_Dx-A0199,0,0.9325147271156311,0.06748521327972412
Lung_Dx-A0199,0,0.9994907379150391,0.0005092656938359141
Lung_Dx-A0199,0,0.9978925585746765,0.0021074723917990923
Lung_Dx-A0199,0,0.999613344669342,0.00038672040682286024
Lung_Dx-A0199,0,0.9922444224357605,0.007755536586046219
Lung_Dx-A0199,0,0.9974589943885803,0.002540992572903633
Lung_Dx-A0199,0,0.9542226791381836,0.045777272433042526
Lung_Dx-A0199,0,0.9994307160377502,0.0005692035192623734
Lung_Dx-A0199,0,0.999992847442627,7.211375304905232e-06
Lung_Dx-A0199,0,0.9999349117279053,6.502816540887579e-05
Lung_Dx-A0199,0,0.9999904632568359,9.479151231062133e-06
Lung_Dx-A0199,0,0.9999507665634155,4.927872942062095e-05
Lung_Dx-A0199,0,0.999998927116394,1.0348530850023963e-06
Lung_Dx-A0199,0,0.9999978542327881,2.182240450565587e-06
Lung_Dx-A0199,0,0.9999935626983643,6.439037861127872e-06
Lung_Dx-A0199,0,0.9999949932098389,4.995184099243488e-06
Lung_Dx-A0199,0,0.9999450445175171,5.497408710652962e-05
Lung_Dx-A0199,0,0.9999756813049316,2.4300239601871e-05
Lung_Dx-A0199,0,0.9998741149902344,0.00012582799536176026
Lung_Dx-A0199,0,0.9999873638153076,1.26562872537761e-05
Lung_Dx-A0199,0,0.9999728202819824,2.721490091062151e-05
Lung_Dx-A0199,0,0.9957601428031921,0.004239825066179037
Lung_Dx-A0201,0,0.9999831914901733,1.6832409528433345e-05
Lung_Dx-A0201,0,0.999998927116394,1.0348530850023963e-06
Lung_Dx-A0201,0,0.9999998807907104,1.5685111520724604e-07
Lung_Dx-A0201,0,0.9999995231628418,4.2304733938181016e-07
Lung_Dx-A0201,0,1.0,2.2112949249475378e-09
Lung_Dx-A0201,0,1.0,3.057197203726325e-11
Lung_Dx-A0201,0,1.0,2.0923623348257508e-13
Lung_Dx-A0201,0,1.0,4.8473686869998645e-11
Lung_Dx-A0201,0,1.0,7.987189502725676e-15
Lung_Dx-A0201,0,1.0,4.508755348242577e-12
Lung_Dx-A0201,0,1.0,2.6810039512872516e-14
Lung_Dx-A0201,0,1.0,1.4730400232920715e-09
Lung_Dx-A0201,0,1.0,8.70914451667204e-11
Lung_Dx-A0201,0,0.9999933242797852,6.6175330175610725e-06
Lung_Dx-A0201,0,0.9999958276748657,4.1411567508475855e-06
Lung_Dx-A0201,0,1.0,1.4085428823307211e-08
Lung_Dx-A0201,0,0.9999996423721313,3.243617072712368e-07
Lung_Dx-A0201,0,0.9999996423721313,3.943235356018704e-07
Lung_Dx-A0201,0,0.9999997615814209,2.496701370091614e-07
Lung_Dx-A0201,0,0.9999915361404419,8.430940397374798e-06
Lung_Dx-A0201,0,0.999933123588562,6.683069659629837e-05
Lung_Dx-A0202,0,0.03010033629834652,0.9698996543884277
Lung_Dx-A0202,0,0.01342825498431921,0.9865716695785522
Lung_Dx-A0202,0,0.8764759302139282,0.12352413684129715
Lung_Dx-A0202,0,0.013902058824896812,0.9860979318618774
Lung_Dx-A0202,0,0.06125536188483238,0.9387446641921997
Lung_Dx-A0202,0,0.15514245629310608,0.8448575139045715
Lung_Dx-A0202,0,0.005876737646758556,0.9941232800483704
Lung_Dx-A0202,0,1.3287773299452965e-06,0.9999986886978149
Lung_Dx-A0202,0,2.1522912163618457e-07,0.9999997615814209
Lung_Dx-A0202,0,5.389762236518436e-07,0.9999994039535522
Lung_Dx-A0202,0,6.325932986328553e-07,0.9999994039535522
Lung_Dx-A0202,0,5.023811695537006e-07,0.9999995231628418
Lung_Dx-A0202,0,7.842056106710515e-07,0.9999991655349731
Lung_Dx-A0202,0,1.3497025292963372e-06,0.9999986886978149
Lung_Dx-A0202,0,2.953347291168029e-07,0.9999997615814209
Lung_Dx-A0202,0,5.965923719486455e-07,0.9999994039535522
Lung_Dx-A0202,0,1.003014176603756e-06,0.9999990463256836
Lung_Dx-A0202,0,2.182240450565587e-06,0.9999978542327881
Lung_Dx-A0202,0,2.0860723282112303e-07,0.9999997615814209
Lung_Dx-A0202,0,1.4393467040463293e-07,0.9999998807907104
Lung_Dx-A0202,0,8.169176624051033e-08,0.9999998807907104
Lung_Dx-A0202,0,5.827722588946926e-07,0.9999994039535522
Lung_Dx-A0202,0,0.00030475331004709005,0.9996953010559082
Lung_Dx-A0202,0,3.807014365975192e-07,0.9999996423721313
Lung_Dx-A0202,0,4.381846281376056e-07,0.9999995231628418
Lung_Dx-A0202,0,4.037790131405927e-05,0.9999595880508423
Lung_Dx-A0202,0,6.841542926849797e-05,0.9999315738677979
Lung_Dx-A0202,0,4.575390994432382e-05,0.9999542236328125
Lung_Dx-A0202,0,0.00010150382877327502,0.9998984336853027
Lung_Dx-A0202,0,0.0016678821993991733,0.9983320832252502
Lung_Dx-A0202,0,0.000248746364377439,0.9997512698173523
Lung_Dx-A0202,0,0.0019267346942797303,0.9980732202529907
Lung_Dx-A0202,0,0.00025915823061950505,0.9997407793998718
Lung_Dx-A0202,0,1.599899223947432e-05,0.9999840259552002
Lung_Dx-A0202,0,0.11042317748069763,0.88957679271698
Lung_Dx-A0202,0,0.00012881154543720186,0.9998711347579956
Lung_Dx-A0202,0,0.005511933472007513,0.9944880604743958
Lung_Dx-A0202,0,0.0001837845629779622,0.9998162388801575
Lung_Dx-A0202,0,0.0018279430223628879,0.9981720447540283
Lung_Dx-A0202,0,0.0045384312979876995,0.9954615235328674
Lung_Dx-A0202,0,0.48453250527381897,0.5154674649238586
Lung_Dx-A0202,0,0.011463796719908714,0.9885361194610596
Lung_Dx-A0202,0,0.5213797688484192,0.4786202311515808
Lung_Dx-A0202,0,0.07978201657533646,0.9202179908752441
Lung_Dx-A0202,0,0.013480104506015778,0.9865199327468872
Lung_Dx-A0202,0,0.018038028851151466,0.9819619059562683
Lung_Dx-A0202,0,0.3300931751728058,0.6699067950248718
Lung_Dx-A0202,0,0.4096635580062866,0.5903364419937134
Lung_Dx-A0202,0,0.9203612804412842,0.07963874191045761
Lung_Dx-A0202,0,0.9699281454086304,0.030071841552853584
Lung_Dx-A0202,0,0.5549076795578003,0.4450923204421997
Lung_Dx-A0202,0,0.1292378008365631,0.8707622289657593
Lung_Dx-A0202,0,0.33497005701065063,0.6650299429893494
Lung_Dx-A0202,0,0.15934817492961884,0.84065181016922
Lung_Dx-A0202,0,0.8272706270217896,0.17272931337356567
Lung_Dx-A0202,0,0.6240930557250977,0.37590691447257996
Lung_Dx-A0202,0,0.8080672025680542,0.1919327974319458
Lung_Dx-A0202,0,0.8540953993797302,0.14590460062026978
Lung_Dx-A0202,0,0.3418845534324646,0.6581154465675354
Lung_Dx-A0202,0,0.004248078912496567,0.9957518577575684
Lung_Dx-A0202,0,0.22656965255737305,0.773430347442627
Lung_Dx-A0202,0,0.0001431373821105808,0.9998568296432495
Lung_Dx-A0202,0,1.357820292469114e-05,0.9999864101409912
Lung_Dx-A0202,0,0.0002410950546618551,0.9997588992118835
Lung_Dx-A0202,0,2.576658698671963e-05,0.999974250793457
Lung_Dx-A0202,0,0.00024923254386521876,0.9997507929801941
Lung_Dx-A0202,0,7.616726179549005e-06,0.9999923706054688
Lung_Dx-A0202,0,1.049245383910602e-05,0.9999895095825195
Lung_Dx-A0202,0,5.296614290273283e-06,0.9999947547912598
Lung_Dx-A0202,0,7.36693095859664e-07,0.9999992847442627
Lung_Dx-A0202,0,3.920769358956022e-06,0.9999960660934448
Lung_Dx-A0202,0,0.00017709062376525253,0.9998229146003723
Lung_Dx-A0202,0,4.1411567508475855e-06,0.9999958276748657
Lung_Dx-A0202,0,9.349120091428631e-07,0.9999990463256836
Lung_Dx-A0202,0,1.0011975064116996e-05,0.9999899864196777
Lung_Dx-A0202,0,2.863255940610543e-05,0.9999713897705078
Lung_Dx-A0202,0,0.0003119780740235001,0.9996880292892456
Lung_Dx-A0202,0,0.00015967863146215677,0.999840259552002
Lung_Dx-A0202,0,0.00010150382877327502,0.9998984336853027
Lung_Dx-A0202,0,2.1112482500029728e-05,0.9999788999557495
Lung_Dx-A0202,0,6.0725933508365415e-06,0.9999939203262329
Lung_Dx-A0202,0,5.6602816584927496e-06,0.9999943971633911
Lung_Dx-A0202,0,1.4650881894340273e-06,0.9999985694885254
Lung_Dx-A0202,0,2.5314423055533553e-06,0.9999974966049194
Lung_Dx-A0202,0,6.895198748679832e-05,0.9999310970306396
Lung_Dx-A0202,0,2.556607432779856e-05,0.9999744892120361
Lung_Dx-A0202,0,5.7163873862009495e-05,0.9999427795410156
Lung_Dx-A0202,0,2.0182428670523223e-06,0.9999979734420776
Lung_Dx-A0202,0,1.303076487602084e-06,0.9999986886978149
Lung_Dx-A0202,0,7.183260549936676e-06,0.999992847442627
Lung_Dx-A0202,0,9.151693120657e-06,0.9999908208847046
Lung_Dx-A0202,0,4.381846281376056e-07,0.9999995231628418
Lung_Dx-A0202,0,1.0845167253137333e-06,0.999998927116394
Lung_Dx-A0202,0,1.1843138963740785e-05,0.9999881982803345
Lung_Dx-A0202,0,2.581370381449233e-06,0.9999973773956299
Lung_Dx-A0202,0,1.2171438356745057e-05,0.9999878406524658
Lung_Dx-A0202,0,2.309707815584261e-05,0.9999768733978271
Lung_Dx-A0202,0,2.4631613086967263e-06,0.9999974966049194
Lung_Dx-A0202,0,8.398072168347426e-06,0.9999916553497314
Lung_Dx-A0202,0,1.9983346533081203e-07,0.9999997615814209
Lung_Dx-A0202,0,1.1277188605163246e-06,0.999998927116394
Lung_Dx-A0202,0,2.68420035354211e-06,0.9999972581863403
Lung_Dx-A0202,0,1.8376316575086094e-06,0.9999982118606567
Lung_Dx-A0202,0,4.045227342430735e-06,0.9999959468841553
Lung_Dx-A0202,0,9.934061381500214e-06,0.9999901056289673
Lung_Dx-A0202,0,2.3229827093018685e-06,0.9999977350234985
Lung_Dx-A0202,0,8.013499609660357e-06,0.9999920129776001
Lung_Dx-A0202,0,4.822624305234058e-06,0.999995231628418
Lung_Dx-A0202,0,6.464239504566649e-06,0.9999935626983643
Lung_Dx-A0202,0,8.076349331531674e-06,0.9999918937683105
Lung_Dx-A0202,0,2.4395347281824797e-05,0.9999755620956421
Lung_Dx-A0202,0,6.001845576975029e-06,0.9999940395355225
Lung_Dx-A0202,0,1.207672175951302e-05,0.9999879598617554
Lung_Dx-A0202,0,2.0224537365720607e-05,0.9999797344207764
Lung_Dx-A0202,0,6.388928795786342e-06,0.9999935626983643
Lung_Dx-A0202,0,5.989273290651909e-07,0.9999994039535522
Lung_Dx-A0202,0,1.051149638442439e-06,0.999998927116394
Lung_Dx-A0202,0,2.304905137862079e-06,0.9999977350234985
Lung_Dx-A0202,0,6.893610020597407e-07,0.9999992847442627
Lung_Dx-A0202,0,9.79779315457563e-07,0.9999990463256836
Lung_Dx-A0202,0,6.641494110226631e-08,0.9999998807907104
Lung_Dx-A0202,0,1.0552637377259089e-06,0.999998927116394
Lung_Dx-A0202,0,2.186184531183244e-07,0.9999997615814209
Lung_Dx-A0202,0,9.60828742790909e-07,0.9999990463256836
Lung_Dx-A0202,0,6.108855450293049e-05,0.99993896484375
Lung_Dx-A0202,0,0.00039821304380893707,0.9996017813682556
Lung_Dx-A0202,0,7.662102143513039e-05,0.9999233484268188
Lung_Dx-A0202,0,1.9258211523265345e-06,0.9999980926513672
Lung_Dx-A0202,0,4.425490715220803e-06,0.9999955892562866
Lung_Dx-A0202,0,4.013747002318269e-06,0.9999959468841553
Lung_Dx-A0202,0,5.839957339048851e-06,0.999994158744812
Lung_Dx-A0202,0,3.5008547456527594e-06,0.999996542930603
Lung_Dx-A0202,0,8.398072168347426e-06,0.9999916553497314
Lung_Dx-A0202,0,2.368799187024706e-06,0.999997615814209
Lung_Dx-A0202,0,5.7837671192828566e-05,0.9999421834945679
Lung_Dx-A0202,0,5.328280167304911e-05,0.9999467134475708
Lung_Dx-A0202,0,4.592135383063578e-07,0.9999995231628418
Lung_Dx-A0202,0,1.5057016753416974e-06,0.9999984502792358
Lung_Dx-A0202,0,4.441504941610219e-08,1.0
Lung_Dx-A0202,0,5.737372248404427e-07,0.9999994039535522
Lung_Dx-A0202,0,1.2098656725356705e-06,0.9999988079071045
Lung_Dx-A0202,0,8.23564096208429e-06,0.999991774559021
Lung_Dx-A0202,0,8.597226042184047e-06,0.9999914169311523
Lung_Dx-A0202,0,0.002046750159934163,0.9979531764984131
Lung_Dx-A0202,0,0.00012881154543720186,0.9998711347579956
Lung_Dx-A0202,0,4.557554711936973e-05,0.9999544620513916
Lung_Dx-A0202,0,0.008881675079464912,0.9911182522773743
Lung_Dx-A0202,0,0.10757803171873093,0.8924220204353333
Lung_Dx-A0202,0,0.00012931565288454294,0.9998706579208374
Lung_Dx-A0202,0,0.37496232986450195,0.625037670135498
Lung_Dx-A0202,0,0.03967602923512459,0.9603239297866821
Lung_Dx-A0202,0,0.4481620788574219,0.5518378615379333
Lung_Dx-A0202,0,0.47854405641555786,0.5214559435844421
Lung_Dx-A0202,0,0.061031121760606766,0.9389688968658447
Lung_Dx-A0202,0,0.7890712022781372,0.2109287977218628
Lung_Dx-A0202,0,0.14761659502983093,0.8523833751678467
Lung_Dx-A0202,0,0.053058817982673645,0.9469411373138428
Lung_Dx-A0202,0,0.8902942538261414,0.10970577597618103
Lung_Dx-A0202,0,0.9175245761871338,0.08247537165880203
Lung_Dx-A0202,0,0.7812471985816956,0.21875280141830444
Lung_Dx-A0202,0,0.6992030739784241,0.3007969558238983
Lung_Dx-A0202,0,0.8738621473312378,0.1261378973722458
Lung_Dx-A0202,0,0.6603366732597351,0.3396632969379425
Lung_Dx-A0208,0,0.9995505213737488,0.0004494523163884878
Lung_Dx-A0208,0,0.975669801235199,0.02433018945157528
Lung_Dx-A0208,0,0.7771307229995728,0.22286923229694366
Lung_Dx-A0208,0,0.9818925857543945,0.018107349053025246
Lung_Dx-A0208,0,0.9996626377105713,0.00033732017618604004
Lung_Dx-A0208,0,0.22320769727230072,0.7767922878265381
Lung_Dx-A0208,0,0.20769640803337097,0.7923036217689514
Lung_Dx-A0208,0,0.052960772067308426,0.9470391869544983
Lung_Dx-A0208,0,0.9550683498382568,0.04493164271116257
Lung_Dx-A0208,0,0.9552773833274841,0.04472257196903229
Lung_Dx-A0208,0,0.9934611320495605,0.0065388246439397335
Lung_Dx-A0208,0,0.956916868686676,0.04308309033513069
Lung_Dx-A0208,0,0.5540030002593994,0.4459969699382782
Lung_Dx-A0208,0,0.8434443473815918,0.15655571222305298
Lung_Dx-A0208,0,0.9823386073112488,0.01766139827668667
Lung_Dx-A0208,0,0.9983450174331665,0.001654924126341939
Lung_Dx-A0208,0,0.9999979734420776,1.9714900645340094e-06
Lung_Dx-A0208,0,0.9977787137031555,0.00222133775241673
Lung_Dx-A0234,0,0.9912208914756775,0.00877910852432251
Lung_Dx-A0234,0,0.9909622073173523,0.009037754498422146
Lung_Dx-A0234,0,0.9976310729980469,0.0023688741493970156
Lung_Dx-A0234,0,0.980337381362915,0.01966257579624653
Lung_Dx-A0234,0,0.9999518394470215,4.813724444829859e-05
Lung_Dx-A0234,0,0.9999626874923706,3.734356869244948e-05
Lung_Dx-A0234,0,0.9998794794082642,0.00012053648970322683
Lung_Dx-A0234,0,0.9893062710762024,0.010693758726119995
Lung_Dx-A0234,0,0.9235923886299133,0.07640768587589264
Lung_Dx-A0234,0,0.8927496671676636,0.10725032538175583
Lung_Dx-A0234,0,0.9776712656021118,0.022328782826662064
Lung_Dx-A0234,0,0.9399133324623108,0.06008664518594742
Lung_Dx-A0234,0,0.06723980605602264,0.9327601790428162
Lung_Dx-A0234,0,0.7000240087509155,0.29997602105140686
Lung_Dx-A0234,0,0.06296183168888092,0.9370381236076355
Lung_Dx-A0234,0,0.5920034050941467,0.40799662470817566
Lung_Dx-A0234,0,0.03362121805548668,0.9663787484169006
Lung_Dx-A0234,0,0.12874405086040497,0.8712559342384338
Lung_Dx-A0234,0,0.7721872925758362,0.2278127372264862
Lung_Dx-A0234,0,0.39551353454589844,0.6044864654541016
Lung_Dx-A0234,0,0.39405521750450134,0.6059447526931763
Lung_Dx-A0234,0,0.6130338311195374,0.38696610927581787
Lung_Dx-A0234,0,0.007651031482964754,0.9923490285873413
Lung_Dx-A0234,0,0.12252321094274521,0.8774768114089966
Lung_Dx-A0234,0,0.9433997869491577,0.056600261479616165
Lung_Dx-A0234,0,0.9426653385162354,0.05733473598957062
Lung_Dx-A0234,0,0.9958900809288025,0.004109915811568499
Lung_Dx-A0234,0,0.010902373120188713,0.9890975952148438
Lung_Dx-A0234,0,0.47433438897132874,0.5256655812263489
Lung_Dx-A0234,0,0.4807834029197693,0.5192165970802307
Lung_Dx-A0234,0,0.9616420269012451,0.03835798054933548
Lung_Dx-A0234,0,0.14330755174160004,0.8566924333572388
Lung_Dx-A0234,0,0.8027875423431396,0.19721242785453796
Lung_Dx-A0234,0,0.9484894871711731,0.05151045694947243
Lung_Dx-A0234,0,0.9996178150177002,0.00038221667637117207
Lung_Dx-A0234,0,0.9960468411445618,0.003953089471906424
Lung_Dx-A0234,0,0.9973217844963074,0.0026782178319990635
Lung_Dx-A0234,0,0.9980161190032959,0.0019839033484458923
Lung_Dx-A0234,0,0.9999724626541138,2.7535692424862646e-05
Lung_Dx-A0234,0,0.9840323328971863,0.015967654064297676
Lung_Dx-A0234,0,0.9920926690101624,0.007907291874289513
Lung_Dx-A0234,0,0.9988259673118591,0.0011740823974832892
Lung_Dx-A0234,0,0.9939378499984741,0.006062155123800039
Lung_Dx-A0234,0,0.9938787817955017,0.0061212810687720776
Lung_Dx-A0234,0,0.9645559191703796,0.03544410318136215
Lung_Dx-A0234,0,0.9988991022109985,0.0011008767178282142
Lung_Dx-A0234,0,0.9836441874504089,0.016355833038687706
Lung_Dx-A0234,0,0.9812927842140198,0.01870722882449627
Lung_Dx-A0234,0,0.8164795637130737,0.18352043628692627
Lung_Dx-A0234,0,0.978156328201294,0.02184367924928665
Lung_Dx-A0234,0,0.993561863899231,0.0064381021074950695
Lung_Dx-A0234,0,0.9377830028533936,0.06221698224544525
Lung_Dx-A0234,0,0.9891815781593323,0.010818447917699814
Lung_Dx-A0234,0,0.9937222599983215,0.006277706474065781
Lung_Dx-A0234,0,0.9990053772926331,0.0009946650825440884
Lung_Dx-A0234,0,0.9940080642700195,0.005991951562464237
Lung_Dx-A0234,0,0.9625676870346069,0.03743230178952217
Lung_Dx-A0234,0,0.0032350558321923018,0.9967648983001709
Lung_Dx-A0234,0,0.07985372841358185,0.9201462268829346
Lung_Dx-A0234,0,0.039158374071121216,0.9608416557312012
Lung_Dx-A0234,0,0.06810236722230911,0.9318976402282715
Lung_Dx-A0234,0,0.8640238642692566,0.13597612082958221
Lung_Dx-A0234,0,0.9993384480476379,0.000661517377011478
Lung_Dx-A0234,0,0.9979089498519897,0.0020911062601953745
Lung_Dx-A0234,0,0.845432698726654,0.15456733107566833
Lung_Dx-A0234,0,0.9992237091064453,0.0007763300091028214
Lung_Dx-A0234,0,0.9989797472953796,0.0010202174307778478
Lung_Dx-A0234,0,0.9994471669197083,0.000552778597921133
Lung_Dx-A0234,0,0.5703462958335876,0.42965370416641235
Lung_Dx-A0234,0,0.26383641362190247,0.7361635565757751
Lung_Dx-A0234,0,0.2177530974149704,0.7822469472885132
Lung_Dx-A0234,0,0.9998633861541748,0.00013658354873768985
Lung_Dx-A0241,0,0.9926683902740479,0.007331598084419966
Lung_Dx-A0241,0,0.9997909665107727,0.00020906499412376434
Lung_Dx-A0241,0,0.9564718008041382,0.04352813959121704
Lung_Dx-A0241,0,0.9465473294258118,0.05345271900296211
Lung_Dx-A0241,0,0.9999001026153564,9.99303229036741e-05
Lung_Dx-A0241,0,0.9993563294410706,0.00064368563471362
Lung_Dx-A0241,0,0.9999977350234985,2.3229827093018685e-06
Lung_Dx-A0241,0,0.9999963045120239,3.697638476296561e-06
Lung_Dx-A0241,0,0.9999395608901978,6.0376889450708404e-05
Lung_Dx-A0241,0,0.9990490078926086,0.0009510131203569472
Lung_Dx-A0241,0,0.9987429976463318,0.0012570442631840706
Lung_Dx-A0241,0,0.9980429410934448,0.001957016997039318
Lung_Dx-A0241,0,0.9996064305305481,0.0003935755812563002
Lung_Dx-A0241,0,0.9999896287918091,1.032978525472572e-05
Lung_Dx-A0241,0,0.9998606443405151,0.0001392770209349692
Lung_Dx-A0241,0,0.9998726844787598,0.00012731103925034404
Lung_Dx-A0241,0,0.9421884417533875,0.057811614125967026
Lung_Dx-A0241,0,0.825659990310669,0.17433996498584747
Lung_Dx-A0241,0,0.5142707228660583,0.48572924733161926
Lung_Dx-A0241,0,0.943295419216156,0.05670464038848877
Lung_Dx-A0241,0,0.956063449382782,0.043936535716056824
Lung_Dx-A0241,0,0.9967711567878723,0.0032287640497088432
Lung_Dx-A0241,0,0.9527941942214966,0.04720576852560043
Lung_Dx-A0241,0,0.6374822854995728,0.36251774430274963
Lung_Dx-A0241,0,0.06554500013589859,0.9344549775123596
Lung_Dx-A0241,0,0.869548499584198,0.1304514855146408
Lung_Dx-A0241,0,0.5076593160629272,0.49234068393707275
Lung_Dx-A0241,0,0.9853702783584595,0.014629741199314594
Lung_Dx-A0241,0,0.9993345141410828,0.0006654022727161646
Lung_Dx-A0241,0,0.9963994026184082,0.0036006029695272446
Lung_Dx-A0241,0,0.9944880604743958,0.005511933472007513
Lung_Dx-A0241,0,0.9972955584526062,0.002704429440200329
Lung_Dx-A0241,0,0.878679096698761,0.1213209256529808
Lung_Dx-A0241,0,0.5093830227851868,0.49061694741249084
Lung_Dx-A0241,0,0.028625505045056343,0.9713745713233948
Lung_Dx-A0241,0,0.17252008616924286,0.827479898929596
Lung_Dx-A0241,0,0.47528377175331116,0.5247162580490112
Lung_Dx-A0241,0,0.28254249691963196,0.7174575328826904
Lung_Dx-A0241,0,0.3419669568538666,0.6580330729484558
Lung_Dx-A0241,0,0.490578830242157,0.509421169757843
Lung_Dx-A0241,0,0.8474634885787964,0.1525365114212036
Lung_Dx-A0241,0,0.6788594722747803,0.3211405873298645
Lung_Dx-A0241,0,0.8729984164237976,0.1270015686750412
Lung_Dx-A0241,0,0.8774768114089966,0.12252321094274521
Lung_Dx-A0241,0,0.15450352430343628,0.845496416091919
Lung_Dx-A0241,0,0.9517737030982971,0.04822634533047676
Lung_Dx-A0241,0,0.9038048982620239,0.09619516879320145
Lung_Dx-A0241,0,0.9437118172645569,0.05628819763660431
Lung_Dx-A0241,0,0.8144221305847168,0.18557792901992798
Lung_Dx-A0241,0,0.4319435656070709,0.5680564045906067
Lung_Dx-A0241,0,0.9901782274246216,0.009821793995797634
Lung_Dx-A0241,0,0.9995850920677185,0.0004148787120357156
Lung_Dx-A0241,0,0.9999678134918213,3.21923362207599e-05
Lung_Dx-A0241,0,0.998039186000824,0.001960835652425885
Lung_Dx-A0241,0,0.9999610185623169,3.898308568750508e-05
Lung_Dx-A0241,0,0.9998300075531006,0.0001699752756394446
Lung_Dx-A0241,0,0.8614217042922974,0.13857834041118622
Lung_Dx-A0241,0,0.9868026375770569,0.013197362422943115
Lung_Dx-A0241,0,0.8101035952568054,0.1898963749408722
Lung_Dx-A0241,0,0.9926967024803162,0.007303223479539156
Lung_Dx-A0241,0,0.9998273253440857,0.000172651547472924
Lung_Dx-A0241,0,0.9999953508377075,4.637873189494712e-06
Lung_Dx-A0241,0,0.9998292922973633,0.00017064041458070278
Lung_Dx-A0241,0,0.999024510383606,0.0009754452621564269
Lung_Dx-A0241,0,0.9906056523323059,0.009394396096467972
Lung_Dx-A0241,0,0.9790157079696655,0.020984293892979622
Lung_Dx-A0241,0,0.9911354780197144,0.00886449869722128
Lung_Dx-A0252,0,0.9719924926757812,0.028007520362734795
Lung_Dx-A0252,0,0.8238250017166138,0.17617498338222504
Lung_Dx-A0252,0,0.9882676005363464,0.011732465587556362
Lung_Dx-A0252,0,0.9999581575393677,4.182262273388915e-05
Lung_Dx-A0252,0,0.9999847412109375,1.5266357877408154e-05
Lung_Dx-A0252,0,0.9999479055404663,5.204856279306114e-05
Lung_Dx-A0252,0,0.9999896287918091,1.032978525472572e-05
Lung_Dx-A0252,0,0.9999620914459229,3.7931622500764206e-05
Lung_Dx-A0252,0,0.9999946355819702,5.422219146566931e-06
Lung_Dx-A0252,0,0.9999843835830688,1.5567453374387696e-05
Lung_Dx-A0252,0,0.9999978542327881,2.1400323930720333e-06
Lung_Dx-A0252,0,0.9996880292892456,0.0003119780740235001
Lung_Dx-A0252,0,0.9999983310699463,1.6472424704261357e-06
Lung_Dx-A0255,0,0.999480664730072,0.0005193048273213208
Lung_Dx-A0255,0,0.9993423819541931,0.0006576552405022085
Lung_Dx-A0255,0,0.9985505938529968,0.0014493984635919333
Lung_Dx-A0255,0,0.9998766183853149,0.00012339458044152707
Lung_Dx-A0255,0,0.9999600648880005,3.99075033783447e-05
Lung_Dx-A0255,0,0.8378190398216248,0.16218090057373047
Lung_Dx-A0255,0,0.9997712969779968,0.0002287133247591555
Lung_Dx-A0255,0,0.9944666028022766,0.005533387418836355
Lung_Dx-A0255,0,0.9023517370223999,0.09764823317527771
Lung_Dx-A0255,0,0.9989515542984009,0.001048469333909452
Lung_Dx-A0255,0,0.9984299540519714,0.0015700474614277482
Lung_Dx-A0255,0,0.9970707893371582,0.00292924209497869
Lung_Dx-A0255,0,0.9999676942825317,3.2318330340785906e-05
Lung_Dx-A0255,0,0.9999485015869141,5.144221358932555e-05
Lung_Dx-A0255,0,0.9999855756759644,1.4397558516066056e-05
Lung_Dx-A0255,0,0.9918910264968872,0.008108983747661114
Lung_Dx-A0255,0,0.9990673661231995,0.00093263597227633
Lung_Dx-A0255,0,0.9993650317192078,0.0006349506438709795
Lung_Dx-A0255,0,0.995969295501709,0.004030743148177862
Lung_Dx-A0255,0,0.9686195850372314,0.03138043358922005
Lung_Dx-A0255,0,0.9988259673118591,0.0011740823974832892
Lung_Dx-A0255,0,0.6937323808670044,0.3062676191329956
Lung_Dx-A0255,0,0.006145091727375984,0.993854820728302
Lung_Dx-A0255,0,0.8177928328514099,0.1822071373462677
Lung_Dx-A0255,0,0.0015070488443598151,0.998492956161499
Lung_Dx-A0255,0,0.033526163548231125,0.9664738178253174
Lung_Dx-A0255,0,0.21804435551166534,0.7819557189941406
Lung_Dx-A0255,0,0.4061073064804077,0.5938926935195923
Lung_Dx-A0255,0,0.08985311537981033,0.9101468920707703
Lung_Dx-A0255,0,7.141901733120903e-05,0.9999285936355591
Lung_Dx-A0255,0,0.000539980421308428,0.9994600415229797
Lung_Dx-A0255,0,0.10965808480978012,0.8903418779373169
Lung_Dx-A0255,0,0.4931034743785858,0.5068965554237366
Lung_Dx-A0255,0,0.2853221595287323,0.7146778106689453
Lung_Dx-A0255,0,0.8821743130683899,0.11782566457986832
Lung_Dx-A0255,0,0.6676218509674072,0.3323781192302704
Lung_Dx-A0255,0,0.4289807975292206,0.5710192322731018
Lung_Dx-A0255,0,0.06847517192363739,0.9315248131752014
Lung_Dx-A0255,0,0.943295419216156,0.05670464038848877
Lung_Dx-A0255,0,0.8501578569412231,0.14984211325645447
Lung_Dx-A0255,0,0.6302298903465271,0.3697701096534729
Lung_Dx-A0255,0,0.01930808648467064,0.9806919097900391
Lung_Dx-A0255,0,0.12189465016126633,0.8781053423881531
Lung_Dx-A0255,0,0.5759159922599792,0.42408400774002075
Lung_Dx-A0255,0,0.02076473832130432,0.9792352318763733
Lung_Dx-A0255,0,0.3584933876991272,0.6415066123008728
Lung_Dx-A0255,0,0.00043393249507062137,0.9995660185813904
Lung_Dx-A0255,0,0.08229081332683563,0.9177091717720032
Lung_Dx-A0255,0,0.009802816435694695,0.9901971817016602
Lung_Dx-A0255,0,0.024353383108973503,0.9756466746330261
Lung_Dx-A0255,0,0.998504638671875,0.0014953383943066
Lung_Dx-A0255,0,0.974190354347229,0.025809621438384056
Lung_Dx-A0255,0,0.9985619187355042,0.001438135514035821
Lung_Dx-A0255,0,0.85542893409729,0.14457103610038757
Lung_Dx-A0255,0,0.06976323574781418,0.9302367568016052
Lung_Dx-A0255,0,0.26210927963256836,0.7378907203674316
Lung_Dx-A0255,0,0.42500850558280945,0.5749915242195129
Lung_Dx-A0255,0,0.12320729345083237,0.8767926692962646
Lung_Dx-A0255,0,0.17085357010364532,0.8291464447975159
Lung_Dx-A0255,0,0.16681109368801117,0.8331889510154724
Lung_Dx-A0255,0,0.31218650937080383,0.6878135204315186
Lung_Dx-A0255,0,0.9641192555427551,0.03588069602847099
Lung_Dx-A0255,0,0.9094657301902771,0.0905342623591423
Lung_Dx-A0255,0,0.37711045145988464,0.622889518737793
Lung_Dx-A0255,0,0.23059473931789398,0.7694053053855896
Lung_Dx-A0255,0,0.5454067587852478,0.4545932114124298
Lung_Dx-A0255,0,0.9063634872436523,0.09363655745983124
Lung_Dx-A0255,0,0.2034502476453781,0.7965497374534607
Lung_Dx-A0255,0,0.032961245626211166,0.9670388102531433
Lung_Dx-A0255,0,0.005730246659368277,0.9942697286605835
Lung_Dx-A0255,0,0.0031726830638945103,0.9968273043632507
Lung_Dx-A0255,0,0.12857984006404877,0.8714202046394348
Lung_Dx-A0255,0,0.42901068925857544,0.5709893107414246
Lung_Dx-A0255,0,0.525551438331604,0.4744485318660736
Lung_Dx-A0255,0,0.9161471724510193,0.0838528722524643
Lung_Dx-A0255,0,0.9894702434539795,0.010529711842536926
Lung_Dx-A0255,0,0.9685600996017456,0.031439851969480515
Lung_Dx-A0255,0,0.9587699174880981,0.04123002290725708
Lung_Dx-A0255,0,0.9962564706802368,0.0037434976547956467
Lung_Dx-A0255,0,0.8016642332077026,0.19833576679229736
Lung_Dx-A0255,0,0.7996379733085632,0.20036202669143677
Lung_Dx-A0255,0,0.5114725828170776,0.48852741718292236
Lung_Dx-A0255,0,0.9426124691963196,0.05738753452897072
Lung_Dx-A0255,0,0.9970765113830566,0.0029235430993139744
Lung_Dx-A0255,0,0.9872158169746399,0.012784186750650406
Lung_Dx-A0255,0,0.9993712306022644,0.000628784007858485
Lung_Dx-A0255,0,0.9970014691352844,0.0029984985012561083
Lung_Dx-A0255,0,0.9992848038673401,0.0007152323960326612
Lung_Dx-A0255,0,0.9985449314117432,0.0014550627674907446
Lung_Dx-A0255,0,0.9864808320999146,0.01351911947131157
Lung_Dx-A0255,0,0.9759693741798401,0.024030638858675957
Lung_Dx-A0255,0,0.8114519715309143,0.1885479837656021
Lung_Dx-A0255,0,0.4849593937397003,0.5150406360626221
Lung_Dx-A0255,0,0.39024344086647034,0.6097565293312073
Lung_Dx-A0255,0,0.09653530269861221,0.903464674949646
Lung_Dx-A0255,0,0.8499711751937866,0.15002882480621338
Lung_Dx-A0255,0,0.4832216203212738,0.5167783498764038
Lung_Dx-A0255,0,0.8996515870094299,0.10034841299057007
Lung_Dx-A0255,0,0.6160122752189636,0.3839877247810364
Lung_Dx-A0255,0,0.0005647764774039388,0.9994352459907532
Lung_Dx-A0255,0,0.001536727068014443,0.9984632730484009
Lung_Dx-A0255,0,0.06394842267036438,0.936051607131958
Lung_Dx-A0255,0,0.27542194724082947,0.7245780229568481
Lung_Dx-A0255,0,0.20689405500888824,0.793105959892273
Lung_Dx-A0255,0,0.21255874633789062,0.7874411940574646
Lung_Dx-A0255,0,0.12163356691598892,0.8783664107322693
Lung_Dx-A0255,0,0.9970478415489197,0.002952147973701358
Lung_Dx-A0255,0,0.8167720437049866,0.18322797119617462
Lung_Dx-A0255,0,0.9780517220497131,0.021948255598545074
Lung_Dx-A0255,0,0.9805620312690735,0.01943795196712017
Lung_Dx-A0255,0,0.8743993639945984,0.125600665807724
Lung_Dx-A0255,0,0.9852146506309509,0.014785408042371273
Lung_Dx-A0255,0,0.35387465357780457,0.6461253762245178
Lung_Dx-A0255,0,0.41774648427963257,0.5822535157203674
Lung_Dx-A0255,0,0.24780535697937012,0.7521946430206299
Lung_Dx-A0255,0,0.38185325264930725,0.6181467175483704
Lung_Dx-A0255,0,0.20204928517341614,0.7979507446289062
Lung_Dx-A0255,0,0.4599629342556,0.5400370955467224
Lung_Dx-A0255,0,0.6593229174613953,0.34067708253860474
Lung_Dx-A0255,0,0.748076319694519,0.25192368030548096
Lung_Dx-A0255,0,0.8487842679023743,0.15121571719646454
Lung_Dx-A0262,0,0.4295116066932678,0.5704883337020874
Lung_Dx-A0262,0,0.052960772067308426,0.9470391869544983
Lung_Dx-A0262,0,0.13335877656936646,0.8666412234306335
Lung_Dx-A0262,0,0.07263670116662979,0.9273632764816284
Lung_Dx-A0262,0,0.2979804277420044,0.7020196318626404
Lung_Dx-A0262,0,0.4654482305049896,0.5345517992973328
Lung_Dx-A0262,0,0.5979014039039612,0.4020986258983612
Lung_Dx-A0262,0,0.875361442565918,0.12463856488466263
Lung_Dx-A0262,0,0.8329172730445862,0.16708271205425262
Lung_Dx-A0262,0,0.037256766110658646,0.9627432227134705
Lung_Dx-A0262,0,0.0007598414667882025,0.9992401599884033
Lung_Dx-A0262,0,0.08137363940477371,0.9186264276504517
Lung_Dx-A0262,0,0.7837402820587158,0.21625970304012299
Lung_Dx-A0262,0,0.3648906946182251,0.6351093053817749
Lung_Dx-A0262,0,0.02588338777422905,0.9741166234016418
Lung_Dx-A0262,0,0.006576998624950647,0.9934230446815491
Lung_Dx-A0262,0,0.902995228767395,0.09700477868318558
Lung_Dx-A0262,0,0.9225521683692932,0.07744785398244858
Lung_Dx-A0262,0,0.03035799227654934,0.9696420431137085
Lung_Dx-A0262,0,0.9934865236282349,0.0065134987235069275
Lung_Dx-A0262,0,0.019179068505764008,0.980820894241333
Lung_Dx-A0262,0,0.9728307723999023,0.027169233188033104
Lung_Dx-A0262,0,0.958615243434906,0.04138471558690071
Lung_Dx-A0262,0,0.9828562140464783,0.017143767327070236
Lung_Dx-A0262,0,0.015769395977258682,0.9842305779457092
Lung_Dx-A0262,0,0.9187722206115723,0.08122774958610535
Lung_Dx-A0262,0,0.0002287133247591555,0.9997712969779968
Lung_Dx-A0262,0,0.9414929747581482,0.058507006615400314
Lung_Dx-A0262,0,0.8916696906089783,0.1083303764462471
Lung_Dx-A0262,0,0.9188450574874878,0.08115489780902863
Lung_Dx-A0262,0,0.9547319412231445,0.045268092304468155
Lung_Dx-A0262,0,0.9990072846412659,0.000992726068943739
Lung_Dx-A0262,0,0.3640141785144806,0.635985791683197
Lung_Dx-A0262,0,0.9977172613143921,0.00228277500718832
Lung_Dx-A0262,0,0.9665054082870483,0.033494532108306885
Lung_Dx-A0262,0,0.8802834153175354,0.11971653252840042
Lung_Dx-A0262,0,0.9667888283729553,0.03321116790175438
Lung_Dx-A0262,0,0.9999995231628418,4.888302669314726e-07
Lung_Dx-A0262,0,0.9999868869781494,1.305803561990615e-05
Lung_Dx-A0262,0,0.9999978542327881,2.1233784082141938e-06
Lung_Dx-A0262,0,0.8610715270042419,0.13892842829227448
Lung_Dx-A0262,0,0.930647611618042,0.0693524107336998
Lung_Dx-A0262,0,0.9184070825576782,0.08159290254116058
Lung_Dx-A0262,0,0.9444336295127869,0.05556634068489075
Lung_Dx-A0262,0,0.9843964576721191,0.015603532083332539
Lung_Dx-A0262,0,0.9963071346282959,0.0036928525660187006
Lung_Dx-A0262,0,0.975923478603363,0.024076487869024277
Lung_Dx-A0262,0,0.9709368348121643,0.029063189402222633
Lung_Dx-A0262,0,0.9349913001060486,0.0650087371468544
Lung_Dx-A0262,0,0.9880388379096985,0.01196109876036644
Lung_Dx-A0262,0,0.9983834028244019,0.0016166501445695758
Lung_Dx-A0262,0,0.9898107051849365,0.010189337655901909
Lung_Dx-A0262,0,0.9809491038322449,0.019050899893045425
Lung_Dx-A0262,0,0.6976089477539062,0.3023911118507385
Lung_Dx-A0262,0,0.9894499182701111,0.010550080798566341
Lung_Dx-A0262,0,0.9909096360206604,0.009090383537113667
Lung_Dx-A0262,0,0.9844563603401184,0.015543648041784763
Lung_Dx-A0262,0,0.7981081008911133,0.20189188420772552
Lung_Dx-A0262,0,0.9909622073173523,0.009037754498422146
Lung_Dx-A0262,0,0.9868026375770569,0.013197362422943115
Lung_Dx-A0262,0,0.08993301540613174,0.9100669622421265
Lung_Dx-A0262,0,0.03126191347837448,0.9687380790710449
Lung_Dx-A0262,0,0.0005122569273225963,0.9994877576828003
Lung_Dx-A0262,0,0.0004747042548842728,0.9995253086090088
Lung_Dx-G0033,1,0.41908320784568787,0.5809167623519897
Lung_Dx-G0033,1,0.8819711804389954,0.11802882701158524
Lung_Dx-G0033,1,0.9995908141136169,0.0004092474700883031
Lung_Dx-G0033,1,0.930962085723877,0.06903792917728424
Lung_Dx-G0033,1,0.9992985725402832,0.0007014083093963563
Lung_Dx-G0033,1,0.9999969005584717,3.0774497190577677e-06
Lung_Dx-G0033,1,0.9999995231628418,5.326970722308033e-07
Lung_Dx-G0033,1,0.9999974966049194,2.5314423055533553e-06
Lung_Dx-G0033,1,0.9995635151863098,0.00043648143764585257
Lung_Dx-G0033,1,0.9998557567596436,0.0001442598586436361
Lung_Dx-G0033,1,0.9998273253440857,0.000172651547472924
Lung_Dx-G0033,1,0.9999842643737793,1.575095666339621e-05
Lung_Dx-G0033,1,0.9996646642684937,0.00033535013790242374
Lung_Dx-G0033,1,0.9996812343597412,0.0003187510883435607
Lung_Dx-G0033,1,0.9999371767044067,6.278188084252179e-05
Lung_Dx-G0033,1,0.9394150376319885,0.06058494374155998
Lung_Dx-G0033,1,0.9937950372695923,0.00620502233505249
Lung_Dx-G0033,1,0.7128322720527649,0.2871677279472351
Lung_Dx-G0033,1,0.7431679368019104,0.2568320035934448
Lung_Dx-G0033,1,0.970520555973053,0.029479406774044037
Lung_Dx-G0033,1,0.4293396770954132,0.5706603527069092
Lung_Dx-G0033,1,0.8775293231010437,0.12247073650360107
Lung_Dx-G0033,1,0.7043635845184326,0.29563647508621216
Lung_Dx-G0033,1,0.687734842300415,0.3122651278972626
Lung_Dx-G0033,1,0.25478699803352356,0.7452130317687988
Lung_Dx-G0033,1,0.10502681136131287,0.8949732184410095
Lung_Dx-G0033,1,0.6311965584754944,0.3688034415245056
Lung_Dx-G0033,1,0.6379335522651672,0.36206647753715515
Lung_Dx-G0033,1,0.4628220498561859,0.5371779799461365
Lung_Dx-G0033,1,0.5153149962425232,0.48468494415283203
Lung_Dx-G0033,1,0.3504769504070282,0.6495230197906494
Lung_Dx-G0033,1,0.04088399186730385,0.9591160416603088
Lung_Dx-G0033,1,0.008445627987384796,0.9915544390678406
Lung_Dx-G0033,1,0.0011902251280844212,0.998809814453125
Lung_Dx-G0033,1,0.021677378565073013,0.9783226251602173
Lung_Dx-G0033,1,0.012527933344244957,0.9874721169471741
Lung_Dx-G0033,1,0.1464530974626541,0.8535469174385071
Lung_Dx-G0033,1,0.0003288659790996462,0.9996711015701294
Lung_Dx-G0033,1,0.00019563533714972436,0.9998044371604919
Lung_Dx-G0033,1,0.050893720239400864,0.9491062164306641
Lung_Dx-G0033,1,0.000893445685505867,0.9991065859794617
Lung_Dx-G0033,1,0.0010403185151517391,0.9989596605300903
Lung_Dx-G0033,1,0.0031115084420889616,0.9968884587287903
Lung_Dx-G0033,1,0.4387401044368744,0.561259925365448
Lung_Dx-G0033,1,0.19845226407051086,0.8015477657318115
Lung_Dx-G0033,1,0.039750516414642334,0.9602494835853577
Lung_Dx-G0033,1,0.009670993313193321,0.9903290271759033
Lung_Dx-G0033,1,0.014090735465288162,0.9859092831611633
Lung_Dx-G0033,1,0.9960082769393921,0.0039917281828820705
Lung_Dx-G0033,1,0.10567109286785126,0.8943288922309875
Lung_Dx-G0033,1,0.696526288986206,0.30347371101379395
Lung_Dx-G0033,1,0.7736441493034363,0.22635580599308014
Lung_Dx-G0033,1,0.7067979574203491,0.29320207238197327
Lung_Dx-G0033,1,0.9212868809700012,0.07871317118406296
Lung_Dx-G0033,1,0.6758716106414795,0.3241284191608429
Lung_Dx-G0033,1,0.04547959193587303,0.9545204043388367
Lung_Dx-G0033,1,0.0021699920762330294,0.9978299736976624
Lung_Dx-G0033,1,0.1892962008714676,0.8107038140296936
Lung_Dx-G0033,1,0.007107631769031286,0.9928923845291138
Lung_Dx-G0033,1,0.0224356260150671,0.9775643944740295
Lung_Dx-G0034,1,0.6444209814071655,0.35557907819747925
Lung_Dx-G0034,1,0.3278296887874603,0.6721703410148621
Lung_Dx-G0034,1,0.5159476399421692,0.4840523600578308
Lung_Dx-G0034,1,0.01745923049747944,0.9825407862663269
Lung_Dx-G0034,1,0.07928157597780228,0.9207183718681335
Lung_Dx-G0034,1,0.0005625758785754442,0.9994373917579651
Lung_Dx-G0034,1,0.0002862945257220417,0.9997137188911438
Lung_Dx-G0034,1,0.1635122001171112,0.8364877700805664
Lung_Dx-G0034,1,0.00339638814330101,0.9966036081314087
Lung_Dx-G0034,1,0.0001719785650493577,0.9998279809951782
Lung_Dx-G0034,1,0.00010270019993185997,0.9998972415924072
Lung_Dx-G0034,1,0.015072628855705261,0.9849274158477783
Lung_Dx-G0034,1,0.0014353332808241248,0.9985646605491638
Lung_Dx-G0034,1,0.0003131987468805164,0.9996868371963501
Lung_Dx-G0034,1,0.002704429440200329,0.9972955584526062
Lung_Dx-G0034,1,0.0006680048536509275,0.9993320107460022
Lung_Dx-G0034,1,0.0037507889792323112,0.996249258518219
Lung_Dx-G0034,1,0.014517544768750668,0.9854824542999268
Lung_Dx-G0034,1,0.01350610051304102,0.9864938259124756
Lung_Dx-G0034,1,0.014700298197567463,0.9852997064590454
Lung_Dx-G0034,1,0.0017961491830646992,0.9982038736343384
Lung_Dx-G0034,1,0.005554925184696913,0.9944451451301575
Lung_Dx-G0034,1,0.0501442514359951,0.9498556852340698
Lung_Dx-G0034,1,0.06596493721008301,0.934035062789917
Lung_Dx-G0034,1,0.012552118860185146,0.9874479174613953
Lung_Dx-G0034,1,0.03158888220787048,0.9684111475944519
Lung_Dx-G0034,1,0.022264916449785233,0.9777350425720215
Lung_Dx-G0034,1,0.12357699871063232,0.8764230012893677
Lung_Dx-G0034,1,0.1932234913110733,0.8067765235900879
Lung_Dx-G0034,1,0.5735067129135132,0.42649325728416443
Lung_Dx-G0034,1,0.49057117104530334,0.5094287991523743
Lung_Dx-G0034,1,0.03753800690174103,0.9624620079994202
Lung_Dx-G0034,1,0.21601153910160065,0.7839884757995605
Lung_Dx-G0034,1,0.0723084807395935,0.9276915192604065
Lung_Dx-G0034,1,0.6654377579689026,0.3345623016357422
Lung_Dx-G0034,1,0.7779753804206848,0.22202469408512115
Lung_Dx-G0034,1,0.954562783241272,0.045437220484018326
Lung_Dx-G0034,1,0.9348130226135254,0.06518703699111938
Lung_Dx-G0034,1,0.8062812089920044,0.19371873140335083
Lung_Dx-G0034,1,0.9862311482429504,0.0137688172981143
Lung_Dx-G0034,1,0.9373829364776611,0.06261702626943588
Lung_Dx-G0034,1,0.9599877595901489,0.04001227021217346
Lung_Dx-G0034,1,0.9762879610061646,0.023712068796157837
Lung_Dx-G0034,1,0.9577940106391907,0.04220600053668022
Lung_Dx-G0034,1,0.9820826053619385,0.017917344346642494
Lung_Dx-G0034,1,0.9230391979217529,0.07696083933115005
Lung_Dx-G0034,1,0.9714287519454956,0.028571246191859245
Lung_Dx-G0034,1,0.9796676635742188,0.020332353189587593
Lung_Dx-G0034,1,0.9205042719841003,0.07949570566415787
Lung_Dx-G0034,1,0.8327133059501648,0.16728666424751282
Lung_Dx-G0034,1,0.958885669708252,0.04111437126994133
Lung_Dx-G0034,1,0.7192357778549194,0.28076425194740295
Lung_Dx-G0034,1,0.824037492275238,0.17596246302127838
Lung_Dx-G0034,1,0.525574266910553,0.474425733089447
Lung_Dx-G0034,1,0.8744529485702515,0.12554703652858734
Lung_Dx-G0034,1,0.9052385687828064,0.0947614461183548
Lung_Dx-G0034,1,0.8638516664505005,0.13614831864833832
Lung_Dx-G0034,1,0.8608962297439575,0.1391037553548813
Lung_Dx-G0034,1,0.939581573009491,0.060418423265218735
Lung_Dx-G0034,1,0.9796676635742188,0.020332353189587593
Lung_Dx-G0034,1,0.9851003289222717,0.014899643138051033
Lung_Dx-G0034,1,0.4657519459724426,0.5342480540275574
Lung_Dx-G0034,1,0.6046615839004517,0.3953384459018707
Lung_Dx-G0034,1,0.9387446641921997,0.06125536188483238
Lung_Dx-G0034,1,0.9287972450256348,0.07120272517204285
Lung_Dx-G0034,1,0.23458193242549896,0.7654179930686951
Lung_Dx-G0034,1,0.010328153148293495,0.9896718263626099
Lung_Dx-G0034,1,0.03912164270877838,0.960878312587738
Lung_Dx-G0034,1,0.04676847532391548,0.9532315135002136
Lung_Dx-G0034,1,0.14959348738193512,0.8504065275192261
Lung_Dx-G0034,1,0.04220600053668022,0.9577940106391907
Lung_Dx-G0034,1,0.06354045122861862,0.9364595413208008
Lung_Dx-G0034,1,0.22927626967430115,0.7707237601280212
Lung_Dx-G0034,1,0.6730304956436157,0.3269694745540619
Lung_Dx-G0034,1,0.8175744414329529,0.18242551386356354
Lung_Dx-G0034,1,0.920647144317627,0.07935290038585663
Lung_Dx-G0034,1,0.7142794132232666,0.2857206165790558
Lung_Dx-G0034,1,0.9650533199310303,0.03494669869542122
Lung_Dx-G0034,1,0.9639838933944702,0.0360160693526268
Lung_Dx-G0043,1,0.00020906499412376434,0.9997909665107727
Lung_Dx-G0043,1,0.00015843621804378927,0.999841570854187
Lung_Dx-G0043,1,0.028034118935465813,0.9719659090042114
Lung_Dx-G0043,1,0.01598300412297249,0.9840169548988342
Lung_Dx-G0043,1,0.5649537444114685,0.4350462555885315
Lung_Dx-G0043,1,0.07668379694223404,0.9233161807060242
Lung_Dx-G0043,1,0.00038899207720533013,0.9996110796928406
Lung_Dx-G0043,1,0.005395408719778061,0.9946046471595764
Lung_Dx-G0043,1,0.003664220217615366,0.9963357448577881
Lung_Dx-G0043,1,0.9678993225097656,0.03210070729255676
Lung_Dx-G0043,1,0.9689444899559021,0.031055551022291183
Lung_Dx-G0043,1,0.9949592351913452,0.005040702875703573
Lung_Dx-G0043,1,0.9961305856704712,0.0038693908136337996
Lung_Dx-G0043,1,0.9914721846580505,0.008527800440788269
Lung_Dx-G0043,1,0.9971990585327148,0.0028009270317852497
Lung_Dx-G0043,1,0.9252299070358276,0.07477004081010818
Lung_Dx-G0043,1,0.9954350590705872,0.004564980510622263
Lung_Dx-G0043,1,0.8905800580978394,0.10941995680332184
Lung_Dx-G0043,1,0.8233283758163452,0.1766716092824936
Lung_Dx-G0043,1,0.310380756855011,0.689619243144989
Lung_Dx-G0043,1,0.06891250610351562,0.9310875535011292
Lung_Dx-G0043,1,0.3449949324131012,0.6550050973892212
Lung_Dx-G0043,1,0.39326852560043335,0.6067315340042114
Lung_Dx-G0043,1,0.0120537793263793,0.9879462122917175
Lung_Dx-G0043,1,0.0271176565438509,0.9728823304176331
Lung_Dx-G0043,1,0.09501304477453232,0.9049869179725647
Lung_Dx-G0043,1,0.04054073989391327,0.9594592452049255
Lung_Dx-G0043,1,0.03711691126227379,0.9628831148147583
Lung_Dx-G0043,1,0.002182716503739357,0.9978172779083252
Lung_Dx-G0043,1,0.005641908850520849,0.9943581223487854
Lung_Dx-G0043,1,0.016059981659054756,0.9839400053024292
Lung_Dx-G0043,1,0.776707649230957,0.22329238057136536
Lung_Dx-G0043,1,0.18039526045322418,0.819604754447937
Lung_Dx-G0043,1,0.7889086008071899,0.21109139919281006
Lung_Dx-G0043,1,0.4593414068222046,0.5406585931777954
Lung_Dx-G0043,1,0.0005781619693152606,0.9994218349456787
Lung_Dx-G0043,1,0.029873093590140343,0.9701269268989563
Lung_Dx-G0043,1,0.42292168736457825,0.5770783424377441
Lung_Dx-G0043,1,0.7037531137466431,0.29624688625335693
Lung_Dx-G0043,1,0.9393594861030579,0.06064055114984512
Lung_Dx-G0043,1,0.988469660282135,0.011530389077961445
Lung_Dx-G0044,1,0.9914058446884155,0.008594110608100891
Lung_Dx-G0044,1,0.9952724575996399,0.004727549850940704
Lung_Dx-G0044,1,0.9994081258773804,0.0005918645765632391
Lung_Dx-G0044,1,0.9999854564666748,1.4510476830764674e-05
Lung_Dx-G0044,1,0.9999549388885498,4.5044595026411116e-05
Lung_Dx-G0044,1,0.999992847442627,7.183260549936676e-06
Lung_Dx-G0044,1,0.9702399373054504,0.029760094359517097
Lung_Dx-G0044,1,0.9824568033218384,0.017543187364935875
Lung_Dx-G0044,1,0.9986801743507385,0.0013198636006563902
Lung_Dx-G0044,1,0.9877822995185852,0.012217681854963303
Lung_Dx-G0044,1,0.8283842206001282,0.1716158092021942
Lung_Dx-G0044,1,0.8941442370414734,0.10585582256317139
Lung_Dx-G0044,1,0.7614498138427734,0.23855021595954895
Lung_Dx-G0044,1,0.4788106381893158,0.5211893916130066
Lung_Dx-G0044,1,0.6658995747566223,0.3341004252433777
Lung_Dx-G0044,1,0.9320214986801147,0.06797852367162704
Lung_Dx-G0044,1,0.04633503779768944,0.953665018081665
Lung_Dx-G0044,1,0.8539736866950989,0.1460263580083847
Lung_Dx-G0044,1,0.017900168895721436,0.9820998907089233
Lung_Dx-G0044,1,0.005374487489461899,0.9946255087852478
Lung_Dx-G0044,1,0.46840307116508484,0.5315968990325928
Lung_Dx-G0044,1,0.3046102523803711,0.6953898072242737
Lung_Dx-G0044,1,0.02122640050947666,0.9787736535072327
Lung_Dx-G0044,1,0.4188157618045807,0.5811842083930969
Lung_Dx-G0044,1,0.04157886654138565,0.9584211707115173
Lung_Dx-G0044,1,0.1882493495941162,0.811750590801239
Lung_Dx-G0044,1,0.9992475509643555,0.0007524627144448459
Lung_Dx-G0044,1,0.9999728202819824,2.721490091062151e-05
Lung_Dx-G0044,1,0.9964756369590759,0.003524340922012925
Lung_Dx-G0044,1,0.9909971952438354,0.009002837352454662
Lung_Dx-G0044,1,0.7884203195571899,0.21157968044281006
Lung_Dx-G0044,1,0.9522643685340881,0.047735653817653656
Lung_Dx-A0165,0,0.9941574335098267,0.005842605605721474
Lung_Dx-A0165,0,0.9829874038696289,0.01701262593269348
Lung_Dx-A0165,0,0.9859634041786194,0.014036569744348526
Lung_Dx-A0165,0,0.9937829375267029,0.0062170778401196
Lung_Dx-A0165,0,0.9708540439605713,0.029145972803235054
Lung_Dx-A0165,0,0.934035062789917,0.06596493721008301
Lung_Dx-A0165,0,0.9677472114562988,0.03225276619195938
Lung_Dx-A0165,0,0.9913892149925232,0.008610767312347889
Lung_Dx-A0165,0,0.9830850958824158,0.016914913430809975
Lung_Dx-A0165,0,0.9361100196838379,0.0638899877667427
Lung_Dx-A0165,0,0.8915280699729919,0.10847194492816925
Lung_Dx-A0165,0,0.9947493672370911,0.005250641144812107
Lung_Dx-A0165,0,0.9934357404708862,0.0065642488189041615
Lung_Dx-A0165,0,0.9825742840766907,0.01742575690150261
Lung_Dx-A0165,0,0.9904035329818726,0.009596454910933971
Lung_Dx-A0165,0,0.9803937673568726,0.019606182351708412
Lung_Dx-A0165,0,0.842020571231842,0.15797939896583557
Lung_Dx-A0165,0,0.9272316098213196,0.07276838272809982
Lung_Dx-A0165,0,0.9923192858695984,0.007680746726691723
Lung_Dx-A0165,0,0.9845606088638306,0.015439390204846859
Lung_Dx-A0165,0,0.9760608077049255,0.023939194157719612
Lung_Dx-A0165,0,0.9812389612197876,0.018761085346341133
Lung_Dx-A0165,0,0.9829055070877075,0.01709447242319584
Lung_Dx-A0165,0,0.9782188534736633,0.02178117260336876
Lung_Dx-A0165,0,0.9897513389587402,0.01024860143661499
Lung_Dx-A0165,0,0.9898107051849365,0.010189337655901909
Lung_Dx-A0165,0,0.9845160245895386,0.015483987517654896
Lung_Dx-A0173,0,0.9654788970947266,0.034521058201789856
Lung_Dx-A0173,0,0.6486889719963074,0.351311057806015
Lung_Dx-A0173,0,0.9178565740585327,0.08214343339204788
Lung_Dx-A0173,0,0.9903476238250732,0.009652304463088512
Lung_Dx-A0173,0,0.9998584985733032,0.0001414700091117993
Lung_Dx-A0173,0,0.9996607303619385,0.00033930176869034767
Lung_Dx-A0173,0,0.9989637136459351,0.0010362669127061963
Lung_Dx-A0173,0,0.9917803406715393,0.00821969285607338
Lung_Dx-A0173,0,0.9961755275726318,0.003824483836069703
Lung_Dx-A0173,0,0.9933717250823975,0.006628239527344704
Lung_Dx-A0173,0,0.9934865236282349,0.0065134987235069275
Lung_Dx-A0173,0,0.9988190531730652,0.0011809737188741565
Lung_Dx-A0173,0,0.9982826709747314,0.0017173837404698133
Lung_Dx-A0173,0,0.9990818500518799,0.0009181901696138084
Lung_Dx-A0173,0,0.9944880604743958,0.005511933472007513
Lung_Dx-A0173,0,0.9867772459983826,0.013222822919487953
Lung_Dx-A0173,0,0.9889918565750122,0.0110081871971488
Lung_Dx-A0173,0,0.9975985884666443,0.0024014052469283342
Lung_Dx-A0173,0,0.9988730549812317,0.0011269539827480912
Lung_Dx-A0173,0,0.9978172779083252,0.002182716503739357
Lung_Dx-A0173,0,0.9904035329818726,0.009596454910933971
Lung_Dx-A0173,0,0.9993845224380493,0.0006154272705316544
Lung_Dx-A0173,0,0.999376118183136,0.0006238938658498228
Lung_Dx-A0173,0,0.9995496869087219,0.0004503306117840111
Lung_Dx-A0173,0,0.9995694756507874,0.0004305570910219103
Lung_Dx-A0173,0,0.9988327622413635,0.0011672308901324868
Lung_Dx-A0173,0,0.9993724226951599,0.0006275578052736819
Lung_Dx-A0173,0,0.9997507929801941,0.00024923254386521876
Lung_Dx-A0173,0,0.9986409544944763,0.001359049929305911
Lung_Dx-A0173,0,0.9982282519340515,0.001771802781149745
Lung_Dx-A0173,0,0.9957601428031921,0.004239825066179037
Lung_Dx-A0173,0,0.9980505704879761,0.0019494020380079746
Lung_Dx-A0173,0,0.9984299540519714,0.0015700474614277482
Lung_Dx-A0173,0,0.999184787273407,0.0008151457295753062
Lung_Dx-A0173,0,0.9998511075973511,0.00014883847325108945
Lung_Dx-A0173,0,0.9989896416664124,0.0010103128151968122
Lung_Dx-A0173,0,0.9999744892120361,2.5466402803431265e-05
Lung_Dx-A0173,0,0.9998717308044434,0.00012830943160224706
Lung_Dx-A0173,0,0.999819815158844,0.00018023050506599247
Lung_Dx-A0173,0,0.9999891519546509,1.086788597604027e-05
Lung_Dx-A0173,0,0.9826908707618713,0.017309095710515976
Lung_Dx-A0173,0,0.9998260140419006,0.00017400544311385602
Lung_Dx-A0173,0,0.9990924596786499,0.0009075026027858257
Lung_Dx-A0173,0,0.9981756210327148,0.0018243828089907765
Lung_Dx-A0173,0,0.9695844650268555,0.03041553497314453
Lung_Dx-A0173,0,0.9972955584526062,0.002704429440200329
Lung_Dx-A0173,0,0.9965233206748962,0.003476650919765234
Lung_Dx-A0173,0,0.9907498955726624,0.009250096045434475
Lung_Dx-A0173,0,0.9939730763435364,0.006026952061802149
Lung_Dx-A0173,0,0.9985363483428955,0.0014636012492701411
Lung_Dx-A0174,0,0.9981613755226135,0.0018386653391644359
Lung_Dx-A0174,0,0.990678071975708,0.00932196993380785
Lung_Dx-A0174,0,0.9986801743507385,0.0013198636006563902
Lung_Dx-A0174,0,0.9974689483642578,0.0025311114732176065
Lung_Dx-A0174,0,0.9977699518203735,0.0022300120908766985
Lung_Dx-A0174,0,0.9995618462562561,0.00043818907579407096
Lung_Dx-A0174,0,0.9996976852416992,0.0003023824538104236
Lung_Dx-A0174,0,0.9997748732566833,0.00022516825993079692
Lung_Dx-A0174,0,0.999480664730072,0.0005193048273213208
Lung_Dx-A0174,0,0.9984391331672668,0.001560889300890267
Lung_Dx-A0174,0,0.9932156205177307,0.006784358527511358
Lung_Dx-A0174,0,0.9989718198776245,0.0010282108560204506
Lung_Dx-A0174,0,0.9418148994445801,0.05818508565425873
Lung_Dx-A0174,0,0.9903290271759033,0.009670993313193321
Lung_Dx-A0174,0,0.9928091764450073,0.007190811913460493
Lung_Dx-A0174,0,0.9731132388114929,0.026886742562055588
Lung_Dx-A0174,0,0.9987792372703552,0.001220795325934887
Lung_Dx-A0174,0,0.998217761516571,0.001782196224667132
Lung_Dx-A0174,0,0.9968396425247192,0.0031603528186678886
Lung_Dx-A0174,0,0.9996880292892456,0.0003119780740235001
Lung_Dx-A0174,0,0.9994877576828003,0.0005122569273225963
Lung_Dx-A0174,0,0.9936610460281372,0.006338921375572681
Lung_Dx-A0174,0,0.9960159659385681,0.003983970265835524
Lung_Dx-A0174,0,0.9930693507194519,0.006930672097951174
Lung_Dx-A0174,0,0.9997382760047913,0.0002617008285596967
Lung_Dx-A0174,0,0.9988574981689453,0.0011424494441598654
Lung_Dx-A0176,0,0.9909096360206604,0.009090383537113667
Lung_Dx-A0176,0,0.9999649524688721,3.5081120586255565e-05
Lung_Dx-A0176,0,0.9998051524162292,0.00019487277313601226
Lung_Dx-A0176,0,0.9990434050559998,0.0009565964573994279
Lung_Dx-A0176,0,0.9993650317192078,0.0006349506438709795
Lung_Dx-A0176,0,0.998472273349762,0.0015277628554031253
Lung_Dx-A0176,0,0.9884026646614075,0.011597362346947193
Lung_Dx-A0176,0,0.9978925585746765,0.0021074723917990923
Lung_Dx-A0176,0,0.9767580628395081,0.023241925984621048
Lung_Dx-A0176,0,0.9989245533943176,0.0010754023678600788
Lung_Dx-A0176,0,0.9830850958824158,0.016914913430809975
Lung_Dx-A0176,0,0.9617859125137329,0.038214150816202164
Lung_Dx-A0176,0,0.983955442905426,0.016044558957219124
Lung_Dx-A0176,0,0.940188467502594,0.05981148034334183
Lung_Dx-A0176,0,0.9916519522666931,0.008348054252564907
Lung_Dx-A0176,0,0.9783226251602173,0.021677378565073013
Lung_Dx-A0176,0,0.5194908380508423,0.4805091321468353
Lung_Dx-A0176,0,0.9495759606361389,0.05042407289147377
Lung_Dx-A0176,0,0.7629542946815491,0.23704567551612854
Lung_Dx-A0176,0,0.6560525298118591,0.3439474403858185
Lung_Dx-A0176,0,0.853851854801178,0.1461481750011444
Lung_Dx-A0176,0,0.9286032319068909,0.07139670848846436
Lung_Dx-A0176,0,0.9450961351394653,0.054903849959373474
Lung_Dx-A0176,0,0.9942809343338013,0.005719129927456379
Lung_Dx-A0176,0,0.9884918928146362,0.011508150026202202
Lung_Dx-A0176,0,0.9988508224487305,0.0011491554323583841
Lung_Dx-A0176,0,0.9966036081314087,0.00339638814330101
Lung_Dx-A0176,0,0.9928923845291138,0.007107631769031286
Lung_Dx-A0176,0,0.946793794631958,0.053206201642751694
Lung_Dx-A0176,0,0.9991623163223267,0.0008377236081287265
Lung_Dx-A0176,0,0.999840259552002,0.00015967863146215677
Lung_Dx-A0176,0,0.9998089671134949,0.00019110430730506778
Lung_Dx-A0176,0,0.9999814033508301,1.8559108866611496e-05
Lung_Dx-A0176,0,0.9999560117721558,4.400118632474914e-05
Lung_Dx-A0176,0,0.9999738931655884,2.607030728540849e-05
Lung_Dx-A0176,0,0.9998775720596313,0.00012243444507475942
Lung_Dx-A0176,0,0.9964687824249268,0.003531206864863634
Lung_Dx-A0176,0,0.9960927367210388,0.003907214850187302
Lung_Dx-A0176,0,0.9998267292976379,0.0001733271637931466
Lung_Dx-A0178,0,0.9878996014595032,0.012100385501980782
Lung_Dx-A0178,0,0.9856905341148376,0.014309456571936607
Lung_Dx-A0178,0,0.5501542687416077,0.4498457610607147
Lung_Dx-A0178,0,0.8987665772438049,0.10123348236083984
Lung_Dx-A0178,0,0.7192357778549194,0.28076425194740295
Lung_Dx-A0178,0,0.954562783241272,0.045437220484018326
Lung_Dx-A0178,0,0.9554855227470398,0.044514428824186325
Lung_Dx-A0178,0,0.666279673576355,0.333720326423645
Lung_Dx-A0178,0,0.8438951373100281,0.1561049073934555
Lung_Dx-A0178,0,0.3327981233596802,0.6672018766403198
Lung_Dx-A0178,0,0.36658975481987,0.6334102749824524
Lung_Dx-A0178,0,0.1751144677400589,0.8248854875564575
Lung_Dx-A0178,0,0.9828562140464783,0.017143767327070236
Lung_Dx-A0178,0,0.9701551795005798,0.029844803735613823
Lung_Dx-A0178,0,0.37751197814941406,0.6224880218505859
Lung_Dx-A0178,0,0.9026525020599365,0.09734749048948288
Lung_Dx-A0178,0,0.7499122619628906,0.250087708234787
Lung_Dx-A0178,0,0.026405518874526024,0.9735944867134094
Lung_Dx-A0178,0,0.9942697286605835,0.005730246659368277
Lung_Dx-A0178,0,0.9974491000175476,0.0025509123224765062
Lung_Dx-A0178,0,0.9968519806861877,0.0031480705365538597
Lung_Dx-A0178,0,0.5740514993667603,0.42594844102859497
Lung_Dx-A0178,0,0.9969245791435242,0.00307536986656487
Lung_Dx-A0178,0,0.9961381554603577,0.003861870151013136
Lung_Dx-A0178,0,0.994949460029602,0.005050507839769125
Lung_Dx-A0178,0,0.8660192489624023,0.13398076593875885
Lung_Dx-A0178,0,0.9977787137031555,0.00222133775241673
Lung_Dx-A0178,0,0.9992620348930359,0.000737919588573277
Lung_Dx-A0178,0,0.997821569442749,0.002178466646000743
Lung_Dx-A0178,0,0.9981178045272827,0.0018821859266608953
Lung_Dx-A0178,0,0.9992417097091675,0.0007583600236102939
Lung_Dx-A0178,0,0.9992577433586121,0.0007422528578899801
Lung_Dx-A0178,0,0.9999804496765137,1.9525885363691486e-05
Lung_Dx-A0178,0,0.9949100613594055,0.005089918151497841
Lung_Dx-A0178,0,0.9995883107185364,0.0004116513882763684
Lung_Dx-A0178,0,0.9985017776489258,0.0014982576249167323
Lung_Dx-A0178,0,0.9829383492469788,0.017061688005924225
Lung_Dx-A0178,0,0.9973061084747314,0.0026939143426716328
Lung_Dx-A0178,0,0.680082380771637,0.3199176490306854
Lung_Dx-A0178,0,0.9918121099472046,0.008187909610569477
Lung_Dx-A0178,0,0.8315537571907043,0.16844618320465088
Lung_Dx-A0178,0,0.7078845500946045,0.2921154797077179
Lung_Dx-A0178,0,0.9865716695785522,0.01342825498431921
Lung_Dx-A0178,0,0.9792947173118591,0.020705251023173332
Lung_Dx-A0178,0,0.9896518588066101,0.010348135605454445
Lung_Dx-A0178,0,0.09851210564374924,0.9014878869056702
Lung_Dx-A0178,0,0.9872035384178162,0.01279651839286089
Lung_Dx-A0178,0,0.7371581792831421,0.2628418505191803
Lung_Dx-A0178,0,0.9981470108032227,0.0018530595116317272
Lung_Dx-A0178,0,0.9935117363929749,0.0064882696606218815
Lung_Dx-A0178,0,0.6525182127952576,0.34748175740242004
Lung_Dx-A0178,0,0.02380266599357128,0.9761973023414612
Lung_Dx-A0178,0,0.9978552460670471,0.00214476534165442
Lung_Dx-A0178,0,0.8988109230995178,0.10118906199932098
Lung_Dx-A0178,0,0.9995971322059631,0.00040290519245900214
Lung_Dx-A0178,0,0.22042635083198547,0.7795736789703369
Lung_Dx-A0178,0,0.9470881819725037,0.05291181057691574
Lung_Dx-A0178,0,0.9952077269554138,0.004792316816747189
Lung_Dx-A0178,0,0.26189687848091125,0.7381031513214111
Lung_Dx-A0178,0,0.9940428137779236,0.005957154091447592
Lung_Dx-A0178,0,0.9992251396179199,0.0007748163770884275
Lung_Dx-A0178,0,0.9988620281219482,0.001138000632636249
Lung_Dx-A0178,0,0.9997933506965637,0.00020662981842178851
Lung_Dx-A0178,0,0.9998267292976379,0.0001733271637931466
Lung_Dx-A0178,0,0.9971439242362976,0.0028560124337673187
Lung_Dx-A0178,0,0.9997219443321228,0.0002780309587251395
Lung_Dx-A0178,0,0.9825742840766907,0.01742575690150261
Lung_Dx-A0178,0,0.9996402263641357,0.00035976935760118067
Lung_Dx-A0178,0,0.7464625835418701,0.25353744626045227
Lung_Dx-A0181,0,0.9998058676719666,0.00019411317771300673
Lung_Dx-A0181,0,0.9985951781272888,0.0014048678567633033
Lung_Dx-A0181,0,0.9990763664245605,0.0009235808975063264
Lung_Dx-A0181,0,0.9949788451194763,0.0050211502239108086
Lung_Dx-A0181,0,0.9931495785713196,0.006850480102002621
Lung_Dx-A0181,0,0.9867772459983826,0.013222822919487953
Lung_Dx-A0181,0,0.9923341274261475,0.007665874436497688
Lung_Dx-A0181,0,0.9241418242454529,0.07585817575454712
Lung_Dx-A0181,0,0.9108630418777466,0.08913692831993103
Lung_Dx-A0181,0,0.9613164663314819,0.03868349641561508
Lung_Dx-A0181,0,0.9468429088592529,0.05315703526139259
Lung_Dx-A0181,0,0.9024378061294556,0.09756223112344742
Lung_Dx-A0181,0,0.9746044874191284,0.02539546974003315
Lung_Dx-A0181,0,0.9895311594009399,0.01046883873641491
Lung_Dx-A0181,0,0.9566746950149536,0.04332530498504639
Lung_Dx-A0181,0,0.8558511734008789,0.14414885640144348
Lung_Dx-A0181,0,0.32060855627059937,0.6793914437294006
Lung_Dx-A0181,0,0.826641857624054,0.17335817217826843
Lung_Dx-A0181,0,0.9331267476081848,0.06687324494123459
Lung_Dx-A0181,0,0.9599125981330872,0.04008735716342926
Lung_Dx-A0181,0,0.980728805065155,0.019271135330200195
Lung_Dx-A0181,0,0.7853909134864807,0.21460913121700287
Lung_Dx-A0181,0,0.967777669429779,0.03222229704260826
Lung_Dx-A0181,0,0.984605073928833,0.01539491955190897
Lung_Dx-A0181,0,0.975272536277771,0.024727409705519676
Lung_Dx-A0181,0,0.9727790951728821,0.02722090296447277
Lung_Dx-A0181,0,0.9407352805137634,0.05926467105746269
Lung_Dx-A0181,0,0.7191864252090454,0.2808135449886322
Lung_Dx-A0181,0,0.7518303990364075,0.24816958606243134
Lung_Dx-A0181,0,0.7962924242019653,0.2037075310945511
Lung_Dx-A0181,0,0.35277295112609863,0.6472271084785461
Lung_Dx-A0181,0,0.24328267574310303,0.756717324256897
Lung_Dx-A0181,0,0.683498740196228,0.31650128960609436
Lung_Dx-A0181,0,0.6697988510131836,0.3302011787891388
Lung_Dx-A0181,0,0.6969905495643616,0.3030094504356384
Lung_Dx-A0181,0,0.8130158185958862,0.18698419630527496
Lung_Dx-A0181,0,0.9248914122581482,0.07510852813720703
Lung_Dx-A0181,0,0.42347291111946106,0.5765270590782166
Lung_Dx-A0181,0,0.7125323414802551,0.2874676585197449
Lung_Dx-A0181,0,0.9473810195922852,0.052618954330682755
Lung_Dx-A0181,0,0.47260740399360657,0.527392566204071
Lung_Dx-A0181,0,0.8699910044670105,0.13000904023647308
Lung_Dx-A0181,0,0.8088988661766052,0.19110114872455597
Lung_Dx-A0181,0,0.9167081117630005,0.0832919329404831
Lung_Dx-A0181,0,0.8119744062423706,0.1880256086587906
Lung_Dx-A0181,0,0.7830774784088135,0.21692250669002533
Lung_Dx-A0181,0,0.9456508755683899,0.054349105805158615
Lung_Dx-A0181,0,0.19582466781139374,0.8041753768920898
Lung_Dx-A0181,0,0.9759005904197693,0.024099446833133698
Lung_Dx-A0181,0,0.9634374976158142,0.03656250610947609
Lung_Dx-A0181,0,0.10725032538175583,0.8927496671676636
Lung_Dx-A0181,0,0.43779346346855164,0.562206506729126
Lung_Dx-A0181,0,0.9233161807060242,0.07668379694223404
Lung_Dx-A0181,0,0.8593689799308777,0.1406310498714447
Lung_Dx-A0181,0,0.7348812818527222,0.26511871814727783
Lung_Dx-A0181,0,0.9128255248069763,0.08717450499534607
Lung_Dx-A0181,0,0.9394705891609192,0.06052938848733902
Lung_Dx-A0181,0,0.9909622073173523,0.009037754498422146
Lung_Dx-A0181,0,0.9709919095039368,0.029008125886321068
Lung_Dx-A0181,0,0.967625081539154,0.03237491101026535
Lung_Dx-A0189,0,0.9749168753623962,0.025083141401410103
Lung_Dx-A0189,0,0.9559813141822815,0.04401865229010582
Lung_Dx-A0189,0,0.9941232800483704,0.005876737646758556
Lung_Dx-A0189,0,0.992061972618103,0.007937993854284286
Lung_Dx-A0189,0,0.9976949095726013,0.002305125119164586
Lung_Dx-A0189,0,0.9997761845588684,0.0002238530432805419
Lung_Dx-A0189,0,0.998703122138977,0.0012968953233212233
Lung_Dx-A0189,0,0.997104823589325,0.002895213896408677
Lung_Dx-A0189,0,0.8214025497436523,0.17859745025634766
Lung_Dx-A0189,0,0.9948704242706299,0.005129634402692318
Lung_Dx-A0189,0,0.9960004687309265,0.003999501001089811
Lung_Dx-A0189,0,0.9895311594009399,0.01046883873641491
Lung_Dx-A0189,0,0.9936733245849609,0.006326630711555481
Lung_Dx-A0189,0,0.9847962856292725,0.015203663147985935
Lung_Dx-A0189,0,0.9857729077339172,0.014227045699954033
Lung_Dx-A0189,0,0.9949100613594055,0.005089918151497841
Lung_Dx-A0189,0,0.9724147915840149,0.027585284784436226
Lung_Dx-A0189,0,0.9849852323532104,0.01501474715769291
Lung_Dx-A0189,0,0.9787736535072327,0.02122640050947666
Lung_Dx-A0189,0,0.9664421677589417,0.033557817339897156
Lung_Dx-A0189,0,0.9778622388839722,0.0221377182751894
Lung_Dx-A0189,0,0.9745561480522156,0.02544385753571987
Lung_Dx-A0189,0,0.994541347026825,0.00545866135507822
Lung_Dx-A0189,0,0.973869264125824,0.026130756363272667
Lung_Dx-A0189,0,0.9709919095039368,0.029008125886321068
Lung_Dx-A0189,0,0.9949983358383179,0.0050016725435853004
Lung_Dx-A0189,0,0.991635799407959,0.008364237844944
Lung_Dx-A0189,0,0.9890342950820923,0.01096574030816555
Lung_Dx-A0189,0,0.9849852323532104,0.01501474715769291
Lung_Dx-A0189,0,0.9752489924430847,0.0247509703040123
Lung_Dx-A0189,0,0.974628746509552,0.025371313095092773
Lung_Dx-A0189,0,0.9692369103431702,0.030763033777475357
Lung_Dx-A0189,0,0.9722043871879578,0.02779562398791313
Lung_Dx-A0189,0,0.9594972133636475,0.040502771735191345
Lung_Dx-A0189,0,0.9567555785179138,0.04324442148208618
Lung_Dx-A0189,0,0.8740234375,0.12597651779651642
Lung_Dx-A0189,0,0.7964112758636475,0.20358876883983612
Lung_Dx-A0189,0,0.9084962010383606,0.09150380641222
Lung_Dx-A0189,0,0.9667888283729553,0.03321116790175438
Lung_Dx-A0189,0,0.9697853922843933,0.030214589089155197
Lung_Dx-A0189,0,0.9786311388015747,0.021368887275457382
Lung_Dx-A0189,0,0.9634374976158142,0.03656250610947609
Lung_Dx-A0189,0,0.9572377800941467,0.0427621528506279
Lung_Dx-A0189,0,0.9662197828292847,0.03378022834658623
Lung_Dx-A0189,0,0.9894804954528809,0.0105195427313447
Lung_Dx-A0189,0,0.9936733245849609,0.006326630711555481
Lung_Dx-A0189,0,0.9479139447212219,0.05208601802587509
Lung_Dx-A0189,0,0.978569746017456,0.02143023908138275
Lung_Dx-A0189,0,0.7189398407936096,0.281060129404068
Lung_Dx-A0189,0,0.9894090890884399,0.010590936057269573
Lung_Dx-A0189,0,0.9706043004989624,0.029395703226327896
Lung_Dx-A0189,0,0.9937587976455688,0.006241259630769491
Lung_Dx-A0189,0,0.7648037672042847,0.23519620299339294
Lung_Dx-A0189,0,0.7052524089813232,0.29474759101867676
Lung_Dx-A0189,0,0.8465777039527893,0.1534222811460495
Lung_Dx-A0189,0,0.8260813355445862,0.17391866445541382
Lung_Dx-A0189,0,0.9951702952384949,0.004829722456634045
Lung_Dx-A0189,0,0.9997120499610901,0.0002879764651879668
Lung_Dx-A0189,0,0.998157799243927,0.0018422533757984638
Lung_Dx-A0189,0,0.8034823536872864,0.19651763141155243
Lung_Dx-A0189,0,0.9164093732833862,0.08359067142009735
Lung_Dx-A0189,0,0.9627081751823425,0.037291813641786575
Lung_Dx-A0189,0,0.9007918834686279,0.09920809417963028
Lung_Dx-A0222,0,0.9505488872528076,0.04945112764835358
Lung_Dx-A0222,0,0.9510058760643005,0.04899410158395767
Lung_Dx-A0222,0,0.9233161807060242,0.07668379694223404
Lung_Dx-A0222,0,0.9654788970947266,0.034521058201789856
Lung_Dx-A0222,0,0.9532750844955444,0.04672496020793915
Lung_Dx-A0222,0,0.9980238676071167,0.001976184081286192
Lung_Dx-A0222,0,0.9848983883857727,0.015101651661098003
Lung_Dx-A0222,0,0.9946046471595764,0.005395408719778061
Lung_Dx-A0222,0,0.9978342652320862,0.00216576736420393
Lung_Dx-A0222,0,0.9972261786460876,0.0027737829368561506
Lung_Dx-A0222,0,0.9900057911872864,0.009994227439165115
Lung_Dx-A0222,0,0.9977524876594543,0.0022474632132798433
Lung_Dx-A0222,0,0.9980314373970032,0.001968494849279523
Lung_Dx-A0222,0,0.9994439482688904,0.0005560253048315644
Lung_Dx-A0222,0,0.9989738464355469,0.001026206649839878
Lung_Dx-A0222,0,0.9988774657249451,0.0011225653579458594
Lung_Dx-A0222,0,0.9995225667953491,0.0004774926055688411
Lung_Dx-A0222,0,0.9984021782875061,0.001597845577634871
Lung_Dx-A0222,0,0.9996691942214966,0.00033079797867685556
Lung_Dx-A0222,0,0.9996970891952515,0.0003029734070878476
Lung_Dx-A0222,0,0.9988003969192505,0.0011995489476248622
Lung_Dx-A0222,0,0.9956936836242676,0.0043063051998615265
Lung_Dx-A0222,0,0.9833589196205139,0.016641052439808846
Lung_Dx-A0222,0,0.9971771240234375,0.002822832902893424
Lung_Dx-A0222,0,0.9787533283233643,0.02124669775366783
Lung_Dx-A0222,0,0.9879345893859863,0.01206541433930397
Lung_Dx-A0222,0,0.9978635907173157,0.0021364211570471525
Lung_Dx-A0222,0,0.9996898174285889,0.00031015597051009536
Lung_Dx-A0222,0,0.9865458011627197,0.013454154133796692
Lung_Dx-A0222,0,0.9984632730484009,0.001536727068014443
Lung_Dx-A0222,0,0.9978172779083252,0.002182716503739357
Lung_Dx-A0222,0,0.9990283250808716,0.0009716460481286049
Lung_Dx-A0222,0,0.9958337545394897,0.004166256170719862
Lung_Dx-A0222,0,0.9999291896820068,7.086326513672248e-05
Lung_Dx-A0222,0,0.9891186952590942,0.010881332680583
Lung_Dx-A0222,0,0.9998427629470825,0.00015720343799330294
Lung_Dx-A0222,0,0.9950850605964661,0.004914949182420969
Lung_Dx-A0222,0,0.9697281122207642,0.030271871015429497
Lung_Dx-A0222,0,0.9994329810142517,0.0005669856327585876
Lung_Dx-A0222,0,0.9987232089042664,0.0012768146116286516
Lung_Dx-A0222,0,0.9980314373970032,0.001968494849279523
Lung_Dx-A0222,0,0.9984632730484009,0.001536727068014443
Lung_Dx-A0222,0,0.9994756579399109,0.0005243984051048756
Lung_Dx-A0222,0,0.9993525147438049,0.0006474657566286623
Lung_Dx-A0222,0,0.9992114305496216,0.0007885457598604262
Lung_Dx-A0222,0,0.9992889165878296,0.0007110568694770336
Lung_Dx-A0222,0,0.9992806315422058,0.0007194326026365161
Lung_Dx-A0222,0,0.9989098310470581,0.0010901900241151452
Lung_Dx-A0222,0,0.9989916682243347,0.001008343417197466
Lung_Dx-A0222,0,0.9994252920150757,0.0005747861578129232
Lung_Dx-A0222,0,0.9997603297233582,0.0002396868512732908
Lung_Dx-A0222,0,0.9994589686393738,0.0005410355515778065
Lung_Dx-A0222,0,0.9995728135108948,0.0004272079386282712
Lung_Dx-A0222,0,0.9998005032539368,0.00019949312263634056
Lung_Dx-A0222,0,0.9997690320014954,0.0002309572446392849
Lung_Dx-A0222,0,0.9983288645744324,0.0016711377538740635
Lung_Dx-A0222,0,0.999873161315918,0.00012681477528531104
Lung_Dx-A0222,0,0.999721348285675,0.0002785743272397667
Lung_Dx-A0222,0,0.9997667670249939,0.0002332232252229005
Lung_Dx-A0222,0,0.9999682903289795,3.1693256460130215e-05
Lung_Dx-A0222,0,0.9997051358222961,0.0002948036417365074
Lung_Dx-A0222,0,0.999808132648468,0.00019185213022865355
Lung_Dx-A0222,0,0.9994319081306458,0.0005680935573764145
Lung_Dx-A0222,0,0.9980121850967407,0.0019877743907272816
Lung_Dx-A0222,0,0.9920772910118103,0.007922627963125706
Lung_Dx-A0222,0,0.9965233206748962,0.003476650919765234
Lung_Dx-A0222,0,0.996249258518219,0.0037507889792323112
Lung_Dx-A0222,0,0.9913222789764404,0.008677717298269272
Lung_Dx-A0222,0,0.9983547329902649,0.0016452717827633023
Lung_Dx-A0222,0,0.9967206120491028,0.0032794431317597628
Lung_Dx-A0222,0,0.9782395958900452,0.021760374307632446
Lung_Dx-A0222,0,0.995470404624939,0.004529616795480251
Lung_Dx-A0222,0,0.9901592135429382,0.009840806014835835
Lung_Dx-A0222,0,0.972727358341217,0.027272667735815048
Lung_Dx-A0222,0,0.973036527633667,0.026963500306010246
Lung_Dx-A0222,0,0.9728566408157349,0.027143435552716255
Lung_Dx-A0222,0,0.9814000129699707,0.018599968403577805
Lung_Dx-A0222,0,0.9254323840141296,0.07456762343645096
Lung_Dx-A0222,0,0.9581087231636047,0.04189131036400795
Lung_Dx-A0222,0,0.9580694437026978,0.04193052276968956
Lung_Dx-A0222,0,0.9531006813049316,0.046899259090423584
Lung_Dx-A0222,0,0.8990327715873718,0.10096723586320877
Lung_Dx-A0222,0,0.96518474817276,0.03481519594788551
Lung_Dx-A0222,0,0.9155072569847107,0.0844927579164505
Lung_Dx-A0222,0,0.8978297114372253,0.10217025130987167
Lung_Dx-A0222,0,0.9747009873390198,0.025298966094851494
Lung_Dx-A0222,0,0.9605096578598022,0.03949040547013283
Lung_Dx-A0222,0,0.9505947232246399,0.04940524697303772
Lung_Dx-A0222,0,0.9815244078636169,0.018475593999028206
Lung_Dx-A0222,0,0.9518184065818787,0.04818153381347656
Lung_Dx-A0222,0,0.9556099772453308,0.0443899892270565
Lung_Dx-A0222,0,0.9814888834953308,0.01851104386150837
Lung_Dx-A0222,0,0.9787330031394958,0.021267015486955643
Lung_Dx-A0222,0,0.9730620980262756,0.02693789079785347
Lung_Dx-A0222,0,0.9508236050605774,0.04917643591761589
Lung_Dx-A0222,0,0.934035062789917,0.06596493721008301
Lung_Dx-A0222,0,0.9662834405899048,0.033716537058353424
Lung_Dx-A0222,0,0.9508236050605774,0.04917643591761589
Lung_Dx-A0222,0,0.9192084670066833,0.08079154044389725
Lung_Dx-A0222,0,0.9125920534133911,0.0874079167842865
Lung_Dx-A0222,0,0.851582944393158,0.14841710031032562
Lung_Dx-A0222,0,0.879612922668457,0.12038709968328476
Lung_Dx-A0222,0,0.8358188271522522,0.1641811579465866
Lung_Dx-A0222,0,0.5377697348594666,0.46223029494285583
Lung_Dx-A0222,0,0.6998701691627502,0.30012983083724976
Lung_Dx-A0222,0,0.8912917375564575,0.10870827734470367
Lung_Dx-A0222,0,0.8587778210639954,0.14122219383716583
Lung_Dx-A0222,0,0.993574321269989,0.006425620522350073
Lung_Dx-A0222,0,0.9881993532180786,0.011800596490502357
Lung_Dx-A0222,0,0.839602530002594,0.1603974997997284
Lung_Dx-A0222,0,0.9597620368003845,0.04023794084787369
Lung_Dx-A0222,0,0.9356999397277832,0.0643000528216362
Lung_Dx-A0222,0,0.9964687824249268,0.003531206864863634
Lung_Dx-A0222,0,0.9990781545639038,0.0009217804181389511
Lung_Dx-A0222,0,0.9901401400566101,0.00985985528677702
Lung_Dx-A0222,0,0.9948803186416626,0.005119676236063242
Lung_Dx-A0222,0,0.9704086184501648,0.02959137223660946
Lung_Dx-A0222,0,0.9921841025352478,0.007815889082849026
Lung_Dx-A0222,0,0.9957684278488159,0.004231587518006563
Lung_Dx-A0222,0,0.9358173608779907,0.06418264657258987
Lung_Dx-A0222,0,0.998279333114624,0.0017207355704158545
Lung_Dx-A0222,0,0.9995362758636475,0.00046371284406632185
Lung_Dx-A0222,0,0.9990053772926331,0.0009946650825440884
Lung_Dx-A0222,0,0.9935117363929749,0.0064882696606218815
Lung_Dx-A0222,0,0.956916868686676,0.04308309033513069
Lung_Dx-A0222,0,0.9970130920410156,0.0029868432320654392
Lung_Dx-A0226,0,0.9927812218666077,0.007218752056360245
Lung_Dx-A0226,0,0.9792352318763733,0.02076473832130432
Lung_Dx-A0226,0,0.9657383561134338,0.03426161780953407
Lung_Dx-A0226,0,0.9279531240463257,0.07204688340425491
Lung_Dx-A0226,0,0.998157799243927,0.0018422533757984638
Lung_Dx-A0226,0,0.9940890073776245,0.005911068990826607
Lung_Dx-A0226,0,0.9966949224472046,0.003305078949779272
Lung_Dx-A0226,0,0.9883127808570862,0.011687257327139378
Lung_Dx-A0226,0,0.9923490285873413,0.007651031482964754
Lung_Dx-A0226,0,0.999931812286377,6.814871449023485e-05
Lung_Dx-A0226,0,0.9965969920158386,0.0034030054230242968
Lung_Dx-A0226,0,0.9992006421089172,0.0007993920589797199
Lung_Dx-A0226,0,0.9983059167861938,0.0016941032372415066
Lung_Dx-A0226,0,0.9999473094940186,5.266206426313147e-05
Lung_Dx-A0226,0,0.9997574687004089,0.0002425115235382691
Lung_Dx-A0226,0,0.9999911785125732,8.801101103017572e-06
Lung_Dx-A0226,0,0.9999395608901978,6.0376889450708404e-05
Lung_Dx-A0226,0,0.9999914169311523,8.563707524444908e-06
Lung_Dx-A0226,0,0.9898499250411987,0.010150015354156494
Lung_Dx-A0226,0,0.9995102882385254,0.0004897656617686152
Lung_Dx-A0226,0,0.9997695088386536,0.00023050671734381467
Lung_Dx-A0226,0,0.9734938144683838,0.026506125926971436
Lung_Dx-A0226,0,0.9815244078636169,0.018475593999028206
Lung_Dx-A0226,0,0.9930017590522766,0.006998209282755852
Lung_Dx-A0226,0,0.9978883862495422,0.002111583948135376
Lung_Dx-A0226,0,0.9184802770614624,0.08151975274085999
Lung_Dx-A0233,0,0.423748642206192,0.5762513875961304
Lung_Dx-A0233,0,0.8862728476524353,0.1137271597981453
Lung_Dx-A0233,0,0.6798698306083679,0.3201301097869873
Lung_Dx-A0233,0,0.8638516664505005,0.13614831864833832
Lung_Dx-A0233,0,0.9903849363327026,0.009615035727620125
Lung_Dx-A0233,0,0.987129271030426,0.01287075038999319
Lung_Dx-A0233,0,0.9566746950149536,0.04332530498504639
Lung_Dx-A0233,0,0.9813643097877502,0.01863565482199192
Lung_Dx-A0233,0,0.9697853922843933,0.030214589089155197
Lung_Dx-A0233,0,0.9888849258422852,0.011115012690424919
Lung_Dx-A0233,0,0.9682613611221313,0.03173859044909477
Lung_Dx-A0233,0,0.8790948390960693,0.12090510874986649
Lung_Dx-A0233,0,0.9933589100837708,0.006641112733632326
Lung_Dx-A0233,0,0.9433475732803345,0.05665242671966553
Lung_Dx-A0233,0,0.9837537407875061,0.016246216371655464
Lung_Dx-A0233,0,0.9978087544441223,0.002191240433603525
Lung_Dx-A0233,0,0.9980807304382324,0.0019192374311387539
Lung_Dx-A0233,0,0.9868533611297607,0.013146585784852505
Lung_Dx-A0233,0,0.9980429410934448,0.001957016997039318
Lung_Dx-A0233,0,0.9994663596153259,0.0005336928297765553
Lung_Dx-A0233,0,0.9955920577049255,0.004407976754009724
Lung_Dx-A0233,0,0.9816126823425293,0.01838725432753563
Lung_Dx-A0233,0,0.918333888053894,0.08166611194610596
Lung_Dx-A0233,0,0.954008936882019,0.04599103331565857
Lung_Dx-A0233,0,0.9209320545196533,0.07906799018383026
Lung_Dx-A0233,0,0.95743727684021,0.042562730610370636
Lung_Dx-A0233,0,0.9746044874191284,0.02539546974003315
Lung_Dx-A0233,0,0.9896118640899658,0.010388216935098171
Lung_Dx-A0233,0,0.9981756210327148,0.0018243828089907765
Lung_Dx-A0233,0,0.9719393253326416,0.02806074172258377
Lung_Dx-A0233,0,0.9624972343444824,0.03750273957848549
Lung_Dx-A0233,0,0.9395261406898499,0.060473889112472534
Lung_Dx-A0233,0,0.25767165422439575,0.7423283457756042
Lung_Dx-A0233,0,0.6631237864494324,0.3368762135505676
Lung_Dx-A0233,0,0.7091198563575745,0.29088014364242554
Lung_Dx-A0233,0,0.940298318862915,0.059701740741729736
Lung_Dx-A0233,0,0.914290726184845,0.08570927381515503
Lung_Dx-A0233,0,0.9689150452613831,0.031084952875971794
Lung_Dx-A0233,0,0.8142006397247314,0.18579943478107452
Lung_Dx-A0233,0,0.9399133324623108,0.06008664518594742
Lung_Dx-A0233,0,0.7497749328613281,0.25022509694099426
Lung_Dx-A0233,0,0.9874235987663269,0.012576348148286343
Lung_Dx-A0236,0,0.9954172372817993,0.00458276504650712
Lung_Dx-A0236,0,0.9994694590568542,0.0005305765080265701
Lung_Dx-A0236,0,0.9998968839645386,0.00010310212383046746
Lung_Dx-A0236,0,0.999904990196228,9.49828972807154e-05
Lung_Dx-A0236,0,0.9999263286590576,7.368592923739925e-05
Lung_Dx-A0236,0,0.9983738660812378,0.0016261349665001035
Lung_Dx-A0236,0,0.995226263999939,0.004773722030222416
Lung_Dx-A0236,0,0.998661994934082,0.0013380079763010144
Lung_Dx-A0236,0,0.9991255402565002,0.0008744718506932259
Lung_Dx-A0236,0,0.9994127750396729,0.0005872613983228803
Lung_Dx-A0236,0,0.9980881810188293,0.0019117692718282342
Lung_Dx-A0236,0,0.9958580136299133,0.004142016638070345
Lung_Dx-A0236,0,0.9923192858695984,0.007680746726691723
Lung_Dx-A0236,0,0.996292769908905,0.0037072531413286924
Lung_Dx-A0236,0,0.9991474151611328,0.0008525666780769825
Lung_Dx-A0236,0,0.9955315589904785,0.00446838466450572
Lung_Dx-A0236,0,0.9938787817955017,0.0061212810687720776
Lung_Dx-A0236,0,0.9997283816337585,0.00027159214369021356
Lung_Dx-A0236,0,0.999555766582489,0.0004442183708306402
Lung_Dx-A0236,0,0.9987356066703796,0.0012644219677895308
Lung_Dx-A0236,0,0.9991323351860046,0.0008676726138219237
Lung_Dx-A0236,0,0.9999858140945435,1.4174347597872838e-05
Lung_Dx-A0236,0,0.9995908141136169,0.0004092474700883031
Lung_Dx-A0236,0,0.9999299049377441,7.003774226177484e-05
Lung_Dx-A0236,0,0.9999847412109375,1.5266357877408154e-05
Lung_Dx-A0236,0,0.9999799728393555,1.9988918211311102e-05
Lung_Dx-A0236,0,0.9999076128005981,9.24211271922104e-05
Lung_Dx-A0236,0,0.991355836391449,0.008644177578389645
Lung_Dx-A0236,0,0.9991030693054199,0.0008969393093138933
Lung_Dx-A0236,0,0.9984512329101562,0.0015487611526623368
Lung_Dx-A0236,0,0.9982247948646545,0.0017752606654539704
Lung_Dx-A0236,0,0.9987232089042664,0.0012768146116286516
Lung_Dx-A0236,0,0.9950177073478699,0.004982269834727049
Lung_Dx-A0236,0,0.9957684278488159,0.004231587518006563
Lung_Dx-A0236,0,0.9999463558197021,5.37006781087257e-05
Lung_Dx-A0236,0,0.9978883862495422,0.002111583948135376
Lung_Dx-A0236,0,0.9789956212043762,0.021004363894462585
Lung_Dx-A0243,0,0.9825742840766907,0.01742575690150261
Lung_Dx-A0243,0,0.9890764951705933,0.010923455469310284
Lung_Dx-A0243,0,0.9970991611480713,0.002900857711210847
Lung_Dx-A0243,0,0.9970765113830566,0.0029235430993139744
Lung_Dx-A0243,0,0.9967206120491028,0.0032794431317597628
Lung_Dx-A0243,0,0.9997658133506775,0.00023413580493070185
Lung_Dx-A0243,0,0.9995810389518738,0.00041894835885614157
Lung_Dx-A0243,0,0.9991374015808105,0.0008626077906228602
Lung_Dx-A0243,0,0.9959140419960022,0.004086002707481384
Lung_Dx-A0243,0,0.9938190579414368,0.006180981174111366
Lung_Dx-A0243,0,0.999946117401123,5.3910844144411385e-05
Lung_Dx-A0243,0,0.9997884631156921,0.0002115288662025705
Lung_Dx-A0243,0,0.999508261680603,0.0004916815087199211
Lung_Dx-A0243,0,0.999922513961792,7.752413512207568e-05
Lung_Dx-A0243,0,0.9959298968315125,0.004070138093084097
Lung_Dx-A0247,0,0.999024510383606,0.0009754452621564269
Lung_Dx-A0247,0,0.9950946569442749,0.004905405919998884
Lung_Dx-A0247,0,0.8313485383987427,0.16865147650241852
Lung_Dx-A0247,0,0.9576753973960876,0.04232458770275116
Lung_Dx-A0247,0,0.5275903344154358,0.4724096357822418
Lung_Dx-A0247,0,0.716069757938385,0.2839302718639374
Lung_Dx-A0247,0,0.9860442876815796,0.013955710455775261
Lung_Dx-A0247,0,0.9964203834533691,0.0035796426236629486
Lung_Dx-A0247,0,0.9658029675483704,0.03419705107808113
Lung_Dx-A0247,0,0.6417030692100525,0.3582969009876251
Lung_Dx-A0247,0,0.5368896126747131,0.4631103575229645
Lung_Dx-A0247,0,0.18337418138980865,0.8166258931159973
Lung_Dx-A0247,0,0.13466207683086395,0.8653379082679749
Lung_Dx-A0247,0,0.4162033200263977,0.5837966799736023
Lung_Dx-A0247,0,0.09367799758911133,0.9063219428062439
Lung_Dx-A0247,0,0.07382971048355103,0.9261703491210938
Lung_Dx-A0247,0,0.03012886270880699,0.9698712229728699
Lung_Dx-A0247,0,0.07661467790603638,0.9233852624893188
Lung_Dx-A0247,0,0.15934817492961884,0.84065181016922
Lung_Dx-A0247,0,0.6285498738288879,0.3714500665664673
Lung_Dx-A0247,0,0.11323592811822891,0.8867640495300293
Lung_Dx-A0247,0,0.0630771592259407,0.9369227886199951
Lung_Dx-A0247,0,0.007680746726691723,0.9923192858695984
Lung_Dx-A0247,0,0.3546565771102905,0.6453434824943542
Lung_Dx-A0247,0,0.7645401358604431,0.2354598045349121
Lung_Dx-A0247,0,0.7418610453605652,0.2581389248371124
Lung_Dx-A0247,0,0.9789754748344421,0.02102445438504219
Lung_Dx-A0247,0,0.01609087362885475,0.9839090704917908
Lung_Dx-A0247,0,0.014447852969169617,0.9855521321296692
Lung_Dx-A0247,0,0.18572558462619781,0.8142744302749634
Lung_Dx-A0247,0,0.058560825884342194,0.941439151763916
Lung_Dx-A0247,0,0.07592666149139404,0.9240732789039612
Lung_Dx-A0247,0,0.9699281454086304,0.030071841552853584
Lung_Dx-A0247,0,0.6592954993247986,0.34070447087287903
Lung_Dx-A0247,0,0.021064694970846176,0.9789353013038635
Lung_Dx-A0247,0,0.01849331147968769,0.9815067052841187
Lung_Dx-A0247,0,0.1577846258878708,0.842215359210968
Lung_Dx-A0247,0,0.0749729722738266,0.925027072429657
Lung_Dx-A0247,0,0.024214550852775574,0.9757854342460632
Lung_Dx-A0247,0,0.009708477184176445,0.9902915358543396
Lung_Dx-A0247,0,0.19238758087158203,0.807612419128418
Lung_Dx-A0247,0,0.01250379253178835,0.9874961376190186
Lung_Dx-A0247,0,0.007968815043568611,0.9920312166213989
Lung_Dx-A0247,0,0.9091032147407532,0.09089674800634384
Lung_Dx-A0247,0,0.09426000714302063,0.9057400226593018
Lung_Dx-A0247,0,0.004905405919998884,0.9950946569442749
Lung_Dx-A0247,0,0.003565736347809434,0.996434211730957
Lung_Dx-A0247,0,0.0013885233784094453,0.9986114501953125
Lung_Dx-G0039,1,0.954562783241272,0.045437220484018326
Lung_Dx-G0039,1,0.9780097603797913,0.021990220993757248
Lung_Dx-G0039,1,0.9940428137779236,0.005957154091447592
Lung_Dx-G0039,1,0.9992706179618835,0.0007293288363143802
Lung_Dx-G0039,1,0.9979966282844543,0.0020033332984894514
Lung_Dx-G0039,1,0.9933459758758545,0.006654009222984314
Lung_Dx-G0039,1,0.9970934391021729,0.0029065124690532684
Lung_Dx-G0039,1,0.9930289387702942,0.006971116643399
Lung_Dx-G0039,1,0.9986355900764465,0.0013643618440255523
Lung_Dx-G0039,1,0.9959535598754883,0.0040464554913342
Lung_Dx-G0039,1,0.9994340538978577,0.0005658799782395363
Lung_Dx-G0039,1,0.9992175102233887,0.0007824140484444797
Lung_Dx-G0039,1,0.9981178045272827,0.0018821859266608953
Lung_Dx-G0039,1,0.994562566280365,0.005437496118247509
Lung_Dx-G0039,1,0.9968335032463074,0.003166511654853821
Lung_Dx-G0039,1,0.9998898506164551,0.00011018042278010398
Lung_Dx-G0039,1,0.9988327622413635,0.0011672308901324868
Lung_Dx-G0039,1,0.9968211650848389,0.0031788661144673824
Lung_Dx-G0039,1,0.9953181147575378,0.004681822843849659
Lung_Dx-G0039,1,0.9988418221473694,0.0011581579456105828
Lung_Dx-G0039,1,0.9976264834403992,0.0023734942078590393
Lung_Dx-G0039,1,0.8965234756469727,0.10347652435302734
Lung_Dx-G0039,1,0.9511421918869019,0.04885777831077576
Lung_Dx-G0039,1,0.9987356066703796,0.0012644219677895308
Lung_Dx-G0039,1,0.9956346154212952,0.004365325439721346
Lung_Dx-G0039,1,0.993561863899231,0.0064381021074950695
Lung_Dx-G0039,1,0.9925969839096069,0.007403014227747917
Lung_Dx-G0039,1,0.9803937673568726,0.019606182351708412
Lung_Dx-G0039,1,0.9914224743843079,0.008577484637498856
Lung_Dx-G0039,1,0.9379537105560303,0.06204626336693764
Lung_Dx-G0039,1,0.9833109378814697,0.016689060255885124
Lung_Dx-G0039,1,0.9992519021034241,0.0007480700733140111
Lung_Dx-G0039,1,0.9993188381195068,0.0006811710773035884
Lung_Dx-G0039,1,0.999789297580719,0.00021070436923764646
Lung_Dx-G0039,1,0.9895715713500977,0.01042845007032156
Lung_Dx-G0039,1,0.995969295501709,0.004030743148177862
Lung_Dx-G0039,1,0.9968335032463074,0.003166511654853821
Lung_Dx-G0039,1,0.9997965693473816,0.00020342697098385543
Lung_Dx-G0039,1,0.9969306588172913,0.003069387748837471
Lung_Dx-G0039,1,0.9989161491394043,0.0010838276939466596
Lung_Dx-G0039,1,0.9981505274772644,0.0018494504038244486
Lung_Dx-G0039,1,0.9990800619125366,0.0009199836058542132
Lung_Dx-G0039,1,0.9994857311248779,0.0005142608424648643
Lung_Dx-G0039,1,0.9997320771217346,0.0002679052122402936
Lung_Dx-G0039,1,0.9998162388801575,0.0001837845629779622
Lung_Dx-G0039,1,0.9993809461593628,0.000619041733443737
Lung_Dx-G0039,1,0.9997851252555847,0.00021485923207364976
Lung_Dx-G0039,1,0.9999725818634033,2.7428344765212387e-05
Lung_Dx-G0039,1,0.9999209642410278,7.905303937150165e-05
Lung_Dx-G0039,1,0.996434211730957,0.003565736347809434
Lung_Dx-G0039,1,0.9996252059936523,0.0003748267481569201
Lung_Dx-G0039,1,0.9999650716781616,3.494435077300295e-05
Lung_Dx-G0039,1,0.9999762773513794,2.373734059801791e-05
Lung_Dx-G0039,1,0.999616265296936,0.00038371203118003905
Lung_Dx-G0039,1,0.9999678134918213,3.21923362207599e-05
Lung_Dx-G0039,1,0.9998644590377808,0.00013552079326473176
Lung_Dx-G0039,1,0.9999762773513794,2.373734059801791e-05
Lung_Dx-G0051,1,0.19253936409950256,0.8074606657028198
Lung_Dx-G0051,1,0.2781587243080139,0.7218412160873413
Lung_Dx-G0051,1,0.31943976879119873,0.6805602312088013
Lung_Dx-G0051,1,0.5320376753807068,0.4679623246192932
Lung_Dx-G0051,1,0.3024941086769104,0.6975059509277344
Lung_Dx-G0051,1,0.9205756783485413,0.07942426204681396
Lung_Dx-G0051,1,0.505695104598999,0.49430492520332336
Lung_Dx-G0051,1,0.9967711567878723,0.0032287640497088432
Lung_Dx-G0051,1,0.9002670049667358,0.09973295032978058
Lung_Dx-G0051,1,0.9981433153152466,0.0018566754879429936
Lung_Dx-G0051,1,0.935523509979248,0.06447654962539673
Lung_Dx-G0051,1,0.9533619284629822,0.046638038009405136
Lung_Dx-G0051,1,0.8880325555801392,0.11196738481521606
Lung_Dx-G0051,1,0.61555016040802,0.38444983959198
Lung_Dx-G0051,1,0.7734731435775757,0.2265268713235855
Lung_Dx-G0051,1,0.8487215638160706,0.15127839148044586
Lung_Dx-G0051,1,0.07004895806312561,0.929951012134552
Lung_Dx-G0051,1,0.13540348410606384,0.8645965456962585
Lung_Dx-G0051,1,0.9002670049667358,0.09973295032978058
Lung_Dx-G0051,1,0.10008423030376434,0.8999157547950745
Lung_Dx-G0051,1,0.310433030128479,0.689566969871521
Lung_Dx-G0051,1,0.10636527091264725,0.8936347365379333
Lung_Dx-G0051,1,0.2022067755460739,0.7977932095527649
Lung_Dx-G0051,1,0.8453049659729004,0.15469497442245483
Lung_Dx-G0051,1,0.42150717973709106,0.5784928798675537
Lung_Dx-G0051,1,0.26721692085266113,0.7327831387519836
Lung_Dx-G0051,1,0.04655127599835396,0.9534487724304199
Lung_Dx-G0051,1,0.004672730341553688,0.9953272342681885
Lung_Dx-G0051,1,0.026886742562055588,0.9731132388114929
Lung_Dx-G0051,1,0.005808669608086348,0.9941913485527039
Lung_Dx-G0051,1,0.01350610051304102,0.9864938259124756
Lung_Dx-G0051,1,0.011222866363823414,0.9887771010398865
Lung_Dx-G0051,1,0.01578456163406372,0.9842154383659363
Lung_Dx-G0051,1,0.03908495604991913,0.9609150886535645
Lung_Dx-G0051,1,0.9549003839492798,0.045099567621946335
Lung_Dx-G0051,1,0.5682211518287659,0.43177884817123413
Lung_Dx-G0051,1,0.8621196746826172,0.1378803551197052
Lung_Dx-G0051,1,0.3754774332046509,0.6245225667953491
Lung_Dx-G0051,1,0.6793914437294006,0.32060855627059937
Lung_Dx-G0051,1,0.25109636783599854,0.7489036321640015
Lung_Dx-G0051,1,0.2560870945453644,0.7439128756523132
Lung_Dx-G0051,1,0.004848532844334841,0.9951514005661011
Lung_Dx-G0051,1,0.049958523362874985,0.9500414729118347
Lung_Dx-G0051,1,0.2050573229789734,0.7949426770210266
Lung_Dx-G0051,1,0.021105006337165833,0.9788949489593506
Lung_Dx-G0051,1,0.6791787147521973,0.3208213150501251
Lung_Dx-G0051,1,0.012288596481084824,0.9877113699913025
Lung_Dx-G0051,1,0.4629130959510803,0.5370869040489197
Lung_Dx-G0051,1,0.023330768570303917,0.976669192314148
Lung_Dx-G0051,1,0.04493164271116257,0.9550683498382568
Lung_Dx-G0051,1,0.10034841299057007,0.8996515870094299
Lung_Dx-G0051,1,0.10941995680332184,0.8905800580978394
Lung_Dx-G0051,1,0.31420835852622986,0.6857916116714478
Lung_Dx-G0051,1,0.5872775316238403,0.4127224385738373
Lung_Dx-G0051,1,0.5869815945625305,0.4130183756351471
Lung_Dx-G0051,1,0.1059020459651947,0.8940979838371277
Lung_Dx-G0051,1,0.07751765847206116,0.9224823713302612
Lung_Dx-G0051,1,0.27038389444351196,0.729616105556488
Lung_Dx-G0051,1,0.024283867329359055,0.9757161140441895
Lung_Dx-G0051,1,0.13945496082305908,0.8605450987815857
Lung_Dx-G0051,1,0.030444350093603134,0.9695556163787842
Lung_Dx-G0051,1,0.11382561922073364,0.8861743807792664
Lung_Dx-G0051,1,0.14169660210609436,0.858303427696228
Lung_Dx-G0051,1,0.2160942405462265,0.7839057445526123
Lung_Dx-G0051,1,0.6737822890281677,0.32621777057647705
Lung_Dx-G0051,1,0.38653185963630676,0.6134681701660156
Lung_Dx-G0051,1,0.6239785552024841,0.37602147459983826
Lung_Dx-G0051,1,0.6256668567657471,0.37433314323425293
Lung_Dx-G0051,1,0.2592626214027405,0.7407373785972595
Lung_Dx-G0051,1,0.018211819231510162,0.981788158416748
Lung_Dx-G0051,1,0.6478539109230042,0.35214608907699585
Lung_Dx-G0051,1,0.5039672255516052,0.49603280425071716
Lung_Dx-G0051,1,0.2351084053516388,0.7648916244506836
Lung_Dx-G0051,1,0.8694931268692017,0.13050690293312073
Lung_Dx-G0051,1,0.2881683111190796,0.7118317484855652
Lung_Dx-G0051,1,0.86200350522995,0.13799647986888885
Lung_Dx-G0051,1,0.7323047518730164,0.26769521832466125
Lung_Dx-G0051,1,0.08616955578327179,0.9138304591178894
Lung_Dx-G0051,1,0.11802882701158524,0.8819711804389954
Lung_Dx-G0051,1,0.6195288300514221,0.3804711699485779
Lung_Dx-G0051,1,0.1475551873445511,0.8524448275566101
Lung_Dx-G0051,1,0.08889935910701752,0.9111006855964661
Lung_Dx-G0051,1,0.28766775131225586,0.7123322486877441
Lung_Dx-G0051,1,0.0028173404280096292,0.9971827268600464
Lung_Dx-G0051,1,0.00034666777355596423,0.9996533393859863
Lung_Dx-G0051,1,0.005343256518244743,0.9946568012237549
Lung_Dx-G0051,1,0.002704429440200329,0.9972955584526062
Lung_Dx-G0051,1,0.01379536371678114,0.9862046241760254
Lung_Dx-G0051,1,0.0065642488189041615,0.9934357404708862
Lung_Dx-G0051,1,0.7037022113800049,0.2962977886199951
Lung_Dx-G0051,1,0.7320175170898438,0.26798251271247864
Lung_Dx-G0051,1,0.9889063835144043,0.011093567125499249
Lung_Dx-G0051,1,0.9544779658317566,0.04552200436592102
Lung_Dx-G0053,1,0.5235345363616943,0.47646546363830566
Lung_Dx-G0053,1,0.8044827580451965,0.19551727175712585
Lung_Dx-G0053,1,0.7994422912597656,0.200557678937912
Lung_Dx-G0053,1,0.623892605304718,0.376107394695282
Lung_Dx-G0053,1,0.7542368173599243,0.24576321244239807
Lung_Dx-G0053,1,0.311583936214447,0.6884160041809082
Lung_Dx-G0053,1,0.15021571516990662,0.849784255027771
Lung_Dx-G0053,1,0.051941562443971634,0.9480584859848022
Lung_Dx-G0053,1,0.8381505608558655,0.16184942424297333
Lung_Dx-G0053,1,0.9048188328742981,0.09518111497163773
Lung_Dx-G0053,1,0.07100921869277954,0.9289907217025757
Lung_Dx-G0053,1,0.5412421226501465,0.45875784754753113
Lung_Dx-G0053,1,0.37142160534858704,0.6285784244537354
Lung_Dx-G0053,1,0.06204626336693764,0.9379537105560303
Lung_Dx-G0053,1,0.6911847591400146,0.30881524085998535
Lung_Dx-G0053,1,0.5501542687416077,0.4498457610607147
Lung_Dx-G0053,1,0.5812287926673889,0.41877123713493347
Lung_Dx-G0053,1,0.9699281454086304,0.030071841552853584
Lung_Dx-G0053,1,0.9427707195281982,0.05722925439476967
Lung_Dx-G0053,1,0.9705764651298523,0.029423581436276436
Lung_Dx-G0053,1,0.9197867512702942,0.08021324872970581
Lung_Dx-G0053,1,0.9723097085952759,0.027690257877111435
Lung_Dx-G0053,1,0.9590777158737183,0.04092230275273323
Lung_Dx-G0053,1,0.986828088760376,0.013171950355172157
Lung_Dx-G0053,1,0.9812749028205872,0.018725162371993065
Lung_Dx-G0053,1,0.8289388418197632,0.1710611879825592
Lung_Dx-G0053,1,0.6898543238639832,0.31014564633369446
Lung_Dx-G0053,1,0.6484663486480713,0.3515336513519287
Lung_Dx-G0053,1,0.7515113949775696,0.24848860502243042
Lung_Dx-G0053,1,0.7979507446289062,0.20204928517341614
Lung_Dx-G0053,1,0.9561454057693481,0.04385456442832947
Lung_Dx-G0053,1,0.7753072381019592,0.22469279170036316
Lung_Dx-G0053,1,0.949669361114502,0.05033063143491745
Lung_Dx-G0053,1,0.577093243598938,0.4229067862033844
Lung_Dx-G0053,1,0.9507778882980347,0.04922211915254593
Lung_Dx-G0053,1,0.9282788634300232,0.07172112166881561
Lung_Dx-G0053,1,0.7925846576690674,0.20741531252861023
Lung_Dx-G0053,1,0.8176472783088684,0.1823527216911316
Lung_Dx-G0053,1,0.5349769592285156,0.46502307057380676
Lung_Dx-G0053,1,0.8692712783813477,0.13072869181632996
Lung_Dx-G0053,1,0.4718468189239502,0.5281531810760498
Lung_Dx-G0053,1,0.23405632376670837,0.765943706035614
Lung_Dx-G0053,1,0.8305253982543945,0.16947458684444427
Lung_Dx-G0053,1,0.2780607044696808,0.7219392657279968
Lung_Dx-G0053,1,0.5386192202568054,0.4613807797431946
Lung_Dx-G0053,1,0.6544808149337769,0.34551921486854553
Lung_Dx-G0053,1,0.815232515335083,0.18476751446723938
Lung_Dx-G0053,1,0.8733229041099548,0.12667711079120636
Lung_Dx-G0053,1,0.9709092378616333,0.02909075655043125
Lung_Dx-G0053,1,0.9276915192604065,0.0723084807395935
Lung_Dx-G0053,1,0.7342147827148438,0.26578518748283386
Lung_Dx-G0053,1,0.7717574834823608,0.22824251651763916
Lung_Dx-G0053,1,0.6379335522651672,0.36206647753715515
Lung_Dx-G0053,1,0.883135199546814,0.11686475574970245
Lung_Dx-G0053,1,0.5328961610794067,0.46710386872291565
Lung_Dx-G0053,1,0.7587788105010986,0.24122117459774017
Lung_Dx-G0053,1,0.3059046268463135,0.6940953731536865
Lung_Dx-G0053,1,0.29310092329978943,0.706899106502533
Lung_Dx-G0053,1,0.20633375644683838,0.7936662435531616
Lung_Dx-G0053,1,0.04157886654138565,0.9584211707115173
Lung_Dx-G0053,1,0.09799297899007797,0.9020070433616638
Lung_Dx-G0053,1,0.2970619201660156,0.7029380202293396
Lung_Dx-G0053,1,0.38861799240112305,0.6113819479942322
Lung_Dx-G0053,1,0.15804436802864075,0.8419556617736816
Lung_Dx-G0053,1,0.30988454818725586,0.6901154518127441
Lung_Dx-G0053,1,0.3501157760620117,0.6498842239379883
Lung_Dx-G0053,1,0.4899000823497772,0.5100999474525452
Lung_Dx-G0053,1,0.37696710228919983,0.6230328679084778
Lung_Dx-G0053,1,0.14977993071079254,0.8502200841903687
Lung_Dx-G0053,1,0.6262384653091431,0.37376150488853455
Lung_Dx-G0053,1,0.7513290047645569,0.2486710250377655
Lung_Dx-G0053,1,0.16465073823928833,0.8353492617607117
Lung_Dx-G0053,1,0.9480103254318237,0.05198967084288597
Lung_Dx-G0053,1,0.9901019334793091,0.009898063726723194
Lung_Dx-G0053,1,0.9587699174880981,0.04123002290725708
Lung_Dx-G0053,1,0.9708817005157471,0.029118353500962257
Lung_Dx-G0053,1,0.9394705891609192,0.06052938848733902
Lung_Dx-G0053,1,0.8772666454315186,0.12273333966732025
Lung_Dx-G0053,1,0.9249592423439026,0.07504072040319443
Lung_Dx-G0053,1,0.8987665772438049,0.10123348236083984
Lung_Dx-G0053,1,0.8297680616378784,0.17023193836212158
Lung_Dx-G0056,1,0.18140818178653717,0.818591833114624
Lung_Dx-G0056,1,0.016673045232892036,0.9833269715309143
Lung_Dx-G0056,1,0.20906570553779602,0.7909343242645264
Lung_Dx-G0056,1,0.0629042461514473,0.9370958209037781
Lung_Dx-G0056,1,0.000448575709015131,0.9995513558387756
Lung_Dx-G0056,1,0.0036287400871515274,0.9963712692260742
Lung_Dx-G0056,1,0.623820960521698,0.3761789798736572
Lung_Dx-G0056,1,0.37920597195625305,0.6207940578460693
Lung_Dx-G0056,1,0.11047115176916122,0.8895288705825806
Lung_Dx-G0056,1,0.23170112073421478,0.768298864364624
Lung_Dx-G0056,1,0.05227921903133392,0.9477207660675049
Lung_Dx-G0056,1,0.05174954608082771,0.9482505321502686
Lung_Dx-G0056,1,0.022694088518619537,0.9773059487342834
Lung_Dx-G0056,1,0.1494693011045456,0.8505306839942932
Lung_Dx-G0056,1,0.050893720239400864,0.9491062164306641
Lung_Dx-G0056,1,0.7705942988395691,0.2294057160615921
Lung_Dx-G0056,1,0.3330150246620178,0.666985034942627
Lung_Dx-G0056,1,0.6888871788978577,0.31111282110214233
Lung_Dx-G0056,1,0.08578583598136902,0.9142141938209534
Lung_Dx-G0056,1,0.0009603368234820664,0.9990395903587341
Lung_Dx-G0056,1,0.004339932929724455,0.9956600069999695
Lung_Dx-G0056,1,0.013875309377908707,0.9861246943473816
Lung_Dx-G0056,1,0.018582148477435112,0.9814178347587585
Lung_Dx-G0056,1,0.005763726774603128,0.9942362904548645
Lung_Dx-G0056,1,0.007577240467071533,0.9924227595329285
Lung_Dx-G0056,1,0.008412977680563927,0.9915870428085327
Lung_Dx-G0056,1,0.0030873692594468594,0.9969125986099243
Lung_Dx-G0056,1,0.0006226772093214095,0.9993773102760315
Lung_Dx-G0056,1,0.001452227937988937,0.9985477328300476
Lung_Dx-G0056,1,0.001004416262730956,0.9989956021308899
Lung_Dx-G0056,1,0.00806199200451374,0.9919379353523254
Lung_Dx-G0056,1,0.07198163121938705,0.9280183911323547
Lung_Dx-G0056,1,0.18257123231887817,0.8174288272857666
Lung_Dx-G0056,1,0.06853749603033066,0.9314625263214111
Lung_Dx-G0056,1,0.07821886241436005,0.9217811226844788
Lung_Dx-G0056,1,0.5810802578926086,0.41891977190971375
Lung_Dx-G0056,1,0.5606886744499207,0.43931129574775696
Lung_Dx-G0056,1,0.9186993837356567,0.08130066841840744
Lung_Dx-G0056,1,0.946793794631958,0.053206201642751694
Lung_Dx-G0056,1,0.10438597947359085,0.895613968372345
Lung_Dx-G0056,1,0.09594074636697769,0.9040591716766357
Lung_Dx-G0056,1,0.10613343864679337,0.8938665986061096
Lung_Dx-G0056,1,0.027298586443066597,0.972701370716095
Lung_Dx-G0056,1,0.039416391402482986,0.9605836272239685
Lung_Dx-G0056,1,0.4302595555782318,0.5697404146194458
Lung_Dx-G0056,1,0.8308687806129456,0.16913123428821564
Lung_Dx-G0056,1,0.13840354979038239,0.861596405506134
Lung_Dx-G0056,1,0.8517679572105408,0.14823205769062042
Lung_Dx-G0056,1,0.011574994772672653,0.9884250164031982
Lung_Dx-A0171,0,0.9999865293502808,1.3420012692222372e-05
Lung_Dx-A0171,0,0.9991289973258972,0.0008710655965842307
Lung_Dx-A0171,0,0.999180018901825,0.0008199320873245597
Lung_Dx-A0171,0,0.9999817609786987,1.8271382941748016e-05
Lung_Dx-A0171,0,0.9999825954437256,1.7366719475830905e-05
Lung_Dx-A0171,0,0.999969482421875,3.0479142878903076e-05
Lung_Dx-A0171,0,0.9998044371604919,0.00019563533714972436
Lung_Dx-A0171,0,0.005888159386813641,0.9941118359565735
Lung_Dx-A0171,0,0.9982002973556519,0.0017996543319895864
Lung_Dx-A0171,0,0.9993724226951599,0.0006275578052736819
Lung_Dx-A0171,0,0.9997739195823669,0.00022604932019021362
Lung_Dx-A0171,0,0.9950467348098755,0.004953306633979082
Lung_Dx-A0171,0,0.9758776426315308,0.02412242442369461
Lung_Dx-A0171,0,0.9997387528419495,0.00026119028916582465
Lung_Dx-A0171,0,0.994551956653595,0.005448068026453257
Lung_Dx-A0171,0,0.29462072253227234,0.70537930727005
Lung_Dx-A0171,0,0.8575892448425293,0.14241069555282593
Lung_Dx-A0171,0,0.8280368447303772,0.171963170170784
Lung_Dx-A0171,0,0.861596405506134,0.13840354979038239
Lung_Dx-A0171,0,0.9031234383583069,0.09687653928995132
Lung_Dx-A0171,0,0.6942508220672607,0.30574914813041687
Lung_Dx-A0171,0,0.8868131041526794,0.11318691074848175
Lung_Dx-A0171,0,0.29568731784820557,0.7043126821517944
Lung_Dx-A0171,0,0.5834407210350037,0.41655927896499634
Lung_Dx-A0171,0,0.010209054686129093,0.9897909760475159
Lung_Dx-A0171,0,0.009467381052672863,0.990532636642456
Lung_Dx-A0171,0,0.6422922611236572,0.3577077388763428
Lung_Dx-A0171,0,0.5698975324630737,0.43010249733924866
Lung_Dx-A0171,0,0.9756929278373718,0.024307018145918846
Lung_Dx-A0171,0,0.7985798120498657,0.20142024755477905
Lung_Dx-A0171,0,0.3494217097759247,0.6505782604217529
Lung_Dx-A0171,0,0.9352874159812927,0.06471256911754608
Lung_Dx-A0171,0,0.9996064305305481,0.0003935755812563002
Lung_Dx-A0171,0,0.9904035329818726,0.009596454910933971
Lung_Dx-A0171,0,0.9950850605964661,0.004914949182420969
Lung_Dx-A0171,0,0.4869414269924164,0.5130585432052612
Lung_Dx-A0171,0,0.9669140577316284,0.03308597952127457
Lung_Dx-A0171,0,0.9998867511749268,0.00011323438229737803
Lung_Dx-A0171,0,0.9999970197677612,2.982766773129697e-06
Lung_Dx-A0171,0,0.9998534917831421,0.00014653129619546235
Lung_Dx-A0171,0,0.9999998807907104,7.265816037715922e-08
Lung_Dx-A0171,0,0.9998155236244202,0.00018450374773237854
Lung_Dx-A0171,0,0.9999068975448608,9.314593626186252e-05
Lung_Dx-A0171,0,0.9999995231628418,4.197551675133582e-07
Lung_Dx-A0171,0,0.9998915195465088,0.00010847241355804726
Lung_Dx-A0171,0,0.9999704360961914,2.9541426556534134e-05
Lung_Dx-A0171,0,0.9999996423721313,4.005332243650628e-07
Lung_Dx-A0171,0,0.9999971389770508,2.8130175451224204e-06
Lung_Dx-A0171,0,0.999552309513092,0.00044770087697543204
Lung_Dx-A0171,0,0.9999964237213135,3.542121021382627e-06
Lung_Dx-A0171,0,0.9999905824661255,9.405384844285436e-06
Lung_Dx-A0171,0,0.9999983310699463,1.6536896509933285e-06
Lung_Dx-A0171,0,0.9999991655349731,8.186363515960693e-07
Lung_Dx-A0171,0,0.9999992847442627,6.813297090957349e-07
Lung_Dx-A0171,0,0.9999881982803345,1.1750976227631327e-05
Lung_Dx-A0171,0,0.999971866607666,2.818866414600052e-05
Lung_Dx-A0171,0,0.9999967813491821,3.1627594125893665e-06
Lung_Dx-A0171,0,0.999922513961792,7.752413512207568e-05
Lung_Dx-A0171,0,0.9999949932098389,4.995184099243488e-06
Lung_Dx-A0171,0,0.9999746084213257,2.5367122361785732e-05
Lung_Dx-A0171,0,0.9998675584793091,0.00013238185783848166
Lung_Dx-A0171,0,0.9998623132705688,0.0001376546424580738
Lung_Dx-A0171,0,0.9999743700027466,2.5666136934887618e-05
Lung_Dx-A0171,0,0.9999947547912598,5.19416880706558e-06
Lung_Dx-A0171,0,0.9999816417694092,1.8342892872169614e-05
Lung_Dx-A0171,0,0.9999908208847046,9.187511750496924e-06
Lung_Dx-A0171,0,0.9999774694442749,2.2474090656032786e-05
Lung_Dx-A0171,0,0.9999916553497314,8.398072168347426e-06
Lung_Dx-A0171,0,0.9860174059867859,0.013982612639665604
Lung_Dx-A0171,0,0.9999302625656128,6.976470467634499e-05
Lung_Dx-A0171,0,0.9999799728393555,1.9988918211311102e-05
Lung_Dx-A0171,0,0.999887228012085,0.00011279297177679837
Lung_Dx-A0171,0,0.9999918937683105,8.076349331531674e-06
Lung_Dx-A0171,0,0.9999107122421265,8.922867709770799e-05
Lung_Dx-A0171,0,0.9999825954437256,1.7434689652873203e-05
Lung_Dx-A0171,0,0.9999545812606812,4.539786823443137e-05
Lung_Dx-A0171,0,0.9999909400939941,9.009809218696319e-06
Lung_Dx-A0171,0,0.9999743700027466,2.5666136934887618e-05
Lung_Dx-A0171,0,0.9999885559082031,1.1478769010864198e-05
Lung_Dx-A0171,0,0.9999339580535889,6.605214002775028e-05
Lung_Dx-A0171,0,0.9999686479568481,3.1324027077062055e-05
Lung_Dx-A0171,0,0.9999972581863403,2.7586092983256094e-06
Lung_Dx-A0198,0,0.9999990463256836,9.026150564750424e-07
Lung_Dx-A0198,0,0.9999665021896362,3.3474687370471656e-05
Lung_Dx-A0198,0,0.9992620348930359,0.000737919588573277
Lung_Dx-A0198,0,0.9999990463256836,9.683644748292863e-07
Lung_Dx-A0198,0,0.9999997615814209,2.006155881417726e-07
Lung_Dx-A0198,0,0.9999980926513672,1.9033847138416604e-06
Lung_Dx-A0198,0,0.9999988079071045,1.2434044265319244e-06
Lung_Dx-A0198,0,0.9999998807907104,8.52784722837896e-08
Lung_Dx-A0198,0,0.9999958276748657,4.1411567508475855e-06
Lung_Dx-A0198,0,0.9998470544815063,0.0001529638102510944
Lung_Dx-A0198,0,0.9999996423721313,3.070994694098772e-07
Lung_Dx-A0198,0,0.9999971389770508,2.8797262530133594e-06
Lung_Dx-A0198,0,0.9999997615814209,2.2644098862656392e-07
Lung_Dx-A0198,0,0.9999992847442627,7.54163238525507e-07
Lung_Dx-A0198,0,0.9999938011169434,6.240931270440342e-06
Lung_Dx-A0198,0,0.9999994039535522,5.389762236518436e-07
Lung_Dx-A0198,0,0.9999998807907104,1.4393467040463293e-07
Lung_Dx-A0198,0,0.9999778270721436,2.2125668692751788e-05
Lung_Dx-A0198,0,0.9999839067459106,1.606160913070198e-05
Lung_Dx-A0198,0,0.9999939203262329,6.096360266383272e-06
Lung_Dx-A0198,0,0.9999998807907104,1.250525940577063e-07
Lung_Dx-A0198,0,1.0,5.05258270777631e-08
Lung_Dx-A0198,0,1.0,5.917732526228292e-09
Lung_Dx-A0198,0,0.9999997615814209,2.2206120320333866e-07
Lung_Dx-A0198,0,0.9999996423721313,3.689884806590271e-07
Lung_Dx-A0198,0,0.9999979734420776,2.0025368030474056e-06
Lung_Dx-A0198,0,0.9999412298202515,5.874842099728994e-05
Lung_Dx-A0203,0,0.9461506009101868,0.05384937673807144
Lung_Dx-A0203,0,0.8654516339302063,0.13454832136631012
Lung_Dx-A0203,0,0.732113242149353,0.2678866982460022
Lung_Dx-A0203,0,0.1316748708486557,0.8683251738548279
Lung_Dx-A0203,0,0.9787330031394958,0.021267015486955643
Lung_Dx-A0203,0,0.7695135474205017,0.23048648238182068
Lung_Dx-A0203,0,0.9422415494918823,0.05775843933224678
Lung_Dx-A0203,0,0.7209089398384094,0.2790910601615906
Lung_Dx-A0203,0,0.01897803694009781,0.9810219407081604
Lung_Dx-A0203,0,0.9931628704071045,0.006837205030024052
Lung_Dx-A0203,0,0.9922444224357605,0.007755536586046219
Lung_Dx-A0203,0,0.6779538989067078,0.32204604148864746
Lung_Dx-A0203,0,0.9989055395126343,0.0010944521054625511
Lung_Dx-A0203,0,0.9988597631454468,0.0011402228847146034
Lung_Dx-A0203,0,0.997104823589325,0.002895213896408677
Lung_Dx-A0203,0,0.9971495270729065,0.0028504556976258755
Lung_Dx-A0203,0,0.9988120794296265,0.0011879054363816977
Lung_Dx-A0203,0,0.9993371367454529,0.0006628098199144006
Lung_Dx-A0203,0,0.9998332262039185,0.00016668821626808494
Lung_Dx-A0203,0,0.1464530974626541,0.8535469174385071
Lung_Dx-A0203,0,0.8427984118461609,0.15720152854919434
Lung_Dx-A0203,0,0.7247728705406189,0.2752270996570587
Lung_Dx-A0203,0,0.95865398645401,0.0413459949195385
Lung_Dx-A0203,0,0.9854544401168823,0.014545513316988945
Lung_Dx-A0203,0,0.9776285290718079,0.022371459752321243
Lung_Dx-A0203,0,0.9674102663993835,0.03258974477648735
Lung_Dx-A0203,0,0.7419078350067139,0.2580921947956085
Lung_Dx-A0203,0,0.9983707070350647,0.0016293087974190712
Lung_Dx-A0203,0,0.9977916479110718,0.00220838887616992
Lung_Dx-A0203,0,0.9974639415740967,0.002536047250032425
Lung_Dx-A0203,0,0.9917643666267395,0.008235630579292774
Lung_Dx-A0203,0,0.998816728591919,0.0011832796735689044
Lung_Dx-A0203,0,0.9998794794082642,0.00012053648970322683
Lung_Dx-A0203,0,0.9999387264251709,6.132764247013256e-05
Lung_Dx-A0203,0,0.9998623132705688,0.0001376546424580738
Lung_Dx-A0203,0,0.9996743202209473,0.0003256710770074278
Lung_Dx-A0203,0,0.9999984502792358,1.565682055115758e-06
Lung_Dx-A0203,0,0.9999443292617798,5.562206206377596e-05
Lung_Dx-A0203,0,0.9999799728393555,2.006715294555761e-05
Lung_Dx-A0203,0,0.9999508857727051,4.9086618673754856e-05
Lung_Dx-A0203,0,0.9994887113571167,0.0005112579092383385
Lung_Dx-A0203,0,0.9994725584983826,0.0005274784634821117
Lung_Dx-A0203,0,0.9996416568756104,0.0003583672805689275
Lung_Dx-A0203,0,0.9999723434448242,2.7643460271065123e-05
Lung_Dx-A0203,0,0.9997507929801941,0.00024923254386521876
Lung_Dx-A0203,0,0.999976396560669,2.3644801331101917e-05
Lung_Dx-A0203,0,0.9999853372573853,1.46815209518536e-05
Lung_Dx-A0203,0,0.9999608993530273,3.9135655242716894e-05
Lung_Dx-A0203,0,0.9999926090240479,7.411280421365518e-06
Lung_Dx-A0203,0,0.9992098808288574,0.0007900861673988402
Lung_Dx-A0203,0,0.9999090433120728,9.098841110244393e-05
Lung_Dx-A0203,0,0.9999469518661499,5.3075080359121785e-05
Lung_Dx-A0203,0,0.9962272644042969,0.0037727474700659513
Lung_Dx-A0203,0,0.9948000907897949,0.005199880339205265
Lung_Dx-A0203,0,0.9913892149925232,0.008610767312347889
Lung_Dx-A0203,0,0.5785337686538696,0.42146626114845276
Lung_Dx-A0203,0,0.9332485198974609,0.06675146520137787
Lung_Dx-A0203,0,0.9971495270729065,0.0028504556976258755
Lung_Dx-A0203,0,0.5371021032333374,0.462897926568985
Lung_Dx-A0203,0,0.9888849258422852,0.011115012690424919
Lung_Dx-A0203,0,0.0023231625091284513,0.9976769089698792
Lung_Dx-A0203,0,0.054098695516586304,0.9459012746810913
Lung_Dx-A0203,0,0.09409338235855103,0.9059065580368042
Lung_Dx-A0203,0,0.13782231509685516,0.8621777296066284
Lung_Dx-A0206,0,0.9998701810836792,0.00012982171028852463
Lung_Dx-A0206,0,0.9999700784683228,2.9889639336033724e-05
Lung_Dx-A0206,0,0.9999666213989258,3.334418579470366e-05
Lung_Dx-A0206,0,0.9989392161369324,0.0010608151787891984
Lung_Dx-A0206,0,0.9999909400939941,9.045073966262862e-06
Lung_Dx-A0206,0,0.9999974966049194,2.5117426503129536e-06
Lung_Dx-A0206,0,0.999993085861206,6.962256520637311e-06
Lung_Dx-A0206,0,0.9999583959579468,4.165958671364933e-05
Lung_Dx-A0206,0,0.9999849796295166,1.5029678252176382e-05
Lung_Dx-A0206,0,0.9999639987945557,3.605356687330641e-05
Lung_Dx-A0206,0,0.9998736381530762,0.00012632041762117296
Lung_Dx-A0206,0,0.9998036026954651,0.0001964008843060583
Lung_Dx-A0206,0,0.9998915195465088,0.00010847241355804726
Lung_Dx-A0206,0,0.9999831914901733,1.6832409528433345e-05
Lung_Dx-A0206,0,0.9996359348297119,0.00036400865064933896
Lung_Dx-A0206,0,0.9999778270721436,2.2125668692751788e-05
Lung_Dx-A0206,0,0.9999572038650513,4.2814375774469227e-05
Lung_Dx-A0213,0,0.9999854564666748,1.4567271136911586e-05
Lung_Dx-A0213,0,0.9999854564666748,1.4567271136911586e-05
Lung_Dx-A0213,0,0.9999978542327881,2.090458337988821e-06
Lung_Dx-A0213,0,0.9999978542327881,2.090458337988821e-06
Lung_Dx-A0213,0,0.9999938011169434,6.240931270440342e-06
Lung_Dx-A0213,0,0.9999938011169434,6.240931270440342e-06
Lung_Dx-A0213,0,0.9992068409919739,0.0007931761210784316
Lung_Dx-A0213,0,0.9992068409919739,0.0007931761210784316
Lung_Dx-A0213,0,0.9998051524162292,0.00019487277313601226
Lung_Dx-A0213,0,0.9998051524162292,0.00019487277313601226
Lung_Dx-A0213,0,0.9998931884765625,0.00010679088154574856
Lung_Dx-A0213,0,0.9998931884765625,0.00010679088154574856
Lung_Dx-A0213,0,0.9999629259109497,3.7052966945338994e-05
Lung_Dx-A0213,0,0.9999629259109497,3.7052966945338994e-05
Lung_Dx-A0213,0,0.999995231628418,4.766439360537333e-06
Lung_Dx-A0213,0,0.999995231628418,4.766439360537333e-06
Lung_Dx-A0213,0,0.9999959468841553,3.9980986912269145e-06
Lung_Dx-A0213,0,0.9999959468841553,3.9980986912269145e-06
Lung_Dx-A0213,0,0.9999691247940063,3.083840783801861e-05
Lung_Dx-A0213,0,0.9999691247940063,3.083840783801861e-05
Lung_Dx-A0213,0,0.9999984502792358,1.4939842003514059e-06
Lung_Dx-A0213,0,0.9999984502792358,1.4939842003514059e-06
Lung_Dx-A0213,0,0.9998183846473694,0.0001816438016248867
Lung_Dx-A0213,0,0.9998183846473694,0.0001816438016248867
Lung_Dx-A0213,0,0.9999027252197266,9.72351263044402e-05
Lung_Dx-A0213,0,0.9999027252197266,9.72351263044402e-05
Lung_Dx-A0213,0,0.8993868231773376,0.10061321407556534
Lung_Dx-A0213,0,0.8993868231773376,0.10061321407556534
Lung_Dx-A0213,0,0.9991474151611328,0.0008525666780769825
Lung_Dx-A0213,0,0.9991474151611328,0.0008525666780769825
Lung_Dx-A0213,0,0.9828562140464783,0.017143767327070236
Lung_Dx-A0213,0,0.9828562140464783,0.017143767327070236
Lung_Dx-A0213,0,0.9978965520858765,0.0021033689845353365
Lung_Dx-A0213,0,0.9978965520858765,0.0021033689845353365
Lung_Dx-A0213,0,0.9970130920410156,0.0029868432320654392
Lung_Dx-A0213,0,0.9970130920410156,0.0029868432320654392
Lung_Dx-A0213,0,0.9981827735900879,0.001817283220589161
Lung_Dx-A0213,0,0.9981827735900879,0.001817283220589161
Lung_Dx-A0213,0,0.9976993203163147,0.0023006375413388014
Lung_Dx-A0213,0,0.9976993203163147,0.0023006375413388014
Lung_Dx-A0213,0,0.9986222982406616,0.001377732609398663
Lung_Dx-A0213,0,0.9986222982406616,0.001377732609398663
Lung_Dx-A0213,0,0.9996485710144043,0.0003514382697176188
Lung_Dx-A0213,0,0.9996485710144043,0.0003514382697176188
Lung_Dx-A0213,0,0.9999362230300903,6.377049430739135e-05
Lung_Dx-A0213,0,0.9999362230300903,6.377049430739135e-05
Lung_Dx-A0213,0,0.9998528957366943,0.00014710471441503614
Lung_Dx-A0213,0,0.9998528957366943,0.00014710471441503614
Lung_Dx-A0213,0,0.9978426694869995,0.0021573419217020273
Lung_Dx-A0213,0,0.9978426694869995,0.0021573419217020273
Lung_Dx-A0213,0,0.9811668992042542,0.018833130598068237
Lung_Dx-A0213,0,0.9811668992042542,0.018833130598068237
Lung_Dx-A0213,0,0.9964687824249268,0.003531206864863634
Lung_Dx-A0213,0,0.9964687824249268,0.003531206864863634
Lung_Dx-A0213,0,0.9995272159576416,0.00047285447362810373
Lung_Dx-A0213,0,0.9995272159576416,0.00047285447362810373
Lung_Dx-A0213,0,0.99994957447052,5.044728095526807e-05
Lung_Dx-A0213,0,0.99994957447052,5.044728095526807e-05
Lung_Dx-A0231,0,0.0012868157355114818,0.9987131357192993
Lung_Dx-A0231,0,8.939696272136644e-06,0.9999910593032837
Lung_Dx-A0231,0,0.0004459562187548727,0.9995539784431458
Lung_Dx-A0231,0,0.03645944222807884,0.9635405540466309
Lung_Dx-A0231,0,0.00014942092821002007,0.9998505115509033
Lung_Dx-A0231,0,0.0009869320783764124,0.9990130662918091
Lung_Dx-A0231,0,7.39743045414798e-05,0.999925971031189
Lung_Dx-A0231,0,0.00035419364576227963,0.9996458292007446
Lung_Dx-A0231,0,0.0031175725162029266,0.996882438659668
Lung_Dx-A0231,0,0.0006628098199144006,0.9993371367454529
Lung_Dx-A0231,0,0.0030101987067610025,0.9969897270202637
Lung_Dx-A0231,0,0.0017274586716666818,0.9982725381851196
Lung_Dx-A0231,0,0.0019117692718282342,0.9980881810188293
Lung_Dx-A0231,0,0.004718369338661432,0.9952816367149353
Lung_Dx-A0231,0,0.0019117692718282342,0.9980881810188293
Lung_Dx-A0231,0,0.0061331759206950665,0.9938668608665466
Lung_Dx-A0231,0,0.0012818054528906941,0.99871826171875
Lung_Dx-A0231,0,6.265356660151156e-06,0.9999936819076538
Lung_Dx-A0231,0,4.5932985813124105e-05,0.999954104423523
Lung_Dx-A0231,0,0.00012339458044152707,0.9998766183853149
Lung_Dx-A0231,0,0.0013939501950517297,0.9986060261726379
Lung_Dx-A0231,0,0.10230470448732376,0.8976953029632568
Lung_Dx-A0231,0,0.01788301020860672,0.9821169972419739
Lung_Dx-A0231,0,0.09178834408521652,0.9082116484642029
Lung_Dx-A0231,0,0.723700225353241,0.2762998342514038
Lung_Dx-A0231,0,0.0678548812866211,0.9321451187133789
Lung_Dx-A0231,0,0.012217681854963303,0.9877822995185852
Lung_Dx-A0231,0,0.09816574305295944,0.90183424949646
Lung_Dx-A0231,0,0.15823937952518463,0.8417606949806213
Lung_Dx-A0231,0,0.045905422419309616,0.954094648361206
Lung_Dx-A0231,0,0.10132236033678055,0.8986775875091553
Lung_Dx-A0231,0,0.29782721400260925,0.7021727561950684
Lung_Dx-A0231,0,0.10052487254142761,0.8994751572608948
Lung_Dx-A0231,0,0.843508780002594,0.156491219997406
Lung_Dx-A0231,0,0.8252379298210144,0.17476211488246918
Lung_Dx-A0231,0,0.7478001117706299,0.25219982862472534
Lung_Dx-A0231,0,0.7744128704071045,0.2255871742963791
Lung_Dx-A0231,0,0.1794586479663849,0.8205413222312927
Lung_Dx-A0231,0,0.0010302190203219652,0.9989697933197021
Lung_Dx-A0231,0,0.0031297362875193357,0.996870219707489
Lung_Dx-A0231,0,0.00048217613948509097,0.9995177984237671
Lung_Dx-A0231,0,0.001941816764883697,0.9980581402778625
Lung_Dx-A0231,0,0.048496004194021225,0.9515040516853333
Lung_Dx-A0231,0,0.0014214043039828539,0.9985785484313965
Lung_Dx-A0231,0,0.004609572701156139,0.9953904151916504
Lung_Dx-A0231,0,0.21350014209747314,0.7864998579025269
Lung_Dx-A0231,0,0.012722709216177464,0.9872773289680481
Lung_Dx-A0231,0,0.001162685570307076,0.9988372921943665
Lung_Dx-A0231,0,0.0006462032906711102,0.99935382604599
Lung_Dx-A0231,0,9.278282232116908e-05,0.9999072551727295
Lung_Dx-A0231,0,0.03963884338736534,0.9603611826896667
Lung_Dx-A0231,0,0.0019839033484458923,0.9980161190032959
Lung_Dx-A0231,0,0.004256349056959152,0.9957436919212341
Lung_Dx-A0231,0,0.0004132619360461831,0.9995867609977722
Lung_Dx-A0231,0,0.0007222463027574122,0.9992777705192566
Lung_Dx-A0231,0,2.327823131054174e-05,0.9999767541885376
Lung_Dx-A0231,0,1.5057016753416974e-06,0.9999984502792358
Lung_Dx-A0231,0,5.550802598008886e-06,0.9999943971633911
Lung_Dx-A0231,0,7.309601528504572e-07,0.9999992847442627
Lung_Dx-A0231,0,6.579465116374195e-05,0.999934196472168
Lung_Dx-A0231,0,1.46815209518536e-05,0.9999853372573853
Lung_Dx-A0238,0,0.024237636476755142,0.9757624268531799
Lung_Dx-A0238,0,0.4364456534385681,0.5635543465614319
Lung_Dx-A0238,0,0.999971866607666,2.818866414600052e-05
Lung_Dx-A0238,0,0.9996587038040161,0.000341295002726838
Lung_Dx-A0238,0,0.9964063763618469,0.0035936026833951473
Lung_Dx-A0238,0,0.9997730851173401,0.00022693384380545467
Lung_Dx-A0238,0,0.820685088634491,0.17931488156318665
Lung_Dx-A0238,0,0.02433018945157528,0.975669801235199
Lung_Dx-A0238,0,0.2591688334941864,0.7408311367034912
Lung_Dx-A0238,0,0.44889429211616516,0.5511056780815125
Lung_Dx-A0238,0,0.8661325573921204,0.13386750221252441
Lung_Dx-A0238,0,0.9971495270729065,0.0028504556976258755
Lung_Dx-A0238,0,1.5414083236464649e-06,0.9999984502792358
Lung_Dx-A0238,0,5.648422529702657e-07,0.9999994039535522
Lung_Dx-A0238,0,4.163644540255973e-09,1.0
Lung_Dx-A0238,0,2.029198364894569e-09,1.0
Lung_Dx-A0238,0,2.404671739508757e-10,1.0
Lung_Dx-A0238,0,1.158635853926171e-08,1.0
Lung_Dx-A0238,0,3.8288163750621607e-08,1.0
Lung_Dx-A0238,0,2.791126462398097e-06,0.9999972581863403
Lung_Dx-A0238,0,1.4423740140045993e-06,0.9999985694885254
Lung_Dx-A0238,0,9.683644748292863e-07,0.9999990463256836
Lung_Dx-A0238,0,1.0267998504787101e-06,0.999998927116394
Lung_Dx-A0238,0,5.104190859128721e-05,0.9999489784240723
Lung_Dx-A0238,0,1.6314539607265033e-05,0.9999836683273315
Lung_Dx-A0238,0,0.00013819332525599748,0.9998618364334106
Lung_Dx-A0238,0,0.018815092742443085,0.9811848998069763
Lung_Dx-A0238,0,0.013982612639665604,0.9860174059867859
Lung_Dx-A0238,0,0.014957087114453316,0.985042929649353
Lung_Dx-A0238,0,0.11721799522638321,0.8827820420265198
Lung_Dx-A0238,0,0.0401625819504261,0.9598374962806702
Lung_Dx-A0238,0,0.026205413043498993,0.9737945199012756
Lung_Dx-A0238,0,1.373825580230914e-05,0.9999862909317017
Lung_Dx-A0238,0,0.0015129382954910398,0.9984869956970215
Lung_Dx-A0238,0,3.633632877608761e-05,0.999963641166687
Lung_Dx-A0238,0,0.00020906499412376434,0.9997909665107727
Lung_Dx-A0238,0,0.001817283220589161,0.9981827735900879
Lung_Dx-A0238,0,0.0030634168069809675,0.996936559677124
Lung_Dx-A0238,0,0.0019304943270981312,0.9980695843696594
Lung_Dx-A0238,0,0.03967602923512459,0.9603239297866821
Lung_Dx-A0238,0,0.014090735465288162,0.9859092831611633
Lung_Dx-A0238,0,0.03146960213780403,0.9685303568840027
Lung_Dx-A0238,0,0.004215159919112921,0.9957848191261292
Lung_Dx-A0238,0,0.005899603012949228,0.9941003918647766
Lung_Dx-A0238,0,0.005250641144812107,0.9947493672370911
Lung_Dx-A0238,0,0.0631926879286766,0.9368072748184204
Lung_Dx-A0238,0,0.014117893762886524,0.9858821630477905
Lung_Dx-A0238,0,0.1650540828704834,0.8349459171295166
Lung_Dx-A0238,0,0.1057172492146492,0.8942826986312866
Lung_Dx-A0238,0,0.4558684825897217,0.5441315174102783
Lung_Dx-A0238,0,0.9711290597915649,0.028870906680822372
Lung_Dx-A0238,0,0.6099017858505249,0.3900982141494751
Lung_Dx-A0238,0,0.5458834171295166,0.4541165828704834
Lung_Dx-A0238,0,0.07956718653440475,0.9204327464103699
Lung_Dx-A0238,0,0.14928317070007324,0.8507168292999268
Lung_Dx-A0238,0,0.014475690200924873,0.9855243563652039
Lung_Dx-A0238,0,0.49208518862724304,0.5079148411750793
Lung_Dx-A0238,0,0.3460438847541809,0.6539561152458191
Lung_Dx-A0238,0,0.9719924926757812,0.028007520362734795
Lung_Dx-A0238,0,0.21800270676612854,0.7819972634315491
Lung_Dx-A0238,0,0.535295844078064,0.4647042155265808
Lung_Dx-A0238,0,0.023621806874871254,0.9763782024383545
Lung_Dx-A0238,0,0.33494284749031067,0.6650571823120117
Lung_Dx-A0238,0,0.017797453328967094,0.9822025299072266
Lung_Dx-A0238,0,0.0004916815087199211,0.999508261680603
Lung_Dx-A0238,0,9.22347044252092e-06,0.9999908208847046
Lung_Dx-A0238,0,0.00045474793296307325,0.9995452761650085
Lung_Dx-A0238,0,1.362745933874976e-07,0.9999998807907104
Lung_Dx-A0238,0,2.551297029640409e-06,0.9999974966049194
Lung_Dx-A0238,0,9.701136605144711e-08,0.9999998807907104
Lung_Dx-A0238,0,1.709266541638499e-07,0.9999998807907104
Lung_Dx-A0238,0,3.897295357546682e-07,0.9999996423721313
Lung_Dx-A0238,0,3.890257630700944e-06,0.9999960660934448
Lung_Dx-A0238,0,9.853907556589547e-08,0.9999998807907104
Lung_Dx-A0239,0,0.9544779658317566,0.04552200436592102
Lung_Dx-A0239,0,0.9931893348693848,0.006810730788856745
Lung_Dx-A0239,0,0.9995962977409363,0.0004036925674881786
Lung_Dx-A0239,0,0.9958337545394897,0.004166256170719862
Lung_Dx-A0239,0,0.9890975952148438,0.010902373120188713
Lung_Dx-A0239,0,0.9999357461929321,6.427061452995986e-05
Lung_Dx-A0239,0,0.9997377991676331,0.00026221232837997377
Lung_Dx-A0239,0,0.999864935874939,0.00013499250053428113
Lung_Dx-A0239,0,0.9997028708457947,0.00029711509705521166
Lung_Dx-A0239,0,0.999562680721283,0.0004373344127088785
Lung_Dx-A0239,0,0.9999961853027344,3.829945399047574e-06
Lung_Dx-A0239,0,0.999929666519165,7.031184213701636e-05
Lung_Dx-A0239,0,0.999991774559021,8.171549779945053e-06
Lung_Dx-A0239,0,0.9999815225601196,1.8486754925106652e-05
Lung_Dx-A0239,0,0.9999740123748779,2.596866943349596e-05
Lung_Dx-A0239,0,0.9997387528419495,0.00026119028916582465
Lung_Dx-A0239,0,0.9998880624771118,0.00011191529483767226
Lung_Dx-A0239,0,0.999808132648468,0.00019185213022865355
Lung_Dx-A0244,0,0.9966691136360168,0.0033309145364910364
Lung_Dx-A0244,0,0.9990034699440002,0.0009966078214347363
Lung_Dx-A0244,0,0.9999806880950928,1.929840618686285e-05
Lung_Dx-A0244,0,0.9999856948852539,1.4285516954259947e-05
Lung_Dx-A0244,0,0.9999938011169434,6.240931270440342e-06
Lung_Dx-A0244,0,0.9999794960021973,2.0543020582408644e-05
Lung_Dx-A0244,0,0.9999321699142456,6.788305472582579e-05
Lung_Dx-A0244,0,0.9483940601348877,0.051605965942144394
Lung_Dx-A0244,0,0.9949001669883728,0.005099818110466003
Lung_Dx-A0244,0,0.9980083107948303,0.001991652650758624
Lung_Dx-A0244,0,0.9998956918716431,0.00010431733244331554
Lung_Dx-A0244,0,0.9854684472084045,0.014531522057950497
Lung_Dx-A0244,0,0.9967076778411865,0.0032922360114753246
Lung_Dx-A0244,0,0.9990745782852173,0.0009253848693333566
Lung_Dx-A0244,0,0.999576985836029,0.00042305802344344556
Lung_Dx-A0244,0,0.9999659061431885,3.413489685044624e-05
Lung_Dx-A0244,0,0.9995513558387756,0.000448575709015131
Lung_Dx-A0244,0,0.9998965263366699,0.000103505612059962
Lung_Dx-A0244,0,0.9999771118164062,2.2917343812878244e-05
Lung_Dx-A0244,0,0.9995793700218201,0.0004205874283798039
Lung_Dx-A0244,0,0.9998722076416016,0.00012780926772393286
Lung_Dx-A0244,0,0.12836116552352905,0.8716388940811157
Lung_Dx-A0244,0,0.9421884417533875,0.057811614125967026
Lung_Dx-A0253,0,0.9999324083328247,6.761842814739794e-05
Lung_Dx-A0253,0,0.9998579025268555,0.0001420236221747473
Lung_Dx-A0253,0,0.9993162155151367,0.0006838353001512587
Lung_Dx-A0253,0,0.9994162321090698,0.0005838324432261288
Lung_Dx-A0253,0,0.9999958276748657,4.125011855649063e-06
Lung_Dx-A0253,0,0.9998522996902466,0.00014768038818147033
Lung_Dx-A0253,0,0.9999902248382568,9.78004936769139e-06
Lung_Dx-A0253,0,0.9997236132621765,0.00027640711050480604
Lung_Dx-A0253,0,0.9987081289291382,0.0012918456923216581
Lung_Dx-A0253,0,0.9877822995185852,0.012217681854963303
Lung_Dx-A0253,0,0.9843814373016357,0.015618540346622467
Lung_Dx-A0253,0,0.9889278411865234,0.011072160676121712
Lung_Dx-A0253,0,0.9993675351142883,0.0006324767600744963
Lung_Dx-A0253,0,0.9992052912712097,0.0007947255508042872
Lung_Dx-A0253,0,0.9996762275695801,0.0003237690543755889
Lung_Dx-A0253,0,0.9999362230300903,6.377049430739135e-05
Lung_Dx-A0253,0,0.9999805688858032,1.9449762476142496e-05
Lung_Dx-A0253,0,0.9998893737792969,0.00011061159602832049
Lung_Dx-A0253,0,0.99998939037323,1.0616134204610717e-05
Lung_Dx-A0253,0,0.9999719858169556,2.7969301299890503e-05
Lung_Dx-A0253,0,0.9999011754989624,9.876620606519282e-05
Lung_Dx-A0253,0,0.9953272342681885,0.004672730341553688
Lung_Dx-A0253,0,0.9991357922554016,0.0008642927859909832
Lung_Dx-A0253,0,0.9976949095726013,0.002305125119164586
Lung_Dx-A0253,0,0.9973061084747314,0.0026939143426716328
Lung_Dx-A0253,0,0.9881079792976379,0.011892050504684448
Lung_Dx-A0253,0,0.9989718198776245,0.0010282108560204506
Lung_Dx-A0253,0,0.9999442100524902,5.583975143963471e-05
Lung_Dx-A0253,0,1.0,1.0467402056235642e-08
Lung_Dx-A0253,0,0.9999996423721313,3.548527729435591e-07
Lung_Dx-A0253,0,0.9999974966049194,2.4824801130307605e-06
Lung_Dx-A0253,0,0.999984622001648,1.5326106222346425e-05
Lung_Dx-A0253,0,0.999971866607666,2.8078768082195893e-05
Lung_Dx-A0253,0,0.9999985694885254,1.4200120403984329e-06
Lung_Dx-A0253,0,0.9999990463256836,9.79779315457563e-07
Lung_Dx-A0253,0,0.9999911785125732,8.801101103017572e-06
Lung_Dx-A0253,0,0.9999995231628418,4.485758893224556e-07
Lung_Dx-A0259,0,0.31713539361953735,0.6828646063804626
Lung_Dx-A0259,0,0.8269913792610168,0.17300857603549957
Lung_Dx-A0259,0,0.2581856846809387,0.741814374923706
Lung_Dx-A0259,0,0.7778065800666809,0.2221933901309967
Lung_Dx-A0259,0,0.0001699752756394446,0.9998300075531006
Lung_Dx-A0259,0,0.04764695465564728,0.9523531198501587
Lung_Dx-A0259,0,0.966092050075531,0.03390795737504959
Lung_Dx-A0259,0,0.024680351838469505,0.9753196239471436
Lung_Dx-A0259,0,0.0037654137704521418,0.9962345957756042
Lung_Dx-A0259,0,0.05374995619058609,0.9462500810623169
Lung_Dx-A0259,0,0.37854525446891785,0.6214547753334045
Lung_Dx-A0259,0,0.017729299142956734,0.9822707772254944
Lung_Dx-A0259,0,0.9483462572097778,0.05165378749370575
Lung_Dx-A0259,0,0.9777138829231262,0.02228618785738945
Lung_Dx-A0259,0,0.4959412217140198,0.5040587186813354
Lung_Dx-A0259,0,0.2114982306957245,0.7885017395019531
Lung_Dx-A0259,0,0.34128057956695557,0.6587194800376892
Lung_Dx-A0259,0,0.11216174066066742,0.8878382444381714
Lung_Dx-A0259,0,0.012649319134652615,0.9873506426811218
Lung_Dx-A0259,0,1.1035853475505064e-07,0.9999998807907104
Lung_Dx-A0259,0,0.0015916259726509452,0.9984083771705627
Lung_Dx-A0259,0,0.015247589908540249,0.984752357006073
Lung_Dx-A0259,0,0.000739361101295799,0.9992606043815613
Lung_Dx-A0259,0,0.05872255191206932,0.9412774443626404
Lung_Dx-A0259,0,0.0015457437839359045,0.998454213142395
Lung_Dx-A0259,0,0.011136502958834171,0.988863468170166
Lung_Dx-A0259,0,0.000628784007858485,0.9993712306022644
Lung_Dx-A0259,0,0.0013224404538050294,0.9986775517463684
Lung_Dx-A0259,0,2.9250750230858102e-06,0.9999970197677612
Lung_Dx-A0259,0,0.1823527216911316,0.8176472783088684
Lung_Dx-A0259,0,0.0002726548118516803,0.9997273087501526
Lung_Dx-A0259,0,0.0001414700091117993,0.9998584985733032
Lung_Dx-A0259,0,3.974162439135398e-07,0.9999996423721313
Lung_Dx-A0259,0,6.07081602765902e-08,0.9999998807907104
Lung_Dx-A0259,0,1.4170316831041418e-07,0.9999998807907104
Lung_Dx-A0259,0,1.8020884908764856e-06,0.9999982118606567
Lung_Dx-A0259,0,1.012999018712435e-05,0.9999898672103882
Lung_Dx-A0259,0,5.6941025832202286e-05,0.9999430179595947
Lung_Dx-A0259,0,2.710880471568089e-05,0.999972939491272
Lung_Dx-A0259,0,2.3369335394818336e-05,0.999976634979248
Lung_Dx-A0259,0,0.002132261637598276,0.9978677034378052
Lung_Dx-A0259,0,0.008677717298269272,0.9913222789764404
Lung_Dx-A0259,0,0.0003023824538104236,0.9996976852416992
Lung_Dx-A0259,0,0.00013605112326331437,0.9998639822006226
Lung_Dx-A0259,0,0.000697313342243433,0.9993026256561279
Lung_Dx-A0259,0,3.426849434617907e-05,0.9999657869338989
Lung_Dx-A0259,0,2.2780520794185577e-06,0.9999977350234985
Lung_Dx-A0259,0,2.607030728540849e-05,0.9999738931655884
Lung_Dx-A0259,0,9.759595513969543e-07,0.9999990463256836
Lung_Dx-A0259,0,2.50195034823264e-06,0.9999974966049194
Lung_Dx-A0259,0,0.0001541633391752839,0.9998458623886108
Lung_Dx-A0259,0,2.516971835575532e-05,0.9999748468399048
Lung_Dx-A0259,0,2.3967220386111876e-06,0.999997615814209
Lung_Dx-A0259,0,7.127360277081607e-06,0.999992847442627
Lung_Dx-A0259,0,0.003081363858655095,0.9969186782836914
Lung_Dx-A0259,0,1.2219074960739817e-05,0.9999877214431763
Lung_Dx-A0259,0,0.00010032139107352123,0.9998996257781982
Lung_Dx-A0259,0,0.00022782183077652007,0.9997721314430237
Lung_Dx-A0259,0,0.007403014227747917,0.9925969839096069
Lung_Dx-A0259,0,0.0030160662718117237,0.9969839453697205
Lung_Dx-A0259,0,0.0018895386019721627,0.9981104135513306
Lung_Dx-A0259,0,0.026912305504083633,0.973087728023529
Lung_Dx-A0259,0,0.02522682398557663,0.974773108959198
Lung_Dx-A0259,0,0.36961719393730164,0.630382776260376
Lung_Dx-A0259,0,0.0014982576249167323,0.9985017776489258
Lung_Dx-A0259,0,0.022521456703543663,0.9774785041809082
Lung_Dx-A0259,0,0.015498880296945572,0.9845011234283447
Lung_Dx-A0259,0,0.018124720081686974,0.9818752408027649
Lung_Dx-A0259,0,0.1474323868751526,0.8525676131248474
Lung_Dx-A0259,0,0.005609131883829832,0.9943909049034119
Lung_Dx-A0259,0,0.36373162269592285,0.6362683773040771
Lung_Dx-A0259,0,0.08663207292556763,0.9133679866790771
Lung_Dx-A0259,0,0.35390257835388184,0.6460974216461182
Lung_Dx-A0259,0,0.02010023593902588,0.9798997044563293
Lung_Dx-A0259,0,0.002540992572903633,0.9974589943885803
Lung_Dx-A0259,0,0.01141961570829153,0.9885804057121277
Lung_Dx-A0259,0,0.3236205279827118,0.6763794422149658
Lung_Dx-A0259,0,0.7347385287284851,0.2652614414691925
Lung_Dx-A0259,0,0.5790508389472961,0.42094916105270386
Lung_Dx-A0259,0,0.07517640292644501,0.9248236417770386
Lung_Dx-A0259,0,0.11951085925102234,0.8804891109466553
Lung_Dx-A0259,0,0.3096235394477844,0.6903764605522156
Lung_Dx-A0259,0,0.6797635555267334,0.3202364146709442
Lung_Dx-A0259,0,0.021760374307632446,0.9782395958900452
Lung_Dx-A0259,0,0.0466814786195755,0.9533185362815857
Lung_Dx-A0259,0,0.02241421863436699,0.9775857925415039
Lung_Dx-A0259,0,0.15127839148044586,0.8487215638160706
Lung_Dx-A0259,0,0.12095702439546585,0.8790429830551147
Lung_Dx-A0259,0,0.26549944281578064,0.7345005869865417
Lung_Dx-A0259,0,0.15450352430343628,0.845496416091919
Lung_Dx-A0259,0,0.45887911319732666,0.5411209464073181
Lung_Dx-A0259,0,0.0420483723282814,0.9579516053199768
Lung_Dx-A0259,0,0.016466174274683,0.9835337996482849
Lung_Dx-A0259,0,0.524151086807251,0.475848913192749
Lung_Dx-A0259,0,0.7085908055305481,0.2914091944694519
Lung_Dx-A0259,0,0.7880942821502686,0.21190565824508667
Lung_Dx-A0259,0,0.4088740944862366,0.5911259651184082
Lung_Dx-A0259,0,0.8708720803260803,0.12912793457508087
Lung_Dx-A0259,0,0.2098742574453354,0.7901257872581482
Lung_Dx-A0259,0,0.38562771677970886,0.6143723130226135
Lung_Dx-A0259,0,0.7074047327041626,0.2925953269004822
Lung_Dx-A0259,0,0.003531206864863634,0.9964687824249268
Lung_Dx-A0259,0,0.02527490071952343,0.9747251272201538
Lung_Dx-A0259,0,0.20323270559310913,0.7967672944068909
Lung_Dx-A0259,0,0.04822634533047676,0.9517737030982971
Lung_Dx-A0259,0,7.632232882315293e-05,0.9999237060546875
Lung_Dx-A0259,0,0.0023413405288010836,0.9976586103439331
Lung_Dx-A0259,0,0.020645931363105774,0.9793540239334106
Lung_Dx-A0259,0,0.6369249820709229,0.36307504773139954
Lung_Dx-A0259,0,0.8645393252372742,0.13546064496040344
Lung_Dx-A0259,0,0.003976228181272745,0.9960237741470337
Lung_Dx-A0259,0,0.039048291742801666,0.9609517455101013
Lung_Dx-A0259,0,0.000705527258105576,0.9992944002151489
Lung_Dx-A0259,0,0.020119478926062584,0.9798805117607117
Lung_Dx-A0259,0,0.0038319320883601904,0.9961680769920349
Lung_Dx-A0259,0,0.21605288982391357,0.7839471101760864
Lung_Dx-A0259,0,0.0037580945063382387,0.9962419271469116
Lung_Dx-A0259,0,0.29680711030960083,0.7031928896903992
Lung_Dx-A0259,0,0.003203718224540353,0.9967963099479675
Lung_Dx-A0259,0,0.0031788661144673824,0.9968211650848389
Lung_Dx-A0259,0,0.08203306049108505,0.9179669618606567
Lung_Dx-A0259,0,0.0003951153776142746,0.9996048808097839
Lung_Dx-A0259,0,0.00012931565288454294,0.9998706579208374
Lung_Dx-A0259,0,0.02830144576728344,0.9716985821723938
Lung_Dx-A0259,0,0.004399413242936134,0.9956005811691284
Lung_Dx-A0259,0,0.0009659749339334667,0.99903404712677
Lung_Dx-A0259,0,0.0031850605737417936,0.9968149065971375
Lung_Dx-A0259,0,0.0008492456981912255,0.9991507530212402
Lung_Dx-A0259,0,0.501312255859375,0.498687744140625
Lung_Dx-A0259,0,0.24549175798892975,0.7545081973075867
Lung_Dx-A0259,0,0.9840936064720154,0.01590639166533947
Lung_Dx-A0259,0,0.9995452761650085,0.00045474793296307325
Lung_Dx-A0259,0,0.9994363188743591,0.000563675130251795
Lung_Dx-A0259,0,0.9999977350234985,2.2959193302085623e-06
Lung_Dx-A0259,0,0.999933123588562,6.683069659629837e-05
Lung_Dx-A0259,0,0.9999910593032837,8.939696272136644e-06
Lung_Dx-A0259,0,0.996906578540802,0.00309338653460145
Lung_Dx-A0265,0,0.9999804496765137,1.960230656550266e-05
Lung_Dx-A0265,0,0.999975323677063,2.4682904040673748e-05
Lung_Dx-A0265,0,0.9999960660934448,3.875090442306828e-06
Lung_Dx-A0265,0,0.999998927116394,1.0389032922830665e-06
Lung_Dx-A0265,0,0.999997615814209,2.3320744730881415e-06
Lung_Dx-A0265,0,0.9999972581863403,2.694705926842289e-06
Lung_Dx-A0265,0,0.9999774694442749,2.2474090656032786e-05
Lung_Dx-A0265,0,0.9999947547912598,5.234906893747393e-06
Lung_Dx-A0265,0,0.9999563694000244,4.365877975942567e-05
Lung_Dx-A0265,0,0.9996192455291748,0.000380727113224566
Lung_Dx-A0265,0,0.9998279809951782,0.0001719785650493577
Lung_Dx-A0265,0,0.9999626874923706,3.734356869244948e-05
Lung_Dx-A0265,0,0.9998511075973511,0.00014883847325108945
Lung_Dx-A0265,0,0.9992371797561646,0.0007628130842931569
Lung_Dx-A0265,0,0.9972903728485107,0.002709702355787158
Lung_Dx-A0265,0,0.996870219707489,0.0031297362875193357
Lung_Dx-A0265,0,0.9993475079536438,0.0006525407079607248
Lung_Dx-A0265,0,0.9998458623886108,0.0001541633391752839
Lung_Dx-A0265,0,0.9997331500053406,0.0002668610541149974
Lung_Dx-A0265,0,0.9999979734420776,1.9714900645340094e-06
Lung_Dx-A0265,0,0.9999878406524658,1.2171438356745057e-05
Lung_Dx-A0265,0,0.9999990463256836,9.13254780243733e-07
Lung_Dx-A0265,0,0.9999988079071045,1.1772316383940051e-06
Lung_Dx-A0265,0,0.9999960660934448,3.875090442306828e-06
Lung_Dx-A0265,0,0.9999995231628418,4.6281519416879746e-07
Lung_Dx-A0265,0,0.9999973773956299,2.673735934877186e-06
Lung_Dx-A0265,0,0.9999995231628418,5.22393747814931e-07
Lung_Dx-A0265,0,0.9999985694885254,1.4423740140045993e-06
Lung_Dx-A0265,0,0.9999955892562866,4.4602002162719145e-06
Lung_Dx-A0265,0,0.9999998807907104,6.337357660868292e-08
Lung_Dx-A0265,0,0.9999589920043945,4.101373997400515e-05
Lung_Dx-A0265,0,0.9892441034317017,0.010755924507975578
Lung_Dx-A0265,0,0.14193429052829742,0.858065664768219
Lung_Dx-A0265,0,0.08578583598136902,0.9142141938209534
Lung_Dx-A0265,0,0.0050016725435853004,0.9949983358383179
Lung_Dx-G0046,1,0.9981178045272827,0.0018821859266608953
Lung_Dx-G0046,1,0.9783433079719543,0.02165667526423931
Lung_Dx-G0046,1,0.13364119827747345,0.8663588762283325
Lung_Dx-G0046,1,0.1137271597981453,0.8862728476524353
Lung_Dx-G0046,1,0.5062558054924011,0.49374422430992126
Lung_Dx-G0046,1,0.015101651661098003,0.9848983883857727
Lung_Dx-G0046,1,0.496284544467926,0.503715455532074
Lung_Dx-G0046,1,0.30342209339141846,0.6965778470039368
Lung_Dx-G0046,1,0.009214365854859352,0.9907855987548828
Lung_Dx-G0046,1,0.9948503375053406,0.005149607080966234
Lung_Dx-G0046,1,0.9837537407875061,0.016246216371655464
Lung_Dx-G0046,1,0.9887771010398865,0.011222866363823414
Lung_Dx-G0046,1,0.9646891355514526,0.03531079366803169
Lung_Dx-G0046,1,0.8726190328598022,0.12738101184368134
Lung_Dx-G0046,1,0.8164063692092896,0.18359363079071045
Lung_Dx-G0046,1,0.9999001026153564,9.99303229036741e-05
Lung_Dx-G0046,1,0.9957352876663208,0.004264634568244219
Lung_Dx-G0046,1,0.9466953873634338,0.05330468714237213
Lung_Dx-G0046,1,0.9768244624137878,0.02317550964653492
Lung_Dx-G0046,1,0.9979169964790344,0.002082970691844821
Lung_Dx-G0046,1,0.9999922513961792,7.797351827321108e-06
Lung_Dx-G0046,1,0.9996756315231323,0.0003244018298573792
Lung_Dx-G0046,1,0.9998799562454224,0.0001200666229124181
Lung_Dx-G0046,1,0.9999988079071045,1.2385568197714747e-06
Lung_Dx-G0046,1,0.9999996423721313,3.632678442500037e-07
Lung_Dx-G0046,1,0.9999991655349731,8.851569646139978e-07
Lung_Dx-G0046,1,0.9999996423721313,3.590356527638505e-07
Lung_Dx-G0046,1,0.9999186992645264,8.124428131850436e-05
Lung_Dx-G0046,1,0.9993575215339661,0.000642430386506021
Lung_Dx-G0046,1,0.7223801612854004,0.2776198387145996
Lung_Dx-G0046,1,0.9658352136611938,0.03416481614112854
Lung_Dx-G0046,1,0.9917484521865845,0.008251599036157131
Lung_Dx-G0046,1,0.9993952512741089,0.0006047102506272495
Lung_Dx-G0046,1,0.9993773102760315,0.0006226772093214095
Lung_Dx-G0046,1,0.9990264177322388,0.0009735437924973667
Lung_Dx-G0046,1,0.996870219707489,0.0031297362875193357
Lung_Dx-G0046,1,0.9266363382339478,0.07336363941431046
Lung_Dx-G0046,1,0.994820237159729,0.005179713014513254
Lung_Dx-G0046,1,0.9158841967582703,0.08411581814289093
Lung_Dx-G0046,1,0.9783639311790466,0.0216359943151474
Lung_Dx-G0046,1,0.32966142892837524,0.6703386306762695
Lung_Dx-G0046,1,0.049958523362874985,0.9500414729118347
Lung_Dx-G0046,1,0.01750955730676651,0.9824904799461365
Lung_Dx-G0046,1,0.03598218038678169,0.9640178084373474
Lung_Dx-G0046,1,2.2780520794185577e-06,0.9999977350234985
Lung_Dx-G0046,1,0.9790357351303101,0.020964238792657852
Lung_Dx-G0046,1,0.9777138829231262,0.02228618785738945
Lung_Dx-G0046,1,0.9993663430213928,0.0006337125669233501
Lung_Dx-G0046,1,0.9958980679512024,0.004101929254829884
Lung_Dx-G0046,1,0.18447349965572357,0.8155264854431152
Lung_Dx-G0046,1,0.07892587780952454,0.9210741519927979
Lung_Dx-G0046,1,0.9197146892547607,0.08028533309698105
Lung_Dx-G0046,1,0.8652810454368591,0.13471898436546326
Lung_Dx-G0046,1,0.026380425319075584,0.9736195802688599
Lung_Dx-G0046,1,0.005050507839769125,0.994949460029602
Lung_Dx-G0046,1,0.06596493721008301,0.934035062789917
Lung_Dx-G0046,1,0.8456240296363831,0.15437601506710052
Lung_Dx-G0046,1,0.9785287380218506,0.021471237763762474
Lung_Dx-G0046,1,0.9782188534736633,0.02178117260336876
Lung_Dx-G0046,1,0.15954449772834778,0.8404554724693298
Lung_Dx-G0046,1,0.9224823713302612,0.07751765847206116
Lung_Dx-G0046,1,0.5664832592010498,0.4335167407989502
Lung_Dx-G0046,1,0.4581858217716217,0.5418142080307007
Lung_Dx-G0046,1,0.26029545068740845,0.7397046089172363
Lung_Dx-G0046,1,0.00877910852432251,0.9912208914756775
Lung_Dx-G0046,1,0.2541385591030121,0.7458614110946655
Lung_Dx-G0046,1,0.2757631540298462,0.7242368459701538
Lung_Dx-G0046,1,0.9362266659736633,0.0637732744216919
Lung_Dx-G0046,1,0.7625567317008972,0.23744329810142517
Lung_Dx-G0046,1,0.7124823331832886,0.2875176966190338
Lung_Dx-G0047,1,0.9997695088386536,0.00023050671734381467
Lung_Dx-G0047,1,0.9998074173927307,0.00019260287808720022
Lung_Dx-G0047,1,0.9997867941856384,0.0002131875662598759
Lung_Dx-G0047,1,0.9944773316383362,0.005522650200873613
Lung_Dx-G0047,1,0.9994557499885559,0.0005442132242023945
Lung_Dx-G0047,1,0.9999603033065796,3.975192885263823e-05
Lung_Dx-G0047,1,0.9998494386672974,0.00015059269207995385
Lung_Dx-G0047,1,0.9999946355819702,5.422219146566931e-06
Lung_Dx-G0047,1,0.9973631501197815,0.0026368051767349243
Lung_Dx-G0047,1,0.9873262047767639,0.012673734687268734
Lung_Dx-G0047,1,0.9993053674697876,0.0006945966742932796
Lung_Dx-G0047,1,0.6644858717918396,0.3355141282081604
Lung_Dx-G0047,1,0.15752527117729187,0.8424747586250305
Lung_Dx-G0047,1,0.29269638657569885,0.7073035836219788
Lung_Dx-G0047,1,0.47033366560935974,0.5296663641929626
Lung_Dx-G0047,1,0.44705289602279663,0.5529471039772034
Lung_Dx-G0047,1,0.11446747183799744,0.8855324983596802
Lung_Dx-G0047,1,0.2859199643135071,0.7140800356864929
Lung_Dx-G0047,1,0.13223415613174438,0.8677658438682556
Lung_Dx-G0047,1,0.14217233657836914,0.8578277230262756
Lung_Dx-G0047,1,0.005479908548295498,0.9945201277732849
Lung_Dx-G0047,1,0.00415008096024394,0.9958499670028687
Lung_Dx-G0047,1,0.00010472557187313214,0.9998952150344849
Lung_Dx-G0047,1,6.276704311858339e-07,0.9999994039535522
Lung_Dx-G0047,1,1.4285516954259947e-05,0.9999856948852539
Lung_Dx-G0047,1,6.450700880122895e-07,0.9999994039535522
Lung_Dx-G0047,1,0.0029464049730449915,0.9970536231994629
Lung_Dx-G0047,1,0.023779984563589096,0.9762200117111206
Lung_Dx-G0047,1,0.0008088074973784387,0.9991912245750427
Lung_Dx-G0047,1,0.01851104386150837,0.9814888834953308
Lung_Dx-G0047,1,0.062273990362882614,0.9377260208129883
Lung_Dx-G0047,1,0.02178117260336876,0.9782188534736633
Lung_Dx-G0047,1,0.044265877455472946,0.9557340741157532
Lung_Dx-G0047,1,0.01928960345685482,0.9807103276252747
Lung_Dx-G0047,1,0.0340682715177536,0.9659317135810852
Lung_Dx-G0047,1,0.011309891939163208,0.9886900782585144
Lung_Dx-G0047,1,0.737441897392273,0.26255813241004944
Lung_Dx-G0047,1,0.00013238185783848166,0.9998675584793091
Lung_Dx-G0047,1,0.0002098830882459879,0.9997901320457458
Lung_Dx-G0047,1,0.00045386102283373475,0.9995461106300354
Lung_Dx-G0047,1,0.0004442183708306402,0.999555766582489
Lung_Dx-G0047,1,0.002828336087986827,0.9971717000007629
Lung_Dx-G0047,1,1.2979962775716558e-06,0.9999986886978149
Lung_Dx-G0047,1,0.001359049929305911,0.9986409544944763
Lung_Dx-G0047,1,0.02190636657178402,0.9780936241149902
Lung_Dx-G0047,1,0.6749884486198425,0.32501155138015747
Lung_Dx-G0047,1,0.024076487869024277,0.975923478603363
Lung_Dx-G0047,1,0.0002780309587251395,0.9997219443321228
Lung_Dx-G0047,1,0.0004859561158809811,0.999514102935791
Lung_Dx-G0047,1,0.00015967863146215677,0.999840259552002
Lung_Dx-G0047,1,0.0009290034067817032,0.9990710020065308
Lung_Dx-G0047,1,0.2706247568130493,0.7293752431869507
Lung_Dx-G0047,1,1.4174347597872838e-05,0.9999858140945435
Lung_Dx-G0047,1,6.427061452995986e-05,0.9999357461929321
Lung_Dx-G0047,1,0.0003748267481569201,0.9996252059936523
Lung_Dx-G0047,1,0.0005603838944807649,0.9994396567344666
Lung_Dx-G0047,1,0.006463137920945883,0.9935368895530701
Lung_Dx-G0047,1,0.09178834408521652,0.9082116484642029
Lung_Dx-G0047,1,0.0247509703040123,0.9752489924430847
Lung_Dx-G0047,1,0.005876737646758556,0.9941232800483704
Lung_Dx-G0047,1,0.01962496154010296,0.9803749918937683
Lung_Dx-G0047,1,0.03618597984313965,0.9638139605522156
Lung_Dx-G0047,1,0.40248018503189087,0.5975198149681091
Lung_Dx-G0047,1,0.5521095991134644,0.44789040088653564
Lung_Dx-G0047,1,0.534080982208252,0.46591901779174805
Lung_Dx-G0047,1,0.9654138088226318,0.03458621725440025
Lung_Dx-G0047,1,0.33889710903167725,0.6611028909683228
Lung_Dx-G0047,1,0.025687135756015778,0.9743129014968872
Lung_Dx-G0047,1,0.007403014227747917,0.9925969839096069
Lung_Dx-G0047,1,0.023464657366275787,0.9765353798866272
Lung_Dx-G0047,1,0.16899405419826508,0.8310059905052185
Lung_Dx-G0047,1,0.06742378324270248,0.9325762391090393
Lung_Dx-G0047,1,0.09756223112344742,0.9024378061294556
Lung_Dx-G0047,1,0.007162978406995535,0.9928370118141174
Lung_Dx-G0047,1,0.037291813641786575,0.9627081751823425
Lung_Dx-G0047,1,0.005865338258445263,0.9941347241401672
Lung_Dx-G0047,1,0.1464530974626541,0.8535469174385071
Lung_Dx-G0047,1,0.016371551901102066,0.983628511428833
Lung_Dx-G0047,1,0.2501335144042969,0.7498664855957031
Lung_Dx-G0047,1,0.00821969285607338,0.9917803406715393
Lung_Dx-G0047,1,0.0001603035198058933,0.9998396635055542
Lung_Dx-G0047,1,0.5834407210350037,0.41655927896499634
Lung_Dx-G0047,1,0.974628746509552,0.025371313095092773
Lung_Dx-G0047,1,0.9982522130012512,0.0017477857181802392
Lung_Dx-G0047,1,0.9999454021453857,5.4546289902646095e-05
Lung_Dx-G0047,1,0.9986409544944763,0.001359049929305911
Lung_Dx-G0047,1,0.9989556074142456,0.0010443859500810504
Lung_Dx-G0047,1,0.9035497903823853,0.09645017981529236
Lung_Dx-G0047,1,0.9321451187133789,0.0678548812866211
Lung_Dx-G0047,1,0.8600755929946899,0.13992440700531006
Lung_Dx-G0047,1,0.48648783564567566,0.5135121941566467
Lung_Dx-G0047,1,0.15247340500354767,0.8475266098976135
Lung_Dx-G0049,1,0.01182339433580637,0.9881765246391296
Lung_Dx-G0049,1,0.2123136818408966,0.787686288356781
Lung_Dx-G0049,1,0.0817393809556961,0.9182605743408203
Lung_Dx-G0049,1,0.060863446444272995,0.9391365647315979
Lung_Dx-G0049,1,0.06371499598026276,0.9362850189208984
Lung_Dx-G0049,1,0.12803372740745544,0.8719663023948669
Lung_Dx-G0049,1,0.03551093861460686,0.9644890427589417
Lung_Dx-G0049,1,0.00048406238784082234,0.9995158910751343
Lung_Dx-G0049,1,0.011732465587556362,0.9882676005363464
Lung_Dx-G0049,1,0.008429286070168018,0.9915707111358643
Lung_Dx-G0049,1,0.00016539123316761106,0.9998345375061035
Lung_Dx-G0049,1,0.004924510605633259,0.995075523853302
Lung_Dx-G0049,1,0.0003107621450908482,0.9996892213821411
Lung_Dx-G0049,1,0.002022953238338232,0.997977077960968
Lung_Dx-G0049,1,0.006073934491723776,0.9939261078834534
Lung_Dx-G0049,1,0.0001888783008325845,0.9998111128807068
Lung_Dx-G0049,1,0.5081932544708252,0.4918067753314972
Lung_Dx-G0049,1,0.0020870345178991556,0.9979129433631897
Lung_Dx-G0049,1,0.0006462032906711102,0.99935382604599
Lung_Dx-G0049,1,0.00013605112326331437,0.9998639822006226
Lung_Dx-G0049,1,0.37190619111061096,0.6280938386917114
Lung_Dx-G0049,1,0.02222243882715702,0.9777776002883911
Lung_Dx-G0049,1,0.004934090655297041,0.9950659275054932
Lung_Dx-G0049,1,0.06512755155563354,0.9348725080490112
Lung_Dx-G0049,1,0.10356716066598892,0.8964328765869141
Lung_Dx-G0049,1,0.004425152204930782,0.9955748319625854
Lung_Dx-G0049,1,0.01083937007933855,0.9891605973243713
Lung_Dx-G0049,1,0.25247618556022644,0.7475237846374512
Lung_Dx-G0049,1,0.06301947683095932,0.9369805455207825
Lung_Dx-G0049,1,0.0016517005860805511,0.9983483552932739
Lung_Dx-G0049,1,5.245676948106848e-05,0.9999475479125977
Lung_Dx-G0049,1,4.1411567508475855e-06,0.9999958276748657
Lung_Dx-G0049,1,1.3081765928291134e-06,0.9999986886978149
Lung_Dx-G0049,1,0.024030638858675957,0.9759693741798401
Lung_Dx-G0049,1,0.0124076958745718,0.9875922799110413
Lung_Dx-G0049,1,0.0001719785650493577,0.9998279809951782
Lung_Dx-G0049,1,6.475948453044111e-07,0.9999994039535522
Lung_Dx-G0049,1,2.3229827093018685e-06,0.9999977350234985
Lung_Dx-G0049,1,2.9023121896898374e-06,0.9999971389770508
Lung_Dx-G0049,1,8.218404445869965e-07,0.9999991655349731
Lung_Dx-G0049,1,5.682434675691184e-06,0.9999942779541016
Lung_Dx-G0049,1,1.8266258905441646e-07,0.9999997615814209
Lung_Dx-G0049,1,0.0035518843214958906,0.9964480400085449
Lung_Dx-G0049,1,0.007922627963125706,0.9920772910118103
Lung_Dx-G0049,1,0.7559524178504944,0.24404758214950562
Lung_Dx-G0049,1,0.0010649627074599266,0.9989350438117981
Lung_Dx-G0049,1,0.012722709216177464,0.9872773289680481
Lung_Dx-G0049,1,0.002191240433603525,0.9978087544441223
Lung_Dx-G0049,1,0.00018235458992421627,0.9998176693916321
Lung_Dx-G0049,1,0.009449080564081669,0.9905508756637573
Lung_Dx-G0049,1,3.25717956002336e-05,0.9999674558639526
Lung_Dx-G0049,1,0.001654924126341939,0.9983450174331665
Lung_Dx-G0050,1,0.9999974966049194,2.4631613086967263e-06
Lung_Dx-G0050,1,0.9999977350234985,2.216605707872077e-06
Lung_Dx-G0050,1,0.9999970197677612,2.9711382012465037e-06
Lung_Dx-G0050,1,0.9996856451034546,0.0003144242218695581
Lung_Dx-G0050,1,0.999879002571106,0.00012100819731131196
Lung_Dx-G0050,1,0.9997603297233582,0.0002396868512732908
Lung_Dx-G0050,1,0.9999938011169434,6.168222171254456e-06
Lung_Dx-G0050,1,0.9993952512741089,0.0006047102506272495
Lung_Dx-G0050,1,0.9998445510864258,0.0001553722540847957
Lung_Dx-G0050,1,0.9992371797561646,0.0007628130842931569
Lung_Dx-G0050,1,0.9997757077217102,0.00022429059026762843
Lung_Dx-G0050,1,0.7495916485786438,0.2504083812236786
Lung_Dx-G0050,1,0.9917643666267395,0.008235630579292774
Lung_Dx-G0050,1,0.9999817609786987,1.820015131670516e-05
Lung_Dx-G0050,1,0.9999861717224121,1.3846004549122881e-05
Lung_Dx-G0050,1,0.9999997615814209,2.037748316752186e-07
Lung_Dx-G0050,1,0.9933589100837708,0.006641112733632326
Lung_Dx-G0050,1,0.9991204142570496,0.000879606232047081
Lung_Dx-G0050,1,0.9584211707115173,0.04157886654138565
Lung_Dx-G0050,1,0.2137051820755005,0.7862948179244995
Lung_Dx-G0050,1,0.022371459752321243,0.9776285290718079
Lung_Dx-G0050,1,0.7658560872077942,0.23414386808872223
Lung_Dx-G0050,1,0.00012148175301263109,0.9998785257339478
Lung_Dx-G0050,1,0.00446838466450572,0.9955315589904785
Lung_Dx-G0050,1,0.0005714300787076354,0.9994285702705383
Lung_Dx-G0050,1,0.0003237690543755889,0.9996762275695801
Lung_Dx-G0050,1,0.002536047250032425,0.9974639415740967
Lung_Dx-G0050,1,0.2762509882450104,0.7237489819526672
Lung_Dx-G0050,1,0.9203612804412842,0.07963874191045761
Lung_Dx-G0050,1,0.7841538190841675,0.2158462107181549
Lung_Dx-A0167,0,0.9926683902740479,0.007331598084419966
Lung_Dx-A0167,0,0.9987356066703796,0.0012644219677895308
Lung_Dx-A0167,0,0.994551956653595,0.005448068026453257
Lung_Dx-A0167,0,0.9848109483718872,0.015189049765467644
Lung_Dx-A0167,0,0.996870219707489,0.0031297362875193357
Lung_Dx-A0167,0,0.9993513226509094,0.0006487308419309556
Lung_Dx-A0167,0,0.9953994154930115,0.004600618965923786
Lung_Dx-A0167,0,0.9997536540031433,0.00024632958229631186
Lung_Dx-A0167,0,0.9988235831260681,0.0011763748480007052
Lung_Dx-A0167,0,0.9928231239318848,0.007176882121711969
Lung_Dx-A0167,0,0.9935494065284729,0.006450607907027006
Lung_Dx-A0167,0,0.998121440410614,0.0018785203574225307
Lung_Dx-A0167,0,0.9995875954627991,0.0004124558763578534
Lung_Dx-A0167,0,0.9955229759216309,0.0044770813547074795
Lung_Dx-A0167,0,0.999562680721283,0.0004373344127088785
Lung_Dx-A0167,0,0.9975703358650208,0.002429643413051963
Lung_Dx-A0167,0,0.9978510141372681,0.00214894930832088
Lung_Dx-A0167,0,0.9998313188552856,0.00016865275392774493
Lung_Dx-A0167,0,0.9993371367454529,0.0006628098199144006
Lung_Dx-A0167,0,0.9921841025352478,0.007815889082849026
Lung_Dx-A0167,0,0.9996711015701294,0.0003288659790996462
Lung_Dx-A0167,0,0.9999114274978638,8.853436156641692e-05
Lung_Dx-A0167,0,0.9999496936798096,5.025061182095669e-05
Lung_Dx-A0167,0,0.9965569972991943,0.0034429803490638733
Lung_Dx-A0167,0,0.9981684684753418,0.0018315102206543088
Lung_Dx-A0167,0,0.9999402761459351,5.967351535218768e-05
Lung_Dx-A0167,0,0.9996587038040161,0.000341295002726838
Lung_Dx-A0167,0,0.9987356066703796,0.0012644219677895308
Lung_Dx-A0167,0,0.9991082549095154,0.0008917038212530315
Lung_Dx-A0167,0,0.9995372295379639,0.0004628084716387093
Lung_Dx-A0167,0,0.9997757077217102,0.00022429059026762843
Lung_Dx-A0167,0,0.9995044469833374,0.0004955359036102891
Lung_Dx-A0167,0,0.9938668608665466,0.0061331759206950665
Lung_Dx-A0167,0,0.9993821382522583,0.0006178345065563917
Lung_Dx-A0167,0,0.9915870428085327,0.008412977680563927
Lung_Dx-A0167,0,0.998275876045227,0.0017240936867892742
Lung_Dx-A0167,0,0.9999904632568359,9.479151231062133e-06
Lung_Dx-A0167,0,0.9993475079536438,0.0006525407079607248
Lung_Dx-A0167,0,0.9996366500854492,0.00036329866270534694
Lung_Dx-A0167,0,0.9998741149902344,0.00012582799536176026
Lung_Dx-A0167,0,0.9999265670776367,7.339867443079129e-05
Lung_Dx-A0167,0,0.9995092153549194,0.0004907225957140326
Lung_Dx-A0167,0,0.9943360686302185,0.005663864780217409
Lung_Dx-A0167,0,0.9976813793182373,0.0023186402395367622
Lung_Dx-A0167,0,0.9908567667007446,0.009143315255641937
Lung_Dx-A0167,0,0.9970765113830566,0.0029235430993139744
Lung_Dx-A0167,0,0.9973269701004028,0.0026730059180408716
Lung_Dx-A0167,0,0.9996775388717651,0.00032250722870230675
Lung_Dx-A0167,0,0.9996999502182007,0.00030002996209077537
Lung_Dx-A0167,0,0.9997851252555847,0.00021485923207364976
Lung_Dx-A0167,0,0.8235413432121277,0.17645862698554993
Lung_Dx-A0167,0,0.9934991598129272,0.006500871852040291
Lung_Dx-A0167,0,0.9996540546417236,0.00034599160426296294
Lung_Dx-A0167,0,0.9631266593933105,0.03687337040901184
Lung_Dx-A0167,0,0.9392480850219727,0.06075190752744675
Lung_Dx-A0167,0,0.9949001669883728,0.005099818110466003
Lung_Dx-A0167,0,0.9773275852203369,0.022672437131404877
Lung_Dx-A0167,0,0.9948603510856628,0.005139611195772886
Lung_Dx-A0167,0,0.9997953772544861,0.0002046221779892221
Lung_Dx-A0167,0,0.9998472929000854,0.00015266539412550628
Lung_Dx-A0167,0,0.9999760389328003,2.3923508706502616e-05
Lung_Dx-A0167,0,0.9999567270278931,4.3319039832567796e-05
Lung_Dx-A0167,0,0.9999231100082397,7.692087820032611e-05
Lung_Dx-A0167,0,0.9999877214431763,1.2314911145949736e-05
Lung_Dx-A0167,0,0.9999816417694092,1.8414684745948762e-05
Lung_Dx-A0167,0,0.9997434020042419,0.00025664037093520164
Lung_Dx-A0167,0,0.9995280504226685,0.00047193223144859076
Lung_Dx-A0167,0,0.9996102452278137,0.00038975226925686
Lung_Dx-A0169,0,0.9992889165878296,0.0007110568694770336
Lung_Dx-A0169,0,0.9989204406738281,0.0010796068236231804
Lung_Dx-A0169,0,0.9907140731811523,0.009285965003073215
Lung_Dx-A0169,0,0.9996252059936523,0.0003748267481569201
Lung_Dx-A0169,0,0.9983223080635071,0.0016776672564446926
Lung_Dx-A0169,0,0.9945095181465149,0.005490563809871674
Lung_Dx-A0169,0,0.9998005032539368,0.00019949312263634056
Lung_Dx-A0169,0,0.9977172613143921,0.00228277500718832
Lung_Dx-A0169,0,0.9992792010307312,0.0007208380266092718
Lung_Dx-A0169,0,0.9998409748077393,0.0001590562314959243
Lung_Dx-A0169,0,0.9639838933944702,0.0360160693526268
Lung_Dx-A0169,0,0.9644221067428589,0.035577889531850815
Lung_Dx-A0169,0,0.9825742840766907,0.01742575690150261
Lung_Dx-A0169,0,0.9990395903587341,0.0009603368234820664
Lung_Dx-A0169,0,0.9910492897033691,0.008950711227953434
Lung_Dx-A0169,0,0.9968884587287903,0.0031115084420889616
Lung_Dx-A0169,0,0.00446838466450572,0.9955315589904785
Lung_Dx-A0169,0,0.9855521321296692,0.014447852969169617
Lung_Dx-A0169,0,0.9809491038322449,0.019050899893045425
Lung_Dx-A0169,0,0.19868534803390503,0.801314651966095
Lung_Dx-A0169,0,0.017576882615685463,0.9824230670928955
Lung_Dx-A0169,0,0.8407825827598572,0.15921740233898163
Lung_Dx-A0169,0,0.7860485315322876,0.21395142376422882
Lung_Dx-A0169,0,0.8213309049606323,0.17866909503936768
Lung_Dx-A0169,0,0.6436653137207031,0.3563346564769745
Lung_Dx-A0169,0,0.3602076768875122,0.6397923231124878
Lung_Dx-A0169,0,0.1796024888753891,0.8203974962234497
Lung_Dx-A0169,0,0.7872368097305298,0.21276314556598663
Lung_Dx-A0169,0,0.918333888053894,0.08166611194610596
Lung_Dx-A0169,0,0.9973374009132385,0.00266261282376945
Lung_Dx-A0169,0,0.9649873375892639,0.0350126251578331
Lung_Dx-A0169,0,0.9227612018585205,0.0772387832403183
Lung_Dx-A0169,0,0.006917241960763931,0.9930827617645264
Lung_Dx-A0169,0,0.0009773503988981247,0.9990226030349731
Lung_Dx-A0169,0,0.11027936637401581,0.889720618724823
Lung_Dx-A0169,0,0.3041450083255768,0.6958549618721008
Lung_Dx-A0169,0,0.19667187333106995,0.8033281564712524
Lung_Dx-A0169,0,0.07243961095809937,0.9275604486465454
Lung_Dx-A0169,0,0.16052906215190887,0.8394709229469299
Lung_Dx-A0169,0,0.3018248677253723,0.6981751322746277
Lung_Dx-A0169,0,0.2167152315378189,0.7832847833633423
Lung_Dx-A0175,0,0.9938190579414368,0.006180981174111366
Lung_Dx-A0175,0,0.761804461479187,0.23819561302661896
Lung_Dx-A0175,0,0.9953634738922119,0.004636535421013832
Lung_Dx-A0175,0,0.9971550703048706,0.0028449094388633966
Lung_Dx-A0175,0,0.9998867511749268,0.00011323438229737803
Lung_Dx-A0175,0,0.9999414682388306,5.851939567946829e-05
Lung_Dx-A0175,0,0.9998968839645386,0.00010310212383046746
Lung_Dx-A0175,0,0.9998972415924072,0.00010270019993185997
Lung_Dx-A0175,0,0.999968409538269,3.156969614792615e-05
Lung_Dx-A0175,0,0.9999983310699463,1.6929056982917245e-06
Lung_Dx-A0175,0,0.9998898506164551,0.00011018042278010398
Lung_Dx-A0175,0,0.9998488426208496,0.00015118200099095702
Lung_Dx-A0175,0,0.9999279975891113,7.197912054834887e-05
Lung_Dx-A0175,0,0.9996125102043152,0.00038747614598833025
Lung_Dx-A0175,0,0.9996395111083984,0.00036047250614501536
Lung_Dx-A0175,0,0.9993461966514587,0.0006538155721500516
Lung_Dx-A0175,0,0.999840259552002,0.00015967863146215677
Lung_Dx-A0175,0,0.9998888969421387,0.0001110444645746611
Lung_Dx-A0175,0,0.9998977184295654,0.00010229985491605476
Lung_Dx-A0175,0,0.9993320107460022,0.0006680048536509275
Lung_Dx-A0175,0,0.9998923540115356,0.0001076283588190563
Lung_Dx-A0175,0,0.9997809529304504,0.00021909605129621923
Lung_Dx-A0175,0,0.9998612403869629,0.00013873411808162928
Lung_Dx-A0175,0,0.9998557567596436,0.0001442598586436361
Lung_Dx-A0175,0,0.9996874332427979,0.0003125878283753991
Lung_Dx-A0175,0,0.9999895095825195,1.049245383910602e-05
Lung_Dx-A0175,0,0.9999860525131226,1.3954598216514569e-05
Lung_Dx-A0175,0,0.9998799562454224,0.0001200666229124181
Lung_Dx-A0175,0,0.9999909400939941,9.045073966262862e-06
Lung_Dx-A0175,0,0.9999920129776001,7.982258466654457e-06
Lung_Dx-A0175,0,0.9999954700469971,4.5838405640097335e-06
Lung_Dx-A0175,0,0.9999880790710449,1.1889491361216642e-05
Lung_Dx-A0175,0,0.9999663829803467,3.360569826327264e-05
Lung_Dx-A0175,0,0.99998939037323,1.0657684470061213e-05
Lung_Dx-A0180,0,0.9993650317192078,0.0006349506438709795
Lung_Dx-A0180,0,0.9976769089698792,0.0023231625091284513
Lung_Dx-A0180,0,0.9996579885482788,0.00034196206252090633
Lung_Dx-A0180,0,0.99992835521698,7.169852324295789e-05
Lung_Dx-A0180,0,0.9997517466545105,0.00024826108710840344
Lung_Dx-A0180,0,0.9999830722808838,1.6964428141363896e-05
Lung_Dx-A0180,0,0.9999892711639404,1.0741272490122356e-05
Lung_Dx-A0180,0,0.9999879598617554,1.207672175951302e-05
Lung_Dx-A0180,0,0.998380184173584,0.001619805465452373
Lung_Dx-A0180,0,0.9999103546142578,8.95778794074431e-05
Lung_Dx-A0180,0,0.9999970197677612,2.9944410471216543e-06
Lung_Dx-A0180,0,0.9999723434448242,2.7643460271065123e-05
Lung_Dx-A0180,0,0.9999977350234985,2.269170863655745e-06
Lung_Dx-A0180,0,0.9999997615814209,2.0942367484622082e-07
Lung_Dx-A0180,0,0.9999983310699463,1.67318273724959e-06
Lung_Dx-A0180,0,0.9999984502792358,1.5294131117116194e-06
Lung_Dx-A0180,0,0.9999998807907104,1.6246347911419434e-07
Lung_Dx-A0180,0,0.9999933242797852,6.669435151707148e-06
Lung_Dx-A0180,0,0.9996806383132935,0.0003193740267306566
Lung_Dx-A0180,0,0.9999861717224121,1.3792023310088553e-05
Lung_Dx-A0180,0,0.9999864101409912,1.3631345609610435e-05
Lung_Dx-A0180,0,0.9999946355819702,5.380023594625527e-06
Lung_Dx-A0180,0,0.9999514818191528,4.8514772061025724e-05
Lung_Dx-A0180,0,0.9996199607849121,0.0003799845289904624
Lung_Dx-A0180,0,0.9999687671661377,3.120191104244441e-05
Lung_Dx-A0180,0,0.9999686479568481,3.1324027077062055e-05
Lung_Dx-A0180,0,0.9993255138397217,0.0006745559512637556
Lung_Dx-A0180,0,0.9997051358222961,0.0002948036417365074
Lung_Dx-A0180,0,0.9999700784683228,2.9889639336033724e-05
Lung_Dx-A0180,0,0.9999910593032837,8.904843525670003e-06
Lung_Dx-A0180,0,0.9999998807907104,1.6119918200274697e-07
Lung_Dx-A0180,0,1.0,9.094236474993522e-09
Lung_Dx-A0180,0,1.0,1.022492401858699e-08
Lung_Dx-A0180,0,0.9999998807907104,6.312650668860442e-08
Lung_Dx-A0180,0,0.9999986886978149,1.2979962775716558e-06
Lung_Dx-A0180,0,0.9999974966049194,2.50195034823264e-06
Lung_Dx-A0180,0,0.9999997615814209,2.8624822334677447e-07
Lung_Dx-A0180,0,0.9999979734420776,2.034072167589329e-06
Lung_Dx-A0180,0,0.9999991655349731,8.886213436198886e-07
Lung_Dx-A0180,0,0.9999977350234985,2.286968083353713e-06
Lung_Dx-A0180,0,0.9999914169311523,8.530319973942824e-06
Lung_Dx-A0180,0,0.9999963045120239,3.7266393064783188e-06
Lung_Dx-A0180,0,0.9999979734420776,2.0025368030474056e-06
Lung_Dx-A0188,0,0.0077856555581092834,0.9922143816947937
Lung_Dx-A0188,0,0.0015158916357904673,0.9984840750694275
Lung_Dx-A0188,0,0.04659464210271835,0.9534053802490234
Lung_Dx-A0188,0,0.49448418617248535,0.5055158138275146
Lung_Dx-A0188,0,0.01764446310698986,0.982355535030365
Lung_Dx-A0188,0,0.17617498338222504,0.8238250017166138
Lung_Dx-A0188,0,0.2013416886329651,0.7986582517623901
Lung_Dx-A0188,0,0.7633073329925537,0.2366926372051239
Lung_Dx-A0188,0,0.6565206050872803,0.34347936511039734
Lung_Dx-A0188,0,0.7702920436859131,0.22970795631408691
Lung_Dx-A0188,0,0.8014700412750244,0.198529914021492
Lung_Dx-A0188,0,0.6476311087608337,0.35236892104148865
Lung_Dx-A0188,0,0.7279270887374878,0.2720729112625122
Lung_Dx-A0188,0,0.40889617800712585,0.5911037921905518
Lung_Dx-A0188,0,0.9463493227958679,0.05365069955587387
Lung_Dx-A0188,0,0.6475335955619812,0.3524664044380188
Lung_Dx-A0188,0,0.9855660796165466,0.01443395484238863
Lung_Dx-A0188,0,0.9145200252532959,0.0854799747467041
Lung_Dx-A0188,0,0.9857455492019653,0.014254463836550713
Lung_Dx-A0188,0,0.8853343725204468,0.11466560512781143
Lung_Dx-A0188,0,0.8790948390960693,0.12090510874986649
Lung_Dx-A0188,0,0.8624095916748047,0.13759039342403412
Lung_Dx-A0188,0,0.9820137619972229,0.01798621006309986
Lung_Dx-A0188,0,0.9996117949485779,0.00038823336944915354
Lung_Dx-A0188,0,0.9854544401168823,0.014545513316988945
Lung_Dx-A0188,0,0.9989412426948547,0.0010587475262582302
Lung_Dx-A0188,0,0.9730620980262756,0.02693789079785347
Lung_Dx-A0188,0,0.9900828003883362,0.009917222894728184
Lung_Dx-A0188,0,0.9117313623428345,0.08826860785484314
Lung_Dx-A0188,0,0.9983611702919006,0.0016388678923249245
Lung_Dx-A0188,0,0.9994986057281494,0.0005013742484152317
Lung_Dx-A0188,0,0.9964411854743958,0.00355880381539464
Lung_Dx-A0188,0,0.9974491000175476,0.0025509123224765062
Lung_Dx-A0188,0,0.9962564706802368,0.0037434976547956467
Lung_Dx-A0188,0,0.9981756210327148,0.0018243828089907765
Lung_Dx-A0188,0,0.9965165853500366,0.0034834244288504124
Lung_Dx-A0188,0,0.9848837852478027,0.015116182155907154
Lung_Dx-A0188,0,0.7548246383666992,0.24517536163330078
Lung_Dx-A0188,0,0.7697299718856812,0.23027002811431885
Lung_Dx-A0188,0,0.8063575029373169,0.1936424821615219
Lung_Dx-A0188,0,0.9736446738243103,0.026355354115366936
Lung_Dx-A0188,0,0.6394968628883362,0.36050310730934143
Lung_Dx-A0188,0,0.897650420665741,0.10234955698251724
Lung_Dx-A0188,0,0.7692102789878845,0.23078970611095428
Lung_Dx-A0188,0,0.9996206760406494,0.00037924337084405124
Lung_Dx-A0188,0,0.9990673661231995,0.00093263597227633
Lung_Dx-A0188,0,0.9265698790550232,0.07343005388975143
Lung_Dx-A0188,0,0.9793738126754761,0.020626194775104523
Lung_Dx-A0188,0,0.9976586103439331,0.0023413405288010836
Lung_Dx-A0188,0,0.07606381177902222,0.9239361882209778
Lung_Dx-A0188,0,0.8427337408065796,0.15726622939109802
Lung_Dx-A0188,0,0.7157220840454102,0.28427788615226746
Lung_Dx-A0188,0,0.6135839223861694,0.38641607761383057
Lung_Dx-A0188,0,0.04012495279312134,0.9598750472068787
Lung_Dx-A0188,0,0.18155324459075928,0.8184467554092407
Lung_Dx-A0188,0,0.9822707772254944,0.017729299142956734
Lung_Dx-A0188,0,0.9962051510810852,0.003794834017753601
Lung_Dx-A0188,0,0.9996904134750366,0.00030955098918639123
Lung_Dx-A0188,0,0.9860174059867859,0.013982612639665604
Lung_Dx-A0188,0,0.9955748319625854,0.004425152204930782
Lung_Dx-A0188,0,0.9720190763473511,0.027980946004390717
Lung_Dx-A0188,0,0.6152901649475098,0.3847098648548126
Lung_Dx-A0188,0,0.9644221067428589,0.035577889531850815
Lung_Dx-A0188,0,0.9964480400085449,0.0035518843214958906
Lung_Dx-A0188,0,0.9890342950820923,0.01096574030816555
Lung_Dx-A0188,0,0.9999477863311768,5.225227141636424e-05
Lung_Dx-A0188,0,0.9936364889144897,0.0063635739497840405
Lung_Dx-A0188,0,0.9344549775123596,0.06554500013589859
Lung_Dx-A0188,0,0.973993182182312,0.026006782427430153
Lung_Dx-A0188,0,0.9958900809288025,0.004109915811568499
Lung_Dx-A0188,0,0.996364176273346,0.003635808825492859
Lung_Dx-A0188,0,0.9823893308639526,0.017610643059015274
Lung_Dx-A0188,0,0.7796576023101807,0.22034244239330292
Lung_Dx-A0188,0,0.4208822250366211,0.5791177749633789
Lung_Dx-A0188,0,0.8925625681877136,0.10743747651576996
Lung_Dx-A0188,0,0.007176882121711969,0.9928231239318848
Lung_Dx-A0188,0,0.000534735678229481,0.99946528673172
Lung_Dx-A0188,0,0.11676400899887085,0.8832359910011292
Lung_Dx-A0188,0,0.009232214652001858,0.990767776966095
Lung_Dx-A0188,0,0.010150015354156494,0.9898499250411987
Lung_Dx-A0188,0,0.0011095014633610845,0.9988904595375061
Lung_Dx-A0188,0,0.0013643618440255523,0.9986355900764465
Lung_Dx-A0188,0,2.2738999177818187e-05,0.9999772310256958
Lung_Dx-A0188,0,0.001734208082780242,0.99826580286026
Lung_Dx-A0188,0,0.03286798298358917,0.9671319723129272
Lung_Dx-A0188,0,0.4329172670841217,0.5670827031135559
Lung_Dx-A0188,0,0.36483415961265564,0.6351658701896667
Lung_Dx-A0188,0,0.00022782183077652007,0.9997721314430237
Lung_Dx-A0188,0,0.0066025699488818645,0.9933974742889404
Lung_Dx-A0188,0,5.245676948106848e-05,0.9999475479125977
Lung_Dx-A0188,0,0.004365325439721346,0.9956346154212952
Lung_Dx-A0188,0,0.014559518545866013,0.9854404330253601
Lung_Dx-A0188,0,0.4579547643661499,0.5420452952384949
Lung_Dx-A0188,0,0.17852582037448883,0.8214741349220276
Lung_Dx-A0188,0,0.0009946650825440884,0.9990053772926331
Lung_Dx-A0188,0,0.0008183335303328931,0.9991816878318787
Lung_Dx-A0188,0,0.014587568119168282,0.9854124188423157
Lung_Dx-A0188,0,8.029783930396661e-05,0.9999196529388428
Lung_Dx-A0188,0,4.889526098850183e-05,0.9999511241912842
Lung_Dx-A0188,0,0.0007978334906511009,0.9992021918296814
Lung_Dx-A0188,0,0.0021573419217020273,0.9978426694869995
Lung_Dx-A0188,0,0.6079250574111938,0.39207494258880615
Lung_Dx-A0188,0,0.06330841034650803,0.9366915822029114
Lung_Dx-A0188,0,0.0007643033168278635,0.9992357492446899
Lung_Dx-A0188,0,0.6074448227882385,0.3925551176071167
Lung_Dx-A0188,0,0.014172364957630634,0.9858275651931763
Lung_Dx-A0188,0,0.0005213362746872008,0.9994786381721497
Lung_Dx-A0188,0,0.01540972851216793,0.9845902919769287
Lung_Dx-A0188,0,0.8733229041099548,0.12667711079120636
Lung_Dx-A0188,0,0.9900636076927185,0.009936418384313583
Lung_Dx-A0188,0,0.9904406070709229,0.00955939944833517
Lung_Dx-A0188,0,0.2626999616622925,0.7373000979423523
Lung_Dx-A0188,0,0.982185423374176,0.017814530059695244
Lung_Dx-A0188,0,0.6088847517967224,0.3911151885986328
Lung_Dx-A0188,0,0.8823264837265015,0.11767348647117615
Lung_Dx-A0188,0,0.6554463505744934,0.34455370903015137
Lung_Dx-A0188,0,0.7368268966674805,0.26317310333251953
Lung_Dx-A0188,0,0.030704854056239128,0.9692951440811157
Lung_Dx-A0188,0,0.8764230012893677,0.12357699871063232
Lung_Dx-A0190,0,0.9984421133995056,0.0015578481834381819
Lung_Dx-A0190,0,0.9994589686393738,0.0005410355515778065
Lung_Dx-A0190,0,0.9990854263305664,0.0009146137163043022
Lung_Dx-A0190,0,0.9997667670249939,0.0002332232252229005
Lung_Dx-A0190,0,0.9999954700469971,4.5304377636057325e-06
Lung_Dx-A0190,0,0.9994745850563049,0.0005254230927675962
Lung_Dx-A0190,0,0.9999549388885498,4.5044595026411116e-05
Lung_Dx-A0190,0,0.9999997615814209,2.606319924325362e-07
Lung_Dx-A0190,0,0.9999994039535522,5.410857397691871e-07
Lung_Dx-A0190,0,0.9999935626983643,6.439037861127872e-06
Lung_Dx-A0190,0,0.9999921321868896,7.858505341573618e-06
Lung_Dx-A0190,0,0.999993085861206,6.908076102263294e-06
Lung_Dx-A0190,0,0.9999929666519165,7.044324775051791e-06
Lung_Dx-A0190,0,0.9999957084655762,4.339894530858146e-06
Lung_Dx-A0190,0,0.999996542930603,3.487205958663253e-06
Lung_Dx-A0190,0,0.9999662637710571,3.373722211108543e-05
Lung_Dx-A0190,0,0.9999864101409912,1.3631345609610435e-05
Lung_Dx-A0190,0,0.9996352195739746,0.0003647200355771929
Lung_Dx-A0190,0,0.9998989105224609,0.0001011081476463005
Lung_Dx-A0190,0,0.9999551773071289,4.486899706535041e-05
Lung_Dx-A0190,0,0.9999477863311768,5.225227141636424e-05
Lung_Dx-A0190,0,0.9999998807907104,1.1430733337647325e-07
Lung_Dx-A0190,0,0.9998766183853149,0.00012339458044152707
Lung_Dx-A0190,0,0.999160647392273,0.0008393599418923259
Lung_Dx-A0190,0,0.9997809529304504,0.00021909605129621923
Lung_Dx-A0190,0,0.9995802044868469,0.00041976713691838086
Lung_Dx-A0190,0,0.9998809099197388,0.0001191323681268841
Lung_Dx-A0192,0,0.9986801743507385,0.0013198636006563902
Lung_Dx-A0192,0,0.9999996423721313,2.999855155394471e-07
Lung_Dx-A0192,0,0.9987157583236694,0.0012843082658946514
Lung_Dx-A0192,0,0.9999020099639893,9.79976830421947e-05
Lung_Dx-A0192,0,0.9999905824661255,9.368716746394057e-06
Lung_Dx-A0192,0,0.9999902248382568,9.741920621308964e-06
Lung_Dx-A0192,0,0.9999572038650513,4.2814375774469227e-05
Lung_Dx-A0192,0,0.9999277591705322,7.226082379929721e-05
Lung_Dx-A0192,0,0.999698281288147,0.000301792606478557
Lung_Dx-A0192,0,0.9999961853027344,3.8449356907221954e-06
Lung_Dx-A0192,0,0.9999909400939941,9.045073966262862e-06
Lung_Dx-A0192,0,0.9999642372131348,3.577300230972469e-05
Lung_Dx-A0192,0,0.9999485015869141,5.144221358932555e-05
Lung_Dx-A0192,0,0.9999701976776123,2.9773113055853173e-05
Lung_Dx-A0192,0,0.9999610185623169,3.898308568750508e-05
Lung_Dx-A0193,0,0.9999321699142456,6.788305472582579e-05
Lung_Dx-A0193,0,0.9999245405197144,7.543320680269971e-05
Lung_Dx-A0193,0,0.9999277591705322,7.226082379929721e-05
Lung_Dx-A0193,0,0.9999239444732666,7.602479308843613e-05
Lung_Dx-A0193,0,0.9989956021308899,0.001004416262730956
Lung_Dx-A0193,0,0.9998345375061035,0.00016539123316761106
Lung_Dx-A0193,0,0.9951230883598328,0.004876886960119009
Lung_Dx-A0193,0,0.9998568296432495,0.0001431373821105808
Lung_Dx-A0193,0,0.999984622001648,1.5326106222346425e-05
Lung_Dx-A0193,0,0.9999957084655762,4.339894530858146e-06
Lung_Dx-A0193,0,0.9998906850814819,0.00010932308214250952
Lung_Dx-A0193,0,0.9996402263641357,0.00035976935760118067
Lung_Dx-A0193,0,0.9996402263641357,0.00035976935760118067
Lung_Dx-A0193,0,0.9928370118141174,0.007162978406995535
Lung_Dx-A0193,0,0.9678689241409302,0.03213106095790863
Lung_Dx-A0193,0,0.9957767128944397,0.004223365802317858
Lung_Dx-A0193,0,0.9999366998672485,6.327425944618881e-05
Lung_Dx-A0193,0,0.9998574256896973,0.00014257943257689476
Lung_Dx-A0193,0,0.9999501705169678,4.985958366887644e-05
Lung_Dx-A0193,0,0.9188450574874878,0.08115489780902863
Lung_Dx-A0193,0,0.9879462122917175,0.0120537793263793
Lung_Dx-A0193,0,0.9964619278907776,0.0035380860790610313
Lung_Dx-A0193,0,0.9993094205856323,0.0006905414629727602
Lung_Dx-A0193,0,0.9305844902992249,0.06941547244787216
Lung_Dx-A0193,0,0.9998499155044556,0.0001500056532677263
Lung_Dx-A0193,0,0.9987624883651733,0.001237579737789929
Lung_Dx-A0193,0,0.9912378191947937,0.00876212865114212
Lung_Dx-A0193,0,0.9999643564224243,3.5633544030133635e-05
Lung_Dx-A0193,0,0.9999713897705078,2.863255940610543e-05
Lung_Dx-A0193,0,0.9982247948646545,0.0017752606654539704
Lung_Dx-A0193,0,1.0,7.422499059828169e-09
Lung_Dx-A0193,0,0.9999915361404419,8.430940397374798e-06
Lung_Dx-A0193,0,0.9999990463256836,9.312670385952515e-07
Lung_Dx-A0193,0,0.9999815225601196,1.8486754925106652e-05
Lung_Dx-A0193,0,0.9999972581863403,2.791126462398097e-06
Lung_Dx-A0193,0,0.9999957084655762,4.2893334466498345e-06
Lung_Dx-A0193,0,0.9999101161956787,8.992846414912492e-05
Lung_Dx-A0193,0,0.9989956021308899,0.001004416262730956
Lung_Dx-A0193,0,0.9999805688858032,1.9449762476142496e-05
Lung_Dx-A0193,0,0.9999973773956299,2.6117988909390988e-06
Lung_Dx-A0193,0,0.9999852180480957,1.4738980098627508e-05
Lung_Dx-A0193,0,0.9999778270721436,2.2125668692751788e-05
Lung_Dx-A0193,0,0.9957020878791809,0.004297938663512468
Lung_Dx-A0193,0,0.9959927201271057,0.004007288720458746
Lung_Dx-A0193,0,0.5389680862426758,0.4610319435596466
Lung_Dx-A0193,0,0.9996429681777954,0.0003569705877453089
Lung_Dx-A0193,0,0.9994162321090698,0.0005838324432261288
Lung_Dx-A0193,0,0.9992777705192566,0.0007222463027574122
Lung_Dx-A0193,0,0.9999548196792603,4.5220887841423973e-05
Lung_Dx-A0193,0,0.9999996423721313,4.0367467590840533e-07
Lung_Dx-A0193,0,0.9999954700469971,4.5481692723114975e-06
Lung_Dx-A0193,0,0.9999920129776001,8.044863534450997e-06
Lung_Dx-A0193,0,0.999869704246521,0.00013032974675297737
Lung_Dx-A0193,0,0.9991204142570496,0.000879606232047081
Lung_Dx-A0193,0,0.9999918937683105,8.139691999531351e-06
Lung_Dx-A0193,0,0.9997147917747498,0.00028517868486233056
Lung_Dx-A0193,0,0.9999402761459351,5.967351535218768e-05
Lung_Dx-A0193,0,0.9999483823776245,5.164354297448881e-05
Lung_Dx-A0193,0,0.999957799911499,4.2150626541115344e-05
Lung_Dx-A0193,0,0.9999778270721436,2.2125668692751788e-05
Lung_Dx-A0193,0,0.999464213848114,0.0005357805639505386
Lung_Dx-A0193,0,0.9999477863311768,5.225227141636424e-05
Lung_Dx-A0193,0,0.9997097849845886,0.00029023445677012205
Lung_Dx-A0193,0,0.9995290040969849,0.000471011851914227
Lung_Dx-A0193,0,0.9998915195465088,0.00010847241355804726
Lung_Dx-A0193,0,0.9999816417694092,1.8342892872169614e-05
Lung_Dx-A0193,0,0.997945249080658,0.0020547446329146624
Lung_Dx-A0193,0,0.9947799444198608,0.005220125894993544
Lung_Dx-A0193,0,0.9993081092834473,0.0006918906001374125
Lung_Dx-A0193,0,0.999695897102356,0.00030415886431001127
Lung_Dx-A0193,0,0.9998836517333984,0.0001163729903055355
Lung_Dx-A0193,0,0.9999992847442627,6.893610020597407e-07
Lung_Dx-A0193,0,0.9999922513961792,7.706508768023923e-06
Lung_Dx-A0195,0,0.4983063042163849,0.5016937255859375
Lung_Dx-A0195,0,1.7299014871241525e-05,0.9999827146530151
Lung_Dx-A0195,0,0.0031175725162029266,0.996882438659668
Lung_Dx-A0195,0,0.0002700058394111693,0.9997299313545227
Lung_Dx-A0195,0,0.000693242356646806,0.9993067979812622
Lung_Dx-A0195,0,2.2959193302085623e-06,0.9999977350234985
Lung_Dx-A0195,0,0.05915588140487671,0.9408441781997681
Lung_Dx-A0195,0,0.005957154091447592,0.9940428137779236
Lung_Dx-A0195,0,0.018107349053025246,0.9818925857543945
Lung_Dx-A0195,0,0.16626888513565063,0.8337311148643494
Lung_Dx-A0195,0,0.9761518836021423,0.023848090320825577
Lung_Dx-A0195,0,0.9923638105392456,0.007636216469109058
Lung_Dx-A0195,0,0.03718677535653114,0.9628131985664368
Lung_Dx-A0195,0,0.5917969346046448,0.40820303559303284
Lung_Dx-A0195,0,0.8073087334632874,0.19269122183322906
Lung_Dx-A0195,0,0.7461389899253845,0.2538610100746155
Lung_Dx-A0195,0,0.9966756105422974,0.003324436955153942
Lung_Dx-A0195,0,0.9999762773513794,2.373734059801791e-05
Lung_Dx-A0195,0,0.9995408058166504,0.0004592085024341941
Lung_Dx-A0195,0,0.9999567270278931,4.3319039832567796e-05
Lung_Dx-A0195,0,0.9999963045120239,3.741224873010651e-06
Lung_Dx-A0195,0,0.9999933242797852,6.6175330175610725e-06
Lung_Dx-A0195,0,0.9999011754989624,9.876620606519282e-05
Lung_Dx-A0223,0,0.9999958276748657,4.1411567508475855e-06
Lung_Dx-A0223,0,0.9999994039535522,6.325932986328553e-07
Lung_Dx-A0223,0,0.9999985694885254,1.370957193103095e-06
Lung_Dx-A0223,0,0.9999995231628418,4.3647631287058175e-07
Lung_Dx-A0223,0,0.9999980926513672,1.9183130461897235e-06
Lung_Dx-A0223,0,0.9999921321868896,7.920139978523366e-06
Lung_Dx-A0223,0,1.0,1.8620972541683045e-09
Lung_Dx-A0223,0,0.9999998807907104,1.265266860173142e-07
Lung_Dx-A0223,0,0.9999998807907104,6.960225817920218e-08
Lung_Dx-A0223,0,0.9999998807907104,7.795082979100698e-08
Lung_Dx-A0223,0,0.9999986886978149,1.2929357353641535e-06
Lung_Dx-A0223,0,0.9999896287918091,1.032978525472572e-05
Lung_Dx-A0223,0,0.9999984502792358,1.5474412293770001e-06
Lung_Dx-A0223,0,0.9999998807907104,1.4677353021852468e-07
Lung_Dx-A0223,0,0.9999834299087524,1.6571451851632446e-05
Lung_Dx-A0223,0,0.9999985694885254,1.3763229844698799e-06
Lung_Dx-A0223,0,0.9999984502792358,1.6028110394472606e-06
Lung_Dx-A0223,0,0.9999998807907104,1.618301013195378e-07
Lung_Dx-A0223,0,0.9999946355819702,5.401079761213623e-06
Lung_Dx-A0223,0,0.9999899864196777,9.972940461011603e-06
Lung_Dx-A0223,0,0.9999158382415771,8.415109914494678e-05
Lung_Dx-A0223,0,0.9999215602874756,7.84378862590529e-05
Lung_Dx-A0223,0,0.9999868869781494,1.3160451089788694e-05
Lung_Dx-A0223,0,0.9999799728393555,1.9988918211311102e-05
Lung_Dx-A0223,0,0.9995867609977722,0.0004132619360461831
Lung_Dx-A0223,0,0.9996685981750488,0.0003314445202704519
Lung_Dx-A0223,0,0.9998118281364441,0.0001881420612335205
Lung_Dx-A0223,0,0.9998875856399536,0.00011235327838221565
Lung_Dx-A0223,0,0.9999165534973145,8.34962775115855e-05
Lung_Dx-A0223,0,0.9999154806137085,8.448042353847995e-05
Lung_Dx-A0223,0,0.9943581223487854,0.005641908850520849
Lung_Dx-A0223,0,0.9995408058166504,0.0004592085024341941
Lung_Dx-A0242,0,0.9999659061431885,3.413489685044624e-05
Lung_Dx-A0242,0,0.9999879598617554,1.1982739124505315e-05
Lung_Dx-A0242,0,0.9999922513961792,7.797351827321108e-06
Lung_Dx-A0242,0,0.9999511241912842,4.889526098850183e-05
Lung_Dx-A0242,0,0.9999868869781494,1.305803561990615e-05
Lung_Dx-A0242,0,0.9998880624771118,0.00011191529483767226
Lung_Dx-A0242,0,0.9997028708457947,0.00029711509705521166
Lung_Dx-A0242,0,0.9999518394470215,4.813724444829859e-05
Lung_Dx-A0242,0,0.999868631362915,0.00013135180051904172
Lung_Dx-A0242,0,0.9991557598114014,0.0008442883845418692
Lung_Dx-A0242,0,0.9976403713226318,0.0023596605751663446
Lung_Dx-A0242,0,0.999231219291687,0.0007687913603149354
Lung_Dx-A0242,0,0.9988774657249451,0.0011225653579458594
Lung_Dx-A0242,0,0.9968580007553101,0.0031419473234564066
Lung_Dx-A0242,0,0.9985674619674683,0.0014325366355478764
Lung_Dx-A0242,0,0.9896718263626099,0.010328153148293495
Lung_Dx-A0242,0,0.9700703024864197,0.02992974780499935
Lung_Dx-A0242,0,0.9871788024902344,0.012821214273571968
Lung_Dx-A0242,0,0.8204693794250488,0.1795305609703064
Lung_Dx-A0242,0,0.9996892213821411,0.0003107621450908482
Lung_Dx-A0242,0,0.9988213181495667,0.0011786720715463161
Lung_Dx-A0242,0,0.9896518588066101,0.010348135605454445
Lung_Dx-A0242,0,0.9985449314117432,0.0014550627674907446
Lung_Dx-A0242,0,0.9450961351394653,0.054903849959373474
Lung_Dx-A0242,0,0.7644083499908447,0.23559167981147766
Lung_Dx-A0242,0,0.9178197383880615,0.08218025416135788
Lung_Dx-A0242,0,0.8071947693824768,0.1928052008152008
Lung_Dx-A0242,0,0.4654482305049896,0.5345517992973328
Lung_Dx-A0242,0,0.9863499999046326,0.013649976812303066
Lung_Dx-A0242,0,0.9986698627471924,0.0013302016304805875
Lung_Dx-A0242,0,0.996656060218811,0.0033439078833907843
Lung_Dx-A0242,0,0.9948803186416626,0.005119676236063242
Lung_Dx-A0242,0,0.9383503198623657,0.0616496205329895
Lung_Dx-A0242,0,0.9969125986099243,0.0030873692594468594
Lung_Dx-A0242,0,0.9997945427894592,0.00020542288257274777
Lung_Dx-A0242,0,0.9998568296432495,0.0001431373821105808
Lung_Dx-A0242,0,0.995643138885498,0.004356845282018185
Lung_Dx-A0242,0,0.9972744584083557,0.002725582802668214
Lung_Dx-A0242,0,0.9693822264671326,0.03061777912080288
Lung_Dx-A0242,0,0.8557305932044983,0.14426937699317932
Lung_Dx-A0242,0,0.9446382522583008,0.05536169931292534
Lung_Dx-A0242,0,0.7250162959098816,0.274983674287796
Lung_Dx-A0242,0,0.7998725175857544,0.20012743771076202
Lung_Dx-A0242,0,0.17838266491889954,0.8216173648834229
Lung_Dx-A0242,0,0.1667093187570572,0.833290696144104
Lung_Dx-A0242,0,0.7142794132232666,0.2857206165790558
Lung_Dx-A0242,0,0.06432943046092987,0.9356704950332642
Lung_Dx-A0242,0,0.0552341602742672,0.9447658658027649
Lung_Dx-A0242,0,0.010189337655901909,0.9898107051849365
Lung_Dx-A0242,0,0.45786383748054504,0.5421361327171326
Lung_Dx-A0242,0,0.25093573331832886,0.7490642666816711
Lung_Dx-A0242,0,0.9724408984184265,0.027559099718928337
Lung_Dx-A0242,0,0.9691202640533447,0.03087971732020378
Lung_Dx-A0242,0,0.6565447449684143,0.3434552848339081
Lung_Dx-A0242,0,0.9459762573242188,0.05402379110455513
Lung_Dx-A0242,0,0.48407524824142456,0.5159248113632202
Lung_Dx-A0242,0,0.07981786876916885,0.9201821684837341
Lung_Dx-A0242,0,0.1584671437740326,0.841532826423645
Lung_Dx-A0242,0,0.5329720973968506,0.4670279026031494
Lung_Dx-A0242,0,0.059455517679452896,0.9405444860458374
Lung_Dx-A0242,0,0.14863321185112,0.8513667583465576
Lung_Dx-A0242,0,0.11422024667263031,0.8857797384262085
Lung_Dx-A0242,0,0.14015962183475494,0.8598403930664062
Lung_Dx-A0242,0,0.08570927381515503,0.914290726184845
Lung_Dx-A0242,0,0.3143135607242584,0.6856864094734192
Lung_Dx-A0242,0,0.0511774942278862,0.9488224983215332
Lung_Dx-A0242,0,0.5776145458221436,0.4223855137825012
Lung_Dx-A0242,0,0.2686535120010376,0.7313464283943176
Lung_Dx-A0242,0,0.12142506241798401,0.8785749077796936
Lung_Dx-A0242,0,0.004142016638070345,0.9958580136299133
Lung_Dx-A0242,0,0.20991474390029907,0.7900852560997009
Lung_Dx-A0242,0,0.22635580599308014,0.7736441493034363
Lung_Dx-A0242,0,0.29849138855934143,0.701508641242981
Lung_Dx-A0242,0,0.09829549491405487,0.9017044901847839
Lung_Dx-A0242,0,0.08017723262310028,0.9198227524757385
Lung_Dx-A0242,0,0.08570927381515503,0.914290726184845
Lung_Dx-A0242,0,0.3464168906211853,0.6535830497741699
Lung_Dx-A0242,0,0.11920291930437088,0.8807970285415649
Lung_Dx-A0242,0,0.2661187946796417,0.7338811755180359
Lung_Dx-A0242,0,0.9720190763473511,0.027980946004390717
Lung_Dx-A0242,0,0.6896714568138123,0.31032848358154297
Lung_Dx-A0242,0,0.7222179770469666,0.2777820825576782
Lung_Dx-A0242,0,0.735890805721283,0.26410919427871704
Lung_Dx-A0242,0,0.26439395546913147,0.7356060147285461
Lung_Dx-A0242,0,0.9682013392448425,0.03179866820573807
Lung_Dx-A0242,0,0.7658342123031616,0.234165757894516
Lung_Dx-A0242,0,0.9081302285194397,0.0918697863817215
Lung_Dx-A0242,0,0.9904035329818726,0.009596454910933971
Lung_Dx-A0242,0,0.8780007362365723,0.12199921905994415
Lung_Dx-A0242,0,0.9586926698684692,0.04130730405449867
Lung_Dx-A0242,0,0.860720694065094,0.13927926123142242
Lung_Dx-A0242,0,0.9965097308158875,0.003490210510790348
Lung_Dx-A0242,0,0.95163893699646,0.04836099222302437
Lung_Dx-A0242,0,0.9974090456962585,0.002590979216620326
Lung_Dx-A0242,0,0.9946877956390381,0.005312204826623201
Lung_Dx-A0242,0,0.9845160245895386,0.015483987517654896
Lung_Dx-A0242,0,0.9894601106643677,0.010539891198277473
Lung_Dx-A0242,0,0.9999583959579468,4.165958671364933e-05
Lung_Dx-A0242,0,0.9888957738876343,0.011104286648333073
Lung_Dx-A0242,0,0.9902633428573608,0.009736685082316399
Lung_Dx-A0242,0,0.9958821535110474,0.004117917735129595
Lung_Dx-A0242,0,0.9992972612380981,0.0007027786923572421
Lung_Dx-A0242,0,0.9999938011169434,6.240931270440342e-06
Lung_Dx-A0242,0,0.9999936819076538,6.364021828630939e-06
Lung_Dx-A0242,0,0.9999808073043823,1.922317096614279e-05
Lung_Dx-A0242,0,0.998275876045227,0.0017240936867892742
Lung_Dx-A0242,0,0.9993940591812134,0.000605891749728471
Lung_Dx-A0242,0,0.9998252987861633,0.00017468635633122176
Lung_Dx-A0242,0,0.9992972612380981,0.0007027786923572421
Lung_Dx-A0242,0,0.9999773502349854,2.2650352548225783e-05
Lung_Dx-A0242,0,0.9999967813491821,3.225139153073542e-06
Lung_Dx-A0242,0,0.99994957447052,5.044728095526807e-05
Lung_Dx-A0242,0,0.9999935626983643,6.464239504566649e-06
Lung_Dx-A0242,0,0.9977216124534607,0.002278330735862255
Lung_Dx-A0242,0,0.9807841777801514,0.019215846434235573
Lung_Dx-A0242,0,0.9997649788856506,0.00023505199351347983
Lung_Dx-A0242,0,0.9943799376487732,0.00562003580853343
Lung_Dx-A0242,0,0.9908389449119568,0.0091610262170434
Lung_Dx-A0249,0,0.9985923171043396,0.0014076103689149022
Lung_Dx-A0249,0,0.9906418919563293,0.009358113631606102
Lung_Dx-A0249,0,0.998835027217865,0.0011649561347439885
Lung_Dx-A0249,0,0.9994887113571167,0.0005112579092383385
Lung_Dx-A0249,0,0.9998831748962402,0.00011682840704452246
Lung_Dx-A0249,0,0.9993371367454529,0.0006628098199144006
Lung_Dx-A0249,0,0.9987356066703796,0.0012644219677895308
Lung_Dx-A0249,0,0.7368742227554321,0.26312577724456787
Lung_Dx-A0249,0,0.9237300753593445,0.0762699693441391
Lung_Dx-A0249,0,0.28458842635154724,0.7154115438461304
Lung_Dx-A0249,0,0.8740772008895874,0.1259227693080902
Lung_Dx-A0249,0,0.03327393904328346,0.9667260646820068
Lung_Dx-A0249,0,0.2713965177536011,0.7286034822463989
Lung_Dx-A0249,0,0.10239443182945251,0.8976055979728699
Lung_Dx-A0249,0,0.01061142049729824,0.9893885254859924
Lung_Dx-A0249,0,0.00019487277313601226,0.9998051524162292
Lung_Dx-A0249,0,0.00014257943257689476,0.9998574256896973
Lung_Dx-A0249,0,0.0014465744607150555,0.998553454875946
Lung_Dx-A0249,0,0.14724835753440857,0.852751612663269
Lung_Dx-A0249,0,0.09117959439754486,0.9088204503059387
Lung_Dx-A0249,0,0.28871950507164,0.7112805247306824
Lung_Dx-A0249,0,0.01838725432753563,0.9816126823425293
Lung_Dx-A0249,0,0.0006706176209263504,0.9993294477462769
Lung_Dx-A0249,0,3.6764631659025326e-05,0.9999632835388184
Lung_Dx-A0249,0,0.0001376546424580738,0.9998623132705688
Lung_Dx-A0249,0,0.0004132619360461831,0.9995867609977722
Lung_Dx-A0249,0,0.0003726376744452864,0.9996273517608643
Lung_Dx-A0249,0,0.0024249141570180655,0.9975751042366028
Lung_Dx-A0249,0,0.006109410431236029,0.993890643119812
Lung_Dx-A0249,0,0.004991961643099785,0.9950079917907715
Lung_Dx-A0249,0,0.0019342610612511635,0.9980657696723938
Lung_Dx-A0249,0,0.01357131265103817,0.9864286780357361
Lung_Dx-A0249,0,0.011777843348681927,0.9882221817970276
Lung_Dx-A0249,0,0.03079216368496418,0.9692078232765198
Lung_Dx-A0249,0,0.05189348757266998,0.9481064677238464
Lung_Dx-A0249,0,0.25893455743789673,0.741065502166748
Lung_Dx-A0249,0,0.05733473598957062,0.9426653385162354
Lung_Dx-A0249,0,0.61934894323349,0.3806510269641876
Lung_Dx-A0249,0,0.7179521322250366,0.282047837972641
Lung_Dx-A0249,0,0.4580456614494324,0.5419543385505676
Lung_Dx-A0249,0,0.799089789390564,0.20091019570827484
Lung_Dx-A0249,0,0.3284217417240143,0.6715782880783081
Lung_Dx-A0249,0,0.02544385753571987,0.9745561480522156
Lung_Dx-A0249,0,0.0011116680689156055,0.9988883137702942
Lung_Dx-A0249,0,0.004503272473812103,0.9954967498779297
Lung_Dx-A0249,0,0.0030994152184575796,0.9969005584716797
Lung_Dx-A0249,0,0.004109915811568499,0.9958900809288025
Lung_Dx-A0249,0,0.0014103584690019488,0.9985895752906799
Lung_Dx-A0249,0,0.0385746993124485,0.9614253044128418
Lung_Dx-A0249,0,0.0036928525660187006,0.9963071346282959
Lung_Dx-A0249,0,0.004914949182420969,0.9950850605964661
Lung_Dx-A0249,0,0.00023597176186740398,0.9997640252113342
Lung_Dx-A0249,0,0.0021074723917990923,0.9978925585746765
Lung_Dx-A0249,0,0.00216576736420393,0.9978342652320862
Lung_Dx-A0249,0,8.888084994396195e-05,0.9999110698699951
Lung_Dx-A0249,0,0.0018858587136492133,0.9981141090393066
Lung_Dx-A0249,0,0.015663649886846542,0.9843363761901855
Lung_Dx-A0249,0,0.013689476996660233,0.9863104820251465
Lung_Dx-A0249,0,0.008694533258676529,0.991305410861969
Lung_Dx-A0249,0,0.5973436236381531,0.40265634655952454
Lung_Dx-A0249,0,0.6837627291679382,0.31623727083206177
Lung_Dx-A0249,0,0.05315703526139259,0.9468429088592529
Lung_Dx-A0249,0,0.6325169205665588,0.3674830496311188
Lung_Dx-A0249,0,0.37393298745155334,0.6260669827461243
Lung_Dx-A0249,0,0.5211055874824524,0.4788943827152252
Lung_Dx-A0249,0,0.27547070384025574,0.7245293259620667
Lung_Dx-A0249,0,0.08441724628210068,0.9155827760696411
Lung_Dx-A0249,0,0.9237644672393799,0.0762355774641037
Lung_Dx-A0249,0,0.7941456437110901,0.2058544158935547
Lung_Dx-A0249,0,0.9849274158477783,0.015072628855705261
Lung_Dx-A0249,0,0.9877586960792542,0.012241275981068611
Lung_Dx-A0249,0,0.9985104203224182,0.0014895173953846097
Lung_Dx-A0249,0,0.9991927742958069,0.000807230535428971
Lung_Dx-A0249,0,0.9993663430213928,0.0006337125669233501
Lung_Dx-A0249,0,0.9982993006706238,0.001700722612440586
Lung_Dx-A0249,0,0.9997251629829407,0.0002747926628217101
Lung_Dx-A0249,0,0.9937100410461426,0.006289901677519083
Lung_Dx-A0249,0,0.9999921321868896,7.889262633398175e-06
Lung_Dx-A0249,0,0.9997367262840271,0.00026323829661123455
Lung_Dx-A0249,0,0.9996988773345947,0.0003012038941960782
Lung_Dx-G0040,1,0.27835485339164734,0.7216451168060303
Lung_Dx-G0040,1,0.9991507530212402,0.0008492456981912255
Lung_Dx-G0040,1,0.9997393488883972,0.00026068082661367953
Lung_Dx-G0040,1,0.9959378242492676,0.004062228836119175
Lung_Dx-G0040,1,0.9995962977409363,0.0004036925674881786
Lung_Dx-G0040,1,0.991455614566803,0.00854433048516512
Lung_Dx-G0040,1,0.9993749260902405,0.0006251128506846726
Lung_Dx-G0040,1,0.8839391469955444,0.11606086790561676
Lung_Dx-G0040,1,0.72081059217453,0.2791893482208252
Lung_Dx-G0040,1,0.9847230911254883,0.015276945196092129
Lung_Dx-G0040,1,0.22059419751167297,0.7794057726860046
Lung_Dx-G0040,1,0.7943052053451538,0.2056947946548462
Lung_Dx-G0040,1,0.9349913001060486,0.0650087371468544
Lung_Dx-G0040,1,0.9924813508987427,0.007518718484789133
Lung_Dx-G0040,1,0.9993255138397217,0.0006745559512637556
Lung_Dx-G0040,1,0.6177756786346436,0.38222432136535645
Lung_Dx-G0040,1,0.8773717880249023,0.12262824177742004
Lung_Dx-G0040,1,0.19034747779369354,0.8096525073051453
Lung_Dx-G0040,1,0.6249375343322754,0.375062495470047
Lung_Dx-G0040,1,0.9913390278816223,0.008660931140184402
Lung_Dx-G0040,1,0.9936240911483765,0.006375935859978199
Lung_Dx-G0040,1,0.4550623595714569,0.5449376106262207
Lung_Dx-G0040,1,0.09492912143468857,0.9050709009170532
Lung_Dx-G0040,1,0.8645393252372742,0.13546064496040344
Lung_Dx-G0040,1,0.8515211939811707,0.14847882091999054
Lung_Dx-G0040,1,0.07062366604804993,0.9293763041496277
Lung_Dx-G0040,1,0.7849379181861877,0.21506212651729584
Lung_Dx-G0040,1,0.881359875202179,0.11864013969898224
Lung_Dx-G0040,1,0.9794918298721313,0.020508162677288055
Lung_Dx-G0040,1,0.9978760480880737,0.002123966347426176
Lung_Dx-G0040,1,0.03058881126344204,0.9694111943244934
Lung_Dx-G0040,1,0.0012521494645625353,0.9987478256225586
Lung_Dx-G0040,1,0.00042305802344344556,0.999576985836029
Lung_Dx-G0040,1,0.007317397743463516,0.9926826357841492
Lung_Dx-G0040,1,0.0031297362875193357,0.996870219707489
Lung_Dx-G0040,1,0.00466365460306406,0.9953363537788391
Lung_Dx-G0040,1,0.00019335657998453826,0.9998067021369934
Lung_Dx-G0040,1,0.0001436975144315511,0.9998562335968018
Lung_Dx-G0040,1,0.00015059269207995385,0.9998494386672974
Lung_Dx-G0040,1,5.475977013702504e-05,0.9999452829360962
Lung_Dx-G0040,1,3.0241957574617118e-05,0.9999697208404541
Lung_Dx-G0040,1,1.2778726841133903e-06,0.9999986886978149
Lung_Dx-G0040,1,9.276363925891928e-07,0.9999990463256836
Lung_Dx-G0040,1,3.360569826327264e-05,0.9999663829803467
Lung_Dx-G0040,1,8.156225521815941e-05,0.9999184608459473
Lung_Dx-G0040,1,0.004848532844334841,0.9951514005661011
Lung_Dx-G0040,1,0.00010190106695517898,0.9998980760574341
Lung_Dx-G0040,1,5.0644717703107744e-05,0.9999493360519409
Lung_Dx-G0040,1,3.334418579470366e-05,0.9999666213989258
Lung_Dx-G0040,1,0.029873093590140343,0.9701269268989563
Lung_Dx-G0040,1,0.08086409419775009,0.9191359281539917
Lung_Dx-G0040,1,0.5150253772735596,0.48497462272644043
Lung_Dx-G0040,1,0.9987381100654602,0.0012619579210877419
Lung_Dx-G0040,1,0.9945730566978455,0.005426943302154541
Lung_Dx-G0040,1,0.47189247608184814,0.5281075239181519
Lung_Dx-G0040,1,0.0009290034067817032,0.9990710020065308
Lung_Dx-G0040,1,0.082327701151371,0.917672336101532
Lung_Dx-G0040,1,0.6637779474258423,0.3362220525741577
Lung_Dx-G0040,1,0.30798205733299255,0.6920179128646851
Lung_Dx-G0040,1,0.9798997044563293,0.02010023593902588
Lung_Dx-G0040,1,0.8190264105796814,0.18097352981567383
Lung_Dx-G0040,1,0.7475698590278625,0.25243011116981506
Lung_Dx-G0040,1,0.9792749285697937,0.020725062116980553
Lung_Dx-G0040,1,0.46145665645599365,0.5385434031486511
Lung_Dx-G0040,1,0.9704086184501648,0.02959137223660946
Lung_Dx-G0040,1,0.8924688100814819,0.10753116011619568
Lung_Dx-G0040,1,0.9743373394012451,0.025662709027528763
Lung_Dx-G0040,1,0.9923490285873413,0.007651031482964754
Lung_Dx-G0040,1,0.9662516117095947,0.03374836966395378
Lung_Dx-G0040,1,0.9851289987564087,0.014871004037559032
Lung_Dx-G0040,1,0.9908213019371033,0.009178773500025272
Lung_Dx-G0040,1,0.9992734789848328,0.0007264874875545502
Lung_Dx-G0040,1,0.9971216320991516,0.002878348110243678
Lung_Dx-G0040,1,0.9975225329399109,0.002477445174008608
Lung_Dx-G0040,1,0.9978342652320862,0.00216576736420393
Lung_Dx-G0040,1,0.9998511075973511,0.00014883847325108945
Lung_Dx-G0040,1,0.9999847412109375,1.5266357877408154e-05
Lung_Dx-G0040,1,0.9981030225753784,0.0018969200318679214
Lung_Dx-G0040,1,0.9868026375770569,0.013197362422943115
Lung_Dx-G0040,1,0.9818578958511353,0.018142107874155045
Lung_Dx-G0040,1,0.9887337684631348,0.011266296729445457
Lung_Dx-G0040,1,0.975623369216919,0.02437659725546837
Lung_Dx-G0040,1,0.9877586960792542,0.012241275981068611
Lung_Dx-G0040,1,0.970687747001648,0.02931223064661026
Lung_Dx-G0040,1,0.9980314373970032,0.001968494849279523
Lung_Dx-G0040,1,0.999651312828064,0.00034870434319600463
Lung_Dx-G0040,1,0.9999760389328003,2.4017144824028946e-05
Lung_Dx-G0040,1,0.8887587189674377,0.11124120652675629
Lung_Dx-G0040,1,0.9917484521865845,0.008251599036157131
Lung_Dx-G0040,1,0.7175564765930176,0.2824435234069824
Lung_Dx-G0040,1,0.9996678829193115,0.00033209225512109697
Lung_Dx-G0040,1,0.9716985821723938,0.02830144576728344
Lung_Dx-G0040,1,0.9976264834403992,0.0023734942078590393
Lung_Dx-G0042,1,0.9272975325584412,0.07270251959562302
Lung_Dx-G0042,1,0.9396369457244873,0.060363005846738815
Lung_Dx-G0042,1,0.5890220999717712,0.41097787022590637
Lung_Dx-G0042,1,0.8912444114685059,0.10875558108091354
Lung_Dx-G0042,1,0.44749802350997925,0.5525019764900208
Lung_Dx-G0042,1,0.42222172021865845,0.5777782797813416
Lung_Dx-G0042,1,0.04463920742273331,0.9553608298301697
Lung_Dx-G0042,1,0.24193686246871948,0.7580630779266357
Lung_Dx-G0042,1,0.8639664649963379,0.13603349030017853
Lung_Dx-G0042,1,0.6590760946273804,0.34092390537261963
Lung_Dx-G0042,1,0.7099249362945557,0.29007506370544434
Lung_Dx-G0042,1,0.8927029371261597,0.10729708522558212
Lung_Dx-G0042,1,0.08240150660276413,0.9175984263420105
Lung_Dx-G0042,1,0.04236419126391411,0.9576358199119568
Lung_Dx-G0042,1,0.1086609736084938,0.8913390040397644
Lung_Dx-G0042,1,0.029873093590140343,0.9701269268989563
Lung_Dx-G0042,1,0.3317689299583435,0.6682310700416565
Lung_Dx-G0042,1,0.9650533199310303,0.03494669869542122
Lung_Dx-G0042,1,0.9466460347175598,0.05335398390889168
Lung_Dx-G0042,1,0.998039186000824,0.001960835652425885
Lung_Dx-G0042,1,0.9993487000465393,0.0006512682302854955
Lung_Dx-G0042,1,0.9999847412109375,1.5266357877408154e-05
Lung_Dx-G0042,1,0.9999722242355347,2.7751650122809224e-05
Lung_Dx-G0042,1,0.9999978542327881,2.1568168904195772e-06
Lung_Dx-G0042,1,0.9999943971633911,5.6602816584927496e-06
Lung_Dx-G0042,1,0.9999971389770508,2.824027205861057e-06
Lung_Dx-G0042,1,0.9996252059936523,0.0003748267481569201
Lung_Dx-G0042,1,0.9996880292892456,0.0003119780740235001
Lung_Dx-G0042,1,0.9999898672103882,1.0090498108183965e-05
Lung_Dx-G0042,1,0.9999943971633911,5.550802598008886e-06
Lung_Dx-G0042,1,0.9999971389770508,2.857316076187999e-06
Lung_Dx-G0042,1,0.9999655485153198,3.4402608434902504e-05
Lung_Dx-G0042,1,0.9999996423721313,3.0352165936164965e-07
Lung_Dx-G0042,1,0.9766246676445007,0.023375313729047775
Lung_Dx-G0042,1,0.9995225667953491,0.0004774926055688411
Lung_Dx-G0042,1,0.9982859492301941,0.0017140384297817945
Lung_Dx-G0042,1,0.9975032210350037,0.0024968276266008615
Lung_Dx-G0042,1,0.9955142140388489,0.004485794808715582
Lung_Dx-G0042,1,0.9999392032623291,6.085040877223946e-05
Lung_Dx-G0042,1,0.8636217713356018,0.1363781839609146
Lung_Dx-G0042,1,0.9984330534934998,0.0015669888816773891
Lung_Dx-G0042,1,0.9993410706520081,0.0006589401164092124
Lung_Dx-G0042,1,0.9961381554603577,0.003861870151013136
Lung_Dx-G0042,1,0.9942362904548645,0.005763726774603128
Lung_Dx-G0042,1,0.9997958540916443,0.000204223018954508
Lung_Dx-G0042,1,0.9972690939903259,0.0027308969292789698
Lung_Dx-G0042,1,0.9994966983795166,0.0005033356137573719
Lung_Dx-G0042,1,0.9993575215339661,0.000642430386506021
Lung_Dx-G0042,1,0.998848557472229,0.001151399570517242
Lung_Dx-G0042,1,0.9983417987823486,0.001658154185861349
Lung_Dx-G0042,1,0.9999643564224243,3.5633544030133635e-05
Lung_Dx-G0042,1,0.9999008178710938,9.915272676153108e-05
Lung_Dx-G0042,1,0.9999829530715942,1.703082125459332e-05
Lung_Dx-G0042,1,0.9999942779541016,5.771919859398622e-06
Lung_Dx-G0042,1,0.9999746084213257,2.5367122361785732e-05
Lung_Dx-G0042,1,0.9999514818191528,4.8514772061025724e-05
Lung_Dx-G0055,1,0.999869704246521,0.00013032974675297737
Lung_Dx-G0055,1,0.9999970197677612,3.017926701431861e-06
Lung_Dx-G0055,1,0.9989556074142456,0.0010443859500810504
Lung_Dx-G0055,1,0.999613344669342,0.00038672040682286024
Lung_Dx-G0055,1,0.9997748732566833,0.00022516825993079692
Lung_Dx-G0055,1,0.9998332262039185,0.00016668821626808494
Lung_Dx-G0055,1,0.9999836683273315,1.6378393411287107e-05
Lung_Dx-G0055,1,0.9999971389770508,2.8797262530133594e-06
Lung_Dx-G0055,1,0.9981613755226135,0.0018386653391644359
Lung_Dx-G0055,1,0.9992504715919495,0.0007495314930565655
Lung_Dx-G0055,1,0.9997522234916687,0.0002477767993696034
Lung_Dx-G0055,1,0.9999011754989624,9.876620606519282e-05
Lung_Dx-G0055,1,0.9995618462562561,0.00043818907579407096
Lung_Dx-G0055,1,0.9999148845672607,8.514295041095465e-05
Lung_Dx-G0055,1,0.9997608065605164,0.00023921929823700339
Lung_Dx-G0055,1,0.9958093166351318,0.004190636798739433
Lung_Dx-G0055,1,0.9995668530464172,0.00043308615568093956
Lung_Dx-G0055,1,0.9997153878211975,0.000284622423350811
Lung_Dx-G0055,1,0.9998190999031067,0.0001809357781894505
Lung_Dx-G0055,1,0.9999483823776245,5.164354297448881e-05
Lung_Dx-G0055,1,0.9999865293502808,1.3525266695069149e-05
Lung_Dx-G0055,1,0.9985702037811279,0.001429745345376432
Lung_Dx-G0055,1,0.9793145656585693,0.020685462281107903
Lung_Dx-G0055,1,0.9359931349754333,0.06400689482688904
Lung_Dx-G0055,1,0.9413852691650391,0.058614689856767654
Lung_Dx-G0055,1,0.8772140741348267,0.12278593331575394
Lung_Dx-G0055,1,0.32966142892837524,0.6703386306762695
Lung_Dx-G0055,1,0.9716179370880127,0.02838212437927723
Lung_Dx-G0055,1,0.9483940601348877,0.051605965942144394
Lung_Dx-G0055,1,0.9592689275741577,0.04073109105229378
Lung_Dx-G0055,1,0.9682613611221313,0.03173859044909477
Lung_Dx-G0055,1,0.9972584247589111,0.002741555916145444
Lung_Dx-G0055,1,0.624694287776947,0.375305712223053
Lung_Dx-G0055,1,0.9728049635887146,0.027195056900382042
Lung_Dx-G0055,1,0.9581087231636047,0.04189131036400795
Lung_Dx-G0055,1,0.998380184173584,0.001619805465452373
Lung_Dx-G0055,1,0.9999881982803345,1.179696755571058e-05
Lung_Dx-G0055,1,0.9996010661125183,0.0003989913093391806
Lung_Dx-G0055,1,0.9997778534889221,0.00022211138275451958
Lung_Dx-G0055,1,0.9999966621398926,3.3405392514396226e-06
Lung_Dx-G0055,1,0.9999972581863403,2.7158407647220884e-06
Lung_Dx-G0055,1,0.9999992847442627,7.690377969993278e-07
Lung_Dx-G0055,1,0.9999994039535522,5.539171752388938e-07
Lung_Dx-G0055,1,0.9999483823776245,5.164354297448881e-05
Lung_Dx-G0055,1,0.9994240999221802,0.0005759092164225876
Lung_Dx-G0062,1,0.0004700932477135211,0.9995299577713013
Lung_Dx-G0062,1,0.6355900764465332,0.3644099235534668
Lung_Dx-G0062,1,0.8051729798316956,0.19482697546482086
Lung_Dx-G0062,1,0.06928941607475281,0.9307105541229248
Lung_Dx-G0062,1,0.6417311429977417,0.3582688271999359
Lung_Dx-G0062,1,0.7485361695289612,0.2514638602733612
Lung_Dx-G0062,1,0.5945218205451965,0.4054781496524811
Lung_Dx-G0062,1,0.8894329071044922,0.11056715995073318
Lung_Dx-G0062,1,0.956916868686676,0.04308309033513069
Lung_Dx-G0062,1,0.9985392093658447,0.0014607495395466685
Lung_Dx-G0062,1,0.9986461997032166,0.001353758736513555
Lung_Dx-G0062,1,0.9656413197517395,0.034358687698841095
Lung_Dx-G0062,1,0.9573177695274353,0.042682282626628876
Lung_Dx-G0062,1,0.7703784704208374,0.22962157428264618
Lung_Dx-G0062,1,0.8556703329086304,0.14432968199253082
Lung_Dx-G0062,1,0.37022536993026733,0.6297746300697327
Lung_Dx-G0062,1,0.9251623749732971,0.07483763247728348
Lung_Dx-G0062,1,0.012479700148105621,0.9875203371047974
Lung_Dx-G0062,1,0.23113662004470825,0.768863320350647
Lung_Dx-G0062,1,0.9690910577774048,0.030908960849046707
Lung_Dx-G0062,1,0.9887662529945374,0.011233708821237087
Lung_Dx-G0062,1,0.0050211502239108086,0.9949788451194763
Lung_Dx-G0062,1,0.5559476017951965,0.44405242800712585
Lung_Dx-G0062,1,0.18039526045322418,0.819604754447937
Lung_Dx-G0062,1,0.08075528591871262,0.9192447066307068
Lung_Dx-G0062,1,0.0018639287445694208,0.998136043548584
Lung_Dx-G0062,1,0.000755405577365309,0.9992445707321167
Lung_Dx-G0062,1,0.2617553174495697,0.7382447123527527
Lung_Dx-G0062,1,0.0011313597206026316,0.9988686442375183
Lung_Dx-G0062,1,0.00036686257226392627,0.9996330738067627
Lung_Dx-G0062,1,0.00130450667347759,0.9986955523490906
Lung_Dx-G0062,1,0.0002835130726452917,0.9997164607048035
Lung_Dx-G0062,1,0.0004869057156611234,0.9995131492614746
Lung_Dx-G0062,1,0.00011061159602832049,0.9998893737792969
Lung_Dx-G0062,1,0.0007962779491208494,0.9992037415504456
Lung_Dx-G0062,1,0.0002115288662025705,0.9997884631156921
Lung_Dx-G0062,1,8.664652341394685e-06,0.9999912977218628
Lung_Dx-G0062,1,0.0016776672564446926,0.9983223080635071
Lung_Dx-G0062,1,0.00038899207720533013,0.9996110796928406
Lung_Dx-G0062,1,0.00017468635633122176,0.9998252987861633
Lung_Dx-G0062,1,0.00019035942386835814,0.9998096823692322
Lung_Dx-G0062,1,3.690851735882461e-05,0.9999630451202393
Lung_Dx-G0062,1,0.0001603035198058933,0.9998396635055542
Lung_Dx-G0062,1,0.0002387526328675449,0.9997612833976746
Lung_Dx-G0062,1,3.156969614792615e-05,0.999968409538269
Lung_Dx-G0062,1,0.00010637458763085306,0.9998936653137207
Lung_Dx-G0062,1,1.7097478121286258e-05,0.9999829530715942
Lung_Dx-G0062,1,6.631065480178222e-05,0.9999337196350098
Lung_Dx-G0062,1,7.324937087105354e-06,0.9999927282333374
Lung_Dx-G0062,1,0.0045384312979876995,0.9954615235328674
Lung_Dx-G0062,1,0.0003770285693462938,0.9996229410171509
Lung_Dx-G0062,1,0.055056069046258926,0.944943904876709
Lung_Dx-G0062,1,0.20149877667427063,0.798501193523407
Lung_Dx-G0062,1,0.012771868146955967,0.9872281551361084
Lung_Dx-G0062,1,0.005511933472007513,0.9944880604743958
Lung_Dx-G0062,1,0.002895213896408677,0.997104823589325
Lung_Dx-G0062,1,0.11869119852781296,0.8813087940216064
Lung_Dx-G0062,1,0.882983922958374,0.1170160248875618
Lung_Dx-G0062,1,0.8035594820976257,0.19644053280353546
Lung_Dx-G0062,1,0.3851433992385864,0.6148566007614136
Lung_Dx-G0062,1,0.7102767825126648,0.2897232472896576
Lung_Dx-G0062,1,0.41517481207847595,0.5848251581192017
Lung_Dx-G0062,1,0.7383390665054321,0.26166096329689026
Lung_Dx-G0062,1,0.9431384205818176,0.056861549615859985
Lung_Dx-G0062,1,0.11066322773694992,0.8893368244171143
Lung_Dx-G0062,1,0.4890764355659485,0.5109235644340515
Lung_Dx-G0062,1,0.8130900859832764,0.18690995872020721
Lung_Dx-G0062,1,0.6856864094734192,0.3143135607242584
Lung_Dx-G0062,1,0.022158870473504066,0.9778411984443665
Lung_Dx-G0062,1,0.014545513316988945,0.9854544401168823
Lung_Dx-G0062,1,0.0027308969292789698,0.9972690939903259
Lung_Dx-G0062,1,0.007260866463184357,0.9927391409873962
Lung_Dx-G0062,1,0.029201293364167213,0.9707987308502197
Lung_Dx-G0062,1,0.0013484881492331624,0.9986515641212463
Lung_Dx-G0062,1,0.016769379377365112,0.9832305908203125
Lung_Dx-G0062,1,0.02748069167137146,0.9725192785263062
Lung_Dx-G0062,1,0.05276518687605858,0.9472348093986511
Lung_Dx-G0062,1,0.9026954770088196,0.09730459004640579
Lung_Dx-G0062,1,0.011755132116377354,0.988244891166687
Lung_Dx-G0062,1,0.7882166504859924,0.21178337931632996
Lung_Dx-G0062,1,0.3311738073825836,0.668826162815094
Lung_Dx-G0062,1,0.5159047842025757,0.4840952157974243
Lung_Dx-G0062,1,0.4728698432445526,0.527130126953125
Lung_Dx-G0062,1,0.8933094143867493,0.10669060051441193
Lung_Dx-G0062,1,0.774284839630127,0.22571514546871185
Lung_Dx-G0062,1,0.9906418919563293,0.009358113631606102
Lung_Dx-G0062,1,0.9554024338722229,0.044597577303647995
Lung_Dx-G0062,1,0.9982038736343384,0.0017961491830646992
Lung_Dx-G0062,1,0.9999068975448608,9.314593626186252e-05
Lung_Dx-G0062,1,0.9999842643737793,1.575095666339621e-05
Lung_Dx-G0062,1,0.9999850988388062,1.4912718143023085e-05
Lung_Dx-G0062,1,0.9994012117385864,0.0005988372140564024
