patient,y,p0,p1
Lung_Dx-A0175,0,0.9998681545257568,0.00013186583237256855
Lung_Dx-A0175,0,0.9998488426208496,0.00015118200099095702
Lung_Dx-A0175,0,0.9998074173927307,0.00019260287808720022
Lung_Dx-A0175,0,0.9998028874397278,0.00019716942915692925
Lung_Dx-A0175,0,0.9987331032752991,0.0012668906711041927
Lung_Dx-A0175,0,0.9977656602859497,0.002234362531453371
Lung_Dx-A0175,0,0.9954082369804382,0.004591683391481638
Lung_Dx-A0175,0,0.9962272644042969,0.0037727474700659513
Lung_Dx-A0175,0,0.9962638020515442,0.0037362207658588886
Lung_Dx-A0175,0,0.998095691204071,0.001904330332763493
Lung_Dx-A0175,0,0.9894499182701111,0.010550080798566341
Lung_Dx-A0175,0,0.9949199557304382,0.005080037284642458
Lung_Dx-A0175,0,0.9970014691352844,0.0029984985012561083
Lung_Dx-A0175,0,0.9967774748802185,0.0032224839087575674
Lung_Dx-A0175,0,0.9430860280990601,0.056913942098617554
Lung_Dx-A0175,0,0.9816479682922363,0.01835203729569912
Lung_Dx-A0175,0,0.9563905000686646,0.04360952973365784
Lung_Dx-A0175,0,0.9962051510810852,0.003794834017753601
Lung_Dx-A0175,0,0.9922594428062439,0.0077405208721756935
Lung_Dx-A0175,0,0.940188467502594,0.05981148034334183
Lung_Dx-A0175,0,0.9864678382873535,0.01353214867413044
Lung_Dx-A0175,0,0.9951325058937073,0.004867417272180319
Lung_Dx-A0175,0,0.9964824914932251,0.003517488483339548
Lung_Dx-A0175,0,0.9991204142570496,0.000879606232047081
Lung_Dx-A0175,0,0.9999512434005737,4.870463817496784e-05
Lung_Dx-A0175,0,0.9999148845672607,8.514295041095465e-05
Lung_Dx-A0175,0,0.9999879598617554,1.202963903779164e-05
Lung_Dx-A0175,0,0.9999904632568359,9.516251338936854e-06
Lung_Dx-A0175,0,0.9999613761901855,3.867972918669693e-05
Lung_Dx-A0175,0,0.9999954700469971,4.495181201491505e-06
Lung_Dx-A0175,0,0.999980092048645,1.9910990886273794e-05
Lung_Dx-A0175,0,0.9999450445175171,5.497408710652962e-05
Lung_Dx-A0175,0,0.9998212456703186,0.00017882819520309567
Lung_Dx-A0175,0,0.9999171495437622,8.284656360046938e-05
Lung_Dx-A0176,0,0.9979372024536133,0.0020627700723707676
Lung_Dx-A0176,0,0.9998096823692322,0.00019035942386835814
Lung_Dx-A0176,0,0.9996787309646606,0.0003212502633687109
Lung_Dx-A0176,0,0.9994319081306458,0.0005680935573764145
Lung_Dx-A0176,0,0.9996352195739746,0.0003647200355771929
Lung_Dx-A0176,0,0.9997158646583557,0.00028406718047335744
Lung_Dx-A0176,0,0.9998956918716431,0.00010431733244331554
Lung_Dx-A0176,0,0.999593198299408,0.00040685752173885703
Lung_Dx-A0176,0,0.9988774657249451,0.0011225653579458594
Lung_Dx-A0176,0,0.9492475390434265,0.050752390176057816
Lung_Dx-A0176,0,0.9808759689331055,0.01912403665482998
Lung_Dx-A0176,0,0.9956005811691284,0.004399413242936134
Lung_Dx-A0176,0,0.5480991005897522,0.4519008994102478
Lung_Dx-A0176,0,0.33098459243774414,0.6690154671669006
Lung_Dx-A0176,0,0.6724123954772949,0.32758763432502747
Lung_Dx-A0176,0,0.5137904286384583,0.48620954155921936
Lung_Dx-A0176,0,0.05942821875214577,0.9405717849731445
Lung_Dx-A0176,0,0.8939591646194458,0.1060408279299736
Lung_Dx-A0176,0,0.9842154383659363,0.01578456163406372
Lung_Dx-A0176,0,0.972933828830719,0.027066176757216454
Lung_Dx-A0176,0,0.6022955179214478,0.39770445227622986
Lung_Dx-A0176,0,0.9381240010261536,0.06187598407268524
Lung_Dx-A0176,0,0.970436692237854,0.02956334501504898
Lung_Dx-A0176,0,0.989591658115387,0.010408313944935799
Lung_Dx-A0176,0,0.9929609894752502,0.0070390463806688786
Lung_Dx-A0176,0,0.9911269545555115,0.00887308269739151
Lung_Dx-A0176,0,0.9993487000465393,0.0006512682302854955
Lung_Dx-A0176,0,0.9690324664115906,0.03096751682460308
Lung_Dx-A0176,0,0.9105055928230286,0.08949438482522964
Lung_Dx-A0176,0,0.9969425797462463,0.0030574577394872904
Lung_Dx-A0176,0,0.9935368895530701,0.006463137920945883
Lung_Dx-A0176,0,0.9978129863739014,0.002186974510550499
Lung_Dx-A0176,0,0.994213879108429,0.005786154884845018
Lung_Dx-A0176,0,0.842020571231842,0.15797939896583557
Lung_Dx-A0176,0,0.9979251623153687,0.002074867021292448
Lung_Dx-A0176,0,0.9987081289291382,0.0012918456923216581
Lung_Dx-A0176,0,0.9994173049926758,0.0005826939013786614
Lung_Dx-A0176,0,0.9999097585678101,9.028039494296536e-05
Lung_Dx-A0176,0,0.9997864365577698,0.0002136042749043554
Lung_Dx-A0180,0,0.9941003918647766,0.005899603012949228
Lung_Dx-A0180,0,0.9902350902557373,0.009764972142875195
Lung_Dx-A0180,0,0.8988553285598755,0.10114466398954391
Lung_Dx-A0180,0,0.9713473320007324,0.028652669861912727
Lung_Dx-A0180,0,0.9650533199310303,0.03494669869542122
Lung_Dx-A0180,0,0.999160647392273,0.0008393599418923259
Lung_Dx-A0180,0,0.9995131492614746,0.0004869057156611234
Lung_Dx-A0180,0,0.9998880624771118,0.00011191529483767226
Lung_Dx-A0180,0,0.9974639415740967,0.002536047250032425
Lung_Dx-A0180,0,0.9980881810188293,0.0019117692718282342
Lung_Dx-A0180,0,0.9981791973114014,0.0018208295805379748
Lung_Dx-A0180,0,0.9808576107025146,0.019142363220453262
Lung_Dx-A0180,0,0.9891815781593323,0.010818447917699814
Lung_Dx-A0180,0,0.9978426694869995,0.0021573419217020273
Lung_Dx-A0180,0,0.9977481961250305,0.0022518474142998457
Lung_Dx-A0180,0,0.9998522996902466,0.00014768038818147033
Lung_Dx-A0180,0,0.997977077960968,0.002022953238338232
Lung_Dx-A0180,0,0.9898499250411987,0.010150015354156494
Lung_Dx-A0180,0,0.9835653901100159,0.016434572637081146
Lung_Dx-A0180,0,0.9904406070709229,0.00955939944833517
Lung_Dx-A0180,0,0.9874721169471741,0.012527933344244957
Lung_Dx-A0180,0,0.9965837001800537,0.00341627886518836
Lung_Dx-A0180,0,0.9955489635467529,0.004451041109859943
Lung_Dx-A0180,0,0.9957684278488159,0.004231587518006563
Lung_Dx-A0180,0,0.9973322153091431,0.0026678042486310005
Lung_Dx-A0180,0,0.9971771240234375,0.002822832902893424
Lung_Dx-A0180,0,0.9862311482429504,0.0137688172981143
Lung_Dx-A0180,0,0.9944987893104553,0.005501238163560629
Lung_Dx-A0180,0,0.9827074408531189,0.01729249209165573
Lung_Dx-A0180,0,0.960878312587738,0.03912164270877838
Lung_Dx-A0180,0,0.95743727684021,0.042562730610370636
Lung_Dx-A0180,0,0.9846346974372864,0.015365342609584332
Lung_Dx-A0180,0,0.9837850332260132,0.01621503196656704
Lung_Dx-A0180,0,0.9849563241004944,0.015043660998344421
Lung_Dx-A0180,0,0.9955748319625854,0.004425152204930782
Lung_Dx-A0180,0,0.9968944787979126,0.0031054560095071793
Lung_Dx-A0180,0,0.9905142784118652,0.009485714137554169
Lung_Dx-A0180,0,0.963161289691925,0.03683870658278465
Lung_Dx-A0180,0,0.9993162155151367,0.0006838353001512587
Lung_Dx-A0180,0,0.9987331032752991,0.0012668906711041927
Lung_Dx-A0180,0,0.9969722032546997,0.0030278353951871395
Lung_Dx-A0180,0,0.9999821186065674,1.7917989680427127e-05
Lung_Dx-A0180,0,0.9975656270980835,0.0024343819823116064
Lung_Dx-A0181,0,0.9999635219573975,3.647853736765683e-05
Lung_Dx-A0181,0,0.999819815158844,0.00018023050506599247
Lung_Dx-A0181,0,0.9998190999031067,0.0001809357781894505
Lung_Dx-A0181,0,0.9904959201812744,0.009504081681370735
Lung_Dx-A0181,0,0.9947595000267029,0.00524044968187809
Lung_Dx-A0181,0,0.9656413197517395,0.034358687698841095
Lung_Dx-A0181,0,0.8781576752662659,0.1218423992395401
Lung_Dx-A0181,0,0.8230441212654114,0.17695587873458862
Lung_Dx-A0181,0,0.7687332034111023,0.2312668263912201
Lung_Dx-A0181,0,0.9017477631568909,0.09825222939252853
Lung_Dx-A0181,0,0.6772072315216064,0.32279276847839355
Lung_Dx-A0181,0,0.2483062595129013,0.7516937255859375
Lung_Dx-A0181,0,0.8957052826881409,0.10429472476243973
Lung_Dx-A0181,0,0.8651101589202881,0.13488982617855072
Lung_Dx-A0181,0,0.330633282661438,0.669366717338562
Lung_Dx-A0181,0,0.04531031847000122,0.9546896815299988
Lung_Dx-A0181,0,0.00851130299270153,0.9914886951446533
Lung_Dx-A0181,0,0.015678713098168373,0.9843212366104126
Lung_Dx-A0181,0,0.06075190752744675,0.9392480850219727
Lung_Dx-A0181,0,0.44510743021965027,0.5548925995826721
Lung_Dx-A0181,0,0.7129322290420532,0.28706780076026917
Lung_Dx-A0181,0,0.9326989054679871,0.06730107963085175
Lung_Dx-A0181,0,0.958304226398468,0.041695766150951385
Lung_Dx-A0181,0,0.943295419216156,0.05670464038848877
Lung_Dx-A0181,0,0.887546181678772,0.11245380342006683
Lung_Dx-A0181,0,0.9300780892372131,0.0699218362569809
Lung_Dx-A0181,0,0.41325512528419495,0.5867448449134827
Lung_Dx-A0181,0,0.32804492115974426,0.6719551086425781
Lung_Dx-A0181,0,0.06941547244787216,0.9305844902992249
Lung_Dx-A0181,0,0.4747719466686249,0.5252280235290527
Lung_Dx-A0181,0,0.6397923231124878,0.3602076768875122
Lung_Dx-A0181,0,0.17370830476284027,0.8262916803359985
Lung_Dx-A0181,0,0.8384153246879578,0.16158466041088104
Lung_Dx-A0181,0,0.9823893308639526,0.017610643059015274
Lung_Dx-A0181,0,0.9761064648628235,0.023893602192401886
Lung_Dx-A0181,0,0.939024806022644,0.06097518280148506
Lung_Dx-A0181,0,0.9344549775123596,0.06554500013589859
Lung_Dx-A0181,0,0.8493474125862122,0.15065254271030426
Lung_Dx-A0181,0,0.9327601790428162,0.06723980605602264
Lung_Dx-A0181,0,0.8712011575698853,0.12879884243011475
Lung_Dx-A0181,0,0.9407896995544434,0.05921025201678276
Lung_Dx-A0181,0,0.8823771476745605,0.11762280017137527
Lung_Dx-A0181,0,0.37499096989631653,0.6250090599060059
Lung_Dx-A0181,0,0.21444456279277802,0.7855554223060608
Lung_Dx-A0181,0,0.012123755179345608,0.9878761768341064
Lung_Dx-A0181,0,0.49379000067710876,0.5062100291252136
Lung_Dx-A0181,0,0.10585582256317139,0.8941442370414734
Lung_Dx-A0181,0,0.032466817647218704,0.9675332307815552
Lung_Dx-A0181,0,0.0017207355704158545,0.998279333114624
Lung_Dx-A0181,0,0.0008609260548837483,0.9991390705108643
Lung_Dx-A0181,0,0.9185532927513123,0.08144666254520416
Lung_Dx-A0181,0,0.9845011234283447,0.015498880296945572
Lung_Dx-A0181,0,0.9438154101371765,0.05618453770875931
Lung_Dx-A0181,0,0.9675945043563843,0.03240552172064781
Lung_Dx-A0181,0,0.22661243379116058,0.773387610912323
Lung_Dx-A0181,0,0.8677098155021667,0.13229018449783325
Lung_Dx-A0181,0,0.7010995149612427,0.2989005148410797
Lung_Dx-A0181,0,0.9837225079536438,0.016277460381388664
Lung_Dx-A0181,0,0.967808187007904,0.03219186142086983
Lung_Dx-A0181,0,0.9662834405899048,0.033716537058353424
Lung_Dx-A0190,0,0.999913215637207,8.682211046107113e-05
Lung_Dx-A0190,0,0.9989935755729675,0.0010063779773190618
Lung_Dx-A0190,0,0.9991117119789124,0.0008882304537110031
Lung_Dx-A0190,0,0.9997413754463196,0.00025865272618830204
Lung_Dx-A0190,0,0.9978552460670471,0.00214476534165442
Lung_Dx-A0190,0,0.999595582485199,0.00040448151412419975
Lung_Dx-A0190,0,0.9997428059577942,0.00025714197545312345
Lung_Dx-A0190,0,0.9999740123748779,2.596866943349596e-05
Lung_Dx-A0190,0,0.9999456405639648,5.4333650041371584e-05
Lung_Dx-A0190,0,0.9994471669197083,0.000552778597921133
Lung_Dx-A0190,0,0.9999499320983887,5.0054717576131225e-05
Lung_Dx-A0190,0,0.9999878406524658,1.2123987289669458e-05
Lung_Dx-A0190,0,0.9999426603317261,5.7387598644709215e-05
Lung_Dx-A0190,0,0.999930739402771,6.922183092683554e-05
Lung_Dx-A0190,0,0.9999675750732422,3.244481558795087e-05
Lung_Dx-A0190,0,0.9998044371604919,0.00019563533714972436
Lung_Dx-A0190,0,0.9999655485153198,3.4402608434902504e-05
Lung_Dx-A0190,0,0.9999806880950928,1.929840618686285e-05
Lung_Dx-A0190,0,0.9998917579650879,0.00010826077777892351
Lung_Dx-A0190,0,0.999906063079834,9.387641330249608e-05
Lung_Dx-A0190,0,0.999698281288147,0.000301792606478557
Lung_Dx-A0190,0,0.9999094009399414,9.063370816875249e-05
Lung_Dx-A0190,0,0.9994756579399109,0.0005243984051048756
Lung_Dx-A0190,0,0.9998623132705688,0.0001376546424580738
Lung_Dx-A0190,0,0.9997079968452454,0.0002919395046774298
Lung_Dx-A0190,0,0.9984207153320312,0.0015792594058439136
Lung_Dx-A0190,0,0.9997398257255554,0.0002601723244879395
Lung_Dx-A0204,0,0.9999279975891113,7.197912054834887e-05
Lung_Dx-A0204,0,0.9999687671661377,3.120191104244441e-05
Lung_Dx-A0204,0,0.9996825456619263,0.000317508791340515
Lung_Dx-A0204,0,0.9998300075531006,0.0001699752756394446
Lung_Dx-A0204,0,0.9998212456703186,0.00017882819520309567
Lung_Dx-A0204,0,0.9992819428443909,0.0007180297980085015
Lung_Dx-A0204,0,0.9999947547912598,5.27596512256423e-06
Lung_Dx-A0204,0,0.9999967813491821,3.2631560316076502e-06
Lung_Dx-A0204,0,0.9999779462814331,2.2039412215235643e-05
Lung_Dx-A0204,0,0.9999626874923706,3.734356869244948e-05
Lung_Dx-A0204,0,0.9998218417167664,0.000178131100255996
Lung_Dx-A0204,0,0.9999847412109375,1.520683872513473e-05
Lung_Dx-A0204,0,0.9998633861541748,0.00013658354873768985
Lung_Dx-A0204,0,0.9998183846473694,0.0001816438016248867
Lung_Dx-A0204,0,0.9999219179153442,7.813212141627446e-05
Lung_Dx-A0204,0,0.9999200105667114,7.998482033144683e-05
Lung_Dx-A0204,0,0.9998494386672974,0.00015059269207995385
Lung_Dx-A0204,0,0.9999955892562866,4.391051334096119e-06
Lung_Dx-A0204,0,0.9999933242797852,6.695538559142733e-06
Lung_Dx-A0204,0,0.999998927116394,1.0760770692286314e-06
Lung_Dx-A0204,0,0.9999898672103882,1.016963960864814e-05
Lung_Dx-A0204,0,0.9999606609344482,3.928881778847426e-05
Lung_Dx-A0204,0,0.9999594688415527,4.053592783748172e-05
Lung_Dx-A0204,0,0.9999957084655762,4.2893334466498345e-06
Lung_Dx-A0213,0,0.9998992681503296,0.00010071400174638256
Lung_Dx-A0213,0,0.9998992681503296,0.00010071400174638256
Lung_Dx-A0213,0,0.9999796152114868,2.0383158698678017e-05
Lung_Dx-A0213,0,0.9999796152114868,2.0383158698678017e-05
Lung_Dx-A0213,0,0.999869704246521,0.00013032974675297737
Lung_Dx-A0213,0,0.999869704246521,0.00013032974675297737
Lung_Dx-A0213,0,0.9994022846221924,0.0005976693355478346
Lung_Dx-A0213,0,0.9994022846221924,0.0005976693355478346
Lung_Dx-A0213,0,0.9993638396263123,0.0006361911655403674
Lung_Dx-A0213,0,0.9993638396263123,0.0006361911655403674
Lung_Dx-A0213,0,0.9993448853492737,0.0006550929392687976
Lung_Dx-A0213,0,0.9993448853492737,0.0006550929392687976
Lung_Dx-A0213,0,0.9963994026184082,0.0036006029695272446
Lung_Dx-A0213,0,0.9963994026184082,0.0036006029695272446
Lung_Dx-A0213,0,0.9988883137702942,0.0011116680689156055
Lung_Dx-A0213,0,0.9988883137702942,0.0011116680689156055
Lung_Dx-A0213,0,0.9969544410705566,0.0030455742962658405
Lung_Dx-A0213,0,0.9969544410705566,0.0030455742962658405
Lung_Dx-A0213,0,0.0468120314180851,0.9531880021095276
Lung_Dx-A0213,0,0.0468120314180851,0.9531880021095276
Lung_Dx-A0213,0,0.08061041682958603,0.9193896055221558
Lung_Dx-A0213,0,0.08061041682958603,0.9193896055221558
Lung_Dx-A0213,0,0.48102718591690063,0.5189728140830994
Lung_Dx-A0213,0,0.48102718591690063,0.5189728140830994
Lung_Dx-A0213,0,0.6736748814582825,0.32632508873939514
Lung_Dx-A0213,0,0.6736748814582825,0.32632508873939514
Lung_Dx-A0213,0,0.253652960062027,0.7463470697402954
Lung_Dx-A0213,0,0.253652960062027,0.7463470697402954
Lung_Dx-A0213,0,0.8247444033622742,0.17525558173656464
Lung_Dx-A0213,0,0.8247444033622742,0.17525558173656464
Lung_Dx-A0213,0,0.6320840716362,0.3679158687591553
Lung_Dx-A0213,0,0.6320840716362,0.3679158687591553
Lung_Dx-A0213,0,0.9603611826896667,0.03963884338736534
Lung_Dx-A0213,0,0.9603611826896667,0.03963884338736534
Lung_Dx-A0213,0,0.9973165392875671,0.002683439524844289
Lung_Dx-A0213,0,0.9973165392875671,0.002683439524844289
Lung_Dx-A0213,0,0.9859092831611633,0.014090735465288162
Lung_Dx-A0213,0,0.9859092831611633,0.014090735465288162
Lung_Dx-A0213,0,0.8533636927604675,0.14663630723953247
Lung_Dx-A0213,0,0.8533636927604675,0.14663630723953247
Lung_Dx-A0213,0,0.9834386706352234,0.016561338678002357
Lung_Dx-A0213,0,0.9834386706352234,0.016561338678002357
Lung_Dx-A0213,0,0.7895178198814392,0.2104821652173996
Lung_Dx-A0213,0,0.7895178198814392,0.2104821652173996
Lung_Dx-A0213,0,0.7530809640884399,0.24691902101039886
Lung_Dx-A0213,0,0.7530809640884399,0.24691902101039886
Lung_Dx-A0213,0,0.5131195783615112,0.48688045144081116
Lung_Dx-A0213,0,0.5131195783615112,0.48688045144081116
Lung_Dx-A0213,0,0.04463920742273331,0.9553608298301697
Lung_Dx-A0213,0,0.04463920742273331,0.9553608298301697
Lung_Dx-A0213,0,0.9074763655662537,0.09252366423606873
Lung_Dx-A0213,0,0.9074763655662537,0.09252366423606873
Lung_Dx-A0213,0,0.9659959077835083,0.03400405868887901
Lung_Dx-A0213,0,0.9659959077835083,0.03400405868887901
Lung_Dx-A0213,0,0.9998902082443237,0.00010975090117426589
Lung_Dx-A0213,0,0.9998902082443237,0.00010975090117426589
Lung_Dx-A0213,0,0.9996613264083862,0.00033863994758576155
Lung_Dx-A0213,0,0.9996613264083862,0.00033863994758576155
Lung_Dx-A0236,0,0.9994363188743591,0.000563675130251795
Lung_Dx-A0236,0,0.9998557567596436,0.0001442598586436361
Lung_Dx-A0236,0,0.9999861717224121,1.3792023310088553e-05
Lung_Dx-A0236,0,0.9999823570251465,1.7640200894675218e-05
Lung_Dx-A0236,0,0.9999812841415405,1.8704669855651446e-05
Lung_Dx-A0236,0,0.9999699592590332,3.0006620363565162e-05
Lung_Dx-A0236,0,0.999906063079834,9.387641330249608e-05
Lung_Dx-A0236,0,0.9998745918273926,0.00012533750850707293
Lung_Dx-A0236,0,0.9999679327011108,3.206682958989404e-05
Lung_Dx-A0236,0,0.9999704360961914,2.9541426556534134e-05
Lung_Dx-A0236,0,0.999997615814209,2.3595641778229037e-06
Lung_Dx-A0236,0,0.9999148845672607,8.514295041095465e-05
Lung_Dx-A0236,0,0.999656081199646,0.0003439709544181824
Lung_Dx-A0236,0,0.9999650716781616,3.494435077300295e-05
Lung_Dx-A0236,0,0.9998822212219238,0.00011774458835134283
Lung_Dx-A0236,0,0.9998427629470825,0.00015720343799330294
Lung_Dx-A0236,0,0.9974139928817749,0.0025859365705400705
Lung_Dx-A0236,0,0.9992114305496216,0.0007885457598604262
Lung_Dx-A0236,0,0.9991507530212402,0.0008492456981912255
Lung_Dx-A0236,0,0.9989758729934692,0.0010242064017802477
Lung_Dx-A0236,0,0.9996781349182129,0.00032187814940698445
Lung_Dx-A0236,0,0.9999291896820068,7.086326513672248e-05
Lung_Dx-A0236,0,0.9994127750396729,0.0005872613983228803
Lung_Dx-A0236,0,0.9999004602432251,9.954076813301072e-05
Lung_Dx-A0236,0,0.9999657869338989,3.426849434617907e-05
Lung_Dx-A0236,0,0.9998601675033569,0.0001398220774717629
Lung_Dx-A0236,0,0.9993773102760315,0.0006226772093214095
Lung_Dx-A0236,0,0.9994887113571167,0.0005112579092383385
Lung_Dx-A0236,0,0.999832272529602,0.0001676675892667845
Lung_Dx-A0236,0,0.9997268319129944,0.00027318773209117353
Lung_Dx-A0236,0,0.9997997879981995,0.00020027378923259676
Lung_Dx-A0236,0,0.9999381303787231,6.18085905443877e-05
Lung_Dx-A0236,0,0.9999346733093262,6.528265657834709e-05
Lung_Dx-A0236,0,0.9999299049377441,7.003774226177484e-05
Lung_Dx-A0236,0,0.999984860420227,1.5147555131989066e-05
Lung_Dx-A0236,0,0.9999926090240479,7.440286935889162e-06
Lung_Dx-A0236,0,0.9999822378158569,1.77092406374868e-05
Lung_Dx-A0238,0,0.696526288986206,0.30347371101379395
Lung_Dx-A0238,0,0.7402212619781494,0.2597786784172058
Lung_Dx-A0238,0,0.7774689197540283,0.22253113985061646
Lung_Dx-A0238,0,0.5730214715003967,0.42697852849960327
Lung_Dx-A0238,0,0.864367663860321,0.13563229143619537
Lung_Dx-A0238,0,0.7141797542572021,0.28582027554512024
Lung_Dx-A0238,0,0.041037436574697495,0.9589625000953674
Lung_Dx-A0238,0,0.002580904169008136,0.9974191188812256
Lung_Dx-A0238,0,0.005179713014513254,0.994820237159729
Lung_Dx-A0238,0,0.8220463395118713,0.17795370519161224
Lung_Dx-A0238,0,0.2061738818883896,0.7938261032104492
Lung_Dx-A0238,0,0.27869829535484314,0.7213017344474792
Lung_Dx-A0238,0,3.006161250596051e-06,0.9999970197677612
Lung_Dx-A0238,0,1.3420012692222372e-05,0.9999865293502808
Lung_Dx-A0238,0,0.0025163611862808466,0.9974836707115173
Lung_Dx-A0238,0,1.6571451851632446e-05,0.9999834299087524
Lung_Dx-A0238,0,0.0014808280393481255,0.9985191226005554
Lung_Dx-A0238,0,0.0011030265595763922,0.9988969564437866
Lung_Dx-A0238,0,2.3320744730881415e-06,0.999997615814209
Lung_Dx-A0238,0,0.0002131875662598759,0.9997867941856384
Lung_Dx-A0238,0,5.025061182095669e-05,0.9999496936798096
Lung_Dx-A0238,0,7.00216901350359e-07,0.9999992847442627
Lung_Dx-A0238,0,5.827722588946926e-07,0.9999994039535522
Lung_Dx-A0238,0,0.000204223018954508,0.9997958540916443
Lung_Dx-A0238,0,9.168292081085383e-07,0.9999990463256836
Lung_Dx-A0238,0,5.3478197514778e-07,0.9999995231628418
Lung_Dx-A0238,0,3.928881778847426e-05,0.9999606609344482
Lung_Dx-A0238,0,7.600781941619061e-07,0.9999992847442627
Lung_Dx-A0238,0,1.559577981424809e-06,0.9999984502792358
Lung_Dx-A0238,0,5.782371204077208e-07,0.9999994039535522
Lung_Dx-A0238,0,4.601781256496906e-06,0.9999953508377075
Lung_Dx-A0238,0,6.989504981902428e-06,0.9999929666519165
Lung_Dx-A0238,0,1.305803561990615e-05,0.9999868869781494
Lung_Dx-A0238,0,3.473610604487476e-06,0.999996542930603
Lung_Dx-A0238,0,0.00038747614598833025,0.9996125102043152
Lung_Dx-A0238,0,0.012443645857274532,0.9875563979148865
Lung_Dx-A0238,0,0.20020560920238495,0.7997943758964539
Lung_Dx-A0238,0,0.0413459949195385,0.95865398645401
Lung_Dx-A0238,0,0.07633879780769348,0.9236612319946289
Lung_Dx-A0238,0,0.14773952960968018,0.8522604703903198
Lung_Dx-A0238,0,0.7319216728210449,0.2680782675743103
Lung_Dx-A0238,0,0.22337706387043,0.7766229510307312
Lung_Dx-A0238,0,0.9704646468162537,0.029535336419939995
Lung_Dx-A0238,0,0.9832789301872253,0.016721144318580627
Lung_Dx-A0238,0,0.9431908130645752,0.056809201836586
Lung_Dx-A0238,0,0.9877586960792542,0.012241275981068611
Lung_Dx-A0238,0,0.9985590577125549,0.0014409428695216775
Lung_Dx-A0238,0,0.9955054521560669,0.004494525026530027
Lung_Dx-A0238,0,0.9908919930458069,0.009107992984354496
Lung_Dx-A0238,0,0.9898695349693298,0.010130411945283413
Lung_Dx-A0238,0,0.9918121099472046,0.008187909610569477
Lung_Dx-A0238,0,0.9289907217025757,0.07100921869277954
Lung_Dx-A0238,0,0.7919015288352966,0.20809844136238098
Lung_Dx-A0238,0,0.990044355392456,0.009955651126801968
Lung_Dx-A0238,0,0.9758776426315308,0.02412242442369461
Lung_Dx-A0238,0,0.9885140061378479,0.011485951952636242
Lung_Dx-A0238,0,0.9865199327468872,0.013480104506015778
Lung_Dx-A0238,0,0.9694401025772095,0.03055986389517784
Lung_Dx-A0238,0,0.27860015630722046,0.7213999032974243
Lung_Dx-A0238,0,0.10837754607200623,0.8916224837303162
Lung_Dx-A0238,0,0.7506442070007324,0.24935582280158997
Lung_Dx-A0238,0,0.6673102974891663,0.33268970251083374
Lung_Dx-A0238,0,0.9868026375770569,0.013197362422943115
Lung_Dx-A0238,0,0.8726732134819031,0.12732672691345215
Lung_Dx-A0238,0,0.9017477631568909,0.09825222939252853
Lung_Dx-A0238,0,0.36332207918167114,0.6366778612136841
Lung_Dx-A0238,0,0.005070175509899855,0.994929850101471
Lung_Dx-A0238,0,0.037082020193338394,0.9629179239273071
Lung_Dx-A0238,0,0.012759560719132423,0.9872404932975769
Lung_Dx-A0238,0,0.3411845564842224,0.6588155031204224
Lung_Dx-A0238,0,0.3095974624156952,0.6904025673866272
Lung_Dx-A0238,0,0.006157031748443842,0.9938429594039917
Lung_Dx-A0238,0,0.4822157323360443,0.5177842378616333
Lung_Dx-A0238,0,0.007246801629662514,0.9927532076835632
Lung_Dx-A0242,0,0.9999349117279053,6.502816540887579e-05
Lung_Dx-A0242,0,0.9998218417167664,0.000178131100255996
Lung_Dx-A0242,0,0.9999035596847534,9.647852130001411e-05
Lung_Dx-A0242,0,0.9996206760406494,0.00037924337084405124
Lung_Dx-A0242,0,0.9999868869781494,1.3109142855682876e-05
Lung_Dx-A0242,0,0.9999586343765259,4.133539550821297e-05
Lung_Dx-A0242,0,0.9999469518661499,5.3075080359121785e-05
Lung_Dx-A0242,0,0.9995971322059631,0.00040290519245900214
Lung_Dx-A0242,0,0.999376118183136,0.0006238938658498228
Lung_Dx-A0242,0,0.9993053674697876,0.0006945966742932796
Lung_Dx-A0242,0,0.9997708201408386,0.00022916035959497094
Lung_Dx-A0242,0,0.9993500113487244,0.0006499982555396855
Lung_Dx-A0242,0,0.9998218417167664,0.000178131100255996
Lung_Dx-A0242,0,0.999808132648468,0.00019185213022865355
Lung_Dx-A0242,0,0.9998633861541748,0.00013658354873768985
Lung_Dx-A0242,0,0.9994986057281494,0.0005013742484152317
Lung_Dx-A0242,0,0.9991306662559509,0.0008693673880770802
Lung_Dx-A0242,0,0.9993188381195068,0.0006811710773035884
Lung_Dx-A0242,0,0.9984691739082336,0.001530744950287044
Lung_Dx-A0242,0,0.9978677034378052,0.002132261637598276
Lung_Dx-A0242,0,0.9919847846031189,0.008015268482267857
Lung_Dx-A0242,0,0.9974491000175476,0.0025509123224765062
Lung_Dx-A0242,0,0.9948000907897949,0.005199880339205265
Lung_Dx-A0242,0,0.9971606731414795,0.002839374355971813
Lung_Dx-A0242,0,0.963230550289154,0.03676946461200714
Lung_Dx-A0242,0,0.9949199557304382,0.005080037284642458
Lung_Dx-A0242,0,0.9893680214881897,0.010631944984197617
Lung_Dx-A0242,0,0.9708817005157471,0.029118353500962257
Lung_Dx-A0242,0,0.9591925740242004,0.04080747440457344
Lung_Dx-A0242,0,0.9405171871185303,0.05948283150792122
Lung_Dx-A0242,0,0.9935992956161499,0.0064007299952209
Lung_Dx-A0242,0,0.9993423819541931,0.0006576552405022085
Lung_Dx-A0242,0,0.9912885427474976,0.008711383678019047
Lung_Dx-A0242,0,0.999152421951294,0.000847589981276542
Lung_Dx-A0242,0,0.9974039196968079,0.002596031641587615
Lung_Dx-A0242,0,0.9464978575706482,0.0535021536052227
Lung_Dx-A0242,0,0.9200026392936707,0.07999736815690994
Lung_Dx-A0242,0,0.9941347241401672,0.005865338258445263
Lung_Dx-A0242,0,0.9238675236701965,0.07613248378038406
Lung_Dx-A0242,0,0.9783639311790466,0.0216359943151474
Lung_Dx-A0242,0,0.04054073989391327,0.9594592452049255
Lung_Dx-A0242,0,0.22901752591133118,0.7709825038909912
Lung_Dx-A0242,0,0.33867835998535156,0.6613215804100037
Lung_Dx-A0242,0,0.25063756108283997,0.7493624091148376
Lung_Dx-A0242,0,0.5205191969871521,0.4794808626174927
Lung_Dx-A0242,0,0.8818694949150085,0.11813052743673325
Lung_Dx-A0242,0,0.1561049073934555,0.8438951373100281
Lung_Dx-A0242,0,0.7429349422454834,0.257065087556839
Lung_Dx-A0242,0,0.26942169666290283,0.7305783033370972
Lung_Dx-A0242,0,0.7134815454483032,0.28651848435401917
Lung_Dx-A0242,0,0.6050900816917419,0.39490994811058044
Lung_Dx-A0242,0,0.9872773289680481,0.012722709216177464
Lung_Dx-A0242,0,0.48428863286972046,0.5157114267349243
Lung_Dx-A0242,0,0.9129807949066162,0.08701920509338379
Lung_Dx-A0242,0,0.24355244636535645,0.7564474940299988
Lung_Dx-A0242,0,0.13145171105861664,0.8685482740402222
Lung_Dx-A0242,0,0.1650540828704834,0.8349459171295166
Lung_Dx-A0242,0,0.16572807729244232,0.8342719078063965
Lung_Dx-A0242,0,0.6298884153366089,0.3701115548610687
Lung_Dx-A0242,0,0.537352442741394,0.46264752745628357
Lung_Dx-A0242,0,0.4271278977394104,0.5728721618652344
Lung_Dx-A0242,0,0.4147210717201233,0.5852789282798767
Lung_Dx-A0242,0,0.1852092146873474,0.8147907257080078
Lung_Dx-A0242,0,0.0313507616519928,0.9686492681503296
Lung_Dx-A0242,0,0.0055765449069440365,0.9944234490394592
Lung_Dx-A0242,0,0.0005072812782600522,0.9994926452636719
Lung_Dx-A0242,0,0.019382191821932793,0.9806178212165833
Lung_Dx-A0242,0,0.0008409994770772755,0.9991589784622192
Lung_Dx-A0242,0,0.017492765560746193,0.9825071692466736
Lung_Dx-A0242,0,0.005774930119514465,0.9942250847816467
Lung_Dx-A0242,0,0.02615562081336975,0.9738444089889526
Lung_Dx-A0242,0,0.011266296729445457,0.9887337684631348
Lung_Dx-A0242,0,0.014672034420073032,0.9853278994560242
Lung_Dx-A0242,0,0.0010302190203219652,0.9989697933197021
Lung_Dx-A0242,0,0.0016776672564446926,0.9983223080635071
Lung_Dx-A0242,0,0.0004407629603520036,0.999559223651886
Lung_Dx-A0242,0,0.009783875197172165,0.9902161359786987
Lung_Dx-A0242,0,0.1474323868751526,0.8525676131248474
Lung_Dx-A0242,0,0.04012495279312134,0.9598750472068787
Lung_Dx-A0242,0,0.08819004893302917,0.9118099808692932
Lung_Dx-A0242,0,0.4697330892086029,0.5302668809890747
Lung_Dx-A0242,0,0.1563623696565628,0.8436376452445984
Lung_Dx-A0242,0,0.04157886654138565,0.9584211707115173
Lung_Dx-A0242,0,0.8033281564712524,0.19667187333106995
Lung_Dx-A0242,0,0.26473838090896606,0.7352616190910339
Lung_Dx-A0242,0,0.6565481424331665,0.3434518277645111
Lung_Dx-A0242,0,0.6449521780014038,0.3550477623939514
Lung_Dx-A0242,0,0.835013210773468,0.16498680412769318
Lung_Dx-A0242,0,0.5516982674598694,0.4483017325401306
Lung_Dx-A0242,0,0.08807232230901718,0.9119276404380798
Lung_Dx-A0242,0,0.15071502327919006,0.8492849469184875
Lung_Dx-A0242,0,0.05981148034334183,0.940188467502594
Lung_Dx-A0242,0,0.04795810580253601,0.9520419239997864
Lung_Dx-A0242,0,0.8194603323936462,0.18053969740867615
Lung_Dx-A0242,0,0.9453489780426025,0.05465104058384895
Lung_Dx-A0242,0,0.9908567667007446,0.009143315255641937
Lung_Dx-A0242,0,0.842215359210968,0.1577846258878708
Lung_Dx-A0242,0,0.9221324920654297,0.0778675451874733
Lung_Dx-A0242,0,0.954008936882019,0.04599103331565857
Lung_Dx-A0242,0,0.9741166234016418,0.02588338777422905
Lung_Dx-A0242,0,0.9747490882873535,0.02525085024535656
Lung_Dx-A0242,0,0.9424007534980774,0.057599201798439026
Lung_Dx-A0242,0,0.9851289987564087,0.014871004037559032
Lung_Dx-A0242,0,0.9340951442718506,0.06590478867292404
Lung_Dx-A0242,0,0.9351691007614136,0.06483088433742523
Lung_Dx-A0242,0,0.9464484453201294,0.053551625460386276
Lung_Dx-A0242,0,0.9677167534828186,0.03228325769305229
Lung_Dx-A0242,0,0.978156328201294,0.02184367924928665
Lung_Dx-A0242,0,0.9976949095726013,0.002305125119164586
Lung_Dx-A0242,0,0.9956936836242676,0.0043063051998615265
Lung_Dx-A0242,0,0.998586893081665,0.0014131119241937995
Lung_Dx-A0242,0,0.9978172779083252,0.002182716503739357
Lung_Dx-A0242,0,0.9994373917579651,0.0005625758785754442
Lung_Dx-A0242,0,0.9967648983001709,0.0032350558321923018
Lung_Dx-A0242,0,0.9950273633003235,0.004972596652805805
Lung_Dx-A0242,0,0.9994482398033142,0.0005517006502486765
Lung_Dx-A0242,0,0.9995187520980835,0.0004812357947230339
Lung_Dx-A0242,0,0.9999068975448608,9.314593626186252e-05
Lung_Dx-A0250,0,0.9267027974128723,0.07329727709293365
Lung_Dx-A0250,0,0.9106248617172241,0.0893750935792923
Lung_Dx-A0250,0,0.4950849413871765,0.5049151182174683
Lung_Dx-A0250,0,0.9849852323532104,0.01501474715769291
Lung_Dx-A0250,0,0.9757161140441895,0.024283867329359055
Lung_Dx-A0250,0,0.9655115008354187,0.03448852524161339
Lung_Dx-A0250,0,0.6409168243408203,0.3590831756591797
Lung_Dx-A0250,0,0.3004376292228699,0.6995623707771301
Lung_Dx-A0250,0,0.17300857603549957,0.8269913792610168
Lung_Dx-A0250,0,0.3070982098579407,0.6929017901420593
Lung_Dx-A0250,0,0.9834704995155334,0.01652955822646618
Lung_Dx-A0250,0,0.6490226984024048,0.3509773015975952
Lung_Dx-A0250,0,0.9229002594947815,0.07709969580173492
Lung_Dx-A0250,0,0.8601930737495422,0.13980691134929657
Lung_Dx-A0250,0,0.6653290390968323,0.3346709907054901
Lung_Dx-A0250,0,0.38676345348358154,0.6132366061210632
Lung_Dx-A0250,0,0.05546393245458603,0.9445360898971558
Lung_Dx-A0250,0,0.18227992951869965,0.8177200555801392
Lung_Dx-A0250,0,0.09842541813850403,0.9015746116638184
Lung_Dx-A0250,0,0.04296246916055679,0.9570375084877014
Lung_Dx-A0250,0,0.06699522584676743,0.9330047965049744
Lung_Dx-A0250,0,0.008015268482267857,0.9919847846031189
Lung_Dx-A0250,0,0.3199707269668579,0.6800292134284973
Lung_Dx-A0250,0,0.8846385478973389,0.11536139994859695
Lung_Dx-A0250,0,0.24816958606243134,0.7518303990364075
Lung_Dx-A0250,0,0.8853343725204468,0.11466560512781143
Lung_Dx-A0250,0,0.5054471492767334,0.4945528209209442
Lung_Dx-A0250,0,0.07224300503730774,0.9277569651603699
Lung_Dx-A0250,0,0.8224031925201416,0.1775968372821808
Lung_Dx-A0250,0,0.9032942056655884,0.09670579433441162
Lung_Dx-A0250,0,0.8384153246879578,0.16158466041088104
Lung_Dx-A0250,0,0.9904590845108032,0.009540924802422523
Lung_Dx-A0250,0,0.9907498955726624,0.009250096045434475
Lung_Dx-A0250,0,0.53925621509552,0.46074384450912476
Lung_Dx-A0250,0,0.5864636301994324,0.4135363698005676
Lung_Dx-A0250,0,0.8818694949150085,0.11813052743673325
Lung_Dx-A0250,0,0.9638481140136719,0.0361519381403923
Lung_Dx-A0250,0,0.8611882925033569,0.1388116329908371
Lung_Dx-A0250,0,0.9241418242454529,0.07585817575454712
Lung_Dx-A0250,0,0.9613890647888184,0.038610927760601044
Lung_Dx-A0250,0,0.9957436919212341,0.004256349056959152
Lung_Dx-A0250,0,0.996292769908905,0.0037072531413286924
Lung_Dx-A0250,0,0.9934738278388977,0.0065261488780379295
Lung_Dx-A0250,0,0.9948704242706299,0.005129634402692318
Lung_Dx-A0250,0,0.9130582809448242,0.08694165199995041
Lung_Dx-A0250,0,0.995685338973999,0.00431468803435564
Lung_Dx-A0250,0,0.9811307191848755,0.018869252875447273
Lung_Dx-A0250,0,0.9898892045021057,0.010110844857990742
Lung_Dx-A0250,0,0.9946463704109192,0.005353646818548441
Lung_Dx-A0250,0,0.9622142910957336,0.037785764783620834
Lung_Dx-A0250,0,0.8440237045288086,0.1559762805700302
Lung_Dx-A0250,0,0.9834704995155334,0.01652955822646618
Lung_Dx-A0250,0,0.9298873543739319,0.07011259347200394
Lung_Dx-A0250,0,0.5238199830055237,0.47617998719215393
Lung_Dx-A0250,0,0.7510552406311035,0.24894478917121887
Lung_Dx-A0250,0,0.9610980749130249,0.03890198469161987
Lung_Dx-A0250,0,0.9757854342460632,0.024214550852775574
Lung_Dx-A0250,0,0.9917484521865845,0.008251599036157131
Lung_Dx-A0250,0,0.9989266991615295,0.0010733063099905849
Lung_Dx-A0250,0,0.9858821630477905,0.014117893762886524
Lung_Dx-A0250,0,0.9980467557907104,0.001953205792233348
Lung_Dx-A0250,0,0.998619556427002,0.0013804222689941525
Lung_Dx-A0250,0,0.9994956254959106,0.0005043190903961658
Lung_Dx-A0250,0,0.9977083206176758,0.0022916889283806086
Lung_Dx-A0255,0,0.9995962977409363,0.0004036925674881786
Lung_Dx-A0255,0,0.9999687671661377,3.120191104244441e-05
Lung_Dx-A0255,0,0.9999991655349731,8.886213436198886e-07
Lung_Dx-A0255,0,0.999996542930603,3.460068228378077e-06
Lung_Dx-A0255,0,0.9999947547912598,5.255395535641583e-06
Lung_Dx-A0255,0,0.9999983310699463,1.6217043139477028e-06
Lung_Dx-A0255,0,0.9999983310699463,1.67318273724959e-06
Lung_Dx-A0255,0,0.9999852180480957,1.4738980098627508e-05
Lung_Dx-A0255,0,0.9999991655349731,8.748445452511078e-07
Lung_Dx-A0255,0,0.9999979734420776,2.026142283284571e-06
Lung_Dx-A0255,0,0.9999978542327881,2.106854026351357e-06
Lung_Dx-A0255,0,0.9999984502792358,1.535398951091338e-06
Lung_Dx-A0255,0,0.999992847442627,7.155255843827035e-06
Lung_Dx-A0255,0,0.9999922513961792,7.797351827321108e-06
Lung_Dx-A0255,0,0.9999697208404541,3.0241957574617118e-05
Lung_Dx-A0255,0,0.9998464584350586,0.00015356240328401327
Lung_Dx-A0255,0,0.9999749660491943,2.4973849576781504e-05
Lung_Dx-A0255,0,0.9997407793998718,0.00025915823061950505
Lung_Dx-A0255,0,0.9999206066131592,7.936241308925673e-05
Lung_Dx-A0255,0,0.9978299736976624,0.0021699920762330294
Lung_Dx-A0255,0,0.999984860420227,1.5088500731508248e-05
Lung_Dx-A0255,0,0.9976171851158142,0.0023827620316296816
Lung_Dx-A0255,0,0.9257014989852905,0.07429850846529007
Lung_Dx-A0255,0,0.9941347241401672,0.005865338258445263
Lung_Dx-A0255,0,0.9991357922554016,0.0008642927859909832
Lung_Dx-A0255,0,0.9991638660430908,0.0008360903011634946
Lung_Dx-A0255,0,0.2086622714996338,0.7913377285003662
Lung_Dx-A0255,0,0.8015477657318115,0.19845226407051086
Lung_Dx-A0255,0,0.9403530955314636,0.05964694544672966
Lung_Dx-A0255,0,0.0002396868512732908,0.9997603297233582
Lung_Dx-A0255,0,0.028898300603032112,0.9711017608642578
Lung_Dx-A0255,0,0.17841844260692596,0.8215815424919128
Lung_Dx-A0255,0,0.1723807156085968,0.8276192545890808
Lung_Dx-A0255,0,0.6608019471168518,0.3391980230808258
Lung_Dx-A0255,0,0.852874219417572,0.14712578058242798
Lung_Dx-A0255,0,0.7010995149612427,0.2989005148410797
Lung_Dx-A0255,0,0.593285322189331,0.40671470761299133
Lung_Dx-A0255,0,0.06770062446594238,0.9322993755340576
Lung_Dx-A0255,0,0.6444104313850403,0.3555895686149597
Lung_Dx-A0255,0,0.030763033777475357,0.9692369103431702
Lung_Dx-A0255,0,0.1564267873764038,0.8435731530189514
Lung_Dx-A0255,0,0.9961456060409546,0.003854363691061735
Lung_Dx-A0255,0,0.9312752485275269,0.06872475892305374
Lung_Dx-A0255,0,0.4970703423023224,0.5029296278953552
Lung_Dx-A0255,0,0.8807458281517029,0.1192542016506195
Lung_Dx-A0255,0,0.05019078403711319,0.9498092532157898
Lung_Dx-A0255,0,0.06620601564645767,0.9337939620018005
Lung_Dx-A0255,0,0.26296013593673706,0.7370398640632629
Lung_Dx-A0255,0,0.19049803912639618,0.8095019459724426
Lung_Dx-A0255,0,0.7839471101760864,0.21605288982391357
Lung_Dx-A0255,0,0.69827800989151,0.30172199010849
Lung_Dx-A0255,0,0.021368887275457382,0.9786311388015747
Lung_Dx-A0255,0,0.03491378203034401,0.9650862812995911
Lung_Dx-A0255,0,0.03551093861460686,0.9644890427589417
Lung_Dx-A0255,0,0.14426937699317932,0.8557305932044983
Lung_Dx-A0255,0,0.0003966611984651536,0.9996033310890198
Lung_Dx-A0255,0,0.004773722030222416,0.995226263999939
Lung_Dx-A0255,0,0.014957087114453316,0.985042929649353
Lung_Dx-A0255,0,0.00038672040682286024,0.999613344669342
Lung_Dx-A0255,0,0.11466560512781143,0.8853343725204468
Lung_Dx-A0255,0,0.5365254282951355,0.4634746015071869
Lung_Dx-A0255,0,0.02525085024535656,0.9747490882873535
Lung_Dx-A0255,0,0.5418028235435486,0.4581971764564514
Lung_Dx-A0255,0,0.17360319197177887,0.8263967633247375
Lung_Dx-A0255,0,0.011732465587556362,0.9882676005363464
Lung_Dx-A0255,0,0.3596452474594116,0.6403548121452332
Lung_Dx-A0255,0,0.5713331699371338,0.4286668300628662
Lung_Dx-A0255,0,0.34568485617637634,0.6543151140213013
Lung_Dx-A0255,0,0.12624558806419373,0.8737544417381287
Lung_Dx-A0255,0,0.37390443682670593,0.6260955929756165
Lung_Dx-A0255,0,0.0384661927819252,0.961533784866333
Lung_Dx-A0255,0,0.25727492570877075,0.7427250742912292
Lung_Dx-A0255,0,0.023712068796157837,0.9762879610061646
Lung_Dx-A0255,0,0.05370030552148819,0.94629967212677
Lung_Dx-A0255,0,0.054248809814453125,0.9457511901855469
Lung_Dx-A0255,0,0.000301792606478557,0.999698281288147
Lung_Dx-A0255,0,0.0006118339952081442,0.9993880987167358
Lung_Dx-A0255,0,0.003565736347809434,0.996434211730957
Lung_Dx-A0255,0,0.09877259284257889,0.9012274742126465
Lung_Dx-A0255,0,0.39965054392814636,0.600349485874176
Lung_Dx-A0255,0,0.39728057384490967,0.6027194261550903
Lung_Dx-A0255,0,0.19965887069702148,0.8003411293029785
Lung_Dx-A0255,0,0.0004108485300093889,0.9995891451835632
Lung_Dx-A0255,0,0.0001809357781894505,0.9998190999031067
Lung_Dx-A0255,0,0.0002314086741534993,0.9997685551643372
Lung_Dx-A0255,0,5.0644717703107744e-05,0.9999493360519409
Lung_Dx-A0255,0,0.0003439709544181824,0.999656081199646
Lung_Dx-A0255,0,0.010368156246840954,0.9896317720413208
Lung_Dx-A0255,0,0.00027159214369021356,0.9997283816337585
Lung_Dx-A0255,0,0.00031565441167913377,0.9996843338012695
Lung_Dx-A0255,0,0.001194878132082522,0.9988051652908325
Lung_Dx-A0255,0,0.00010310212383046746,0.9998968839645386
Lung_Dx-A0255,0,4.101373997400515e-05,0.9999589920043945
Lung_Dx-A0255,0,0.0009830882772803307,0.9990168809890747
Lung_Dx-A0255,0,0.0004655269149225205,0.9995344877243042
Lung_Dx-A0255,0,1.960230656550266e-05,0.9999804496765137
Lung_Dx-A0255,0,0.0001541633391752839,0.9998458623886108
Lung_Dx-A0255,0,1.1750976227631327e-05,0.9999881982803345
Lung_Dx-A0255,0,0.00018595057190395892,0.9998140931129456
Lung_Dx-A0255,0,0.00012100819731131196,0.999879002571106
Lung_Dx-A0255,0,8.784544479567558e-05,0.9999121427536011
Lung_Dx-A0255,0,0.00025069675757549703,0.9997492432594299
Lung_Dx-A0255,0,5.671904364135116e-05,0.9999432563781738
Lung_Dx-A0255,0,2.1444948288262822e-05,0.9999785423278809
Lung_Dx-A0255,0,8.581068686908111e-05,0.9999141693115234
Lung_Dx-A0255,0,0.0001565906568430364,0.9998433589935303
Lung_Dx-A0255,0,0.0002453695051372051,0.9997546076774597
Lung_Dx-A0255,0,3.4001819585682824e-05,0.999966025352478
Lung_Dx-A0255,0,5.3910844144411385e-05,0.999946117401123
Lung_Dx-A0255,0,3.327515742057585e-06,0.9999966621398926
Lung_Dx-A0255,0,0.0023504828568547964,0.9976494908332825
Lung_Dx-A0255,0,0.00025664037093520164,0.9997434020042419
Lung_Dx-A0255,0,0.00031627132557332516,0.9996837377548218
Lung_Dx-A0255,0,0.0817393809556961,0.9182605743408203
Lung_Dx-A0255,0,0.13834534585475922,0.8616546392440796
Lung_Dx-A0255,0,0.09017308056354523,0.909826934337616
Lung_Dx-A0255,0,0.08434179425239563,0.915658175945282
Lung_Dx-A0255,0,0.06632687151432037,0.9336731433868408
Lung_Dx-A0255,0,0.04560694471001625,0.9543930292129517
Lung_Dx-A0255,0,0.9451467990875244,0.054853204637765884
Lung_Dx-A0255,0,0.6888348460197449,0.3111651539802551
Lung_Dx-A0257,0,0.976669192314148,0.023330768570303917
Lung_Dx-A0257,0,0.9848546981811523,0.015145286917686462
Lung_Dx-A0257,0,0.994929850101471,0.005070175509899855
Lung_Dx-A0257,0,0.673111081123352,0.32688888907432556
Lung_Dx-A0257,0,0.0030634168069809675,0.996936559677124
Lung_Dx-A0257,0,0.6119908690452576,0.3880091607570648
Lung_Dx-A0257,0,0.013286684639751911,0.9867132902145386
Lung_Dx-A0257,0,0.03504563868045807,0.9649543762207031
Lung_Dx-A0257,0,0.6011692881584167,0.39883074164390564
Lung_Dx-A0257,0,0.18679867684841156,0.8132013082504272
Lung_Dx-A0257,0,6.502816540887579e-05,0.9999349117279053
Lung_Dx-A0257,0,0.0023596605751663446,0.9976403713226318
Lung_Dx-A0257,0,0.010870827361941338,0.9891291856765747
Lung_Dx-A0257,0,0.18892180919647217,0.8110781908035278
Lung_Dx-A0257,0,0.015350574627518654,0.9846494793891907
Lung_Dx-A0257,0,0.000992726068943739,0.9990072846412659
Lung_Dx-A0257,0,0.0003590676642488688,0.999640941619873
Lung_Dx-A0257,0,0.006289901677519083,0.9937100410461426
Lung_Dx-A0257,0,6.439037861127872e-06,0.9999935626983643
Lung_Dx-A0257,0,6.240931270440342e-06,0.9999938011169434
Lung_Dx-A0257,0,4.11636420949435e-07,0.9999996423721313
Lung_Dx-A0257,0,1.67318273724959e-06,0.9999983310699463
Lung_Dx-A0257,0,0.20641371607780457,0.793586254119873
Lung_Dx-A0257,0,0.1318424493074417,0.8681575655937195
Lung_Dx-A0257,0,0.015306354500353336,0.9846936464309692
Lung_Dx-A0257,0,0.424710214138031,0.575289785861969
Lung_Dx-A0257,0,0.8118252158164978,0.1881747543811798
Lung_Dx-A0257,0,0.8603691458702087,0.13963085412979126
Lung_Dx-A0257,0,0.9734938144683838,0.026506125926971436
Lung_Dx-A0257,0,0.9009662866592407,0.09903368353843689
Lung_Dx-A0257,0,0.9629179239273071,0.037082020193338394
Lung_Dx-A0257,0,0.371963232755661,0.6280367970466614
Lung_Dx-A0257,0,0.0055441465228796005,0.994455873966217
Lung_Dx-A0257,0,0.01096574030816555,0.9890342950820923
Lung_Dx-A0257,0,0.1116764172911644,0.8883235454559326
Lung_Dx-A0257,0,0.06339532881975174,0.9366046786308289
Lung_Dx-A0257,0,0.008267596364021301,0.9917323589324951
Lung_Dx-A0257,0,0.1555909812450409,0.8444089889526367
Lung_Dx-A0257,0,0.2421160191297531,0.7578839063644409
Lung_Dx-A0257,0,0.028409063816070557,0.9715908765792847
Lung_Dx-A0257,0,0.9466460347175598,0.05335398390889168
Lung_Dx-A0257,0,0.8861251473426819,0.1138748973608017
Lung_Dx-A0257,0,0.691419243812561,0.30858078598976135
Lung_Dx-A0257,0,0.9913390278816223,0.008660931140184402
Lung_Dx-A0257,0,0.9931495785713196,0.006850480102002621
Lung_Dx-A0257,0,0.9959298968315125,0.004070138093084097
Lung_Dx-A0257,0,0.9973734617233276,0.002626552479341626
Lung_Dx-A0257,0,0.9881309270858765,0.011869121342897415
Lung_Dx-A0257,0,0.9905508756637573,0.009449080564081669
Lung_Dx-A0257,0,0.9950562715530396,0.004943688865751028
Lung_Dx-A0257,0,0.9928231239318848,0.007176882121711969
Lung_Dx-A0257,0,0.9909359812736511,0.009064030833542347
Lung_Dx-A0257,0,0.9948704242706299,0.005129634402692318
Lung_Dx-A0257,0,0.9979372024536133,0.0020627700723707676
Lung_Dx-A0257,0,0.9939378499984741,0.006062155123800039
Lung_Dx-A0257,0,0.996434211730957,0.003565736347809434
Lung_Dx-A0257,0,0.9989697933197021,0.0010302190203219652
Lung_Dx-A0257,0,0.999024510383606,0.0009754452621564269
Lung_Dx-A0257,0,0.9989350438117981,0.0010649627074599266
Lung_Dx-A0257,0,0.9992445707321167,0.000755405577365309
Lung_Dx-A0257,0,0.9995842576026917,0.00041568942833691835
Lung_Dx-A0257,0,0.9969245791435242,0.00307536986656487
Lung_Dx-A0257,0,0.9662834405899048,0.033716537058353424
Lung_Dx-A0257,0,0.9885913729667664,0.011408594436943531
Lung_Dx-A0257,0,0.9967523813247681,0.0032476766500622034
Lung_Dx-A0257,0,0.7006900310516357,0.29930993914604187
Lung_Dx-A0257,0,0.9754135012626648,0.024586500599980354
Lung_Dx-A0257,0,0.9890449047088623,0.01095515489578247
Lung_Dx-A0257,0,0.9000037312507629,0.09999631345272064
Lung_Dx-A0257,0,0.9962051510810852,0.003794834017753601
Lung_Dx-A0257,0,0.994929850101471,0.005070175509899855
Lung_Dx-A0257,0,0.972933828830719,0.027066176757216454
Lung_Dx-A0257,0,0.9760151505470276,0.023984873667359352
Lung_Dx-A0257,0,0.9972531199455261,0.002746901009231806
Lung_Dx-A0257,0,0.9993749260902405,0.0006251128506846726
Lung_Dx-A0257,0,0.9981324076652527,0.0018675659084692597
Lung_Dx-A0257,0,0.9943251013755798,0.005674875341355801
Lung_Dx-A0257,0,0.9930152893066406,0.006984649691730738
Lung_Dx-A0257,0,0.995309054851532,0.00469093257561326
Lung_Dx-G0033,1,0.9806548357009888,0.019345102831721306
Lung_Dx-G0033,1,0.9995478987693787,0.0004520923539530486
Lung_Dx-G0033,1,0.9916681051254272,0.008331900462508202
Lung_Dx-G0033,1,0.994168758392334,0.005831271409988403
Lung_Dx-G0033,1,0.9932418465614319,0.00675808684900403
Lung_Dx-G0033,1,0.9924227595329285,0.007577240467071533
Lung_Dx-G0033,1,0.9744591116905212,0.025540899485349655
Lung_Dx-G0033,1,0.9932680726051331,0.006731917150318623
Lung_Dx-G0033,1,0.9993964433670044,0.0006035310216248035
Lung_Dx-G0033,1,0.9993785619735718,0.0006214630557224154
Lung_Dx-G0033,1,0.9997574687004089,0.0002425115235382691
Lung_Dx-G0033,1,0.9996505975723267,0.00034938580938614905
Lung_Dx-G0033,1,0.9982038736343384,0.0017961491830646992
Lung_Dx-G0033,1,0.9996352195739746,0.0003647200355771929
Lung_Dx-G0033,1,0.9972261786460876,0.0027737829368561506
Lung_Dx-G0033,1,0.9099069833755493,0.09009299427270889
Lung_Dx-G0033,1,0.9648551344871521,0.03514484688639641
Lung_Dx-G0033,1,0.8678218126296997,0.1321781426668167
Lung_Dx-G0033,1,0.9780097603797913,0.021990220993757248
Lung_Dx-G0033,1,0.6324459910392761,0.3675539791584015
Lung_Dx-G0033,1,0.8591918349266052,0.14080817997455597
Lung_Dx-G0033,1,0.9293763041496277,0.07062366604804993
Lung_Dx-G0033,1,0.9682314395904541,0.031768616288900375
Lung_Dx-G0033,1,0.7963716387748718,0.20362836122512817
Lung_Dx-G0033,1,0.7850614786148071,0.21493849158287048
Lung_Dx-G0033,1,0.504562258720398,0.49543774127960205
Lung_Dx-G0033,1,0.5393168926239014,0.4606831669807434
Lung_Dx-G0033,1,0.7174080014228821,0.2825919985771179
Lung_Dx-G0033,1,0.9965770840644836,0.003422935027629137
Lung_Dx-G0033,1,0.934155285358429,0.06584470719099045
Lung_Dx-G0033,1,0.10956278443336487,0.8904372453689575
Lung_Dx-G0033,1,0.0120537793263793,0.9879462122917175
Lung_Dx-G0033,1,0.33646729588508606,0.6635326743125916
Lung_Dx-G0033,1,0.4458009600639343,0.5541990399360657
Lung_Dx-G0033,1,0.8718026280403137,0.12819735705852509
Lung_Dx-G0033,1,0.019087431952357292,0.9809125065803528
Lung_Dx-G0033,1,0.012479700148105621,0.9875203371047974
Lung_Dx-G0033,1,0.0478690080344677,0.9521309733390808
Lung_Dx-G0033,1,0.0010222098790109158,0.998977780342102
Lung_Dx-G0033,1,0.5830549597740173,0.41694504022598267
Lung_Dx-G0033,1,0.10594827681779861,0.8940516710281372
Lung_Dx-G0033,1,0.013955710455775261,0.9860442876815796
Lung_Dx-G0033,1,0.934035062789917,0.06596493721008301
Lung_Dx-G0033,1,0.5589740872383118,0.4410259425640106
Lung_Dx-G0033,1,0.14151854813098907,0.8584814667701721
Lung_Dx-G0033,1,0.01784873753786087,0.9821512699127197
Lung_Dx-G0033,1,0.08632348477840424,0.9136765599250793
Lung_Dx-G0033,1,0.7704647779464722,0.22953520715236664
Lung_Dx-G0033,1,0.7778909802436829,0.22210901975631714
Lung_Dx-G0033,1,0.6750687956809998,0.32493120431900024
Lung_Dx-G0033,1,0.9728049635887146,0.027195056900382042
Lung_Dx-G0033,1,0.7285069227218628,0.2714930772781372
Lung_Dx-G0033,1,0.9025237560272217,0.0974762812256813
Lung_Dx-G0033,1,0.9930693507194519,0.006930672097951174
Lung_Dx-G0033,1,0.9919847846031189,0.008015268482267857
Lung_Dx-G0033,1,0.988447368144989,0.011552671901881695
Lung_Dx-G0033,1,0.9947289824485779,0.005271083675324917
Lung_Dx-G0033,1,0.993320107460022,0.006679879035800695
Lung_Dx-G0033,1,0.9964203834533691,0.0035796426236629486
Lung_Dx-G0033,1,0.9980993866920471,0.0019006215734407306
Lung_Dx-G0039,1,0.9644556045532227,0.035544395446777344
Lung_Dx-G0039,1,0.9887337684631348,0.011266296729445457
Lung_Dx-G0039,1,0.999376118183136,0.0006238938658498228
Lung_Dx-G0039,1,0.9999978542327881,2.1151001874386566e-06
Lung_Dx-G0039,1,0.9999958276748657,4.20637024944881e-06
Lung_Dx-G0039,1,0.9988927245140076,0.0011073390487581491
Lung_Dx-G0039,1,0.9996520280838013,0.0003480241575744003
Lung_Dx-G0039,1,0.9999008178710938,9.915272676153108e-05
Lung_Dx-G0039,1,0.9998096823692322,0.00019035942386835814
Lung_Dx-G0039,1,0.9939963817596436,0.006003595422953367
Lung_Dx-G0039,1,0.993854820728302,0.006145091727375984
Lung_Dx-G0039,1,0.8922343254089355,0.10776568204164505
Lung_Dx-G0039,1,0.9901401400566101,0.00985985528677702
Lung_Dx-G0039,1,0.9954967498779297,0.004503272473812103
Lung_Dx-G0039,1,0.9883352518081665,0.011664719320833683
Lung_Dx-G0039,1,0.9988620281219482,0.001138000632636249
Lung_Dx-G0039,1,0.9076402187347412,0.09235979616641998
Lung_Dx-G0039,1,0.42935457825660706,0.5706453919410706
Lung_Dx-G0039,1,0.9923638105392456,0.007636216469109058
Lung_Dx-G0039,1,0.9273632764816284,0.07263670116662979
Lung_Dx-G0039,1,0.9673178195953369,0.03268224000930786
Lung_Dx-G0039,1,0.98973149061203,0.010268432088196278
Lung_Dx-G0039,1,0.999593198299408,0.00040685752173885703
Lung_Dx-G0039,1,0.9992489218711853,0.0007509956485591829
Lung_Dx-G0039,1,0.999967098236084,3.2955729693640023e-05
Lung_Dx-G0039,1,0.9997283816337585,0.00027159214369021356
Lung_Dx-G0039,1,0.9998225569725037,0.00017743678472470492
Lung_Dx-G0039,1,0.9997120499610901,0.0002879764651879668
Lung_Dx-G0039,1,0.9998239874839783,0.00017605620087124407
Lung_Dx-G0039,1,0.9997748732566833,0.00022516825993079692
Lung_Dx-G0039,1,0.9999572038650513,4.2814375774469227e-05
Lung_Dx-G0039,1,0.9997645020484924,0.0002355114120291546
Lung_Dx-G0039,1,0.9999953508377075,4.656025339500047e-06
Lung_Dx-G0039,1,0.9999939203262329,6.02533600613242e-06
Lung_Dx-G0039,1,0.9999589920043945,4.101373997400515e-05
Lung_Dx-G0039,1,0.9999953508377075,4.692542916018283e-06
Lung_Dx-G0039,1,0.9999426603317261,5.7387598644709215e-05
Lung_Dx-G0039,1,0.999997615814209,2.3595641778229037e-06
Lung_Dx-G0039,1,0.9999731779098511,2.679298268049024e-05
Lung_Dx-G0039,1,0.9999555349349976,4.451983841136098e-05
Lung_Dx-G0039,1,0.9999978542327881,2.1151001874386566e-06
Lung_Dx-G0039,1,0.9999986886978149,1.3656124338012887e-06
Lung_Dx-G0039,1,0.9999992847442627,7.630530944879865e-07
Lung_Dx-G0039,1,0.9999868869781494,1.3109142855682876e-05
Lung_Dx-G0039,1,0.9999904632568359,9.479151231062133e-06
Lung_Dx-G0039,1,0.9999998807907104,6.93309019084154e-08
Lung_Dx-G0039,1,0.9999980926513672,1.9183130461897235e-06
Lung_Dx-G0039,1,0.9999957084655762,4.322974746173713e-06
Lung_Dx-G0039,1,1.0,5.3574773062337044e-08
Lung_Dx-G0039,1,0.9999933242797852,6.695538559142733e-06
Lung_Dx-G0039,1,0.9999990463256836,9.38571133701771e-07
Lung_Dx-G0039,1,0.9999994039535522,6.227858193597058e-07
Lung_Dx-G0039,1,0.9999996423721313,3.3860288795040105e-07
Lung_Dx-G0039,1,0.9999991655349731,8.028025035855535e-07
Lung_Dx-G0039,1,0.9999983310699463,1.7061832977560698e-06
Lung_Dx-G0039,1,0.9999988079071045,1.1499611218823702e-06
Lung_Dx-G0039,1,0.9999988079071045,1.2051488056386006e-06
Lung_Dx-G0041,1,0.9998148083686829,0.00018522574100643396
Lung_Dx-G0041,1,0.9866234660148621,0.01337660476565361
Lung_Dx-G0041,1,0.9979848861694336,0.0020150821655988693
Lung_Dx-G0041,1,0.9995408058166504,0.0004592085024341941
Lung_Dx-G0041,1,0.9995149374008179,0.0004850083205383271
Lung_Dx-G0041,1,0.9763330817222595,0.02366689406335354
Lung_Dx-G0041,1,0.9946150183677673,0.005384937860071659
Lung_Dx-G0041,1,0.9901971817016602,0.009802816435694695
Lung_Dx-G0041,1,0.9954615235328674,0.0045384312979876995
Lung_Dx-G0041,1,0.993320107460022,0.006679879035800695
Lung_Dx-G0041,1,0.9910145401954651,0.008985428139567375
Lung_Dx-G0041,1,0.995354413986206,0.004645557142794132
Lung_Dx-G0041,1,0.9734686613082886,0.026531336829066277
Lung_Dx-G0041,1,0.9847817420959473,0.015218292362987995
Lung_Dx-G0041,1,0.9983990788459778,0.0016009644605219364
Lung_Dx-G0041,1,0.9947084188461304,0.005291604902595282
Lung_Dx-G0041,1,0.9960468411445618,0.003953089471906424
Lung_Dx-G0041,1,0.9963783621788025,0.003621685318648815
Lung_Dx-G0041,1,0.985496461391449,0.014503580518066883
Lung_Dx-G0041,1,0.994551956653595,0.005448068026453257
Lung_Dx-G0041,1,0.9957767128944397,0.004223365802317858
Lung_Dx-G0041,1,0.9998482465744019,0.00015177360910456628
Lung_Dx-G0041,1,0.9986114501953125,0.0013885233784094453
Lung_Dx-G0041,1,0.9939730763435364,0.006026952061802149
Lung_Dx-G0041,1,0.9949788451194763,0.0050211502239108086
Lung_Dx-G0041,1,0.9244152307510376,0.0755847916007042
Lung_Dx-G0041,1,0.9894090890884399,0.010590936057269573
Lung_Dx-G0041,1,0.9774785041809082,0.022521456703543663
Lung_Dx-G0041,1,0.9873993396759033,0.012600625865161419
Lung_Dx-G0041,1,0.967100977897644,0.03289904072880745
Lung_Dx-G0041,1,0.8594869375228882,0.14051306247711182
Lung_Dx-G0041,1,0.8666976690292358,0.13330234587192535
Lung_Dx-G0041,1,0.9058233499526978,0.09417666494846344
Lung_Dx-G0041,1,0.5677568912506104,0.43224313855171204
Lung_Dx-G0041,1,0.9529258608818054,0.04707418009638786
Lung_Dx-G0041,1,0.9711017608642578,0.028898300603032112
Lung_Dx-G0041,1,0.9957436919212341,0.004256349056959152
Lung_Dx-G0041,1,0.9751071333885193,0.02489280141890049
Lung_Dx-G0041,1,0.9928786158561707,0.00712142838165164
Lung_Dx-G0041,1,0.956308901309967,0.043691057711839676
Lung_Dx-G0041,1,0.9747490882873535,0.02525085024535656
Lung_Dx-G0041,1,0.9838160872459412,0.016183903440833092
Lung_Dx-G0041,1,0.9479621648788452,0.05203782394528389
Lung_Dx-G0041,1,0.8436376452445984,0.1563623696565628
Lung_Dx-G0041,1,0.3297693431377411,0.6702306866645813
Lung_Dx-G0041,1,0.8894808888435364,0.11051914095878601
Lung_Dx-G0047,1,0.9999371767044067,6.278188084252179e-05
Lung_Dx-G0047,1,0.9998103976249695,0.0001896174217108637
Lung_Dx-G0047,1,0.9991507530212402,0.0008492456981912255
Lung_Dx-G0047,1,0.955527126789093,0.044472914189100266
Lung_Dx-G0047,1,0.9977830052375793,0.002217013156041503
Lung_Dx-G0047,1,0.9835811853408813,0.01641879603266716
Lung_Dx-G0047,1,0.9871540665626526,0.012845958583056927
Lung_Dx-G0047,1,0.9882107973098755,0.011789213865995407
Lung_Dx-G0047,1,0.8962059617042542,0.10379403829574585
Lung_Dx-G0047,1,0.1442091166973114,0.855790913105011
Lung_Dx-G0047,1,0.15797939896583557,0.842020571231842
Lung_Dx-G0047,1,0.0007509956485591829,0.9992489218711853
Lung_Dx-G0047,1,0.00020825011597480625,0.9997918009757996
Lung_Dx-G0047,1,4.006368908449076e-05,0.9999599456787109
Lung_Dx-G0047,1,0.0004974744515493512,0.9995025396347046
Lung_Dx-G0047,1,6.683069659629837e-05,0.999933123588562
Lung_Dx-G0047,1,0.00012681477528531104,0.999873161315918
Lung_Dx-G0047,1,0.0024871178902685642,0.997512936592102
Lung_Dx-G0047,1,6.683069659629837e-05,0.999933123588562
Lung_Dx-G0047,1,0.00015177360910456628,0.9998482465744019
Lung_Dx-G0047,1,0.0006667023408226669,0.9993333220481873
Lung_Dx-G0047,1,1.8631748389452696e-05,0.9999814033508301
Lung_Dx-G0047,1,5.173918907530606e-06,0.9999948740005493
Lung_Dx-G0047,1,5.727003099309513e-06,0.9999942779541016
Lung_Dx-G0047,1,9.49828972807154e-05,0.999904990196228
Lung_Dx-G0047,1,0.0008542320574633777,0.9991457462310791
Lung_Dx-G0047,1,4.0694576455280185e-05,0.9999593496322632
Lung_Dx-G0047,1,0.004962942097336054,0.9950370192527771
Lung_Dx-G0047,1,0.004331502132117748,0.9956685304641724
Lung_Dx-G0047,1,0.0010222098790109158,0.998977780342102
Lung_Dx-G0047,1,0.00035281325108371675,0.9996471405029297
Lung_Dx-G0047,1,0.0091610262170434,0.9908389449119568
Lung_Dx-G0047,1,0.9278878569602966,0.07211220264434814
Lung_Dx-G0047,1,0.9663469791412354,0.03365296125411987
Lung_Dx-G0047,1,0.34756478667259216,0.6524351835250854
Lung_Dx-G0047,1,0.5624994039535522,0.437500536441803
Lung_Dx-G0047,1,0.8870089650154114,0.11299101263284683
Lung_Dx-G0047,1,0.06058494374155998,0.9394150376319885
Lung_Dx-G0047,1,0.018653521314263344,0.9813465476036072
Lung_Dx-G0047,1,0.05184547230601311,0.9481545686721802
Lung_Dx-G0047,1,0.12378869205713272,0.8762113451957703
Lung_Dx-G0047,1,0.4082767367362976,0.5917232036590576
Lung_Dx-G0047,1,0.00020825011597480625,0.9997918009757996
Lung_Dx-G0047,1,0.07139670848846436,0.9286032319068909
Lung_Dx-G0047,1,0.020824391394853592,0.9791755676269531
Lung_Dx-G0047,1,0.9363431930541992,0.0636567622423172
Lung_Dx-G0047,1,0.6319723129272461,0.3680276572704315
Lung_Dx-G0047,1,0.3163296580314636,0.6836702823638916
Lung_Dx-G0047,1,0.24648800492286682,0.7535120248794556
Lung_Dx-G0047,1,0.9472835659980774,0.05271640419960022
Lung_Dx-G0047,1,0.9039745330810547,0.0960254967212677
Lung_Dx-G0047,1,0.7816641926765442,0.2183358520269394
Lung_Dx-G0047,1,0.43010997772216797,0.569890022277832
Lung_Dx-G0047,1,0.0211858581751585,0.9788140654563904
Lung_Dx-G0047,1,0.6321622133255005,0.3678378164768219
Lung_Dx-G0047,1,0.0010024583898484707,0.9989975094795227
Lung_Dx-G0047,1,0.003531206864863634,0.9964687824249268
Lung_Dx-G0047,1,0.17571482062339783,0.8242852091789246
Lung_Dx-G0047,1,0.012576348148286343,0.9874235987663269
Lung_Dx-G0047,1,0.18206168711185455,0.8179383277893066
Lung_Dx-G0047,1,0.843766450881958,0.15623359382152557
Lung_Dx-G0047,1,0.8575892448425293,0.14241069555282593
Lung_Dx-G0047,1,0.9537081718444824,0.046291906386613846
Lung_Dx-G0047,1,0.9293122291564941,0.07068779319524765
Lung_Dx-G0047,1,0.9673178195953369,0.03268224000930786
Lung_Dx-G0047,1,0.9847817420959473,0.015218292362987995
Lung_Dx-G0047,1,0.9696420431137085,0.03035799227654934
Lung_Dx-G0047,1,0.9900057911872864,0.009994227439165115
Lung_Dx-G0047,1,0.9240732789039612,0.07592666149139404
Lung_Dx-G0047,1,0.5877804756164551,0.4122195541858673
Lung_Dx-G0047,1,0.8241083025932312,0.1758916825056076
Lung_Dx-G0047,1,0.4791381061077118,0.5208619236946106
Lung_Dx-G0047,1,0.9676556587219238,0.032344330102205276
Lung_Dx-G0047,1,0.8978744745254517,0.10212547332048416
Lung_Dx-G0047,1,0.9979411959648132,0.002058753278106451
Lung_Dx-G0047,1,0.9598750472068787,0.04012495279312134
Lung_Dx-G0047,1,0.9719126224517822,0.02808738686144352
Lung_Dx-G0047,1,0.9686492681503296,0.0313507616519928
Lung_Dx-G0047,1,0.9931760430335999,0.00682395463809371
Lung_Dx-G0047,1,0.018653521314263344,0.9813465476036072
Lung_Dx-G0047,1,0.0013939501950517297,0.9986060261726379
Lung_Dx-G0047,1,0.19200852513313293,0.8079915046691895
Lung_Dx-G0047,1,0.7764534950256348,0.22354651987552643
Lung_Dx-G0047,1,0.9939730763435364,0.006026952061802149
Lung_Dx-G0047,1,0.9881309270858765,0.011869121342897415
Lung_Dx-G0047,1,0.8551267385482788,0.1448732316493988
Lung_Dx-G0047,1,0.9996718168258667,0.00032822455978021026
Lung_Dx-G0047,1,0.9356411695480347,0.06435883790254593
Lung_Dx-G0047,1,0.8656789064407349,0.13432104885578156
Lung_Dx-G0047,1,0.9390807151794434,0.06091928482055664
Lung_Dx-G0047,1,0.33325907588005066,0.6667409539222717
Lung_Dx-G0047,1,0.5032348036766052,0.4967651665210724
Lung_Dx-A0191,0,0.9999982118606567,1.8304672266822308e-06
Lung_Dx-A0191,0,0.9998956918716431,0.00010431733244331554
Lung_Dx-A0191,0,0.9999616146087646,3.837873009615578e-05
Lung_Dx-A0191,0,0.9959771037101746,0.004022909794002771
Lung_Dx-A0191,0,0.9997667670249939,0.0002332232252229005
Lung_Dx-A0191,0,0.9999957084655762,4.272610567568336e-06
Lung_Dx-A0191,0,0.9999951124191284,4.898568931821501e-06
Lung_Dx-A0191,0,0.9995380640029907,0.0004619058163370937
Lung_Dx-A0191,0,0.9999291896820068,7.086326513672248e-05
Lung_Dx-A0191,0,0.9999366998672485,6.327425944618881e-05
Lung_Dx-A0191,0,0.9778834581375122,0.022116590291261673
Lung_Dx-A0191,0,0.9977568984031677,0.0022430878598243
Lung_Dx-A0191,0,0.9998780488967896,0.00012195717135909945
Lung_Dx-A0191,0,0.9999953508377075,4.619791980076116e-06
Lung_Dx-A0191,0,0.9998051524162292,0.00019487277313601226
Lung_Dx-A0191,0,0.9988752007484436,0.0011247574584558606
Lung_Dx-A0191,0,0.9858275651931763,0.014172364957630634
Lung_Dx-A0191,0,0.9991065859794617,0.000893445685505867
Lung_Dx-A0191,0,0.9997175335884094,0.0002824080875143409
Lung_Dx-A0191,0,0.9999065399169922,9.351046901429072e-05
Lung_Dx-A0191,0,0.999997615814209,2.406102339591598e-06
Lung_Dx-A0191,0,1.0,1.8189616479702408e-09
Lung_Dx-A0191,0,1.0,3.028842954222455e-08
Lung_Dx-A0192,0,0.7193835973739624,0.2806163728237152
Lung_Dx-A0192,0,0.8621777296066284,0.13782231509685516
Lung_Dx-A0192,0,0.993890643119812,0.006109410431236029
Lung_Dx-A0192,0,0.9984662532806396,0.0015337332151830196
Lung_Dx-A0192,0,0.999930739402771,6.922183092683554e-05
Lung_Dx-A0192,0,0.9999755620956421,2.4395347281824797e-05
Lung_Dx-A0192,0,0.9997398257255554,0.0002601723244879395
Lung_Dx-A0192,0,0.9998339414596558,0.00016603847325313836
Lung_Dx-A0192,0,0.999929666519165,7.031184213701636e-05
Lung_Dx-A0192,0,0.9999960660934448,3.936114808311686e-06
Lung_Dx-A0192,0,0.9999665021896362,3.3474687370471656e-05
Lung_Dx-A0192,0,0.999651312828064,0.00034870434319600463
Lung_Dx-A0192,0,0.9999995231628418,4.5033155515739054e-07
Lung_Dx-A0192,0,0.9999600648880005,3.99075033783447e-05
Lung_Dx-A0192,0,0.9999575614929199,4.248120603733696e-05
Lung_Dx-A0199,0,0.9775857925415039,0.02241421863436699
Lung_Dx-A0199,0,0.9608416557312012,0.039158374071121216
Lung_Dx-A0199,0,0.9892024397850037,0.01079756673425436
Lung_Dx-A0199,0,0.8607792258262634,0.13922074437141418
Lung_Dx-A0199,0,0.9916841983795166,0.008315779268741608
Lung_Dx-A0199,0,0.9929060935974121,0.007093861699104309
Lung_Dx-A0199,0,0.9758545756340027,0.024145422503352165
Lung_Dx-A0199,0,0.9880849719047546,0.011915022507309914
Lung_Dx-A0199,0,0.9984330534934998,0.0015669888816773891
Lung_Dx-A0199,0,0.9974191188812256,0.002580904169008136
Lung_Dx-A0199,0,0.9828891754150391,0.01711089164018631
Lung_Dx-A0199,0,0.9982002973556519,0.0017996543319895864
Lung_Dx-A0199,0,0.9895108342170715,0.010489091277122498
Lung_Dx-A0199,0,0.9951796531677246,0.0048203435726463795
Lung_Dx-A0199,0,0.9777350425720215,0.022264916449785233
Lung_Dx-A0199,0,0.9833109378814697,0.016689060255885124
Lung_Dx-A0199,0,0.9991507530212402,0.0008492456981912255
Lung_Dx-A0199,0,0.9767580628395081,0.023241925984621048
Lung_Dx-A0199,0,0.9784671068191528,0.021532878279685974
Lung_Dx-A0199,0,0.9872773289680481,0.012722709216177464
Lung_Dx-A0199,0,0.9957684278488159,0.004231587518006563
Lung_Dx-A0199,0,0.9956005811691284,0.004399413242936134
Lung_Dx-A0199,0,0.99903404712677,0.0009659749339334667
Lung_Dx-A0199,0,0.99945467710495,0.0005452766199596226
Lung_Dx-A0199,0,0.9997695088386536,0.00023050671734381467
Lung_Dx-A0199,0,0.9995054006576538,0.0004945695400238037
Lung_Dx-A0199,0,0.99826580286026,0.001734208082780242
Lung_Dx-A0199,0,0.9994396567344666,0.0005603838944807649
Lung_Dx-A0199,0,0.9989266991615295,0.0010733063099905849
Lung_Dx-A0199,0,0.997821569442749,0.002178466646000743
Lung_Dx-A0199,0,0.9982317090034485,0.0017683517653495073
Lung_Dx-A0202,0,0.876687228679657,0.12331283092498779
Lung_Dx-A0202,0,0.7904493808746338,0.20955054461956024
Lung_Dx-A0202,0,0.8584814667701721,0.14151854813098907
Lung_Dx-A0202,0,0.6452875733375549,0.3547123968601227
Lung_Dx-A0202,0,0.798422634601593,0.20157736539840698
Lung_Dx-A0202,0,0.907762885093689,0.09223707765340805
Lung_Dx-A0202,0,0.9450961351394653,0.054903849959373474
Lung_Dx-A0202,0,0.8269215226173401,0.17307844758033752
Lung_Dx-A0202,0,0.8285923004150391,0.17140765488147736
Lung_Dx-A0202,0,0.011233708821237087,0.9887662529945374
Lung_Dx-A0202,0,0.22776979207992554,0.7722302079200745
Lung_Dx-A0202,0,0.31362995505332947,0.6863700151443481
Lung_Dx-A0202,0,0.7251136898994446,0.2748863399028778
Lung_Dx-A0202,0,0.44299790263175964,0.557002067565918
Lung_Dx-A0202,0,0.0350126251578331,0.9649873375892639
Lung_Dx-A0202,0,0.7230650782585144,0.2769349217414856
Lung_Dx-A0202,0,0.41278165578842163,0.5872183442115784
Lung_Dx-A0202,0,0.8575296401977539,0.1424703449010849
Lung_Dx-A0202,0,0.26184967160224915,0.7381503582000732
Lung_Dx-A0202,0,0.9111006855964661,0.08889935910701752
Lung_Dx-A0202,0,0.3005658984184265,0.6994341015815735
Lung_Dx-A0202,0,0.2170884609222412,0.7829115986824036
Lung_Dx-A0202,0,0.9791356921195984,0.020864255726337433
Lung_Dx-A0202,0,0.7272980809211731,0.2727019488811493
Lung_Dx-A0202,0,0.8539736866950989,0.1460263580083847
Lung_Dx-A0202,0,0.8580061793327332,0.14199377596378326
Lung_Dx-A0202,0,0.6319634914398193,0.36803650856018066
Lung_Dx-A0202,0,0.9139840602874756,0.08601587265729904
Lung_Dx-A0202,0,0.9834386706352234,0.016561338678002357
Lung_Dx-A0202,0,0.9439706206321716,0.05602938309311867
Lung_Dx-A0202,0,0.8078399300575256,0.19216008484363556
Lung_Dx-A0202,0,0.865508496761322,0.1344914585351944
Lung_Dx-A0202,0,0.9773923754692078,0.02260761149227619
Lung_Dx-A0202,0,0.9106248617172241,0.0893750935792923
Lung_Dx-A0202,0,0.9875922799110413,0.0124076958745718
Lung_Dx-A0202,0,0.9782395958900452,0.021760374307632446
Lung_Dx-A0202,0,0.9884250164031982,0.011574994772672653
Lung_Dx-A0202,0,0.9702962636947632,0.02970375120639801
Lung_Dx-A0202,0,0.9924958944320679,0.007504157721996307
Lung_Dx-A0202,0,0.9909622073173523,0.009037754498422146
Lung_Dx-A0202,0,0.9907855987548828,0.009214365854859352
Lung_Dx-A0202,0,0.9985162615776062,0.0014837189810350537
Lung_Dx-A0202,0,0.9992519021034241,0.0007480700733140111
Lung_Dx-A0202,0,0.9950079917907715,0.004991961643099785
Lung_Dx-A0202,0,0.9994926452636719,0.0005072812782600522
Lung_Dx-A0202,0,0.9969425797462463,0.0030574577394872904
Lung_Dx-A0202,0,0.9992563128471375,0.0007437029271386564
Lung_Dx-A0202,0,0.9983547329902649,0.0016452717827633023
Lung_Dx-A0202,0,0.9990655779838562,0.0009344576974399388
Lung_Dx-A0202,0,0.9996010661125183,0.0003989913093391806
Lung_Dx-A0202,0,0.9974191188812256,0.002580904169008136
Lung_Dx-A0202,0,0.998454213142395,0.0015457437839359045
Lung_Dx-A0202,0,0.9984083771705627,0.0015916259726509452
Lung_Dx-A0202,0,0.9987106323242188,0.0012893282109871507
Lung_Dx-A0202,0,0.9990818500518799,0.0009181901696138084
Lung_Dx-A0202,0,0.9997765421867371,0.0002234163403045386
Lung_Dx-A0202,0,0.9996102452278137,0.00038975226925686
Lung_Dx-A0202,0,0.9995478987693787,0.0004520923539530486
Lung_Dx-A0202,0,0.9981684684753418,0.0018315102206543088
Lung_Dx-A0202,0,0.9906418919563293,0.009358113631606102
Lung_Dx-A0202,0,0.9838472008705139,0.01615283451974392
Lung_Dx-A0202,0,0.9679599404335022,0.032040078192949295
Lung_Dx-A0202,0,0.952397346496582,0.04760265722870827
Lung_Dx-A0202,0,0.9951889514923096,0.004810982383787632
Lung_Dx-A0202,0,0.991859495639801,0.008140463382005692
Lung_Dx-A0202,0,0.9647224545478821,0.03527754545211792
Lung_Dx-A0202,0,0.9267027974128723,0.07329727709293365
Lung_Dx-A0202,0,0.8013923168182373,0.19860762357711792
Lung_Dx-A0202,0,0.9225521683692932,0.07744785398244858
Lung_Dx-A0202,0,0.9286032319068909,0.07139670848846436
Lung_Dx-A0202,0,0.8883235454559326,0.1116764172911644
Lung_Dx-A0202,0,0.9087393879890442,0.09126054495573044
Lung_Dx-A0202,0,0.9774571061134338,0.022542966529726982
Lung_Dx-A0202,0,0.9543930292129517,0.04560694471001625
Lung_Dx-A0202,0,0.8118997812271118,0.1881001740694046
Lung_Dx-A0202,0,0.8974708318710327,0.1025291457772255
Lung_Dx-A0202,0,0.8880811929702759,0.1119188517332077
Lung_Dx-A0202,0,0.7117315530776978,0.28826847672462463
Lung_Dx-A0202,0,0.8427984118461609,0.15720152854919434
Lung_Dx-A0202,0,0.7260372638702393,0.27396270632743835
Lung_Dx-A0202,0,0.9789151549339294,0.021084841340780258
Lung_Dx-A0202,0,0.9662516117095947,0.03374836966395378
Lung_Dx-A0202,0,0.9308992624282837,0.06910072267055511
Lung_Dx-A0202,0,0.9385759830474854,0.06142403930425644
Lung_Dx-A0202,0,0.7491790056228638,0.2508210241794586
Lung_Dx-A0202,0,0.8288003206253052,0.1711997240781784
Lung_Dx-A0202,0,0.8817676901817322,0.11823229491710663
Lung_Dx-A0202,0,0.7374891638755798,0.26251083612442017
Lung_Dx-A0202,0,0.5434085130691528,0.45659148693084717
Lung_Dx-A0202,0,0.4591670632362366,0.5408329367637634
Lung_Dx-A0202,0,0.6851073503494263,0.31489264965057373
Lung_Dx-A0202,0,0.481667160987854,0.518332839012146
Lung_Dx-A0202,0,0.7271043658256531,0.2728956639766693
Lung_Dx-A0202,0,0.7747538685798645,0.22524616122245789
Lung_Dx-A0202,0,0.9167081117630005,0.0832919329404831
Lung_Dx-A0202,0,0.9192809462547302,0.08071905374526978
Lung_Dx-A0202,0,0.7056329250335693,0.29436710476875305
Lung_Dx-A0202,0,0.6719819903373718,0.3280179798603058
Lung_Dx-A0202,0,0.7415804266929626,0.2584195137023926
Lung_Dx-A0202,0,0.8287310004234314,0.1712689995765686
Lung_Dx-A0202,0,0.9436599016189575,0.05634009465575218
Lung_Dx-A0202,0,0.9865458011627197,0.013454154133796692
Lung_Dx-A0202,0,0.9850716590881348,0.014928337186574936
Lung_Dx-A0202,0,0.9656736254692078,0.034326303750276566
Lung_Dx-A0202,0,0.9157336354255676,0.08426640927791595
Lung_Dx-A0202,0,0.976445734500885,0.023554332554340363
Lung_Dx-A0202,0,0.9289907217025757,0.07100921869277954
Lung_Dx-A0202,0,0.9714558720588684,0.028544152155518532
Lung_Dx-A0202,0,0.8485333919525146,0.15146656334400177
Lung_Dx-A0202,0,0.9179669618606567,0.08203306049108505
Lung_Dx-A0202,0,0.9923043847084045,0.007695647422224283
Lung_Dx-A0202,0,0.6686639189720154,0.33133605122566223
Lung_Dx-A0202,0,0.7447027564048767,0.2552972435951233
Lung_Dx-A0202,0,0.8404554724693298,0.15954449772834778
Lung_Dx-A0202,0,0.8658491373062134,0.13415081799030304
Lung_Dx-A0202,0,0.17147701978683472,0.8285229802131653
Lung_Dx-A0202,0,0.7444241642951965,0.25557583570480347
Lung_Dx-A0202,0,0.7167640924453735,0.2832358777523041
Lung_Dx-A0202,0,0.24730509519577026,0.7526949048042297
Lung_Dx-A0202,0,0.207857146859169,0.7921428084373474
Lung_Dx-A0202,0,0.3311738073825836,0.668826162815094
Lung_Dx-A0202,0,0.3573712408542633,0.6426287293434143
Lung_Dx-A0202,0,0.14360755681991577,0.8563924431800842
Lung_Dx-A0202,0,0.1418154090642929,0.8581846356391907
Lung_Dx-A0202,0,0.287017822265625,0.712982177734375
Lung_Dx-A0202,0,0.43146440386772156,0.5685356259346008
Lung_Dx-A0202,0,0.16271238029003143,0.8372876048088074
Lung_Dx-A0202,0,0.039158374071121216,0.9608416557312012
Lung_Dx-A0202,0,0.03687337040901184,0.9631266593933105
Lung_Dx-A0202,0,0.08593913912773132,0.9140608906745911
Lung_Dx-A0202,0,0.14187484979629517,0.8581252098083496
Lung_Dx-A0202,0,0.6360422968864441,0.3639576733112335
Lung_Dx-A0202,0,0.41629600524902344,0.5837039947509766
Lung_Dx-A0202,0,0.48161762952804565,0.5183823704719543
Lung_Dx-A0202,0,0.5525094866752625,0.44749048352241516
Lung_Dx-A0202,0,0.8863712549209595,0.11362876743078232
Lung_Dx-A0202,0,0.7014064192771912,0.2985936105251312
Lung_Dx-A0202,0,0.4165147542953491,0.5834851861000061
Lung_Dx-A0202,0,0.844729483127594,0.1552705019712448
Lung_Dx-A0202,0,0.2935563623905182,0.7064436674118042
Lung_Dx-A0202,0,0.42071861028671265,0.5792814493179321
Lung_Dx-A0202,0,0.024586500599980354,0.9754135012626648
Lung_Dx-A0202,0,0.4232605993747711,0.5767394304275513
Lung_Dx-A0202,0,0.23217953741550446,0.767820417881012
Lung_Dx-A0202,0,0.08269733935594559,0.917302668094635
Lung_Dx-A0202,0,0.04514164477586746,0.9548583030700684
Lung_Dx-A0202,0,0.1557193398475647,0.8442806601524353
Lung_Dx-A0202,0,0.6053361296653748,0.39466381072998047
Lung_Dx-A0202,0,0.054499879479408264,0.9455001950263977
Lung_Dx-A0202,0,0.8153060674667358,0.18469397723674774
Lung_Dx-A0202,0,0.8606036305427551,0.13939638435840607
Lung_Dx-A0202,0,0.9046505093574524,0.09534946084022522
Lung_Dx-A0202,0,0.6936935186386108,0.30630654096603394
Lung_Dx-A0202,0,0.29625964164733887,0.7037404179573059
Lung_Dx-A0202,0,0.9972584247589111,0.002741555916145444
Lung_Dx-A0202,0,0.9001793265342712,0.09982065856456757
Lung_Dx-A0202,0,0.12951278686523438,0.8704871535301208
Lung_Dx-A0202,0,0.7869709134101868,0.21302907168865204
Lung_Dx-A0202,0,0.2934076488018036,0.7065923810005188
Lung_Dx-A0202,0,0.15823937952518463,0.8417606949806213
Lung_Dx-A0202,0,0.06075190752744675,0.9392480850219727
Lung_Dx-A0202,0,0.026861201971769333,0.9731387495994568
Lung_Dx-A0202,0,0.9743860960006714,0.025613917037844658
Lung_Dx-A0206,0,0.9781979322433472,0.021801987662911415
Lung_Dx-A0206,0,0.9946568012237549,0.005343256518244743
Lung_Dx-A0206,0,0.9688562154769897,0.031143832951784134
Lung_Dx-A0206,0,0.9621075391769409,0.0378924235701561
Lung_Dx-A0206,0,0.9899863600730896,0.010013571009039879
Lung_Dx-A0206,0,0.988646388053894,0.011353656649589539
Lung_Dx-A0206,0,0.993561863899231,0.0064381021074950695
Lung_Dx-A0206,0,0.9997279047966003,0.0002721229684539139
Lung_Dx-A0206,0,0.9932942390441895,0.006705848500132561
Lung_Dx-A0206,0,0.9993650317192078,0.0006349506438709795
Lung_Dx-A0206,0,0.9373829364776611,0.06261702626943588
Lung_Dx-A0206,0,0.9988904595375061,0.0011095014633610845
Lung_Dx-A0206,0,0.9698140025138855,0.030185984447598457
Lung_Dx-A0206,0,0.9989995360374451,0.0010005044750869274
Lung_Dx-A0206,0,0.990678071975708,0.00932196993380785
Lung_Dx-A0206,0,0.9865716695785522,0.01342825498431921
Lung_Dx-A0206,0,0.9953272342681885,0.004672730341553688
Lung_Dx-A0208,0,0.9991623163223267,0.0008377236081287265
Lung_Dx-A0208,0,0.9987280964851379,0.0012718428624793887
Lung_Dx-A0208,0,0.9797646999359131,0.020235318690538406
Lung_Dx-A0208,0,0.9845753908157349,0.01542455144226551
Lung_Dx-A0208,0,0.9125920534133911,0.0874079167842865
Lung_Dx-A0208,0,0.9764007329940796,0.023599296808242798
Lung_Dx-A0208,0,0.9768908023834229,0.023109277710318565
Lung_Dx-A0208,0,0.9636433720588684,0.036356665194034576
Lung_Dx-A0208,0,0.9844712615013123,0.01552871335297823
Lung_Dx-A0208,0,0.9896518588066101,0.010348135605454445
Lung_Dx-A0208,0,0.9790558218955994,0.020944207906723022
Lung_Dx-A0208,0,0.9969005584716797,0.0030994152184575796
Lung_Dx-A0208,0,0.9970190525054932,0.002981032943353057
Lung_Dx-A0208,0,0.9969897270202637,0.0030101987067610025
Lung_Dx-A0208,0,0.9930693507194519,0.006930672097951174
Lung_Dx-A0208,0,0.9985841512680054,0.0014158706180751324
Lung_Dx-A0208,0,0.9999263286590576,7.368592923739925e-05
Lung_Dx-A0208,0,0.9855243563652039,0.014475690200924873
Lung_Dx-A0222,0,0.9624972343444824,0.03750273957848549
Lung_Dx-A0222,0,0.8145695924758911,0.1854303777217865
Lung_Dx-A0222,0,0.8862236142158508,0.11377637088298798
Lung_Dx-A0222,0,0.9329131841659546,0.0670868456363678
Lung_Dx-A0222,0,0.9565936326980591,0.04340633004903793
Lung_Dx-A0222,0,0.9980732202529907,0.0019267346942797303
Lung_Dx-A0222,0,0.9453489780426025,0.05465104058384895
Lung_Dx-A0222,0,0.5949337482452393,0.40506625175476074
Lung_Dx-A0222,0,0.6196439266204834,0.3803560733795166
Lung_Dx-A0222,0,0.9697853922843933,0.030214589089155197
Lung_Dx-A0222,0,0.9182605743408203,0.0817393809556961
Lung_Dx-A0222,0,0.9665687084197998,0.033431366086006165
Lung_Dx-A0222,0,0.9590010046958923,0.04099902883172035
Lung_Dx-A0222,0,0.9520864486694336,0.047913532704114914
Lung_Dx-A0222,0,0.951323390007019,0.048676569014787674
Lung_Dx-A0222,0,0.9620718955993652,0.03792804479598999
Lung_Dx-A0222,0,0.9041438698768616,0.09585607796907425
Lung_Dx-A0222,0,0.9872527718544006,0.012747266329824924
Lung_Dx-A0222,0,0.9982959628105164,0.0017040417296811938
Lung_Dx-A0222,0,0.998136043548584,0.0018639287445694208
Lung_Dx-A0222,0,0.9993053674697876,0.0006945966742932796
Lung_Dx-A0222,0,0.9917961359024048,0.008203785866498947
Lung_Dx-A0222,0,0.47776734828948975,0.5222326517105103
Lung_Dx-A0222,0,0.9926113486289978,0.007388676051050425
Lung_Dx-A0222,0,0.7958168387413025,0.2041831761598587
Lung_Dx-A0222,0,0.9952448010444641,0.004755199886858463
Lung_Dx-A0222,0,0.9658995866775513,0.034100428223609924
Lung_Dx-A0222,0,0.8733229041099548,0.12667711079120636
Lung_Dx-A0222,0,0.9916841983795166,0.008315779268741608
Lung_Dx-A0222,0,0.9716985821723938,0.02830144576728344
Lung_Dx-A0222,0,0.9951702952384949,0.004829722456634045
Lung_Dx-A0222,0,0.9820826053619385,0.017917344346642494
Lung_Dx-A0222,0,0.9352874159812927,0.06471256911754608
Lung_Dx-A0222,0,0.8641386032104492,0.13586142659187317
Lung_Dx-A0222,0,0.5550207495689392,0.4449792802333832
Lung_Dx-A0222,0,0.963949978351593,0.036049991846084595
Lung_Dx-A0222,0,0.9214283227920532,0.07857164740562439
Lung_Dx-A0222,0,0.9839708209037781,0.016029145568609238
Lung_Dx-A0222,0,0.988949179649353,0.011050795204937458
Lung_Dx-A0222,0,0.9947697520256042,0.005230278242379427
Lung_Dx-A0222,0,0.9901019334793091,0.009898063726723194
Lung_Dx-A0222,0,0.9843664169311523,0.015633562579751015
Lung_Dx-A0222,0,0.9974491000175476,0.0025509123224765062
Lung_Dx-A0222,0,0.9972531199455261,0.002746901009231806
Lung_Dx-A0222,0,0.9934865236282349,0.0065134987235069275
Lung_Dx-A0222,0,0.9921841025352478,0.007815889082849026
Lung_Dx-A0222,0,0.9835180044174194,0.016481999307870865
Lung_Dx-A0222,0,0.9957436919212341,0.004256349056959152
Lung_Dx-A0222,0,0.988447368144989,0.011552671901881695
Lung_Dx-A0222,0,0.9779887795448303,0.022011233493685722
Lung_Dx-A0222,0,0.986789882183075,0.013210085220634937
Lung_Dx-A0222,0,0.9986955523490906,0.00130450667347759
Lung_Dx-A0222,0,0.9979089498519897,0.0020911062601953745
Lung_Dx-A0222,0,0.9989350438117981,0.0010649627074599266
Lung_Dx-A0222,0,0.9987672567367554,0.001232760725542903
Lung_Dx-A0222,0,0.996271014213562,0.0037289573810994625
Lung_Dx-A0222,0,0.9936364889144897,0.0063635739497840405
Lung_Dx-A0222,0,0.9930961728096008,0.006903838366270065
Lung_Dx-A0222,0,0.9889063835144043,0.011093567125499249
Lung_Dx-A0222,0,0.998619556427002,0.0013804222689941525
Lung_Dx-A0222,0,0.9981141090393066,0.0018858587136492133
Lung_Dx-A0222,0,0.9992145299911499,0.0007854739669710398
Lung_Dx-A0222,0,0.9933717250823975,0.006628239527344704
Lung_Dx-A0222,0,0.9970073103904724,0.0029926651623100042
Lung_Dx-A0222,0,0.9997726082801819,0.00022737740073353052
Lung_Dx-A0222,0,0.9994069337844849,0.000593020988162607
Lung_Dx-A0222,0,0.9997989535331726,0.00020105745352339
Lung_Dx-A0222,0,0.9996236562728882,0.00037629317375831306
Lung_Dx-A0222,0,0.9989616870880127,0.0010382907930761576
Lung_Dx-A0222,0,0.9983579516410828,0.0016420668689534068
Lung_Dx-A0222,0,0.9989225268363953,0.0010775026166811585
Lung_Dx-A0222,0,0.9997045397758484,0.0002953798102680594
Lung_Dx-A0222,0,0.9983958601951599,0.0016040891641750932
Lung_Dx-A0222,0,0.9825239777565002,0.01747598871588707
Lung_Dx-A0222,0,0.9977699518203735,0.0022300120908766985
Lung_Dx-A0222,0,0.9161096215248108,0.0838903859257698
Lung_Dx-A0222,0,0.9992145299911499,0.0007854739669710398
Lung_Dx-A0222,0,0.9995225667953491,0.0004774926055688411
Lung_Dx-A0222,0,0.9998169541358948,0.00018306818674318492
Lung_Dx-A0222,0,0.9993724226951599,0.0006275578052736819
Lung_Dx-A0222,0,0.9996970891952515,0.0003029734070878476
Lung_Dx-A0222,0,0.999576985836029,0.00042305802344344556
Lung_Dx-A0222,0,0.9993650317192078,0.0006349506438709795
Lung_Dx-A0222,0,0.9985841512680054,0.0014158706180751324
Lung_Dx-A0222,0,0.9952999353408813,0.004700060468167067
Lung_Dx-A0222,0,0.9961680769920349,0.0038319320883601904
Lung_Dx-A0222,0,0.9951419830322266,0.004857966210693121
Lung_Dx-A0222,0,0.9969663023948669,0.0030337367206811905
Lung_Dx-A0222,0,0.9972584247589111,0.002741555916145444
Lung_Dx-A0222,0,0.9981541037559509,0.0018458481645211577
Lung_Dx-A0222,0,0.9991169571876526,0.0008830458973534405
Lung_Dx-A0222,0,0.9992475509643555,0.0007524627144448459
Lung_Dx-A0222,0,0.9936733245849609,0.006326630711555481
Lung_Dx-A0222,0,0.9795701503753662,0.020429842174053192
Lung_Dx-A0222,0,0.9937222599983215,0.006277706474065781
Lung_Dx-A0222,0,0.9972637891769409,0.0027362213004380465
Lung_Dx-A0222,0,0.989591658115387,0.010408313944935799
Lung_Dx-A0222,0,0.9962638020515442,0.0037362207658588886
Lung_Dx-A0222,0,0.9636775851249695,0.0363224633038044
Lung_Dx-A0222,0,0.9611709713935852,0.0388290211558342
Lung_Dx-A0222,0,0.9008791446685791,0.0991208553314209
Lung_Dx-A0222,0,0.6898021101951599,0.3101978898048401
Lung_Dx-A0222,0,0.845496416091919,0.15450352430343628
Lung_Dx-A0222,0,0.9785493016242981,0.02145073190331459
Lung_Dx-A0222,0,0.9967523813247681,0.0032476766500622034
Lung_Dx-A0222,0,0.9983288645744324,0.0016711377538740635
Lung_Dx-A0222,0,0.9943471550941467,0.005652877036482096
Lung_Dx-A0222,0,0.9436079859733582,0.05639204382896423
Lung_Dx-A0222,0,0.9970014691352844,0.0029984985012561083
Lung_Dx-A0222,0,0.9835180044174194,0.016481999307870865
Lung_Dx-A0222,0,0.7181993126869202,0.2818007469177246
Lung_Dx-A0222,0,0.9389688968658447,0.061031121760606766
Lung_Dx-A0222,0,0.9437118172645569,0.05628819763660431
Lung_Dx-A0222,0,0.9904775619506836,0.009522486478090286
Lung_Dx-A0222,0,0.9982590079307556,0.0017409836873412132
Lung_Dx-A0222,0,0.982030987739563,0.01796896755695343
Lung_Dx-A0222,0,0.9671940207481384,0.03280595690011978
Lung_Dx-A0222,0,0.986929178237915,0.013070784509181976
Lung_Dx-A0222,0,0.9668514132499695,0.03314851596951485
Lung_Dx-A0222,0,0.8346092104911804,0.16539081931114197
Lung_Dx-A0222,0,0.9965435862541199,0.003456409787759185
Lung_Dx-A0222,0,0.9967837333679199,0.0032162165734916925
Lung_Dx-A0222,0,0.9989141225814819,0.0010859444737434387
Lung_Dx-A0222,0,0.9771537780761719,0.022846197709441185
Lung_Dx-A0222,0,0.8063193559646606,0.19368058443069458
Lung_Dx-A0222,0,0.6933431625366211,0.3066568076610565
Lung_Dx-A0223,0,1.0,5.112141110430457e-08
Lung_Dx-A0223,0,1.0,3.67440367021743e-09
Lung_Dx-A0223,0,1.0,4.23811385985573e-08
Lung_Dx-A0223,0,0.9999991655349731,8.380498002225067e-07
Lung_Dx-A0223,0,0.9995299577713013,0.0004700932477135211
Lung_Dx-A0223,0,0.9996659755706787,0.0003340431721881032
Lung_Dx-A0223,0,0.999762237071991,0.00023782205244060606
Lung_Dx-A0223,0,0.9999874830245972,1.2508839972724672e-05
Lung_Dx-A0223,0,0.9999761581420898,2.3830241843825206e-05
Lung_Dx-A0223,0,0.999859094619751,0.00014091856428422034
Lung_Dx-A0223,0,0.9997809529304504,0.00021909605129621923
Lung_Dx-A0223,0,0.9999328851699829,6.70922381686978e-05
Lung_Dx-A0223,0,0.9999605417251587,3.9442587876692414e-05
Lung_Dx-A0223,0,0.999812662601471,0.0001874087320175022
Lung_Dx-A0223,0,0.9997774958610535,0.0002225455391453579
Lung_Dx-A0223,0,0.9962126016616821,0.003787457710132003
Lung_Dx-A0223,0,0.999626636505127,0.0003733659686986357
Lung_Dx-A0223,0,0.9998326301574707,0.00016734049131628126
Lung_Dx-A0223,0,0.9997593760490417,0.0002406247513135895
Lung_Dx-A0223,0,0.9926256537437439,0.0073743658140301704
Lung_Dx-A0223,0,0.999854564666748,0.00014539113908540457
Lung_Dx-A0223,0,0.9988051652908325,0.001194878132082522
Lung_Dx-A0223,0,0.9992221593856812,0.0007778466097079217
Lung_Dx-A0223,0,0.9993081092834473,0.0006918906001374125
Lung_Dx-A0223,0,0.9929746389389038,0.0070254080928862095
Lung_Dx-A0223,0,0.9997305274009705,0.0002694791473913938
Lung_Dx-A0223,0,0.9754602313041687,0.024539699777960777
Lung_Dx-A0223,0,0.9999690055847168,3.0959101422922686e-05
Lung_Dx-A0223,0,0.9969603419303894,0.003039649687707424
Lung_Dx-A0223,0,0.9980732202529907,0.0019267346942797303
Lung_Dx-A0223,0,0.9447912573814392,0.055208683013916016
Lung_Dx-A0223,0,0.993854820728302,0.006145091727375984
Lung_Dx-A0226,0,0.9099870324134827,0.09001296758651733
Lung_Dx-A0226,0,0.9437636137008667,0.05623634159564972
Lung_Dx-A0226,0,0.8802319765090942,0.11976800858974457
Lung_Dx-A0226,0,0.9921080470085144,0.007891984656453133
Lung_Dx-A0226,0,0.9978718757629395,0.002128110034391284
Lung_Dx-A0226,0,0.9908567667007446,0.009143315255641937
Lung_Dx-A0226,0,0.986415684223175,0.01358439214527607
Lung_Dx-A0226,0,0.9974541068077087,0.0025459476746618748
Lung_Dx-A0226,0,0.9969125986099243,0.0030873692594468594
Lung_Dx-A0226,0,0.9994966983795166,0.0005033356137573719
Lung_Dx-A0226,0,0.9987599849700928,0.0012399960542097688
Lung_Dx-A0226,0,0.9996762275695801,0.0003237690543755889
Lung_Dx-A0226,0,0.9985702037811279,0.001429745345376432
Lung_Dx-A0226,0,0.9998390674591064,0.00016093082376755774
Lung_Dx-A0226,0,0.9996825456619263,0.000317508791340515
Lung_Dx-A0226,0,0.9996553659439087,0.00034464316559024155
Lung_Dx-A0226,0,0.9996533393859863,0.00034666777355596423
Lung_Dx-A0226,0,0.997821569442749,0.002178466646000743
Lung_Dx-A0226,0,0.9413313865661621,0.0586685985326767
Lung_Dx-A0226,0,0.9996750354766846,0.00032503585680387914
Lung_Dx-A0226,0,0.9965837001800537,0.00341627886518836
Lung_Dx-A0226,0,0.9698426127433777,0.030157409608364105
Lung_Dx-A0226,0,0.9836441874504089,0.016355833038687706
Lung_Dx-A0226,0,0.972701370716095,0.027298586443066597
Lung_Dx-A0226,0,0.907762885093689,0.09223707765340805
Lung_Dx-A0226,0,0.9978342652320862,0.00216576736420393
Lung_Dx-A0241,0,0.9939963817596436,0.006003595422953367
Lung_Dx-A0241,0,0.9921385645866394,0.007861457765102386
Lung_Dx-A0241,0,0.999480664730072,0.0005193048273213208
Lung_Dx-A0241,0,0.9998875856399536,0.00011235327838221565
Lung_Dx-A0241,0,0.992864727973938,0.0071352520026266575
Lung_Dx-A0241,0,0.9998522996902466,0.00014768038818147033
Lung_Dx-A0241,0,0.9999916553497314,8.300232366309501e-06
Lung_Dx-A0241,0,0.9999946355819702,5.35904882781324e-06
Lung_Dx-A0241,0,0.9999781847000122,2.1782650946988724e-05
Lung_Dx-A0241,0,0.9999992847442627,7.252717182382185e-07
Lung_Dx-A0241,0,0.9999775886535645,2.2386475393432193e-05
Lung_Dx-A0241,0,0.9969306588172913,0.003069387748837471
Lung_Dx-A0241,0,0.7006388306617737,0.2993611693382263
Lung_Dx-A0241,0,0.9786311388015747,0.021368887275457382
Lung_Dx-A0241,0,0.9958256483078003,0.004174367059022188
Lung_Dx-A0241,0,0.9751308560371399,0.024869104847311974
Lung_Dx-A0241,0,0.7329742908477783,0.26702573895454407
Lung_Dx-A0241,0,0.2536298632621765,0.7463701367378235
Lung_Dx-A0241,0,0.8807970285415649,0.11920291930437088
Lung_Dx-A0241,0,0.21386933326721191,0.7861306667327881
Lung_Dx-A0241,0,0.05510690435767174,0.9448931217193604
Lung_Dx-A0241,0,0.48987334966659546,0.5101266503334045
Lung_Dx-A0241,0,0.12273333966732025,0.8772666454315186
Lung_Dx-A0241,0,0.2560870945453644,0.7439128756523132
Lung_Dx-A0241,0,0.5062252283096313,0.49377474188804626
Lung_Dx-A0241,0,0.8664717674255371,0.13352815806865692
Lung_Dx-A0241,0,0.842863142490387,0.15713685750961304
Lung_Dx-A0241,0,0.8590145111083984,0.14098547399044037
Lung_Dx-A0241,0,0.9432430863380432,0.056756895035505295
Lung_Dx-A0241,0,0.936168372631073,0.06383161246776581
Lung_Dx-A0241,0,0.9516838788986206,0.048316068947315216
Lung_Dx-A0241,0,0.9884250164031982,0.011574994772672653
Lung_Dx-A0241,0,0.8434443473815918,0.15655571222305298
Lung_Dx-A0241,0,0.7644522786140442,0.2355477213859558
Lung_Dx-A0241,0,0.2505458891391754,0.749454140663147
Lung_Dx-A0241,0,0.05165378749370575,0.9483462572097778
Lung_Dx-A0241,0,0.1563623696565628,0.8436376452445984
Lung_Dx-A0241,0,0.017143767327070236,0.9828562140464783
Lung_Dx-A0241,0,0.129733145236969,0.8702667951583862
Lung_Dx-A0241,0,0.2114982306957245,0.7885017395019531
Lung_Dx-A0241,0,0.1170160248875618,0.882983922958374
Lung_Dx-A0241,0,0.42977336049079895,0.5702266097068787
Lung_Dx-A0241,0,0.8484706878662109,0.15152934193611145
Lung_Dx-A0241,0,0.9783847332000732,0.02161533385515213
Lung_Dx-A0241,0,0.995372474193573,0.004627529997378588
Lung_Dx-A0241,0,0.9282138347625732,0.07178616523742676
Lung_Dx-A0241,0,0.9924666285514832,0.007533306255936623
Lung_Dx-A0241,0,0.985042929649353,0.014957087114453316
Lung_Dx-A0241,0,0.8624675869941711,0.13753247261047363
Lung_Dx-A0241,0,0.0698583573102951,0.9301416277885437
Lung_Dx-A0241,0,0.6659810543060303,0.3340189456939697
Lung_Dx-A0241,0,0.5537768006324768,0.4462231993675232
Lung_Dx-A0241,0,0.9328213930130005,0.06717856973409653
Lung_Dx-A0241,0,0.79739910364151,0.20260089635849
Lung_Dx-A0241,0,0.8099533319473267,0.19004666805267334
Lung_Dx-A0241,0,0.5156732797622681,0.4843267500400543
Lung_Dx-A0241,0,0.012479700148105621,0.9875203371047974
Lung_Dx-A0241,0,0.9995678067207336,0.0004322415334172547
Lung_Dx-A0241,0,0.9951702952384949,0.004829722456634045
Lung_Dx-A0241,0,0.9323918223381042,0.06760822981595993
Lung_Dx-A0241,0,0.9979129433631897,0.0020870345178991556
Lung_Dx-A0241,0,0.9995835423469543,0.0004165018326602876
Lung_Dx-A0241,0,0.9992591738700867,0.0007408056408166885
Lung_Dx-A0241,0,0.9977172613143921,0.00228277500718832
Lung_Dx-A0241,0,0.9760379791259766,0.023962024599313736
Lung_Dx-A0241,0,0.07178616523742676,0.9282138347625732
Lung_Dx-A0241,0,0.014728613197803497,0.9852713346481323
Lung_Dx-A0243,0,0.9969425797462463,0.0030574577394872904
Lung_Dx-A0243,0,0.9999884366989136,1.1568796253413893e-05
Lung_Dx-A0243,0,0.9999997615814209,2.555908906742843e-07
Lung_Dx-A0243,0,0.9999693632125854,3.0598428566008806e-05
Lung_Dx-A0243,0,0.9999879598617554,1.207672175951302e-05
Lung_Dx-A0243,0,0.9999951124191284,4.9369896260031965e-06
Lung_Dx-A0243,0,0.9999996423721313,3.0470960155071225e-07
Lung_Dx-A0243,0,0.9999932050704956,6.827595370850759e-06
Lung_Dx-A0243,0,0.9999479055404663,5.204856279306114e-05
Lung_Dx-A0243,0,0.9998875856399536,0.00011235327838221565
Lung_Dx-A0243,0,0.9999997615814209,2.3638293100702867e-07
Lung_Dx-A0243,0,0.9999997615814209,1.8699428494528547e-07
Lung_Dx-A0243,0,1.0,5.747734732608478e-08
Lung_Dx-A0243,0,0.9999990463256836,9.459324132876645e-07
Lung_Dx-A0243,0,0.9993916749954224,0.0006082616746425629
Lung_Dx-A0248,0,0.9997236132621765,0.00027640711050480604
Lung_Dx-A0248,0,0.9955748319625854,0.004425152204930782
Lung_Dx-A0248,0,0.9968519806861877,0.0031480705365538597
Lung_Dx-A0248,0,0.9953634738922119,0.004636535421013832
Lung_Dx-A0248,0,0.9824568033218384,0.017543187364935875
Lung_Dx-A0248,0,0.9838316440582275,0.01616836152970791
Lung_Dx-A0248,0,0.9931495785713196,0.006850480102002621
Lung_Dx-A0248,0,0.967007577419281,0.03299237787723541
Lung_Dx-A0248,0,0.9962855577468872,0.00371447391808033
Lung_Dx-A0248,0,0.9595730900764465,0.040426939725875854
Lung_Dx-A0248,0,0.9761518836021423,0.023848090320825577
Lung_Dx-A0248,0,0.9942697286605835,0.005730246659368277
Lung_Dx-A0248,0,0.980262041091919,0.01973801478743553
Lung_Dx-A0248,0,0.9967963099479675,0.003203718224540353
Lung_Dx-A0248,0,0.9965301156044006,0.0034698909148573875
Lung_Dx-A0248,0,0.9995736479759216,0.0004263746668584645
Lung_Dx-A0248,0,0.999160647392273,0.0008393599418923259
Lung_Dx-A0248,0,0.9999103546142578,8.95778794074431e-05
Lung_Dx-A0248,0,0.9999827146530151,1.7299014871241525e-05
Lung_Dx-A0248,0,0.9995971322059631,0.00040290519245900214
Lung_Dx-A0248,0,0.9999233484268188,7.662102143513039e-05
Lung_Dx-A0248,0,0.9999568462371826,4.315016121836379e-05
Lung_Dx-A0248,0,0.998157799243927,0.0018422533757984638
Lung_Dx-A0248,0,0.9995867609977722,0.0004132619360461831
Lung_Dx-A0248,0,0.9999186992645264,8.124428131850436e-05
Lung_Dx-A0248,0,0.9990359544754028,0.0009640919743105769
Lung_Dx-A0248,0,0.9996988773345947,0.0003012038941960782
Lung_Dx-A0248,0,0.9925249218940735,0.007475120481103659
Lung_Dx-A0249,0,0.999789297580719,0.00021070436923764646
Lung_Dx-A0249,0,0.9999998807907104,6.987467315866525e-08
Lung_Dx-A0249,0,1.0,4.476340009773594e-08
Lung_Dx-A0249,0,1.0,6.758262394157555e-09
Lung_Dx-A0249,0,0.9999990463256836,9.13254780243733e-07
Lung_Dx-A0249,0,0.9999998807907104,1.1610740813239318e-07
Lung_Dx-A0249,0,1.0,5.515933043653831e-09
Lung_Dx-A0249,0,1.0,1.004526017922558e-09
Lung_Dx-A0249,0,1.0,7.901209464478143e-09
Lung_Dx-A0249,0,0.999994158744812,5.794510343548609e-06
Lung_Dx-A0249,0,1.0,4.075754134191811e-08
Lung_Dx-A0249,0,0.9998831748962402,0.00011682840704452246
Lung_Dx-A0249,0,0.9997743964195251,0.00022560835350304842
Lung_Dx-A0249,0,0.9998494386672974,0.00015059269207995385
Lung_Dx-A0249,0,0.9996633529663086,0.00033666222589090466
Lung_Dx-A0249,0,0.998504638671875,0.0014953383943066
Lung_Dx-A0249,0,0.9994058609008789,0.0005941797280684114
Lung_Dx-A0249,0,0.9990168809890747,0.0009830882772803307
Lung_Dx-A0249,0,0.9991390705108643,0.0008609260548837483
Lung_Dx-A0249,0,0.9983865022659302,0.00161350064445287
Lung_Dx-A0249,0,0.9987840056419373,0.0012160416226834059
Lung_Dx-A0249,0,0.994551956653595,0.005448068026453257
Lung_Dx-A0249,0,0.9954791069030762,0.004520817194133997
Lung_Dx-A0249,0,0.9588471055030823,0.04115288704633713
Lung_Dx-A0249,0,0.6342318654060364,0.36576810479164124
Lung_Dx-A0249,0,0.988469660282135,0.011530389077961445
Lung_Dx-A0249,0,0.9551520943641663,0.04484790563583374
Lung_Dx-A0249,0,0.9880849719047546,0.011915022507309914
Lung_Dx-A0249,0,0.863161027431488,0.13683892786502838
Lung_Dx-A0249,0,0.8455602526664734,0.1544397473335266
Lung_Dx-A0249,0,0.9999632835388184,3.6764631659025326e-05
Lung_Dx-A0249,0,0.9053223133087158,0.09467770159244537
Lung_Dx-A0249,0,0.9946877956390381,0.005312204826623201
Lung_Dx-A0249,0,0.993320107460022,0.006679879035800695
Lung_Dx-A0249,0,0.96518474817276,0.03481519594788551
Lung_Dx-A0249,0,0.8714202046394348,0.12857984006404877
Lung_Dx-A0249,0,0.999997615814209,2.3503650936618214e-06
Lung_Dx-A0249,0,0.9988642930984497,0.0011357826879248023
Lung_Dx-A0249,0,0.9992944002151489,0.000705527258105576
Lung_Dx-A0249,0,0.9999706745147705,2.9311537218745798e-05
Lung_Dx-A0249,0,0.9879462122917175,0.0120537793263793
Lung_Dx-A0249,0,0.9756001234054565,0.024399833753705025
Lung_Dx-A0249,0,0.9915707111358643,0.008429286070168018
Lung_Dx-A0249,0,0.9458011984825134,0.0541987270116806
Lung_Dx-A0249,0,0.9968763589859009,0.0031236486975103617
Lung_Dx-A0249,0,0.9753196239471436,0.024680351838469505
Lung_Dx-A0249,0,0.999562680721283,0.0004373344127088785
Lung_Dx-A0249,0,0.9985505938529968,0.0014493984635919333
Lung_Dx-A0249,0,0.9937466382980347,0.006253384985029697
Lung_Dx-A0249,0,0.9800339937210083,0.019966036081314087
Lung_Dx-A0249,0,0.824603259563446,0.17539678514003754
Lung_Dx-A0249,0,0.8467679023742676,0.1532321274280548
Lung_Dx-A0249,0,0.8771088719367981,0.12289116531610489
Lung_Dx-A0249,0,0.3237541615962982,0.6762458682060242
Lung_Dx-A0249,0,0.6193849444389343,0.3806150257587433
Lung_Dx-A0249,0,0.8176472783088684,0.1823527216911316
Lung_Dx-A0249,0,0.9812209606170654,0.018779069185256958
Lung_Dx-A0249,0,0.9186264276504517,0.08137363940477371
Lung_Dx-A0249,0,0.6473524570465088,0.3526475131511688
Lung_Dx-A0249,0,0.5206714868545532,0.4793284833431244
Lung_Dx-A0249,0,0.47642743587493896,0.5235726237297058
Lung_Dx-A0249,0,0.21493849158287048,0.7850614786148071
Lung_Dx-A0249,0,0.0754484310746193,0.9245515465736389
Lung_Dx-A0249,0,0.8431217074394226,0.15687835216522217
Lung_Dx-A0249,0,0.44875839352607727,0.5512415766716003
Lung_Dx-A0249,0,0.7270559072494507,0.2729441225528717
Lung_Dx-A0249,0,0.24535614252090454,0.7546439170837402
Lung_Dx-A0249,0,0.03683870658278465,0.963161289691925
Lung_Dx-A0249,0,0.28214675188064575,0.717853307723999
Lung_Dx-A0249,0,0.023087242618203163,0.9769127368927002
Lung_Dx-A0249,0,0.9969306588172913,0.003069387748837471
Lung_Dx-A0249,0,0.9994319081306458,0.0005680935573764145
Lung_Dx-A0249,0,0.998248815536499,0.0017511966871097684
Lung_Dx-A0249,0,0.9970821738243103,0.002917855279520154
Lung_Dx-A0249,0,0.9928231239318848,0.007176882121711969
Lung_Dx-A0249,0,0.9961829781532288,0.0038170497864484787
Lung_Dx-A0249,0,0.9922294020652771,0.007770581636577845
Lung_Dx-A0249,0,0.9986383318901062,0.0013617033837363124
Lung_Dx-A0249,0,0.6282649040222168,0.3717351257801056
Lung_Dx-A0249,0,0.7933462262153625,0.20665378868579865
Lung_Dx-G0040,1,0.9012274742126465,0.09877259284257889
Lung_Dx-G0040,1,0.7132319211959839,0.2867680788040161
Lung_Dx-G0040,1,0.6513549089431763,0.3486451506614685
Lung_Dx-G0040,1,0.4019078314304352,0.5980921387672424
Lung_Dx-G0040,1,0.1270015686750412,0.8729984164237976
Lung_Dx-G0040,1,0.9334611296653748,0.06653884798288345
Lung_Dx-G0040,1,0.006326630711555481,0.9936733245849609
Lung_Dx-G0040,1,0.0016809416702017188,0.9983189702033997
Lung_Dx-G0040,1,0.0004494523163884878,0.9995505213737488
Lung_Dx-G0040,1,0.014728613197803497,0.9852713346481323
Lung_Dx-G0040,1,0.05429894104599953,0.9457011222839355
Lung_Dx-G0040,1,0.05749327689409256,0.9425067901611328
Lung_Dx-G0040,1,0.42316004633903503,0.5768399834632874
Lung_Dx-G0040,1,0.4233984351158142,0.5766015648841858
Lung_Dx-G0040,1,0.6074011921882629,0.39259880781173706
Lung_Dx-G0040,1,0.3724196255207062,0.6275803446769714
Lung_Dx-G0040,1,0.6626600027084351,0.33733993768692017
Lung_Dx-G0040,1,0.6293973922729492,0.3706026077270508
Lung_Dx-G0040,1,0.7335949540138245,0.26640498638153076
Lung_Dx-G0040,1,0.8521990180015564,0.14780102670192719
Lung_Dx-G0040,1,0.9909797310829163,0.00902028102427721
Lung_Dx-G0040,1,0.890912652015686,0.10908732563257217
Lung_Dx-G0040,1,0.6971709728240967,0.3028290569782257
Lung_Dx-G0040,1,0.06221698224544525,0.9377830028533936
Lung_Dx-G0040,1,0.2080582231283188,0.79194176197052
Lung_Dx-G0040,1,0.007577240467071533,0.9924227595329285
Lung_Dx-G0040,1,0.5567008852958679,0.44329914450645447
Lung_Dx-G0040,1,0.4292649030685425,0.5707351565361023
Lung_Dx-G0040,1,0.07521035522222519,0.9247896671295166
Lung_Dx-G0040,1,0.8086345195770264,0.19136545062065125
Lung_Dx-G0040,1,0.5159857273101807,0.48401424288749695
Lung_Dx-G0040,1,0.046119749546051025,0.953880250453949
Lung_Dx-G0040,1,0.16079244017601013,0.8392075896263123
Lung_Dx-G0040,1,0.09670579433441162,0.9032942056655884
Lung_Dx-G0040,1,0.001536727068014443,0.9984632730484009
Lung_Dx-G0040,1,0.003824483836069703,0.9961755275726318
Lung_Dx-G0040,1,0.001582341967150569,0.9984176158905029
Lung_Dx-G0040,1,0.0007466114475391805,0.9992533326148987
Lung_Dx-G0040,1,0.00026895347400568426,0.9997310042381287
Lung_Dx-G0040,1,0.00026895347400568426,0.9997310042381287
Lung_Dx-G0040,1,0.00031565441167913377,0.9996843338012695
Lung_Dx-G0040,1,2.9773113055853173e-05,0.9999701976776123
Lung_Dx-G0040,1,1.8559108866611496e-05,0.9999814033508301
Lung_Dx-G0040,1,0.00012582799536176026,0.9998741149902344
Lung_Dx-G0040,1,0.0001699752756394446,0.9998300075531006
Lung_Dx-G0040,1,0.0015129382954910398,0.9984869956970215
Lung_Dx-G0040,1,7.426381489494815e-05,0.9999257326126099
Lung_Dx-G0040,1,0.0001500056532677263,0.9998499155044556
Lung_Dx-G0040,1,0.0006538155721500516,0.9993461966514587
Lung_Dx-G0040,1,0.0016842224868014455,0.9983158111572266
Lung_Dx-G0040,1,0.015043660998344421,0.9849563241004944
Lung_Dx-G0040,1,0.00431468803435564,0.995685338973999
Lung_Dx-G0040,1,0.0005072812782600522,0.9994926452636719
Lung_Dx-G0040,1,9.610241977497935e-05,0.9999039173126221
Lung_Dx-G0040,1,0.00018235458992421627,0.9998176693916321
Lung_Dx-G0040,1,0.0001420236221747473,0.9998579025268555
Lung_Dx-G0040,1,0.0010382907930761576,0.9989616870880127
Lung_Dx-G0040,1,0.0010024583898484707,0.9989975094795227
Lung_Dx-G0040,1,0.003524340922012925,0.9964756369590759
Lung_Dx-G0040,1,0.009011554531753063,0.9909884333610535
Lung_Dx-G0040,1,0.5369200110435486,0.4630800187587738
Lung_Dx-G0040,1,0.28715524077415466,0.712844729423523
Lung_Dx-G0040,1,0.861275851726532,0.13872410356998444
Lung_Dx-G0040,1,0.81349778175354,0.18650217354297638
Lung_Dx-G0040,1,0.9472348093986511,0.05276518687605858
Lung_Dx-G0040,1,0.7997162342071533,0.20028381049633026
Lung_Dx-G0040,1,0.9610614776611328,0.038938507437705994
Lung_Dx-G0040,1,0.9988282322883606,0.0011717940215021372
Lung_Dx-G0040,1,0.8605450987815857,0.13945496082305908
Lung_Dx-G0040,1,0.9410068988800049,0.058993030339479446
Lung_Dx-G0040,1,0.9958499670028687,0.00415008096024394
Lung_Dx-G0040,1,0.9992985725402832,0.0007014083093963563
Lung_Dx-G0040,1,0.8957964777946472,0.10420353710651398
Lung_Dx-G0040,1,0.9970991611480713,0.002900857711210847
Lung_Dx-G0040,1,0.991330623626709,0.008669319562613964
Lung_Dx-G0040,1,0.9962051510810852,0.003794834017753601
Lung_Dx-G0040,1,0.9813286066055298,0.01867140643298626
Lung_Dx-G0040,1,0.9976859092712402,0.0023141265846788883
Lung_Dx-G0040,1,0.9315559267997742,0.06844402849674225
Lung_Dx-G0040,1,0.7687332034111023,0.2312668263912201
Lung_Dx-G0040,1,0.960620641708374,0.03937942907214165
Lung_Dx-G0040,1,0.9596865773200989,0.04031343758106232
Lung_Dx-G0040,1,0.9935117363929749,0.0064882696606218815
Lung_Dx-G0040,1,0.7391635775566101,0.2608363628387451
Lung_Dx-G0040,1,0.5982095003128052,0.4017904996871948
Lung_Dx-G0040,1,0.9701551795005798,0.029844803735613823
Lung_Dx-G0040,1,0.9847962856292725,0.015203663147985935
Lung_Dx-G0040,1,0.8741846680641174,0.12581531703472137
Lung_Dx-G0040,1,0.9837537407875061,0.016246216371655464
Lung_Dx-G0040,1,0.9469411373138428,0.053058817982673645
Lung_Dx-G0040,1,0.6860940456390381,0.3139059245586395
Lung_Dx-G0040,1,0.4975281059741974,0.502471923828125
Lung_Dx-G0040,1,0.4115394651889801,0.5884605646133423
Lung_Dx-G0044,1,0.9511876106262207,0.048812419176101685
Lung_Dx-G0044,1,0.9798612594604492,0.02013874240219593
Lung_Dx-G0044,1,0.9961155652999878,0.0038844766095280647
Lung_Dx-G0044,1,0.9967013001441956,0.0032986511941999197
Lung_Dx-G0044,1,0.9970536231994629,0.0029464049730449915
Lung_Dx-G0044,1,0.9968641400337219,0.00313583598472178
Lung_Dx-G0044,1,0.507415235042572,0.492584764957428
Lung_Dx-G0044,1,0.05587463453412056,0.9441254138946533
Lung_Dx-G0044,1,0.9465473294258118,0.05345271900296211
Lung_Dx-G0044,1,0.9959140419960022,0.004086002707481384
Lung_Dx-G0044,1,0.9597243666648865,0.04027567803859711
Lung_Dx-G0044,1,0.33007967472076416,0.6699203252792358
Lung_Dx-G0044,1,0.002580904169008136,0.9974191188812256
Lung_Dx-G0044,1,0.042245496064424515,0.9577545523643494
Lung_Dx-G0044,1,0.008156249299645424,0.9918437600135803
Lung_Dx-G0044,1,0.028194217011332512,0.9718057513237
Lung_Dx-G0044,1,0.00876212865114212,0.9912378191947937
Lung_Dx-G0044,1,0.6793515682220459,0.3206484615802765
Lung_Dx-G0044,1,0.4241734743118286,0.5758265852928162
Lung_Dx-G0044,1,0.007800757884979248,0.9921992421150208
Lung_Dx-G0044,1,0.058453239500522614,0.9415467381477356
Lung_Dx-G0044,1,0.0010733063099905849,0.9989266991615295
Lung_Dx-G0044,1,0.24864819645881653,0.7513518333435059
Lung_Dx-G0044,1,0.02522682398557663,0.974773108959198
Lung_Dx-G0044,1,0.11056715995073318,0.8894329071044922
Lung_Dx-G0044,1,0.33585435152053833,0.6641455888748169
Lung_Dx-G0044,1,0.9853278994560242,0.014672034420073032
Lung_Dx-G0044,1,0.9796870946884155,0.02031290903687477
Lung_Dx-G0044,1,0.9950467348098755,0.004953306633979082
Lung_Dx-G0044,1,0.7804533839225769,0.2195465862751007
Lung_Dx-G0044,1,0.9925826787948608,0.007417380344122648
Lung_Dx-G0044,1,0.7201222777366638,0.2798777222633362
Lung_Dx-G0053,1,0.9706599116325378,0.029340026900172234
Lung_Dx-G0053,1,0.7757322788238525,0.22426775097846985
Lung_Dx-G0053,1,0.7537840008735657,0.2462160289287567
Lung_Dx-G0053,1,0.9561454057693481,0.04385456442832947
Lung_Dx-G0053,1,0.9856076240539551,0.014392335899174213
Lung_Dx-G0053,1,0.9913390278816223,0.008660931140184402
Lung_Dx-G0053,1,0.9724932312965393,0.02750680409371853
Lung_Dx-G0053,1,0.9672868847846985,0.03271312639117241
Lung_Dx-G0053,1,0.8402590155601501,0.15974101424217224
Lung_Dx-G0053,1,0.6247228980064392,0.3752771019935608
Lung_Dx-G0053,1,0.9964203834533691,0.0035796426236629486
Lung_Dx-G0053,1,0.9927672147750854,0.007232763338834047
Lung_Dx-G0053,1,0.9552357196807861,0.04476431757211685
Lung_Dx-G0053,1,0.07120272517204285,0.9287972450256348
Lung_Dx-G0053,1,0.3617281913757324,0.6382717490196228
Lung_Dx-G0053,1,0.524105429649353,0.4758945405483246
Lung_Dx-G0053,1,0.7132319211959839,0.2867680788040161
Lung_Dx-G0053,1,0.8828830122947693,0.11711697280406952
Lung_Dx-G0053,1,0.9286032319068909,0.07139670848846436
Lung_Dx-G0053,1,0.9815597534179688,0.018440209329128265
Lung_Dx-G0053,1,0.6477982401847839,0.35220178961753845
Lung_Dx-G0053,1,0.928732693195343,0.07126733660697937
Lung_Dx-G0053,1,0.8817168474197388,0.1182832196354866
Lung_Dx-G0053,1,0.9814178347587585,0.018582148477435112
Lung_Dx-G0053,1,0.9953363537788391,0.00466365460306406
Lung_Dx-G0053,1,0.9983927607536316,0.0016072202706709504
Lung_Dx-G0053,1,0.9622142910957336,0.037785764783620834
Lung_Dx-G0053,1,0.9931760430335999,0.00682395463809371
Lung_Dx-G0053,1,0.9884026646614075,0.011597362346947193
Lung_Dx-G0053,1,0.9971771240234375,0.002822832902893424
Lung_Dx-G0053,1,0.9980083107948303,0.001991652650758624
Lung_Dx-G0053,1,0.9984573125839233,0.0015427324688062072
Lung_Dx-G0053,1,0.9844264388084412,0.015573563054203987
Lung_Dx-G0053,1,0.9975417852401733,0.002458212897181511
Lung_Dx-G0053,1,0.9967333078384399,0.003266699379310012
Lung_Dx-G0053,1,0.9992519021034241,0.0007480700733140111
Lung_Dx-G0053,1,0.9989738464355469,0.001026206649839878
Lung_Dx-G0053,1,0.9990091323852539,0.0009907908970490098
Lung_Dx-G0053,1,0.9978677034378052,0.002132261637598276
Lung_Dx-G0053,1,0.9992068409919739,0.0007931761210784316
Lung_Dx-G0053,1,0.9993712306022644,0.000628784007858485
Lung_Dx-G0053,1,0.9996222257614136,0.00037776539102196693
Lung_Dx-G0053,1,0.999231219291687,0.0007687913603149354
Lung_Dx-G0053,1,0.999321460723877,0.0006785172154195607
Lung_Dx-G0053,1,0.9991390705108643,0.0008609260548837483
Lung_Dx-G0053,1,0.9953181147575378,0.004681822843849659
Lung_Dx-G0053,1,0.9977743029594421,0.0022256707306951284
Lung_Dx-G0053,1,0.9983091354370117,0.0016908030956983566
Lung_Dx-G0053,1,0.999194324016571,0.0008056566584855318
Lung_Dx-G0053,1,0.9998020529747009,0.00019794097170233727
Lung_Dx-G0053,1,0.9995425939559937,0.00045741902431473136
Lung_Dx-G0053,1,0.9996646642684937,0.00033535013790242374
Lung_Dx-G0053,1,0.9985249638557434,0.0014750633854418993
Lung_Dx-G0053,1,0.9994694590568542,0.0005305765080265701
Lung_Dx-G0053,1,0.9994611144065857,0.0005389273865148425
Lung_Dx-G0053,1,0.9992903470993042,0.0007096704212017357
Lung_Dx-G0053,1,0.9962126016616821,0.003787457710132003
Lung_Dx-G0053,1,0.9984360337257385,0.0015639361226931214
Lung_Dx-G0053,1,0.9994296431541443,0.0005703156930394471
Lung_Dx-G0053,1,0.9997316002845764,0.0002684288483578712
Lung_Dx-G0053,1,0.9992749094963074,0.0007250710041262209
Lung_Dx-G0053,1,0.9974039196968079,0.002596031641587615
Lung_Dx-G0053,1,0.9914721846580505,0.008527800440788269
Lung_Dx-G0053,1,0.999681830406189,0.00031812931410968304
Lung_Dx-G0053,1,0.9994373917579651,0.0005625758785754442
Lung_Dx-G0053,1,0.9982420206069946,0.0017580388812348247
Lung_Dx-G0053,1,0.9970130920410156,0.0029868432320654392
Lung_Dx-G0053,1,0.9918121099472046,0.008187909610569477
Lung_Dx-G0053,1,0.9938190579414368,0.006180981174111366
Lung_Dx-G0053,1,0.9948603510856628,0.005139611195772886
Lung_Dx-G0053,1,0.9318356513977051,0.06816437840461731
Lung_Dx-G0053,1,0.9998292922973633,0.00017064041458070278
Lung_Dx-G0053,1,0.9988840222358704,0.0011160143185406923
Lung_Dx-G0053,1,0.9977216124534607,0.002278330735862255
Lung_Dx-G0053,1,0.9917803406715393,0.00821969285607338
Lung_Dx-G0053,1,0.9984452128410339,0.0015548133524134755
Lung_Dx-G0053,1,0.9977872371673584,0.002212696708738804
Lung_Dx-G0053,1,0.4867241680622101,0.5132758617401123
Lung_Dx-G0053,1,0.982030987739563,0.01796896755695343
Lung_Dx-G0053,1,0.3326084315776825,0.6673915982246399
Lung_Dx-G0053,1,0.4852032959461212,0.5147966742515564
Lung_Dx-G0062,1,0.9995859265327454,0.000414069538237527
Lung_Dx-G0062,1,0.9972796440124512,0.0027202784549444914
Lung_Dx-G0062,1,0.9997945427894592,0.00020542288257274777
Lung_Dx-G0062,1,0.9941913485527039,0.005808669608086348
Lung_Dx-G0062,1,0.9960927367210388,0.003907214850187302
Lung_Dx-G0062,1,0.9951040744781494,0.004895880818367004
Lung_Dx-G0062,1,0.9921992421150208,0.007800757884979248
Lung_Dx-G0062,1,0.9903476238250732,0.009652304463088512
Lung_Dx-G0062,1,0.9407625198364258,0.05923745781183243
Lung_Dx-G0062,1,0.9974441528320312,0.002555886749178171
Lung_Dx-G0062,1,0.9916033148765564,0.008396700024604797
Lung_Dx-G0062,1,0.52252197265625,0.47747802734375
Lung_Dx-G0062,1,0.9642878174781799,0.035712167620658875
Lung_Dx-G0062,1,0.7718865275382996,0.22811351716518402
Lung_Dx-G0062,1,0.8714748620986938,0.12852513790130615
Lung_Dx-G0062,1,0.6376515030860901,0.3623484671115875
Lung_Dx-G0062,1,0.9679902195930481,0.032009802758693695
Lung_Dx-G0062,1,0.9452984929084778,0.054701510816812515
Lung_Dx-G0062,1,0.7190877795219421,0.2809121608734131
Lung_Dx-G0062,1,0.7945045828819275,0.2054954320192337
Lung_Dx-G0062,1,0.3078650236129761,0.6921349763870239
Lung_Dx-G0062,1,0.9757624268531799,0.024237636476755142
Lung_Dx-G0062,1,0.8966140151023865,0.10338596254587173
Lung_Dx-G0062,1,0.9790558218955994,0.020944207906723022
Lung_Dx-G0062,1,0.9827572107315063,0.017242776229977608
Lung_Dx-G0062,1,0.9967648983001709,0.0032350558321923018
Lung_Dx-G0062,1,0.9022226333618164,0.09777738898992538
Lung_Dx-G0062,1,0.9725454449653625,0.02745460718870163
Lung_Dx-G0062,1,0.8586593270301819,0.14134065806865692
Lung_Dx-G0062,1,0.9774571061134338,0.022542966529726982
Lung_Dx-G0062,1,0.9433997869491577,0.056600261479616165
Lung_Dx-G0062,1,0.9930423498153687,0.00695760827511549
Lung_Dx-G0062,1,0.9983124732971191,0.0016875095898285508
Lung_Dx-G0062,1,0.878679096698761,0.1213209256529808
Lung_Dx-G0062,1,0.9976813793182373,0.0023186402395367622
Lung_Dx-G0062,1,0.9619291424751282,0.038070838898420334
Lung_Dx-G0062,1,0.949153482913971,0.05084657296538353
Lung_Dx-G0062,1,0.9664738178253174,0.033526163548231125
Lung_Dx-G0062,1,0.9796870946884155,0.02031290903687477
Lung_Dx-G0062,1,0.9592689275741577,0.04073109105229378
Lung_Dx-G0062,1,0.8953856229782104,0.10461445897817612
Lung_Dx-G0062,1,0.8715295791625977,0.12847046554088593
Lung_Dx-G0062,1,0.9496226906776428,0.05037733167409897
Lung_Dx-G0062,1,0.8808483481407166,0.11915167421102524
Lung_Dx-G0062,1,0.5894948244094849,0.41050514578819275
Lung_Dx-G0062,1,0.4773714542388916,0.5226285457611084
Lung_Dx-G0062,1,0.6229898929595947,0.3770101070404053
Lung_Dx-G0062,1,0.7407373785972595,0.2592626214027405
Lung_Dx-G0062,1,0.7836161255836487,0.21638387441635132
Lung_Dx-G0062,1,0.9050709009170532,0.09492912143468857
Lung_Dx-G0062,1,0.7689718008041382,0.23102818429470062
Lung_Dx-G0062,1,0.970436692237854,0.02956334501504898
Lung_Dx-G0062,1,0.954008936882019,0.04599103331565857
Lung_Dx-G0062,1,0.9861646890640259,0.013835280202329159
Lung_Dx-G0062,1,0.9571177959442139,0.04288224130868912
Lung_Dx-G0062,1,0.8533025979995728,0.14669740200042725
Lung_Dx-G0062,1,0.8764230012893677,0.12357699871063232
Lung_Dx-G0062,1,0.8808995485305786,0.11910043656826019
Lung_Dx-G0062,1,0.9964411854743958,0.00355880381539464
Lung_Dx-G0062,1,0.9952907562255859,0.004709205590188503
Lung_Dx-G0062,1,0.9908213019371033,0.009178773500025272
Lung_Dx-G0062,1,0.9930827617645264,0.006917241960763931
Lung_Dx-G0062,1,0.9888418912887573,0.011158030480146408
Lung_Dx-G0062,1,0.9865199327468872,0.013480104506015778
Lung_Dx-G0062,1,0.7900042533874512,0.20999573171138763
Lung_Dx-G0062,1,0.9687971472740173,0.03120281547307968
Lung_Dx-G0062,1,0.9633341431617737,0.03666584566235542
Lung_Dx-G0062,1,0.9595351815223694,0.040464840829372406
Lung_Dx-G0062,1,0.30642324686050415,0.6935767531394958
Lung_Dx-G0062,1,0.91804039478302,0.0819595530629158
Lung_Dx-G0062,1,0.9528381824493408,0.04716186970472336
Lung_Dx-G0062,1,0.9821683764457703,0.017831627279520035
Lung_Dx-G0062,1,0.9816655516624451,0.01833445206284523
Lung_Dx-G0062,1,0.9428760409355164,0.057123973965644836
Lung_Dx-G0062,1,0.9917163252830505,0.008283626288175583
Lung_Dx-G0062,1,0.9899476170539856,0.01005236804485321
Lung_Dx-G0062,1,0.929568350315094,0.07043161243200302
Lung_Dx-G0062,1,0.9994683861732483,0.0005316133028827608
Lung_Dx-G0062,1,0.975272536277771,0.024727409705519676
Lung_Dx-G0062,1,0.9856215119361877,0.014378489926457405
Lung_Dx-G0062,1,0.9938190579414368,0.006180981174111366
Lung_Dx-G0062,1,0.9998409748077393,0.0001590562314959243
Lung_Dx-G0062,1,0.999953031539917,4.702220030594617e-05
Lung_Dx-G0062,1,0.9986302852630615,0.0013696944806724787
Lung_Dx-G0062,1,0.998221218585968,0.0017787249526008964
Lung_Dx-G0062,1,0.9986775517463684,0.0013224404538050294
Lung_Dx-G0062,1,0.998981773853302,0.0010182288242504
Lung_Dx-G0062,1,0.9975466132164001,0.002453428227454424
Lung_Dx-G0062,1,0.9986929297447205,0.0013070536078885198
Lung_Dx-G0062,1,0.9976904392242432,0.0023096217773854733
Lung_Dx-G0062,1,0.9993821382522583,0.0006178345065563917
Lung_Dx-G0062,1,0.9554855227470398,0.044514428824186325
Lung_Dx-A0170,0,0.9949886202812195,0.005011402536183596
Lung_Dx-A0170,0,0.24935582280158997,0.7506442070007324
Lung_Dx-A0170,0,0.9440222382545471,0.055977754294872284
Lung_Dx-A0170,0,0.014077174477279186,0.9859228134155273
Lung_Dx-A0170,0,0.9011403918266296,0.09885954111814499
Lung_Dx-A0170,0,0.8687154054641724,0.13128454983234406
Lung_Dx-A0170,0,0.9252299070358276,0.07477004081010818
Lung_Dx-A0170,0,0.249173104763031,0.7508269548416138
Lung_Dx-A0170,0,0.8265018463134766,0.17349816858768463
Lung_Dx-A0170,0,0.08772001415491104,0.9122800230979919
Lung_Dx-A0170,0,0.6619502305984497,0.3380497992038727
Lung_Dx-A0170,0,0.3436720669269562,0.6563279032707214
Lung_Dx-A0170,0,0.8733229041099548,0.12667711079120636
Lung_Dx-A0170,0,0.5255286693572998,0.47447139024734497
Lung_Dx-A0170,0,0.9267690181732178,0.07323096692562103
Lung_Dx-A0170,0,0.6334953308105469,0.3665046989917755
Lung_Dx-A0170,0,0.8556703329086304,0.14432968199253082
Lung_Dx-A0170,0,0.6657637357711792,0.3342362344264984
Lung_Dx-A0170,0,0.5188509225845337,0.4811490774154663
Lung_Dx-A0170,0,0.414217472076416,0.5857825875282288
Lung_Dx-A0170,0,0.1897462010383606,0.8102537989616394
Lung_Dx-A0170,0,0.3100672960281372,0.6899327039718628
Lung_Dx-A0170,0,0.07075196504592896,0.929248034954071
Lung_Dx-A0170,0,0.4733985364437103,0.5266014337539673
Lung_Dx-A0170,0,0.45966729521751404,0.5403327345848083
Lung_Dx-A0170,0,0.4529518187046051,0.5470482110977173
Lung_Dx-A0170,0,0.25201570987701416,0.7479842901229858
Lung_Dx-A0170,0,0.8224031925201416,0.1775968372821808
Lung_Dx-A0170,0,0.25585463643074036,0.744145393371582
Lung_Dx-A0170,0,0.5450586676597595,0.4549412727355957
Lung_Dx-A0170,0,0.5115336179733276,0.48846641182899475
Lung_Dx-A0170,0,0.40449273586273193,0.5955072641372681
Lung_Dx-A0170,0,0.9587699174880981,0.04123002290725708
Lung_Dx-A0170,0,0.8229018449783325,0.17709815502166748
Lung_Dx-A0170,0,0.42593351006507874,0.5740664601325989
Lung_Dx-A0170,0,0.35103294253349304,0.6489670872688293
Lung_Dx-A0170,0,0.27958256006240845,0.7204173803329468
Lung_Dx-A0170,0,0.1139734610915184,0.8860265612602234
Lung_Dx-A0170,0,0.5131157636642456,0.4868842661380768
Lung_Dx-A0170,0,0.5358594059944153,0.4641405940055847
Lung_Dx-A0170,0,0.7397985458374023,0.26020142436027527
Lung_Dx-A0170,0,0.6707161664962769,0.3292838931083679
Lung_Dx-A0170,0,0.07403029501438141,0.9259697198867798
Lung_Dx-A0170,0,0.0040543340146541595,0.9959456324577332
Lung_Dx-A0170,0,0.022521456703543663,0.9774785041809082
Lung_Dx-A0170,0,0.005490563809871674,0.9945095181465149
Lung_Dx-A0170,0,0.08850466459989548,0.9114953279495239
Lung_Dx-A0170,0,0.4299378991127014,0.5700621008872986
Lung_Dx-A0170,0,0.8103289008140564,0.18967114388942719
Lung_Dx-A0170,0,0.5796532034873962,0.420346736907959
Lung_Dx-A0170,0,0.875893235206604,0.12410680949687958
Lung_Dx-A0170,0,0.9571177959442139,0.04288224130868912
Lung_Dx-A0170,0,0.46704310178756714,0.5329568982124329
Lung_Dx-A0170,0,0.18631704151630402,0.8136829137802124
Lung_Dx-A0170,0,0.8341368436813354,0.16586315631866455
Lung_Dx-A0170,0,0.98046875,0.019531236961483955
Lung_Dx-A0170,0,0.7564474940299988,0.24355244636535645
Lung_Dx-A0170,0,0.948441743850708,0.05155818536877632
Lung_Dx-A0170,0,0.6349678039550781,0.3650321960449219
Lung_Dx-A0170,0,0.9752018451690674,0.024798160418868065
Lung_Dx-A0170,0,0.9525741338729858,0.04742587357759476
Lung_Dx-A0170,0,0.9503188729286194,0.049681156873703
Lung_Dx-A0170,0,0.7814140319824219,0.21858596801757812
Lung_Dx-A0170,0,0.9932811260223389,0.006718870252370834
Lung_Dx-A0170,0,0.37499096989631653,0.6250090599060059
Lung_Dx-A0170,0,0.03767939284443855,0.9623205661773682
Lung_Dx-A0170,0,0.0978204756975174,0.9021795392036438
Lung_Dx-A0170,0,0.4131552577018738,0.586844801902771
Lung_Dx-A0170,0,0.022977370768785477,0.977022647857666
Lung_Dx-A0170,0,0.10167861729860306,0.8983213901519775
Lung_Dx-A0170,0,0.24436300992965698,0.755636990070343
Lung_Dx-A0170,0,0.22682645916938782,0.7731735110282898
Lung_Dx-A0170,0,0.014928337186574936,0.9850716590881348
Lung_Dx-A0171,0,0.9969544410705566,0.0030455742962658405
Lung_Dx-A0171,0,0.9535785913467407,0.046421416103839874
Lung_Dx-A0171,0,0.9974241256713867,0.002575881080701947
Lung_Dx-A0171,0,0.9925393462181091,0.007460643537342548
Lung_Dx-A0171,0,0.9483462572097778,0.05165378749370575
Lung_Dx-A0171,0,0.9282788634300232,0.07172112166881561
Lung_Dx-A0171,0,0.8743456602096558,0.12565429508686066
Lung_Dx-A0171,0,0.7423750758171082,0.2576249837875366
Lung_Dx-A0171,0,0.9674102663993835,0.03258974477648735
Lung_Dx-A0171,0,0.9895513653755188,0.010448625311255455
Lung_Dx-A0171,0,0.9880158305168152,0.0119842030107975
Lung_Dx-A0171,0,0.9753431081771851,0.024656854569911957
Lung_Dx-A0171,0,0.9635062217712402,0.03649376705288887
Lung_Dx-A0171,0,0.9455505013465881,0.054449573159217834
Lung_Dx-A0171,0,0.9537081718444824,0.046291906386613846
Lung_Dx-A0171,0,0.7902066707611084,0.20979328453540802
Lung_Dx-A0171,0,0.9860979318618774,0.013902058824896812
Lung_Dx-A0171,0,0.9983515739440918,0.0016484830994158983
Lung_Dx-A0171,0,0.9682613611221313,0.03173859044909477
Lung_Dx-A0171,0,0.9931893348693848,0.006810730788856745
Lung_Dx-A0171,0,0.9616780281066895,0.038321975618600845
Lung_Dx-A0171,0,0.9774355292320251,0.022564494982361794
Lung_Dx-A0171,0,0.972908079624176,0.02709190361201763
Lung_Dx-A0171,0,0.9164093732833862,0.08359067142009735
Lung_Dx-A0171,0,0.9579908847808838,0.042009055614471436
Lung_Dx-A0171,0,0.974821150302887,0.02517884224653244
Lung_Dx-A0171,0,0.899783730506897,0.10021623969078064
Lung_Dx-A0171,0,0.48213955760002136,0.517860472202301
Lung_Dx-A0171,0,0.5564447641372681,0.44355523586273193
Lung_Dx-A0171,0,0.7249432802200317,0.2750566899776459
Lung_Dx-A0171,0,0.9772408604621887,0.022759156301617622
Lung_Dx-A0171,0,0.932268500328064,0.06773144751787186
Lung_Dx-A0171,0,0.5056454539299011,0.4943544864654541
Lung_Dx-A0171,0,0.859132707118988,0.14086724817752838
Lung_Dx-A0171,0,0.039453376084566116,0.960546612739563
Lung_Dx-A0171,0,0.5430828928947449,0.45691707730293274
Lung_Dx-A0171,0,0.7689067125320435,0.23109324276447296
Lung_Dx-A0171,0,0.7937461733818054,0.2062537968158722
Lung_Dx-A0171,0,0.9283438920974731,0.07165613025426865
Lung_Dx-A0171,0,0.9399133324623108,0.06008664518594742
Lung_Dx-A0171,0,0.9907855987548828,0.009214365854859352
Lung_Dx-A0171,0,0.9662197828292847,0.03378022834658623
Lung_Dx-A0171,0,0.9431908130645752,0.056809201836586
Lung_Dx-A0171,0,0.859132707118988,0.14086724817752838
Lung_Dx-A0171,0,0.9928091764450073,0.007190811913460493
Lung_Dx-A0171,0,0.9722834825515747,0.027716564014554024
Lung_Dx-A0171,0,0.9987004995346069,0.001299427356570959
Lung_Dx-A0171,0,0.9980657696723938,0.0019342610612511635
Lung_Dx-A0171,0,0.9886024594306946,0.01139758713543415
Lung_Dx-A0171,0,0.9978129863739014,0.002186974510550499
Lung_Dx-A0171,0,0.9956769347190857,0.004323086701333523
Lung_Dx-A0171,0,0.9988707900047302,0.0011291545815765858
Lung_Dx-A0171,0,0.977022647857666,0.022977370768785477
Lung_Dx-A0171,0,0.9957848191261292,0.004215159919112921
Lung_Dx-A0171,0,0.9707710146903992,0.02922898717224598
Lung_Dx-A0171,0,0.9838160872459412,0.016183903440833092
Lung_Dx-A0171,0,0.9687380790710449,0.03126191347837448
Lung_Dx-A0171,0,0.9582651257514954,0.041734807193279266
Lung_Dx-A0171,0,0.9425067901611328,0.05749327689409256
Lung_Dx-A0171,0,0.8926560878753662,0.10734386742115021
Lung_Dx-A0171,0,0.9803937673568726,0.019606182351708412
Lung_Dx-A0171,0,0.9135223627090454,0.08647764474153519
Lung_Dx-A0171,0,0.9512782096862793,0.04872181639075279
Lung_Dx-A0171,0,0.8144221305847168,0.18557792901992798
Lung_Dx-A0171,0,0.9914224743843079,0.008577484637498856
Lung_Dx-A0171,0,0.994594156742096,0.005405900068581104
Lung_Dx-A0171,0,0.9912378191947937,0.00876212865114212
Lung_Dx-A0171,0,0.9732915163040161,0.026708463206887245
Lung_Dx-A0171,0,0.9659639000892639,0.03403615579009056
Lung_Dx-A0171,0,0.9790157079696655,0.020984293892979622
Lung_Dx-A0171,0,0.9565125107765198,0.04348750039935112
Lung_Dx-A0171,0,0.9378399848937988,0.06216002628207207
Lung_Dx-A0171,0,0.9945307374000549,0.005469274707138538
Lung_Dx-A0171,0,0.9203612804412842,0.07963874191045761
Lung_Dx-A0171,0,0.9954879879951477,0.0045120371505618095
Lung_Dx-A0171,0,0.9893885254859924,0.01061142049729824
Lung_Dx-A0171,0,0.9981251358985901,0.0018748617731034756
Lung_Dx-A0171,0,0.9965969920158386,0.0034030054230242968
Lung_Dx-A0171,0,0.9898303151130676,0.01016965787857771
Lung_Dx-A0171,0,0.979841947555542,0.02015801891684532
Lung_Dx-A0171,0,0.9654138088226318,0.03458621725440025
Lung_Dx-A0171,0,0.9578728675842285,0.04212711378931999
Lung_Dx-A0173,0,0.9990206956863403,0.000979259260930121
Lung_Dx-A0173,0,0.9996287822723389,0.00037118542240932584
Lung_Dx-A0173,0,0.9995177984237671,0.00048217613948509097
Lung_Dx-A0173,0,0.9913892149925232,0.008610767312347889
Lung_Dx-A0173,0,0.996249258518219,0.0037507889792323112
Lung_Dx-A0173,0,0.9983091354370117,0.0016908030956983566
Lung_Dx-A0173,0,0.9947493672370911,0.005250641144812107
Lung_Dx-A0173,0,0.9892024397850037,0.01079756673425436
Lung_Dx-A0173,0,0.9996436834335327,0.00035627433680929244
Lung_Dx-A0173,0,0.9915052056312561,0.008494837209582329
Lung_Dx-A0173,0,0.6033769249916077,0.39662307500839233
Lung_Dx-A0173,0,0.9753665924072266,0.02463338151574135
Lung_Dx-A0173,0,0.9952077269554138,0.004792316816747189
Lung_Dx-A0173,0,0.9985449314117432,0.0014550627674907446
Lung_Dx-A0173,0,0.9836598634719849,0.01634012721478939
Lung_Dx-A0173,0,0.11162799596786499,0.888372004032135
Lung_Dx-A0173,0,0.9690910577774048,0.030908960849046707
Lung_Dx-A0173,0,0.9981791973114014,0.0018208295805379748
Lung_Dx-A0173,0,0.9997574687004089,0.0002425115235382691
Lung_Dx-A0173,0,0.9979169964790344,0.002082970691844821
Lung_Dx-A0173,0,0.995216965675354,0.004783010575920343
Lung_Dx-A0173,0,0.997065007686615,0.0029349515680223703
Lung_Dx-A0173,0,0.9871044158935547,0.012895587831735611
Lung_Dx-A0173,0,0.9886244535446167,0.011375601403415203
Lung_Dx-A0173,0,0.9972044825553894,0.0027954771649092436
Lung_Dx-A0173,0,0.9787736535072327,0.02122640050947666
Lung_Dx-A0173,0,0.9990091323852539,0.0009907908970490098
Lung_Dx-A0173,0,0.9947391152381897,0.005260852165520191
Lung_Dx-A0173,0,0.990532636642456,0.009467381052672863
Lung_Dx-A0173,0,0.9986302852630615,0.0013696944806724787
Lung_Dx-A0173,0,0.9988883137702942,0.0011116680689156055
Lung_Dx-A0173,0,0.9998005032539368,0.00019949312263634056
Lung_Dx-A0173,0,0.9998218417167664,0.000178131100255996
Lung_Dx-A0173,0,0.9971717000007629,0.002828336087986827
Lung_Dx-A0173,0,0.9993013143539429,0.0006986756925471127
Lung_Dx-A0173,0,0.9988774657249451,0.0011225653579458594
Lung_Dx-A0173,0,0.9999221563339233,7.78275280026719e-05
Lung_Dx-A0173,0,0.9996471405029297,0.00035281325108371675
Lung_Dx-A0173,0,0.9976494908332825,0.0023504828568547964
Lung_Dx-A0173,0,0.988469660282135,0.011530389077961445
Lung_Dx-A0173,0,0.9997468590736389,0.0002531563804950565
Lung_Dx-A0173,0,0.9990378618240356,0.0009622125653550029
Lung_Dx-A0173,0,0.9986169338226318,0.001383117400109768
Lung_Dx-A0173,0,0.9997681975364685,0.00023186100588645786
Lung_Dx-A0173,0,0.9885140061378479,0.011485951952636242
Lung_Dx-A0173,0,0.9974787831306458,0.002521268557757139
Lung_Dx-A0173,0,0.9899863600730896,0.010013571009039879
Lung_Dx-A0173,0,0.9881765246391296,0.01182339433580637
Lung_Dx-A0173,0,0.9682914614677429,0.031708598136901855
Lung_Dx-A0173,0,0.9810945987701416,0.01890544779598713
Lung_Dx-A0177,0,0.9999572038650513,4.2814375774469227e-05
Lung_Dx-A0177,0,0.9996904134750366,0.00030955098918639123
Lung_Dx-A0177,0,0.9997403025627136,0.00025966475368477404
Lung_Dx-A0177,0,0.9977437257766724,0.002256239764392376
Lung_Dx-A0177,0,0.9998775720596313,0.00012243444507475942
Lung_Dx-A0177,0,0.9266363382339478,0.07336363941431046
Lung_Dx-A0177,0,0.9857455492019653,0.014254463836550713
Lung_Dx-A0177,0,0.9924227595329285,0.007577240467071533
Lung_Dx-A0177,0,0.9998817443847656,0.00011820537474704906
Lung_Dx-A0177,0,0.9993307590484619,0.0006693099276162684
Lung_Dx-A0177,0,0.9988969564437866,0.0011030265595763922
Lung_Dx-A0177,0,0.9702962636947632,0.02970375120639801
Lung_Dx-A0177,0,0.9992489218711853,0.0007509956485591829
Lung_Dx-A0177,0,0.9921080470085144,0.007891984656453133
Lung_Dx-A0177,0,0.9986032843589783,0.001396671636030078
Lung_Dx-A0177,0,0.9997079968452454,0.0002919395046774298
Lung_Dx-A0177,0,0.9989935755729675,0.0010063779773190618
Lung_Dx-A0177,0,0.9992777705192566,0.0007222463027574122
Lung_Dx-A0177,0,0.9993724226951599,0.0006275578052736819
Lung_Dx-A0177,0,0.9995206594467163,0.0004793605185113847
Lung_Dx-A0177,0,0.9999083280563354,9.170197881758213e-05
Lung_Dx-A0177,0,0.995372474193573,0.004627529997378588
Lung_Dx-A0177,0,0.9954261183738708,0.004573863931000233
Lung_Dx-A0177,0,0.998553454875946,0.0014465744607150555
Lung_Dx-A0177,0,0.9867004752159119,0.013299493119120598
Lung_Dx-A0177,0,0.9907320141792297,0.009268012829124928
Lung_Dx-A0177,0,0.999843955039978,0.00015598026220686734
Lung_Dx-A0177,0,0.9998427629470825,0.00015720343799330294
Lung_Dx-A0177,0,0.9999580383300781,4.198630995233543e-05
Lung_Dx-A0177,0,0.9999321699142456,6.788305472582579e-05
Lung_Dx-A0177,0,0.9974737763404846,0.0025261850096285343
Lung_Dx-A0177,0,0.9989308714866638,0.001069126301445067
Lung_Dx-A0177,0,0.9998751878738403,0.00012484894250519574
Lung_Dx-A0177,0,0.9974391460418701,0.0025608709547668695
Lung_Dx-A0177,0,0.995566189289093,0.004433765076100826
Lung_Dx-A0183,0,0.9971272349357605,0.0028727480676025152
Lung_Dx-A0183,0,0.9178933501243591,0.08210662752389908
Lung_Dx-A0183,0,0.916857123374939,0.08314292132854462
Lung_Dx-A0183,0,0.9967899918556213,0.003209961112588644
Lung_Dx-A0183,0,0.9773707389831543,0.02262919954955578
Lung_Dx-A0183,0,0.9344549775123596,0.06554500013589859
Lung_Dx-A0183,0,0.5047605633735657,0.49523937702178955
Lung_Dx-A0183,0,0.9537081718444824,0.046291906386613846
Lung_Dx-A0183,0,0.9934484362602234,0.00655152415856719
Lung_Dx-A0183,0,0.5953235030174255,0.40467652678489685
Lung_Dx-A0183,0,0.8739159107208252,0.1260840892791748
Lung_Dx-A0183,0,0.9850716590881348,0.014928337186574936
Lung_Dx-A0183,0,0.8584221005439758,0.14157786965370178
Lung_Dx-A0183,0,0.992452085018158,0.0075479233637452126
Lung_Dx-A0183,0,0.9983674883842468,0.0016324889147654176
Lung_Dx-A0183,0,0.9979089498519897,0.0020911062601953745
Lung_Dx-A0183,0,0.9939024448394775,0.006097561679780483
Lung_Dx-A0183,0,0.4457368552684784,0.5542631149291992
Lung_Dx-A0183,0,0.813164234161377,0.18683576583862305
Lung_Dx-A0183,0,0.4122639298439026,0.5877360701560974
Lung_Dx-A0183,0,0.4975281059741974,0.502471923828125
Lung_Dx-A0183,0,0.4779501259326935,0.5220499038696289
Lung_Dx-A0183,0,0.11299101263284683,0.8870089650154114
Lung_Dx-A0183,0,0.13095080852508545,0.8690492510795593
Lung_Dx-A0183,0,0.055056069046258926,0.944943904876709
Lung_Dx-A0183,0,0.14288842678070068,0.8571115136146545
Lung_Dx-A0183,0,0.9181138277053833,0.08188609778881073
Lung_Dx-A0183,0,0.9472835659980774,0.05271640419960022
Lung_Dx-A0183,0,0.4199155271053314,0.5800844430923462
Lung_Dx-A0183,0,0.09687653928995132,0.9031234383583069
Lung_Dx-A0183,0,0.01424074824899435,0.9857592582702637
Lung_Dx-A0183,0,0.004924510605633259,0.995075523853302
Lung_Dx-A0183,0,0.024964015930891037,0.9750359654426575
Lung_Dx-A0183,0,0.003907214850187302,0.9960927367210388
Lung_Dx-A0183,0,0.0006785172154195607,0.999321460723877
Lung_Dx-A0183,0,0.010724796913564205,0.9892752766609192
Lung_Dx-A0183,0,0.02046896517276764,0.9795310497283936
Lung_Dx-A0183,0,0.0237573254853487,0.9762426614761353
Lung_Dx-A0183,0,0.004895880818367004,0.9951040744781494
Lung_Dx-A0183,0,0.032009802758693695,0.9679902195930481
Lung_Dx-A0183,0,0.9056565761566162,0.0943434089422226
Lung_Dx-A0183,0,0.41918718814849854,0.5808127522468567
Lung_Dx-A0183,0,0.8277585506439209,0.1722414493560791
Lung_Dx-A0183,0,0.6969389319419861,0.30306100845336914
Lung_Dx-A0183,0,0.9568765759468079,0.04312336817383766
Lung_Dx-A0183,0,0.9851289987564087,0.014871004037559032
Lung_Dx-A0183,0,0.9988948702812195,0.0011051807086914778
Lung_Dx-A0183,0,0.987829327583313,0.01217062957584858
Lung_Dx-A0183,0,0.9966819882392883,0.003317971481010318
Lung_Dx-A0183,0,0.9995531439781189,0.0004468277038540691
Lung_Dx-A0183,0,0.9992387294769287,0.0007613258785568178
Lung_Dx-A0184,0,0.06614567339420319,0.933854341506958
Lung_Dx-A0184,0,0.3239813446998596,0.6760185956954956
Lung_Dx-A0184,0,0.1264611780643463,0.8735387921333313
Lung_Dx-A0184,0,0.8308001160621643,0.1691998690366745
Lung_Dx-A0184,0,0.4135493040084839,0.5864506959915161
Lung_Dx-A0184,0,0.003241359954699874,0.9967586398124695
Lung_Dx-A0184,0,9.68560780165717e-05,0.9999030828475952
Lung_Dx-A0184,0,4.264746530679986e-05,0.9999573230743408
Lung_Dx-A0184,0,0.001658154185861349,0.9983417987823486
Lung_Dx-A0184,0,0.43152427673339844,0.5684756636619568
Lung_Dx-A0184,0,0.499114990234375,0.500885009765625
Lung_Dx-A0184,0,0.005663864780217409,0.9943360686302185
Lung_Dx-A0184,0,0.020274080336093903,0.9797258973121643
Lung_Dx-A0184,0,0.01833445206284523,0.9816655516624451
Lung_Dx-A0184,0,0.04181298613548279,0.9581869840621948
Lung_Dx-A0184,0,0.37788498401641846,0.6221150755882263
Lung_Dx-A0184,0,0.5365936756134033,0.4634062945842743
Lung_Dx-A0184,0,0.887740969657898,0.11225901544094086
Lung_Dx-A0184,0,0.6879445314407349,0.31205543875694275
Lung_Dx-A0184,0,0.7272496223449707,0.2727503478527069
Lung_Dx-A0184,0,0.13811267912387848,0.8618873357772827
Lung_Dx-A0184,0,0.030473187565803528,0.9695268273353577
Lung_Dx-A0184,0,0.09560247510671616,0.9043974876403809
Lung_Dx-A0184,0,0.2658328115940094,0.7341671586036682
Lung_Dx-A0184,0,0.17412921786308289,0.8258707523345947
Lung_Dx-A0184,0,0.0388290211558342,0.9611709713935852
Lung_Dx-A0184,0,0.07024005055427551,0.9297599792480469
Lung_Dx-A0184,0,0.0384661927819252,0.961533784866333
Lung_Dx-A0184,0,0.044265877455472946,0.9557340741157532
Lung_Dx-A0184,0,0.09227796643972397,0.9077220559120178
Lung_Dx-A0184,0,0.8003801107406616,0.19961987435817719
Lung_Dx-A0184,0,0.027532940730452538,0.9724670648574829
Lung_Dx-A0184,0,0.8056321740150452,0.19436782598495483
Lung_Dx-A0184,0,0.08471965044736862,0.915280282497406
Lung_Dx-A0184,0,0.08632348477840424,0.9136765599250793
Lung_Dx-A0184,0,0.053058817982673645,0.9469411373138428
Lung_Dx-A0184,0,0.028355205431580544,0.9716448187828064
Lung_Dx-A0184,0,0.036700353026390076,0.9632996320724487
Lung_Dx-A0184,0,0.26454833149909973,0.7354516386985779
Lung_Dx-A0184,0,0.7784809470176697,0.22151906788349152
Lung_Dx-A0184,0,0.025736059993505478,0.9742639064788818
Lung_Dx-A0184,0,0.00036188281956128776,0.9996380805969238
Lung_Dx-A0184,0,0.002182716503739357,0.9978172779083252
Lung_Dx-A0184,0,0.012217681854963303,0.9877822995185852
Lung_Dx-A0184,0,0.2238008826971054,0.7761991024017334
Lung_Dx-A0184,0,0.5960511565208435,0.40394890308380127
Lung_Dx-A0184,0,0.019889742136001587,0.9801102876663208
Lung_Dx-A0184,0,0.008847354911267757,0.9911527037620544
Lung_Dx-A0184,0,0.001071214210242033,0.9989287257194519
Lung_Dx-A0184,0,0.008745182305574417,0.9912548065185547
Lung_Dx-A0184,0,0.021471237763762474,0.9785287380218506
Lung_Dx-A0184,0,0.013902058824896812,0.9860979318618774
Lung_Dx-A0184,0,0.004256349056959152,0.9957436919212341
Lung_Dx-A0184,0,0.0071352520026266575,0.992864727973938
Lung_Dx-A0184,0,0.0035518843214958906,0.9964480400085449
Lung_Dx-A0184,0,0.0035866156686097383,0.9964134097099304
Lung_Dx-A0184,0,0.0711381733417511,0.9288618564605713
Lung_Dx-A0184,0,0.11255132406949997,0.8874487280845642
Lung_Dx-A0184,0,0.5706304907798767,0.42936956882476807
Lung_Dx-A0184,0,0.07343005388975143,0.9265698790550232
Lung_Dx-A0184,0,0.006180981174111366,0.9938190579414368
Lung_Dx-A0184,0,0.006589771248400211,0.9934101700782776
Lung_Dx-A0184,0,0.003350423416122794,0.9966495633125305
Lung_Dx-A0184,0,0.00930394884198904,0.9906960725784302
Lung_Dx-A0184,0,0.012515857815742493,0.9874841570854187
Lung_Dx-A0185,0,0.9813286066055298,0.01867140643298626
Lung_Dx-A0185,0,0.9986801743507385,0.0013198636006563902
Lung_Dx-A0185,0,0.9998756647109985,0.000124362253700383
Lung_Dx-A0185,0,0.9999792575836182,2.070413756882772e-05
Lung_Dx-A0185,0,0.9928786158561707,0.00712142838165164
Lung_Dx-A0185,0,0.9892024397850037,0.01079756673425436
Lung_Dx-A0185,0,0.9946255087852478,0.005374487489461899
Lung_Dx-A0185,0,0.9713473320007324,0.028652669861912727
Lung_Dx-A0185,0,0.9953904151916504,0.004609572701156139
Lung_Dx-A0185,0,0.9987257122993469,0.0012743263505399227
Lung_Dx-A0185,0,0.9995883107185364,0.0004116513882763684
Lung_Dx-A0185,0,0.9935494065284729,0.006450607907027006
Lung_Dx-A0185,0,0.9998067021369934,0.00019335657998453826
Lung_Dx-A0185,0,0.9996999502182007,0.00030002996209077537
Lung_Dx-A0185,0,0.9983547329902649,0.0016452717827633023
Lung_Dx-A0185,0,0.9950273633003235,0.004972596652805805
Lung_Dx-A0185,0,0.9999443292617798,5.562206206377596e-05
Lung_Dx-A0185,0,0.9750598073005676,0.024940254166722298
Lung_Dx-A0185,0,0.9864286780357361,0.01357131265103817
Lung_Dx-A0185,0,0.9987232089042664,0.0012768146116286516
Lung_Dx-A0185,0,0.9981397390365601,0.0018602986820042133
Lung_Dx-A0185,0,0.9415467381477356,0.058453239500522614
Lung_Dx-A0185,0,0.9429286122322083,0.05707140266895294
Lung_Dx-A0185,0,0.9826076626777649,0.017392344772815704
Lung_Dx-A0185,0,0.9963143467903137,0.0036856739316135645
Lung_Dx-A0185,0,0.9993281364440918,0.0006719278171658516
Lung_Dx-A0185,0,0.9997262358665466,0.00027372167096473277
Lung_Dx-A0185,0,0.9976586103439331,0.0023413405288010836
Lung_Dx-A0185,0,0.9975703358650208,0.002429643413051963
Lung_Dx-A0185,0,0.9964824914932251,0.003517488483339548
Lung_Dx-A0185,0,0.992408037185669,0.007591942325234413
Lung_Dx-A0189,0,0.869548499584198,0.1304514855146408
Lung_Dx-A0189,0,0.9528819918632507,0.04711800068616867
Lung_Dx-A0189,0,0.9884026646614075,0.011597362346947193
Lung_Dx-A0189,0,0.9872035384178162,0.01279651839286089
Lung_Dx-A0189,0,0.9678385257720947,0.032161448150873184
Lung_Dx-A0189,0,0.9860442876815796,0.013955710455775261
Lung_Dx-A0189,0,0.9936856627464294,0.006314364727586508
Lung_Dx-A0189,0,0.9955142140388489,0.004485794808715582
Lung_Dx-A0189,0,0.9982420206069946,0.0017580388812348247
Lung_Dx-A0189,0,0.9967013001441956,0.0032986511941999197
Lung_Dx-A0189,0,0.993854820728302,0.006145091727375984
Lung_Dx-A0189,0,0.9875683188438416,0.01243165135383606
Lung_Dx-A0189,0,0.984441339969635,0.015558597631752491
Lung_Dx-A0189,0,0.9929746389389038,0.0070254080928862095
Lung_Dx-A0189,0,0.9934230446815491,0.006576998624950647
Lung_Dx-A0189,0,0.9973061084747314,0.0026939143426716328
Lung_Dx-A0189,0,0.9967837333679199,0.0032162165734916925
Lung_Dx-A0189,0,0.996656060218811,0.0033439078833907843
Lung_Dx-A0189,0,0.9952077269554138,0.004792316816747189
Lung_Dx-A0189,0,0.9958741068840027,0.004125935025513172
Lung_Dx-A0189,0,0.9961004257202148,0.0038996210787445307
Lung_Dx-A0189,0,0.993854820728302,0.006145091727375984
Lung_Dx-A0189,0,0.9961903095245361,0.003809629939496517
Lung_Dx-A0189,0,0.9862046241760254,0.01379536371678114
Lung_Dx-A0189,0,0.9952356219291687,0.004764452576637268
Lung_Dx-A0189,0,0.9963570237159729,0.0036428910680115223
Lung_Dx-A0189,0,0.9961456060409546,0.003854363691061735
Lung_Dx-A0189,0,0.9976722598075867,0.0023276936262845993
Lung_Dx-A0189,0,0.9978635907173157,0.0021364211570471525
Lung_Dx-A0189,0,0.9945201277732849,0.005479908548295498
Lung_Dx-A0189,0,0.9958011507987976,0.004198795184493065
Lung_Dx-A0189,0,0.9902915358543396,0.009708477184176445
Lung_Dx-A0189,0,0.9959298968315125,0.004070138093084097
Lung_Dx-A0189,0,0.9992371797561646,0.0007628130842931569
Lung_Dx-A0189,0,0.9951796531677246,0.0048203435726463795
Lung_Dx-A0189,0,0.9974983334541321,0.002501696813851595
Lung_Dx-A0189,0,0.9961530566215515,0.0038468718994408846
Lung_Dx-A0189,0,0.9754602313041687,0.024539699777960777
Lung_Dx-A0189,0,0.9921841025352478,0.007815889082849026
Lung_Dx-A0189,0,0.9908389449119568,0.0091610262170434
Lung_Dx-A0189,0,0.9956176280975342,0.004382336977869272
Lung_Dx-A0189,0,0.9812749028205872,0.018725162371993065
Lung_Dx-A0189,0,0.9877350926399231,0.012264914810657501
Lung_Dx-A0189,0,0.9754368662834167,0.02456308715045452
Lung_Dx-A0189,0,0.976445734500885,0.023554332554340363
Lung_Dx-A0189,0,0.9170801043510437,0.08291985839605331
Lung_Dx-A0189,0,0.9370958209037781,0.0629042461514473
Lung_Dx-A0189,0,0.9460510015487671,0.05394897609949112
Lung_Dx-A0189,0,0.894651472568512,0.10534851998090744
Lung_Dx-A0189,0,0.933854341506958,0.06614567339420319
Lung_Dx-A0189,0,0.08021324872970581,0.9197867512702942
Lung_Dx-A0189,0,0.5126010775566101,0.4873989224433899
Lung_Dx-A0189,0,0.3326354920864105,0.6673644781112671
Lung_Dx-A0189,0,0.11436852067708969,0.8856314420700073
Lung_Dx-A0189,0,0.037256766110658646,0.9627432227134705
Lung_Dx-A0189,0,0.0017173837404698133,0.9982826709747314
Lung_Dx-A0189,0,0.27430278062820435,0.7256972193717957
Lung_Dx-A0189,0,0.7531717419624329,0.24682825803756714
Lung_Dx-A0189,0,0.5657786130905151,0.4342213571071625
Lung_Dx-A0189,0,0.41451364755630493,0.5854863524436951
Lung_Dx-A0189,0,0.9066531658172607,0.09334687888622284
Lung_Dx-A0189,0,0.9682613611221313,0.03173859044909477
Lung_Dx-A0189,0,0.9656736254692078,0.034326303750276566
Lung_Dx-A0201,0,0.999957799911499,4.2150626541115344e-05
Lung_Dx-A0201,0,0.9999369382858276,6.302758993115276e-05
Lung_Dx-A0201,0,0.9999922513961792,7.73667125031352e-06
Lung_Dx-A0201,0,0.9999973773956299,2.581370381449233e-06
Lung_Dx-A0201,0,0.9996665716171265,0.0003333915665280074
Lung_Dx-A0201,0,0.9999724626541138,2.7535692424862646e-05
Lung_Dx-A0201,0,0.9999948740005493,5.153747679287335e-06
Lung_Dx-A0201,0,0.9999200105667114,7.998482033144683e-05
Lung_Dx-A0201,0,1.0,2.286290801123414e-08
Lung_Dx-A0201,0,1.0,4.271353759577323e-08
Lung_Dx-A0201,0,0.9999992847442627,6.786734161323693e-07
Lung_Dx-A0201,0,0.9999982118606567,1.8091417359755724e-06
Lung_Dx-A0201,0,0.9999991655349731,7.781028443787363e-07
Lung_Dx-A0201,0,0.9999984502792358,1.5841377489778097e-06
Lung_Dx-A0201,0,0.9999985694885254,1.4423740140045993e-06
Lung_Dx-A0201,0,0.9999963045120239,3.741224873010651e-06
Lung_Dx-A0201,0,0.9999979734420776,1.986952838706202e-06
Lung_Dx-A0201,0,0.999991774559021,8.2035330706276e-06
Lung_Dx-A0201,0,0.9997965693473816,0.00020342697098385543
Lung_Dx-A0201,0,0.9999537467956543,4.629321847460233e-05
Lung_Dx-A0201,0,0.999991774559021,8.2035330706276e-06
Lung_Dx-A0203,0,0.9085367321968079,0.09146321564912796
Lung_Dx-A0203,0,0.9391923546791077,0.06080764904618263
Lung_Dx-A0203,0,0.8505927920341492,0.14940722286701202
Lung_Dx-A0203,0,0.9293763041496277,0.07062366604804993
Lung_Dx-A0203,0,0.9916841983795166,0.008315779268741608
Lung_Dx-A0203,0,0.6013521552085876,0.39864784479141235
Lung_Dx-A0203,0,0.972701370716095,0.027298586443066597
Lung_Dx-A0203,0,0.9919379353523254,0.00806199200451374
Lung_Dx-A0203,0,0.9944451451301575,0.005554925184696913
Lung_Dx-A0203,0,0.9932811260223389,0.006718870252370834
Lung_Dx-A0203,0,0.9915215969085693,0.00847840216010809
Lung_Dx-A0203,0,0.9974836707115173,0.0025163611862808466
Lung_Dx-A0203,0,0.9995719790458679,0.00042804275290109217
Lung_Dx-A0203,0,0.9979210495948792,0.002078914549201727
Lung_Dx-A0203,0,0.9987550973892212,0.0012448433553799987
Lung_Dx-A0203,0,0.9939261078834534,0.006073934491723776
Lung_Dx-A0203,0,0.9979129433631897,0.0020870345178991556
Lung_Dx-A0203,0,0.9892024397850037,0.01079756673425436
Lung_Dx-A0203,0,0.9918437600135803,0.008156249299645424
Lung_Dx-A0203,0,0.9941459894180298,0.005853960290551186
Lung_Dx-A0203,0,0.9992371797561646,0.0007628130842931569
Lung_Dx-A0203,0,0.9959140419960022,0.004086002707481384
Lung_Dx-A0203,0,0.9776285290718079,0.022371459752321243
Lung_Dx-A0203,0,0.9927391409873962,0.007260866463184357
Lung_Dx-A0203,0,0.9989055395126343,0.0010944521054625511
Lung_Dx-A0203,0,0.9941459894180298,0.005853960290551186
Lung_Dx-A0203,0,0.999514102935791,0.0004859561158809811
Lung_Dx-A0203,0,0.9978760480880737,0.002123966347426176
Lung_Dx-A0203,0,0.9993188381195068,0.0006811710773035884
Lung_Dx-A0203,0,0.9999762773513794,2.373734059801791e-05
Lung_Dx-A0203,0,0.9951325058937073,0.004867417272180319
Lung_Dx-A0203,0,0.9986435770988464,0.001356401713564992
Lung_Dx-A0203,0,0.9947697520256042,0.005230278242379427
Lung_Dx-A0203,0,0.9984299540519714,0.0015700474614277482
Lung_Dx-A0203,0,0.988558292388916,0.011441684328019619
Lung_Dx-A0203,0,0.9542226791381836,0.045777272433042526
Lung_Dx-A0203,0,0.9923785924911499,0.007621429860591888
Lung_Dx-A0203,0,0.977521538734436,0.022478504106402397
Lung_Dx-A0203,0,0.987508237361908,0.012491741217672825
Lung_Dx-A0203,0,0.9378399848937988,0.06216002628207207
Lung_Dx-A0203,0,0.9391365647315979,0.060863446444272995
Lung_Dx-A0203,0,0.9930961728096008,0.006903838366270065
Lung_Dx-A0203,0,0.9829710125923157,0.017028963193297386
Lung_Dx-A0203,0,0.9942025542259216,0.0057974006049335
Lung_Dx-A0203,0,0.9973734617233276,0.002626552479341626
Lung_Dx-A0203,0,0.998121440410614,0.0018785203574225307
Lung_Dx-A0203,0,0.9983417987823486,0.001658154185861349
Lung_Dx-A0203,0,0.9983158111572266,0.0016842224868014455
Lung_Dx-A0203,0,0.9931362867355347,0.006863781251013279
Lung_Dx-A0203,0,0.9958256483078003,0.004174367059022188
Lung_Dx-A0203,0,0.9869040250778198,0.013096004724502563
Lung_Dx-A0203,0,0.9979292154312134,0.002070826943963766
Lung_Dx-A0203,0,0.9968149065971375,0.0031850605737417936
Lung_Dx-A0203,0,0.994929850101471,0.005070175509899855
Lung_Dx-A0203,0,0.9947186708450317,0.005281334277242422
Lung_Dx-A0203,0,0.8603691458702087,0.13963085412979126
Lung_Dx-A0203,0,0.8830848336219788,0.11691516637802124
Lung_Dx-A0203,0,0.9375547766685486,0.06244529038667679
Lung_Dx-A0203,0,0.8773192167282104,0.12268078327178955
Lung_Dx-A0203,0,0.9843664169311523,0.015633562579751015
Lung_Dx-A0203,0,0.9984662532806396,0.0015337332151830196
Lung_Dx-A0203,0,0.9874235987663269,0.012576348148286343
Lung_Dx-A0203,0,0.9849563241004944,0.015043660998344421
Lung_Dx-A0203,0,0.9666946530342102,0.033305369317531586
Lung_Dx-A0225,0,0.9727790951728821,0.02722090296447277
Lung_Dx-A0225,0,0.9613164663314819,0.03868349641561508
Lung_Dx-A0225,0,0.9973008036613464,0.0026991665363311768
Lung_Dx-A0225,0,0.9781146049499512,0.021885454654693604
Lung_Dx-A0225,0,0.9957436919212341,0.004256349056959152
Lung_Dx-A0225,0,0.986084520816803,0.013915452174842358
Lung_Dx-A0225,0,0.9769787192344666,0.023021256551146507
Lung_Dx-A0225,0,0.9408984184265137,0.05910154804587364
Lung_Dx-A0225,0,0.9274290800094604,0.07257094979286194
Lung_Dx-A0225,0,0.8142375349998474,0.18576249480247498
Lung_Dx-A0225,0,0.9509603977203369,0.04903962463140488
Lung_Dx-A0225,0,0.9202896952629089,0.07971034944057465
Lung_Dx-A0225,0,0.8845389485359192,0.11546110361814499
Lung_Dx-A0225,0,0.9663152694702148,0.03368473798036575
Lung_Dx-A0225,0,0.9987106323242188,0.0012893282109871507
Lung_Dx-A0225,0,0.9978965520858765,0.0021033689845353365
Lung_Dx-A0225,0,0.9999463558197021,5.37006781087257e-05
Lung_Dx-A0225,0,0.9998817443847656,0.00011820537474704906
Lung_Dx-A0225,0,0.999840259552002,0.00015967863146215677
Lung_Dx-A0225,0,0.9991374015808105,0.0008626077906228602
Lung_Dx-A0225,0,0.9996929168701172,0.0003071427927352488
Lung_Dx-A0225,0,0.9969245791435242,0.00307536986656487
Lung_Dx-A0225,0,0.9995962977409363,0.0004036925674881786
Lung_Dx-A0225,0,0.9976722598075867,0.0023276936262845993
Lung_Dx-A0225,0,0.9989896416664124,0.0010103128151968122
Lung_Dx-A0225,0,0.9988003969192505,0.0011995489476248622
Lung_Dx-A0225,0,0.994168758392334,0.005831271409988403
Lung_Dx-A0225,0,0.9932811260223389,0.006718870252370834
Lung_Dx-A0225,0,0.9990854263305664,0.0009146137163043022
Lung_Dx-A0225,0,0.9751308560371399,0.024869104847311974
Lung_Dx-A0225,0,0.9881537556648254,0.011846235953271389
Lung_Dx-A0225,0,0.9806364178657532,0.0193636417388916
Lung_Dx-A0225,0,0.9800912737846375,0.019908789545297623
Lung_Dx-A0225,0,0.9977261424064636,0.0022738955449312925
Lung_Dx-A0225,0,0.9940774440765381,0.005922556854784489
Lung_Dx-A0225,0,0.9994877576828003,0.0005122569273225963
Lung_Dx-A0225,0,0.9847230911254883,0.015276945196092129
Lung_Dx-A0225,0,0.9939847588539124,0.006015262566506863
Lung_Dx-A0225,0,0.998454213142395,0.0015457437839359045
Lung_Dx-A0225,0,0.9997658133506775,0.00023413580493070185
Lung_Dx-A0234,0,0.9765800833702087,0.023419944569468498
Lung_Dx-A0234,0,0.872184157371521,0.1278158277273178
Lung_Dx-A0234,0,0.9904590845108032,0.009540924802422523
Lung_Dx-A0234,0,0.9520419239997864,0.04795810580253601
Lung_Dx-A0234,0,0.940188467502594,0.05981148034334183
Lung_Dx-A0234,0,0.9902538657188416,0.009746103547513485
Lung_Dx-A0234,0,0.9920312166213989,0.007968815043568611
Lung_Dx-A0234,0,0.988558292388916,0.011441684328019619
Lung_Dx-A0234,0,0.99664306640625,0.0033569515217095613
Lung_Dx-A0234,0,0.9914721846580505,0.008527800440788269
Lung_Dx-A0234,0,0.9997325539588928,0.00026738259475678205
Lung_Dx-A0234,0,0.9994081258773804,0.0005918645765632391
Lung_Dx-A0234,0,0.9999381303787231,6.18085905443877e-05
Lung_Dx-A0234,0,0.980262041091919,0.01973801478743553
Lung_Dx-A0234,0,0.9986409544944763,0.001359049929305911
Lung_Dx-A0234,0,0.993561863899231,0.0064381021074950695
Lung_Dx-A0234,0,0.9912378191947937,0.00876212865114212
Lung_Dx-A0234,0,0.9899281859397888,0.010071823373436928
Lung_Dx-A0234,0,0.9366915822029114,0.06330841034650803
Lung_Dx-A0234,0,0.9959378242492676,0.004062228836119175
Lung_Dx-A0234,0,0.9907498955726624,0.009250096045434475
Lung_Dx-A0234,0,0.9665054082870483,0.033494532108306885
Lung_Dx-A0234,0,0.9766469597816467,0.023353029042482376
Lung_Dx-A0234,0,0.9978129863739014,0.002186974510550499
Lung_Dx-A0234,0,0.958304226398468,0.041695766150951385
Lung_Dx-A0234,0,0.9980581402778625,0.001941816764883697
Lung_Dx-A0234,0,0.9985951781272888,0.0014048678567633033
Lung_Dx-A0234,0,0.9943471550941467,0.005652877036482096
Lung_Dx-A0234,0,0.9999520778656006,4.794958294951357e-05
Lung_Dx-A0234,0,0.9935992956161499,0.0064007299952209
Lung_Dx-A0234,0,0.9986853003501892,0.001314724562689662
Lung_Dx-A0234,0,0.9857729077339172,0.014227045699954033
Lung_Dx-A0234,0,0.9913725852966309,0.008627457544207573
Lung_Dx-A0234,0,0.9994263648986816,0.0005736652528867126
Lung_Dx-A0234,0,0.9986435770988464,0.001356401713564992
Lung_Dx-A0234,0,0.9912885427474976,0.008711383678019047
Lung_Dx-A0234,0,0.9990872144699097,0.0009128307574428618
Lung_Dx-A0234,0,0.999783456325531,0.00021654403826687485
Lung_Dx-A0234,0,0.9994557499885559,0.0005442132242023945
Lung_Dx-A0234,0,0.9986489415168762,0.0013511208817362785
Lung_Dx-A0234,0,0.9688562154769897,0.031143832951784134
Lung_Dx-A0234,0,0.9511421918869019,0.04885777831077576
Lung_Dx-A0234,0,0.7976356148719788,0.20236435532569885
Lung_Dx-A0234,0,0.6925380229949951,0.3074619770050049
Lung_Dx-A0234,0,0.5829139947891235,0.4170859754085541
Lung_Dx-A0234,0,0.9771973490715027,0.02280263602733612
Lung_Dx-A0234,0,0.9786719083786011,0.02132808044552803
Lung_Dx-A0234,0,0.981577455997467,0.01842254213988781
Lung_Dx-A0234,0,0.9720190763473511,0.027980946004390717
Lung_Dx-A0234,0,0.9455505013465881,0.054449573159217834
Lung_Dx-A0234,0,0.9890553951263428,0.010944577865302563
Lung_Dx-A0234,0,0.9897712469100952,0.010228808969259262
Lung_Dx-A0234,0,0.9671319723129272,0.03286798298358917
Lung_Dx-A0234,0,0.9077220559120178,0.09227796643972397
Lung_Dx-A0234,0,0.9813465476036072,0.018653521314263344
Lung_Dx-A0234,0,0.9605096578598022,0.03949040547013283
Lung_Dx-A0234,0,0.8934953808784485,0.10650458931922913
Lung_Dx-A0234,0,0.6942508220672607,0.30574914813041687
Lung_Dx-A0234,0,0.8808483481407166,0.11915167421102524
Lung_Dx-A0234,0,0.5529018640518188,0.44709816575050354
Lung_Dx-A0234,0,0.6887301802635193,0.3112698197364807
Lung_Dx-A0234,0,0.995372474193573,0.004627529997378588
Lung_Dx-A0234,0,0.9739189147949219,0.02608109824359417
Lung_Dx-A0234,0,0.9795897603034973,0.020410308614373207
Lung_Dx-A0234,0,0.8298369646072388,0.17016297578811646
Lung_Dx-A0234,0,0.9959378242492676,0.004062228836119175
Lung_Dx-A0234,0,0.9779467582702637,0.022053318098187447
Lung_Dx-A0234,0,0.9800339937210083,0.019966036081314087
Lung_Dx-A0234,0,0.8733229041099548,0.12667711079120636
Lung_Dx-A0234,0,0.9300146102905273,0.06998537480831146
Lung_Dx-A0234,0,0.85542893409729,0.14457103610038757
Lung_Dx-A0234,0,0.9836912155151367,0.01630876585841179
Lung_Dx-A0244,0,0.9799382090568542,0.020061802119016647
Lung_Dx-A0244,0,0.9969780445098877,0.0030219447799026966
Lung_Dx-A0244,0,0.9995618462562561,0.00043818907579407096
Lung_Dx-A0244,0,0.9995802044868469,0.00041976713691838086
Lung_Dx-A0244,0,0.9997331500053406,0.0002668610541149974
Lung_Dx-A0244,0,0.9980121850967407,0.0019877743907272816
Lung_Dx-A0244,0,0.9994826316833496,0.000517281296197325
Lung_Dx-A0244,0,0.9993371367454529,0.0006628098199144006
Lung_Dx-A0244,0,0.9995073080062866,0.0004926423425786197
Lung_Dx-A0244,0,0.9998809099197388,0.0001191323681268841
Lung_Dx-A0244,0,0.99988853931427,0.00011147904297104105
Lung_Dx-A0244,0,0.9999653100967407,3.467241913313046e-05
Lung_Dx-A0244,0,0.9996594190597534,0.0003406293108128011
Lung_Dx-A0244,0,0.9739436507225037,0.026056304574012756
Lung_Dx-A0244,0,0.9986593723297119,0.0013406203361228108
Lung_Dx-A0244,0,0.9982143640518188,0.001785674481652677
Lung_Dx-A0244,0,0.9776925444602966,0.02230747602880001
Lung_Dx-A0244,0,0.9815951585769653,0.018404891714453697
Lung_Dx-A0244,0,0.9957684278488159,0.004231587518006563
Lung_Dx-A0244,0,0.996906578540802,0.00309338653460145
Lung_Dx-A0244,0,0.9770007133483887,0.02299930341541767
Lung_Dx-A0244,0,0.027195056900382042,0.9728049635887146
Lung_Dx-A0244,0,0.6338919401168823,0.3661080002784729
Lung_Dx-G0042,1,0.00019411317771300673,0.9998058676719666
Lung_Dx-G0042,1,0.007204768247902393,0.9927951693534851
Lung_Dx-G0042,1,0.0035106490831822157,0.9964893460273743
Lung_Dx-G0042,1,0.004323086701333523,0.9956769347190857
Lung_Dx-G0042,1,0.010268432088196278,0.98973149061203
Lung_Dx-G0042,1,0.005050507839769125,0.994949460029602
Lung_Dx-G0042,1,0.01587584614753723,0.9841241240501404
Lung_Dx-G0042,1,0.015769395977258682,0.9842305779457092
Lung_Dx-G0042,1,0.008527800440788269,0.9914721846580505
Lung_Dx-G0042,1,0.002099273493513465,0.9979007244110107
Lung_Dx-G0042,1,0.007937993854284286,0.992061972618103
Lung_Dx-G0042,1,0.011915022507309914,0.9880849719047546
Lung_Dx-G0042,1,0.0013458605390042067,0.9986541271209717
Lung_Dx-G0042,1,0.0005571116926148534,0.9994428753852844
Lung_Dx-G0042,1,0.007800757884979248,0.9921992421150208
Lung_Dx-G0042,1,0.0879155769944191,0.9120844006538391
Lung_Dx-G0042,1,0.0020911062601953745,0.9979089498519897
Lung_Dx-G0042,1,0.014023063704371452,0.9859769344329834
Lung_Dx-G0042,1,0.004801641218364239,0.9951984286308289
Lung_Dx-G0042,1,0.006265534088015556,0.9937345385551453
Lung_Dx-G0042,1,0.311583936214447,0.6884160041809082
Lung_Dx-G0042,1,0.3391432762145996,0.6608566641807556
Lung_Dx-G0042,1,0.6230041980743408,0.3769957721233368
Lung_Dx-G0042,1,0.9679599404335022,0.032040078192949295
Lung_Dx-G0042,1,0.9532315135002136,0.04676847532391548
Lung_Dx-G0042,1,0.9590777158737183,0.04092230275273323
Lung_Dx-G0042,1,0.9931495785713196,0.006850480102002621
Lung_Dx-G0042,1,0.9904035329818726,0.009596454910933971
Lung_Dx-G0042,1,0.9514138102531433,0.04858620837330818
Lung_Dx-G0042,1,0.9845309257507324,0.015469107776880264
Lung_Dx-G0042,1,0.9003108739852905,0.09968912601470947
Lung_Dx-G0042,1,0.968020498752594,0.03197956085205078
Lung_Dx-G0042,1,0.951096773147583,0.04890318214893341
Lung_Dx-G0042,1,0.9859634041786194,0.014036569744348526
Lung_Dx-G0042,1,0.19678761065006256,0.8032124042510986
Lung_Dx-G0042,1,0.9942920207977295,0.00570803415030241
Lung_Dx-G0042,1,0.5694037675857544,0.430596262216568
Lung_Dx-G0042,1,0.044472914189100266,0.955527126789093
Lung_Dx-G0042,1,0.011732465587556362,0.9882676005363464
Lung_Dx-G0042,1,0.24481408298015594,0.7551859021186829
Lung_Dx-G0042,1,0.8099909424781799,0.19000908732414246
Lung_Dx-G0042,1,0.11576063930988312,0.8842393159866333
Lung_Dx-G0042,1,0.6496064066886902,0.3503936231136322
Lung_Dx-G0042,1,0.2135411649942398,0.7864589095115662
Lung_Dx-G0042,1,0.15215818583965302,0.8478417992591858
Lung_Dx-G0042,1,0.1678997278213501,0.8321002125740051
Lung_Dx-G0042,1,0.09146321564912796,0.9085367321968079
Lung_Dx-G0042,1,0.41043129563331604,0.5895686745643616
Lung_Dx-G0042,1,0.055157773196697235,0.9448422193527222
Lung_Dx-G0042,1,0.4737180769443512,0.5262818932533264
Lung_Dx-G0042,1,0.8158934712409973,0.1841064840555191
Lung_Dx-G0042,1,0.6960616111755371,0.3039383888244629
Lung_Dx-G0042,1,0.7781439423561096,0.2218560427427292
Lung_Dx-G0042,1,0.6500300168991089,0.3499699831008911
Lung_Dx-G0042,1,0.6605009436607361,0.3394990861415863
Lung_Dx-G0042,1,0.48648399114608765,0.5135159492492676
Lung_Dx-G0051,1,0.9439706206321716,0.05602938309311867
Lung_Dx-G0051,1,0.9563905000686646,0.04360952973365784
Lung_Dx-G0051,1,0.408922016620636,0.591077983379364
Lung_Dx-G0051,1,0.9277897477149963,0.07221027463674545
Lung_Dx-G0051,1,0.5783960819244385,0.4216039180755615
Lung_Dx-G0051,1,0.242340087890625,0.757659912109375
Lung_Dx-G0051,1,0.014899643138051033,0.9851003289222717
Lung_Dx-G0051,1,0.42778509855270386,0.5722148418426514
Lung_Dx-G0051,1,0.0221377182751894,0.9778622388839722
Lung_Dx-G0051,1,0.0007733057136647403,0.9992266893386841
Lung_Dx-G0051,1,0.0026368051767349243,0.9973631501197815
Lung_Dx-G0051,1,0.0002835130726452917,0.9997164607048035
Lung_Dx-G0051,1,0.013715874403715134,0.9862841367721558
Lung_Dx-G0051,1,0.009285965003073215,0.9907140731811523
Lung_Dx-G0051,1,0.003241359954699874,0.9967586398124695
Lung_Dx-G0051,1,0.0003023824538104236,0.9996976852416992
Lung_Dx-G0051,1,0.0003212502633687109,0.9996787309646606
Lung_Dx-G0051,1,0.00026119028916582465,0.9997387528419495
Lung_Dx-G0051,1,0.0004907225957140326,0.9995092153549194
Lung_Dx-G0051,1,0.00012681477528531104,0.999873161315918
Lung_Dx-G0051,1,0.0027791906613856554,0.9972207546234131
Lung_Dx-G0051,1,0.027143435552716255,0.9728566408157349
Lung_Dx-G0051,1,0.28378137946128845,0.7162185907363892
Lung_Dx-G0051,1,0.2371119111776352,0.7628881335258484
Lung_Dx-G0051,1,0.22139276564121246,0.778607189655304
Lung_Dx-G0051,1,0.45048025250434875,0.5495197772979736
Lung_Dx-G0051,1,0.12215621769428253,0.8778437376022339
Lung_Dx-G0051,1,0.1909879595041275,0.8090120553970337
Lung_Dx-G0051,1,0.7065448760986328,0.2934550940990448
Lung_Dx-G0051,1,0.7093464136123657,0.2906535863876343
Lung_Dx-G0051,1,0.31798192858695984,0.6820180416107178
Lung_Dx-G0051,1,0.9053641557693481,0.09463585913181305
Lung_Dx-G0051,1,0.9286032319068909,0.07139670848846436
Lung_Dx-G0051,1,0.7717574834823608,0.22824251651763916
Lung_Dx-G0051,1,0.23065973818302155,0.7693402767181396
Lung_Dx-G0051,1,0.06563477963209152,0.9343652725219727
Lung_Dx-G0051,1,0.7796156406402588,0.2203843742609024
Lung_Dx-G0051,1,0.11506275832653046,0.8849372863769531
Lung_Dx-G0051,1,0.42299243807792664,0.5770075917243958
Lung_Dx-G0051,1,0.008527800440788269,0.9914721846580505
Lung_Dx-G0051,1,0.9362266659736633,0.0637732744216919
Lung_Dx-G0051,1,0.1564267873764038,0.8435731530189514
Lung_Dx-G0051,1,0.1822071373462677,0.8177928328514099
Lung_Dx-G0051,1,0.228500634431839,0.7714993357658386
Lung_Dx-G0051,1,0.39575430750846863,0.604245662689209
Lung_Dx-G0051,1,0.2593095004558563,0.7406904697418213
Lung_Dx-G0051,1,0.17245040833950043,0.8275495767593384
Lung_Dx-G0051,1,0.851582944393158,0.14841710031032562
Lung_Dx-G0051,1,0.7446099519729614,0.25539007782936096
Lung_Dx-G0051,1,0.9091436266899109,0.0908564105629921
Lung_Dx-G0051,1,0.8602518439292908,0.139748215675354
Lung_Dx-G0051,1,0.9382373094558716,0.06176271289587021
Lung_Dx-G0051,1,0.8082186579704285,0.19178137183189392
Lung_Dx-G0051,1,0.48806989192962646,0.5119301080703735
Lung_Dx-G0051,1,0.22601395845413208,0.7739860415458679
Lung_Dx-G0051,1,0.015350574627518654,0.9846494793891907
Lung_Dx-G0051,1,0.004529616795480251,0.995470404624939
Lung_Dx-G0051,1,0.0038022249937057495,0.9961977601051331
Lung_Dx-G0051,1,0.0012918456923216581,0.9987081289291382
Lung_Dx-G0051,1,0.03792804479598999,0.9620718955993652
Lung_Dx-G0051,1,0.14553989470005035,0.8544600605964661
Lung_Dx-G0051,1,0.975272536277771,0.024727409705519676
Lung_Dx-G0051,1,0.014559518545866013,0.9854404330253601
Lung_Dx-G0051,1,0.6032308340072632,0.3967691659927368
Lung_Dx-G0051,1,0.8906751871109009,0.10932482779026031
Lung_Dx-G0051,1,0.5914872884750366,0.4085127115249634
Lung_Dx-G0051,1,0.46670886874198914,0.5332911014556885
Lung_Dx-G0051,1,0.851582944393158,0.14841710031032562
Lung_Dx-G0051,1,0.1212688684463501,0.8787311315536499
Lung_Dx-G0051,1,0.010209054686129093,0.9897909760475159
Lung_Dx-G0051,1,0.07349652051925659,0.9265034794807434
Lung_Dx-G0051,1,0.2775708734989166,0.722429096698761
Lung_Dx-G0051,1,0.034782394766807556,0.965217649936676
Lung_Dx-G0051,1,0.8315537571907043,0.16844618320465088
Lung_Dx-G0051,1,0.5592900514602661,0.4407099783420563
Lung_Dx-G0051,1,0.7381031513214111,0.26189687848091125
Lung_Dx-G0051,1,0.9428234100341797,0.05717659369111061
Lung_Dx-G0051,1,0.3132621645927429,0.6867377758026123
Lung_Dx-G0051,1,0.6114109754562378,0.3885890245437622
Lung_Dx-G0051,1,0.8526903390884399,0.14730969071388245
Lung_Dx-G0051,1,0.4472905397415161,0.5527095198631287
Lung_Dx-G0051,1,0.5487943887710571,0.45120561122894287
Lung_Dx-G0051,1,0.061593152582645416,0.9384068250656128
Lung_Dx-G0051,1,0.033939965069293976,0.9660599827766418
Lung_Dx-G0051,1,0.019087431952357292,0.9809125065803528
Lung_Dx-G0051,1,0.029145972803235054,0.9708540439605713
Lung_Dx-G0051,1,0.0032162165734916925,0.9967837333679199
Lung_Dx-G0051,1,0.1474323868751526,0.8525676131248474
Lung_Dx-G0051,1,0.03397199511528015,0.9660279750823975
Lung_Dx-G0051,1,0.27469173073768616,0.7253082990646362
Lung_Dx-G0051,1,0.07011259347200394,0.9298873543739319
Lung_Dx-G0051,1,0.3658920228481293,0.6341079473495483
Lung_Dx-G0051,1,0.3508799970149994,0.649120032787323
Lung_Dx-G0052,1,0.06835070252418518,0.9316493272781372
Lung_Dx-G0052,1,0.0698583573102951,0.9301416277885437
Lung_Dx-G0052,1,0.037573304027318954,0.9624266624450684
Lung_Dx-G0052,1,0.0068771070800721645,0.9931228756904602
Lung_Dx-G0052,1,0.012007351033389568,0.9879926443099976
Lung_Dx-G0052,1,0.009652304463088512,0.9903476238250732
Lung_Dx-G0052,1,0.06644792854785919,0.933552086353302
Lung_Dx-G0052,1,0.0009754452621564269,0.999024510383606
Lung_Dx-G0052,1,0.01742575690150261,0.9825742840766907
Lung_Dx-G0052,1,0.09640762209892273,0.9035923480987549
Lung_Dx-G0052,1,0.007518718484789133,0.9924813508987427
Lung_Dx-G0052,1,0.0020308548118919134,0.9979690909385681
Lung_Dx-G0052,1,0.010902373120188713,0.9890975952148438
Lung_Dx-G0052,1,0.0031297362875193357,0.996870219707489
Lung_Dx-G0052,1,0.001941816764883697,0.9980581402778625
Lung_Dx-G0052,1,0.19087480008602142,0.8091251850128174
Lung_Dx-G0052,1,0.023286305367946625,0.9767136573791504
Lung_Dx-G0052,1,0.0009039677097462118,0.9990960359573364
Lung_Dx-G0052,1,0.02515488490462303,0.9748451709747314
Lung_Dx-G0052,1,0.029535336419939995,0.9704646468162537
Lung_Dx-G0052,1,0.057123973965644836,0.9428760409355164
Lung_Dx-G0052,1,0.00968971662223339,0.9903102517127991
Lung_Dx-G0052,1,0.009340024553239346,0.9906600117683411
Lung_Dx-G0052,1,0.06536578387022018,0.934634268283844
Lung_Dx-G0052,1,0.02811405621469021,0.9718859195709229
Lung_Dx-G0052,1,0.0070801181718707085,0.9929198622703552
Lung_Dx-G0052,1,0.0693524107336998,0.930647611618042
Lung_Dx-G0052,1,0.0475141815841198,0.9524857997894287
Lung_Dx-G0052,1,0.0010628869058564305,0.9989370703697205
Lung_Dx-G0052,1,0.013888676650822163,0.9861112833023071
Lung_Dx-G0052,1,0.04531031847000122,0.9546896815299988
Lung_Dx-G0052,1,0.07403029501438141,0.9259697198867798
Lung_Dx-G0052,1,0.11148280650377274,0.8885172009468079
Lung_Dx-G0052,1,0.46710386872291565,0.5328961610794067
Lung_Dx-G0052,1,0.40240678191185,0.5975931882858276
Lung_Dx-G0052,1,0.054449573159217834,0.9455505013465881
Lung_Dx-G0052,1,0.01108285877853632,0.9889171123504639
Lung_Dx-G0052,1,0.08725224435329437,0.9127477407455444
Lung_Dx-G0052,1,0.0013354007387533784,0.9986646175384521
Lung_Dx-G0052,1,0.00028406718047335744,0.9997158646583557
Lung_Dx-G0052,1,0.000448575709015131,0.9995513558387756
Lung_Dx-G0052,1,0.027169233188033104,0.9728307723999023
Lung_Dx-G0052,1,0.019946934655308723,0.9800530076026917
Lung_Dx-G0052,1,0.06632687151432037,0.9336731433868408
Lung_Dx-G0052,1,0.010189337655901909,0.9898107051849365
Lung_Dx-G0052,1,0.003376612439751625,0.9966233968734741
Lung_Dx-G0052,1,0.0010182288242504,0.998981773853302
Lung_Dx-G0052,1,0.1465141326189041,0.8534858822822571
Lung_Dx-G0052,1,0.02539546974003315,0.9746044874191284
Lung_Dx-G0052,1,0.067454494535923,0.93254554271698
Lung_Dx-G0052,1,0.07382971048355103,0.9261703491210938
Lung_Dx-G0052,1,0.2816525101661682,0.718347430229187
Lung_Dx-G0052,1,0.029256708920001984,0.9707432389259338
Lung_Dx-G0052,1,0.05345271900296211,0.9465473294258118
Lung_Dx-G0052,1,0.03527754545211792,0.9647224545478821
Lung_Dx-G0052,1,0.0018494504038244486,0.9981505274772644
Lung_Dx-G0052,1,0.008445627987384796,0.9915544390678406
Lung_Dx-G0052,1,0.09260568022727966,0.907394289970398
Lung_Dx-G0052,1,0.0832919329404831,0.9167081117630005
Lung_Dx-G0052,1,0.627266526222229,0.3727335035800934
Lung_Dx-G0052,1,0.9836755394935608,0.016324440017342567
Lung_Dx-G0052,1,0.7541462779045105,0.2458537369966507
Lung_Dx-G0052,1,0.6834458708763123,0.31655409932136536
Lung_Dx-G0052,1,0.9881309270858765,0.011869121342897415
Lung_Dx-G0052,1,0.9659959077835083,0.03400405868887901
Lung_Dx-G0052,1,0.9287972450256348,0.07120272517204285
Lung_Dx-G0052,1,0.9252974390983582,0.07470250874757767
Lung_Dx-G0052,1,0.9448931217193604,0.05510690435767174
Lung_Dx-G0052,1,0.9697853922843933,0.030214589089155197
Lung_Dx-G0052,1,0.9906960725784302,0.00930394884198904
Lung_Dx-G0052,1,0.9782395958900452,0.021760374307632446
Lung_Dx-G0052,1,0.8932163119316101,0.10678370296955109
Lung_Dx-G0052,1,0.9395261406898499,0.060473889112472534
Lung_Dx-G0052,1,0.7550053000450134,0.24499467015266418
Lung_Dx-G0052,1,0.14057204127311707,0.8594279289245605
Lung_Dx-G0052,1,0.39697369933128357,0.603026270866394
Lung_Dx-G0052,1,0.08659343421459198,0.9134065508842468
Lung_Dx-G0052,1,0.16633658111095428,0.8336634039878845
Lung_Dx-G0052,1,0.14804719388484955,0.851952850818634
Lung_Dx-G0052,1,0.42424800992012024,0.5757520198822021
Lung_Dx-G0052,1,0.3022366464138031,0.6977633833885193
Lung_Dx-G0052,1,0.9442797303199768,0.055720288306474686
Lung_Dx-G0052,1,0.8472108244895935,0.1527891606092453
Lung_Dx-G0052,1,0.4554862082004547,0.5445137619972229
Lung_Dx-G0052,1,0.38683581352233887,0.6131641268730164
Lung_Dx-G0052,1,0.1528523713350296,0.8471475839614868
Lung_Dx-G0052,1,0.4727139174938202,0.5272861123085022
Lung_Dx-G0052,1,0.5966094732284546,0.4033905863761902
Lung_Dx-G0052,1,0.0070254080928862095,0.9929746389389038
Lung_Dx-G0052,1,0.029063189402222633,0.9709368348121643
Lung_Dx-G0052,1,0.4627613425254822,0.5372386574745178
Lung_Dx-G0052,1,0.8742920160293579,0.1257079541683197
Lung_Dx-G0058,1,0.9797646999359131,0.020235318690538406
Lung_Dx-G0058,1,0.9903102517127991,0.00968971662223339
Lung_Dx-G0058,1,0.9476239681243896,0.05237607657909393
Lung_Dx-G0058,1,0.9497627019882202,0.05023736506700516
Lung_Dx-G0058,1,0.9521309733390808,0.0478690080344677
Lung_Dx-G0058,1,0.9841241240501404,0.01587584614753723
Lung_Dx-G0058,1,0.9910666346549988,0.008933402597904205
Lung_Dx-G0058,1,0.9879462122917175,0.0120537793263793
Lung_Dx-G0058,1,0.9810764789581299,0.018923569470643997
Lung_Dx-G0058,1,0.9962999224662781,0.003700045868754387
Lung_Dx-G0058,1,0.9238675236701965,0.07613248378038406
Lung_Dx-G0058,1,0.998136043548584,0.0018639287445694208
Lung_Dx-G0058,1,0.9099069833755493,0.09009299427270889
Lung_Dx-G0058,1,0.9491062164306641,0.050893720239400864
Lung_Dx-G0058,1,0.7825794219970703,0.21742059290409088
Lung_Dx-G0058,1,0.9725975394248962,0.02740250527858734
Lung_Dx-G0058,1,0.7861306667327881,0.21386933326721191
Lung_Dx-G0058,1,0.6400454640388489,0.3599545359611511
Lung_Dx-G0058,1,0.823257327079773,0.17674264311790466
Lung_Dx-G0058,1,0.5308141708374023,0.46918582916259766
Lung_Dx-G0058,1,0.3715355694293976,0.62846440076828
Lung_Dx-G0058,1,0.33874672651290894,0.6612533330917358
Lung_Dx-G0058,1,0.6444488763809204,0.3555510938167572
Lung_Dx-G0058,1,0.23744329810142517,0.7625567317008972
Lung_Dx-G0058,1,0.26293647289276123,0.7370635271072388
Lung_Dx-G0058,1,0.04535257816314697,0.954647421836853
Lung_Dx-G0058,1,0.17016297578811646,0.8298369646072388
Lung_Dx-G0058,1,0.26549944281578064,0.7345005869865417
Lung_Dx-G0058,1,0.11047115176916122,0.8895288705825806
Lung_Dx-G0058,1,0.0838903859257698,0.9161096215248108
Lung_Dx-G0058,1,0.04035123810172081,0.9596487283706665
Lung_Dx-G0058,1,0.045268092304468155,0.9547319412231445
Lung_Dx-G0058,1,0.0972617045044899,0.9027382731437683
Lung_Dx-G0058,1,0.1544397473335266,0.8455602526664734
Lung_Dx-G0058,1,0.04401865229010582,0.9559813141822815
Lung_Dx-G0058,1,0.3032286465167999,0.6967713236808777
Lung_Dx-G0058,1,0.09799297899007797,0.9020070433616638
Lung_Dx-G0058,1,0.15437601506710052,0.8456240296363831
Lung_Dx-G0058,1,0.9841393232345581,0.015860598534345627
Lung_Dx-G0058,1,0.3913332521915436,0.6086667776107788
Lung_Dx-G0058,1,0.8361535668373108,0.16384641826152802
Lung_Dx-G0058,1,0.7744981646537781,0.2255018949508667
Lung_Dx-G0058,1,0.5944629907608032,0.4055370092391968
Lung_Dx-G0058,1,0.9328213930130005,0.06717856973409653
Lung_Dx-G0058,1,0.8442164063453674,0.1557835340499878
Lung_Dx-G0058,1,0.36119285225868225,0.6388071179389954
Lung_Dx-G0058,1,0.15876039862632751,0.8412396311759949
Lung_Dx-G0058,1,0.5466814637184143,0.45331859588623047
Lung_Dx-G0058,1,0.8633340001106262,0.13666599988937378
Lung_Dx-G0058,1,0.9315870404243469,0.0684129074215889
Lung_Dx-G0058,1,0.9773059487342834,0.022694088518619537
Lung_Dx-G0058,1,0.9140608906745911,0.08593913912773132
Lung_Dx-G0058,1,0.9763556718826294,0.0236443430185318
Lung_Dx-G0058,1,0.9668827652931213,0.033117230981588364
Lung_Dx-G0058,1,0.9537942409515381,0.04620575159788132
Lung_Dx-G0058,1,0.8980534672737122,0.10194651782512665
Lung_Dx-G0058,1,0.9203612804412842,0.07963874191045761
Lung_Dx-G0058,1,0.9257686138153076,0.07423136383295059
Lung_Dx-G0058,1,0.9584211707115173,0.04157886654138565
Lung_Dx-G0058,1,0.948441743850708,0.05155818536877632
Lung_Dx-G0058,1,0.9779677391052246,0.02203226275742054
Lung_Dx-G0058,1,0.8641958832740784,0.13580413162708282
Lung_Dx-G0058,1,0.9766246676445007,0.023375313729047775
Lung_Dx-G0058,1,0.42990800738334656,0.5700920224189758
Lung_Dx-G0058,1,0.5411435961723328,0.45885634422302246
Lung_Dx-G0058,1,0.95743727684021,0.042562730610370636
Lung_Dx-G0058,1,0.8424099683761597,0.1575900763273239
Lung_Dx-G0058,1,0.9740672707557678,0.02593267522752285
Lung_Dx-G0058,1,0.8238958716392517,0.1761041283607483
Lung_Dx-G0058,1,0.43332940340042114,0.5666705965995789
Lung_Dx-G0058,1,0.6248660087585449,0.3751339912414551
Lung_Dx-G0058,1,0.70583575963974,0.2941642701625824
Lung_Dx-G0058,1,0.021718835458159447,0.9782811403274536
Lung_Dx-G0058,1,0.23881636559963226,0.7611836194992065
Lung_Dx-G0058,1,0.2661665081977844,0.7338334918022156
Lung_Dx-G0058,1,0.20343045890331268,0.7965695858001709
Lung_Dx-G0058,1,0.013171950355172157,0.986828088760376
Lung_Dx-G0058,1,0.053009770810604095,0.9469902515411377
Lung_Dx-G0058,1,0.08555635064840317,0.9144436717033386
Lung_Dx-G0058,1,0.052618954330682755,0.9473810195922852
Lung_Dx-G0058,1,0.36106613278388977,0.6389338374137878
Lung_Dx-G0058,1,0.5469499230384827,0.45305007696151733
Lung_Dx-G0058,1,0.1062261164188385,0.8937739133834839
Lung_Dx-G0058,1,0.578835129737854,0.42116492986679077
Lung_Dx-G0058,1,0.5959041118621826,0.4040958285331726
Lung_Dx-G0058,1,0.5325580835342407,0.4674419164657593
Lung_Dx-G0058,1,0.9170058369636536,0.08299414813518524
Lung_Dx-G0058,1,0.17133831977844238,0.8286617398262024
Lung_Dx-G0058,1,0.12683923542499542,0.873160719871521
Lung_Dx-G0058,1,0.44460245966911316,0.5553975701332092
Lung_Dx-G0058,1,0.346375435590744,0.6536245346069336
Lung_Dx-G0058,1,0.6212537288665771,0.37874630093574524
Lung_Dx-G0058,1,0.5481898188591003,0.45181021094322205
Lung_Dx-G0058,1,0.38029855489730835,0.6197014451026917
Lung_Dx-G0058,1,0.8015477657318115,0.19845226407051086
Lung_Dx-G0058,1,0.053799644112586975,0.9462003111839294
Lung_Dx-G0058,1,0.42103102803230286,0.5789690017700195
Lung_Dx-G0058,1,0.24359746277332306,0.7564025521278381
Lung_Dx-G0058,1,0.2704320549964905,0.7295679450035095
Lung_Dx-G0058,1,0.46817129850387573,0.5318287014961243
Lung_Dx-G0058,1,0.34518805146217346,0.6548119783401489
Lung_Dx-G0058,1,0.3836990296840668,0.6163009405136108
Lung_Dx-G0058,1,0.29310092329978943,0.706899106502533
Lung_Dx-G0058,1,0.5660785436630249,0.4339214861392975
Lung_Dx-G0058,1,0.9456508755683899,0.054349105805158615
Lung_Dx-G0058,1,0.9261703491210938,0.07382971048355103
Lung_Dx-G0058,1,0.8281758427619934,0.1718241423368454
Lung_Dx-G0058,1,0.5707575678825378,0.42924246191978455
Lung_Dx-G0058,1,0.975623369216919,0.02437659725546837
Lung_Dx-G0058,1,0.4458763599395752,0.5541236400604248
Lung_Dx-G0058,1,0.40569889545440674,0.5943011045455933
Lung_Dx-G0058,1,0.2824930250644684,0.717507004737854
Lung_Dx-G0058,1,0.18169841170310974,0.8183016180992126
Lung_Dx-G0058,1,0.7800767421722412,0.21992333233356476
Lung_Dx-G0058,1,0.7334518432617188,0.26654815673828125
Lung_Dx-G0058,1,0.438078910112381,0.5619211196899414
Lung_Dx-G0058,1,0.6955965757369995,0.3044034242630005
Lung_Dx-G0058,1,0.7049224376678467,0.29507753252983093
Lung_Dx-G0058,1,0.9873506426811218,0.012649319134652615
Lung_Dx-G0058,1,0.9083743095397949,0.0916256457567215
Lung_Dx-G0058,1,0.9171172380447388,0.08288273215293884
Lung_Dx-G0058,1,0.756177544593811,0.24382245540618896
Lung_Dx-A0165,0,0.9960622191429138,0.003937738481909037
Lung_Dx-A0165,0,0.9995469450950623,0.0004529757716227323
Lung_Dx-A0165,0,0.9996236562728882,0.00037629317375831306
Lung_Dx-A0165,0,0.9991704225540161,0.0008295891457237303
Lung_Dx-A0165,0,0.9965569972991943,0.0034429803490638733
Lung_Dx-A0165,0,0.9984691739082336,0.001530744950287044
Lung_Dx-A0165,0,0.9874721169471741,0.012527933344244957
Lung_Dx-A0165,0,0.9426124691963196,0.05738753452897072
Lung_Dx-A0165,0,0.9580694437026978,0.04193052276968956
Lung_Dx-A0165,0,0.7703352570533752,0.22966477274894714
Lung_Dx-A0165,0,0.980262041091919,0.01973801478743553
Lung_Dx-A0165,0,0.9843062162399292,0.015693791210651398
Lung_Dx-A0165,0,0.9866234660148621,0.01337660476565361
Lung_Dx-A0165,0,0.9967396855354309,0.0032603461295366287
Lung_Dx-A0165,0,0.9955054521560669,0.004494525026530027
Lung_Dx-A0165,0,0.992046594619751,0.007953389547765255
Lung_Dx-A0165,0,0.9973938465118408,0.0026061658281832933
Lung_Dx-A0165,0,0.9984176158905029,0.001582341967150569
Lung_Dx-A0165,0,0.9963853359222412,0.0036146442871540785
Lung_Dx-A0165,0,0.9993773102760315,0.0006226772093214095
Lung_Dx-A0165,0,0.9988948702812195,0.0011051807086914778
Lung_Dx-A0165,0,0.993854820728302,0.006145091727375984
Lung_Dx-A0165,0,0.9924666285514832,0.007533306255936623
Lung_Dx-A0165,0,0.983198344707489,0.016801612451672554
Lung_Dx-A0165,0,0.9261703491210938,0.07382971048355103
Lung_Dx-A0165,0,0.9959613680839539,0.004038591403514147
Lung_Dx-A0165,0,0.985042929649353,0.014957087114453316
Lung_Dx-A0166,0,0.9999475479125977,5.245676948106848e-05
Lung_Dx-A0166,0,0.9998377561569214,0.0001621928095119074
Lung_Dx-A0166,0,0.999152421951294,0.000847589981276542
Lung_Dx-A0166,0,0.9980276226997375,0.001972335623577237
Lung_Dx-A0166,0,0.9982859492301941,0.0017140384297817945
Lung_Dx-A0166,0,0.9997063279151917,0.000293654651613906
Lung_Dx-A0166,0,0.9996862411499023,0.00031381085864268243
Lung_Dx-A0166,0,0.9998944997787476,0.00010554686741670594
Lung_Dx-A0166,0,0.9983707070350647,0.0016293087974190712
Lung_Dx-A0166,0,0.998380184173584,0.001619805465452373
Lung_Dx-A0166,0,0.9995867609977722,0.0004132619360461831
Lung_Dx-A0166,0,0.9995583891868591,0.0004416242882143706
Lung_Dx-A0166,0,0.9995827078819275,0.00041731575038284063
Lung_Dx-A0166,0,0.9985951781272888,0.0014048678567633033
Lung_Dx-A0166,0,0.9989535808563232,0.0010464256629347801
Lung_Dx-A0166,0,0.9999291896820068,7.086326513672248e-05
Lung_Dx-A0166,0,0.9990378618240356,0.0009622125653550029
Lung_Dx-A0166,0,0.9962999224662781,0.003700045868754387
Lung_Dx-A0166,0,0.9995583891868591,0.0004416242882143706
Lung_Dx-A0166,0,0.9990978240966797,0.0009022055310197175
Lung_Dx-A0166,0,0.999873161315918,0.00012681477528531104
Lung_Dx-A0174,0,0.9990781545639038,0.0009217804181389511
Lung_Dx-A0174,0,0.9995505213737488,0.0004494523163884878
Lung_Dx-A0174,0,0.9997016787528992,0.00029827762045897543
Lung_Dx-A0174,0,0.9988620281219482,0.001138000632636249
Lung_Dx-A0174,0,0.9992266893386841,0.0007733057136647403
Lung_Dx-A0174,0,0.9982420206069946,0.0017580388812348247
Lung_Dx-A0174,0,0.9935368895530701,0.006463137920945883
Lung_Dx-A0174,0,0.9812389612197876,0.018761085346341133
Lung_Dx-A0174,0,0.9555686116218567,0.04443143308162689
Lung_Dx-A0174,0,0.9181138277053833,0.08188609778881073
Lung_Dx-A0174,0,0.8917167782783508,0.10828320682048798
Lung_Dx-A0174,0,0.9945095181465149,0.005490563809871674
Lung_Dx-A0174,0,0.9916681051254272,0.008331900462508202
Lung_Dx-A0174,0,0.9013143181800842,0.09868568927049637
Lung_Dx-A0174,0,0.9244152307510376,0.0755847916007042
Lung_Dx-A0174,0,0.9989556074142456,0.0010443859500810504
Lung_Dx-A0174,0,0.9975466132164001,0.002453428227454424
Lung_Dx-A0174,0,0.993320107460022,0.006679879035800695
Lung_Dx-A0174,0,0.9989718198776245,0.0010282108560204506
Lung_Dx-A0174,0,0.9970421195030212,0.002957902615889907
Lung_Dx-A0174,0,0.994401752948761,0.005598248448222876
Lung_Dx-A0174,0,0.9462003111839294,0.053799644112586975
Lung_Dx-A0174,0,0.8064718246459961,0.19352814555168152
Lung_Dx-A0174,0,0.9351099133491516,0.06489011645317078
Lung_Dx-A0174,0,0.9194257855415344,0.08057423681020737
Lung_Dx-A0174,0,0.929248034954071,0.07075196504592896
Lung_Dx-A0188,0,0.03468417376279831,0.9653158187866211
Lung_Dx-A0188,0,0.08188609778881073,0.9181138277053833
Lung_Dx-A0188,0,0.14211279153823853,0.8578872084617615
Lung_Dx-A0188,0,0.7419078350067139,0.2580921947956085
Lung_Dx-A0188,0,0.31920093297958374,0.6807990074157715
Lung_Dx-A0188,0,0.9564718008041382,0.04352813959121704
Lung_Dx-A0188,0,0.8989884853363037,0.10101157426834106
Lung_Dx-A0188,0,0.867260754108429,0.13273923099040985
Lung_Dx-A0188,0,0.8918581604957581,0.10814185440540314
Lung_Dx-A0188,0,0.9304582476615906,0.06954174488782883
Lung_Dx-A0188,0,0.4983520209789276,0.50164794921875
Lung_Dx-A0188,0,0.4841057062149048,0.5158942937850952
Lung_Dx-A0188,0,0.725551426410675,0.27444860339164734
Lung_Dx-A0188,0,0.9331267476081848,0.06687324494123459
Lung_Dx-A0188,0,0.6039317846298218,0.39606815576553345
Lung_Dx-A0188,0,0.6028436422348022,0.39715635776519775
Lung_Dx-A0188,0,0.9852713346481323,0.014728613197803497
Lung_Dx-A0188,0,0.5382248163223267,0.46177518367767334
Lung_Dx-A0188,0,0.9614614844322205,0.03853849321603775
Lung_Dx-A0188,0,0.6641048192977905,0.33589524030685425
Lung_Dx-A0188,0,0.3905557692050934,0.609444260597229
Lung_Dx-A0188,0,0.853851854801178,0.1461481750011444
Lung_Dx-A0188,0,0.7962924242019653,0.2037075310945511
Lung_Dx-A0188,0,0.9697281122207642,0.030271871015429497
Lung_Dx-A0188,0,0.9787126779556274,0.021287351846694946
Lung_Dx-A0188,0,0.9629877209663391,0.03701234608888626
Lung_Dx-A0188,0,0.9929881691932678,0.007011795416474342
Lung_Dx-A0188,0,0.9994694590568542,0.0005305765080265701
Lung_Dx-A0188,0,0.9870296716690063,0.012970387935638428
Lung_Dx-A0188,0,0.9987768530845642,0.001223179162479937
Lung_Dx-A0188,0,0.972933828830719,0.027066176757216454
Lung_Dx-A0188,0,0.9599125981330872,0.04008735716342926
Lung_Dx-A0188,0,0.9979731440544128,0.0020269001834094524
Lung_Dx-A0188,0,0.9986593723297119,0.0013406203361228108
Lung_Dx-A0188,0,0.9993525147438049,0.0006474657566286623
Lung_Dx-A0188,0,0.9824062585830688,0.017593754455447197
Lung_Dx-A0188,0,0.9994937181472778,0.0005062919808551669
Lung_Dx-A0188,0,0.8850862979888916,0.11491367220878601
Lung_Dx-A0188,0,0.6788594722747803,0.3211405873298645
Lung_Dx-A0188,0,0.9227612018585205,0.0772387832403183
Lung_Dx-A0188,0,0.9607680439949036,0.03923192620277405
Lung_Dx-A0188,0,0.9794132709503174,0.020586779341101646
Lung_Dx-A0188,0,0.886665940284729,0.11333402246236801
Lung_Dx-A0188,0,0.9561454057693481,0.04385456442832947
Lung_Dx-A0188,0,0.9993625283241272,0.0006374341319315135
Lung_Dx-A0188,0,0.9960082769393921,0.0039917281828820705
Lung_Dx-A0188,0,0.3951050043106079,0.6048950552940369
Lung_Dx-A0188,0,0.6080123782157898,0.391987681388855
Lung_Dx-A0188,0,0.768298864364624,0.23170112073421478
Lung_Dx-A0188,0,0.39843568205833435,0.6015642881393433
Lung_Dx-A0188,0,0.11976800858974457,0.8802319765090942
Lung_Dx-A0188,0,0.7633514404296875,0.23664849996566772
Lung_Dx-A0188,0,0.9599125981330872,0.04008735716342926
Lung_Dx-A0188,0,0.9561454057693481,0.04385456442832947
Lung_Dx-A0188,0,0.7867047786712646,0.21329523622989655
Lung_Dx-A0188,0,0.9493416547775269,0.05065838247537613
Lung_Dx-A0188,0,0.9980543851852417,0.00194560585077852
Lung_Dx-A0188,0,0.9992068409919739,0.0007931761210784316
Lung_Dx-A0188,0,0.9994937181472778,0.0005062919808551669
Lung_Dx-A0188,0,0.9998675584793091,0.00013238185783848166
Lung_Dx-A0188,0,0.999208390712738,0.0007916296017356217
Lung_Dx-A0188,0,0.7546890377998352,0.2453109323978424
Lung_Dx-A0188,0,0.9947084188461304,0.005291604902595282
Lung_Dx-A0188,0,0.9998273253440857,0.000172651547472924
Lung_Dx-A0188,0,0.999819815158844,0.00018023050506599247
Lung_Dx-A0188,0,0.9999802112579346,1.975604573090095e-05
Lung_Dx-A0188,0,0.9960314631462097,0.003968500066548586
Lung_Dx-A0188,0,0.9505488872528076,0.04945112764835358
Lung_Dx-A0188,0,0.39567404985427856,0.6043259501457214
Lung_Dx-A0188,0,0.9776499271392822,0.022350113838911057
Lung_Dx-A0188,0,0.9857455492019653,0.014254463836550713
Lung_Dx-A0188,0,0.998798131942749,0.001201891340315342
Lung_Dx-A0188,0,0.968020498752594,0.03197956085205078
Lung_Dx-A0188,0,0.8946975469589233,0.10530251264572144
Lung_Dx-A0188,0,0.42697852849960327,0.5730214715003967
Lung_Dx-A0188,0,0.07633879780769348,0.9236612319946289
Lung_Dx-A0188,0,0.0948033332824707,0.9051966667175293
Lung_Dx-A0188,0,0.15304216742515564,0.8469578623771667
Lung_Dx-A0188,0,0.06383161246776581,0.936168372631073
Lung_Dx-A0188,0,0.043691057711839676,0.956308901309967
Lung_Dx-A0188,0,0.035611413419246674,0.9643886089324951
Lung_Dx-A0188,0,0.11051914095878601,0.8894808888435364
Lung_Dx-A0188,0,0.006628239527344704,0.9933717250823975
Lung_Dx-A0188,0,0.05981148034334183,0.940188467502594
Lung_Dx-A0188,0,0.08419107645750046,0.915808916091919
Lung_Dx-A0188,0,0.7074552178382874,0.29254478216171265
Lung_Dx-A0188,0,0.3415825068950653,0.6584175229072571
Lung_Dx-A0188,0,0.1174202486872673,0.8825797438621521
Lung_Dx-A0188,0,0.07343005388975143,0.9265698790550232
Lung_Dx-A0188,0,0.11333402246236801,0.886665940284729
Lung_Dx-A0188,0,0.07510852813720703,0.9248914122581482
Lung_Dx-A0188,0,0.19926904141902924,0.8007309436798096
Lung_Dx-A0188,0,0.17469169199466705,0.8253083229064941
Lung_Dx-A0188,0,0.4145433008670807,0.5854566693305969
Lung_Dx-A0188,0,0.35880228877067566,0.6411977410316467
Lung_Dx-A0188,0,0.12205154448747635,0.8779484629631042
Lung_Dx-A0188,0,0.020023440942168236,0.9799765348434448
Lung_Dx-A0188,0,0.006984649691730738,0.9930152893066406
Lung_Dx-A0188,0,0.039305612444877625,0.960694432258606
Lung_Dx-A0188,0,0.03704717382788658,0.9629528522491455
Lung_Dx-A0188,0,0.7007924318313599,0.29920756816864014
Lung_Dx-A0188,0,0.8448575139045715,0.15514245629310608
Lung_Dx-A0188,0,0.9591160416603088,0.04088399186730385
Lung_Dx-A0188,0,0.8594279289245605,0.14057204127311707
Lung_Dx-A0188,0,0.898499608039856,0.10150033980607986
Lung_Dx-A0188,0,0.07450025528669357,0.925499677658081
Lung_Dx-A0188,0,0.9253649115562439,0.07463504374027252
Lung_Dx-A0188,0,0.9731897711753845,0.026810193434357643
Lung_Dx-A0188,0,0.9759005904197693,0.024099446833133698
Lung_Dx-A0188,0,0.9845753908157349,0.01542455144226551
Lung_Dx-A0188,0,0.9985951781272888,0.0014048678567633033
Lung_Dx-A0188,0,0.9957270622253418,0.004272936377674341
Lung_Dx-A0188,0,0.9968884587287903,0.0031115084420889616
Lung_Dx-A0188,0,0.9757392406463623,0.024260742589831352
Lung_Dx-A0188,0,0.9892544746398926,0.010745538398623466
Lung_Dx-A0188,0,0.9917961359024048,0.008203785866498947
Lung_Dx-A0188,0,0.9994503855705261,0.0005495508667081594
Lung_Dx-A0188,0,0.9845902919769287,0.01540972851216793
Lung_Dx-A0188,0,0.8701013326644897,0.12989860773086548
Lung_Dx-A0193,0,0.055720288306474686,0.9442797303199768
Lung_Dx-A0193,0,0.7353566884994507,0.2646433413028717
Lung_Dx-A0193,0,0.6567407846450806,0.34325915575027466
Lung_Dx-A0193,0,0.9762653708457947,0.023734688758850098
Lung_Dx-A0193,0,0.28731769323349,0.71268230676651
Lung_Dx-A0193,0,0.14163723587989807,0.8583627939224243
Lung_Dx-A0193,0,0.22832852602005005,0.7716715335845947
Lung_Dx-A0193,0,0.9759005904197693,0.024099446833133698
Lung_Dx-A0193,0,0.9544354677200317,0.045564454048871994
Lung_Dx-A0193,0,0.9494354724884033,0.05056453496217728
Lung_Dx-A0193,0,0.987794041633606,0.012205901555716991
Lung_Dx-A0193,0,0.8172100186347961,0.18278993666172028
Lung_Dx-A0193,0,0.9222726225852966,0.07772741466760635
Lung_Dx-A0193,0,0.9207897186279297,0.0792103260755539
Lung_Dx-A0193,0,0.988949179649353,0.011050795204937458
Lung_Dx-A0193,0,0.8825797438621521,0.1174202486872673
Lung_Dx-A0193,0,0.9856491684913635,0.014350838027894497
Lung_Dx-A0193,0,0.9914886951446533,0.00851130299270153
Lung_Dx-A0193,0,0.9591543078422546,0.04084571823477745
Lung_Dx-A0193,0,0.9961155652999878,0.0038844766095280647
Lung_Dx-A0193,0,0.8686040639877319,0.13139598071575165
Lung_Dx-A0193,0,0.9982143640518188,0.001785674481652677
Lung_Dx-A0193,0,0.8641958832740784,0.13580413162708282
Lung_Dx-A0193,0,0.3448156416416168,0.6551843285560608
Lung_Dx-A0193,0,0.9897909760475159,0.010209054686129093
Lung_Dx-A0193,0,0.8757869601249695,0.12421300262212753
Lung_Dx-A0193,0,0.431659072637558,0.5683409571647644
Lung_Dx-A0193,0,0.9960851669311523,0.00391482375562191
Lung_Dx-A0193,0,0.9995417594909668,0.0004583129193633795
Lung_Dx-A0193,0,0.9988235831260681,0.0011763748480007052
Lung_Dx-A0193,0,0.9986878037452698,0.0013121626107022166
Lung_Dx-A0193,0,0.9971827268600464,0.0028173404280096292
Lung_Dx-A0193,0,0.9998623132705688,0.0001376546424580738
Lung_Dx-A0193,0,0.9883578419685364,0.011642225086688995
Lung_Dx-A0193,0,0.9903102517127991,0.00968971662223339
Lung_Dx-A0193,0,0.9992875456809998,0.0007124459370970726
Lung_Dx-A0193,0,0.9659639000892639,0.03403615579009056
Lung_Dx-A0193,0,0.9873872399330139,0.0126127814874053
Lung_Dx-A0193,0,0.9760836362838745,0.02391638606786728
Lung_Dx-A0193,0,0.9987503290176392,0.0012497093994170427
Lung_Dx-A0193,0,0.99946528673172,0.000534735678229481
Lung_Dx-A0193,0,0.9923490285873413,0.007651031482964754
Lung_Dx-A0193,0,0.8458150625228882,0.15418486297130585
Lung_Dx-A0193,0,0.01651368848979473,0.9834862947463989
Lung_Dx-A0193,0,0.5231158137321472,0.476884126663208
Lung_Dx-A0193,0,0.4728204011917114,0.5271795988082886
Lung_Dx-A0193,0,0.6769403219223022,0.32305967807769775
Lung_Dx-A0193,0,0.9353464841842651,0.06465348601341248
Lung_Dx-A0193,0,0.907967209815979,0.09203286468982697
Lung_Dx-A0193,0,0.995354413986206,0.004645557142794132
Lung_Dx-A0193,0,0.8260813355445862,0.17391866445541382
Lung_Dx-A0193,0,0.9233852624893188,0.07661467790603638
Lung_Dx-A0193,0,0.9869166612625122,0.013083389960229397
Lung_Dx-A0193,0,0.9983223080635071,0.0016776672564446926
Lung_Dx-A0193,0,0.9972261786460876,0.0027737829368561506
Lung_Dx-A0193,0,0.9758315682411194,0.02416844479739666
Lung_Dx-A0193,0,0.9878528118133545,0.01214717049151659
Lung_Dx-A0193,0,0.9986955523490906,0.00130450667347759
Lung_Dx-A0193,0,0.9765800833702087,0.023419944569468498
Lung_Dx-A0193,0,0.9830363392829895,0.01696370169520378
Lung_Dx-A0193,0,0.9650202989578247,0.034979648888111115
Lung_Dx-A0193,0,0.5293850302696228,0.4706149697303772
Lung_Dx-A0193,0,0.5661384463310242,0.43386152386665344
Lung_Dx-A0193,0,0.5284117460250854,0.47158828377723694
Lung_Dx-A0193,0,0.9992021918296814,0.0007978334906511009
Lung_Dx-A0193,0,0.9999831914901733,1.6766787666711025e-05
Lung_Dx-A0193,0,0.9996387958526611,0.0003611769643612206
Lung_Dx-A0193,0,0.998807430267334,0.001192549359984696
Lung_Dx-A0193,0,0.9937222599983215,0.006277706474065781
Lung_Dx-A0193,0,0.9996429681777954,0.0003569705877453089
Lung_Dx-A0193,0,0.9999212026596069,7.874486618675292e-05
Lung_Dx-A0193,0,0.9999586343765259,4.133539550821297e-05
Lung_Dx-A0193,0,0.9999880790710449,1.1889491361216642e-05
Lung_Dx-A0196,0,0.9994896650314331,0.0005102608120068908
Lung_Dx-A0196,0,0.992408037185669,0.007591942325234413
Lung_Dx-A0196,0,0.9989245533943176,0.0010754023678600788
Lung_Dx-A0196,0,0.9978258013725281,0.002174225402995944
Lung_Dx-A0196,0,0.9749168753623962,0.025083141401410103
Lung_Dx-A0196,0,0.7791118025779724,0.220888152718544
Lung_Dx-A0196,0,0.9847962856292725,0.015203663147985935
Lung_Dx-A0196,0,0.7863768339157104,0.21362315118312836
Lung_Dx-A0196,0,0.9881423115730286,0.011857673525810242
Lung_Dx-A0196,0,0.7091198563575745,0.29088014364242554
Lung_Dx-A0196,0,0.8219033479690552,0.17809659242630005
Lung_Dx-A0196,0,0.9075583219528198,0.09244169294834137
Lung_Dx-A0196,0,0.9447912573814392,0.055208683013916016
Lung_Dx-A0196,0,0.9181873202323914,0.08181271702051163
Lung_Dx-A0196,0,0.9957848191261292,0.004215159919112921
Lung_Dx-A0196,0,0.7189891934394836,0.28101083636283875
Lung_Dx-A0196,0,0.8518912196159363,0.14810879528522491
Lung_Dx-A0196,0,0.9590010046958923,0.04099902883172035
Lung_Dx-A0196,0,0.9391923546791077,0.06080764904618263
Lung_Dx-A0196,0,0.7514201998710632,0.24857978522777557
Lung_Dx-A0196,0,0.6346282958984375,0.3653717637062073
Lung_Dx-A0196,0,0.6496411561965942,0.35035884380340576
Lung_Dx-A0196,0,0.9296960830688477,0.07030384242534637
Lung_Dx-A0196,0,0.9701269268989563,0.029873093590140343
Lung_Dx-A0196,0,0.8790429830551147,0.12095702439546585
Lung_Dx-A0196,0,0.9895413517951965,0.010458728298544884
Lung_Dx-A0196,0,0.792022168636322,0.207977756857872
Lung_Dx-A0196,0,0.9478657245635986,0.052134253084659576
Lung_Dx-A0196,0,0.9031234383583069,0.09687653928995132
Lung_Dx-A0196,0,0.22875896096229553,0.7712410092353821
Lung_Dx-A0196,0,0.7487199306488037,0.2512800693511963
Lung_Dx-A0196,0,0.9436599016189575,0.05634009465575218
Lung_Dx-A0196,0,0.23970511555671692,0.7602949142456055
Lung_Dx-A0196,0,0.7010483145713806,0.298951655626297
Lung_Dx-A0196,0,0.9971827268600464,0.0028173404280096292
Lung_Dx-A0196,0,0.9992944002151489,0.000705527258105576
Lung_Dx-A0196,0,0.9535785913467407,0.046421416103839874
Lung_Dx-A0196,0,0.8703219890594482,0.12967801094055176
Lung_Dx-A0196,0,0.983198344707489,0.016801612451672554
Lung_Dx-A0196,0,0.988646388053894,0.011353656649589539
Lung_Dx-A0196,0,0.9677167534828186,0.03228325769305229
Lung_Dx-A0196,0,0.9838316440582275,0.01616836152970791
Lung_Dx-A0196,0,0.5692877769470215,0.4307122230529785
Lung_Dx-A0196,0,0.6922780275344849,0.30772197246551514
Lung_Dx-A0196,0,0.8368880748748779,0.16311189532279968
Lung_Dx-A0196,0,0.5184490084648132,0.4815509617328644
Lung_Dx-A0196,0,0.18506190180778503,0.8149381279945374
Lung_Dx-A0196,0,0.7352616190910339,0.26473838090896606
Lung_Dx-A0196,0,0.1475551873445511,0.8524448275566101
Lung_Dx-A0196,0,0.13420754671096802,0.8657925128936768
Lung_Dx-A0197,0,0.9996892213821411,0.0003107621450908482
Lung_Dx-A0197,0,0.9998247027397156,0.00017536996165290475
Lung_Dx-A0197,0,0.9948403239250183,0.005159622523933649
Lung_Dx-A0197,0,0.9995575547218323,0.00044248730409890413
Lung_Dx-A0197,0,0.9997487664222717,0.00025118677876889706
Lung_Dx-A0197,0,0.9999097585678101,9.028039494296536e-05
Lung_Dx-A0197,0,0.9999291896820068,7.086326513672248e-05
Lung_Dx-A0197,0,0.9999487400054932,5.124166636960581e-05
Lung_Dx-A0197,0,0.9999121427536011,8.784544479567558e-05
Lung_Dx-A0197,0,0.9996856451034546,0.0003144242218695581
Lung_Dx-A0197,0,0.9999412298202515,5.874842099728994e-05
Lung_Dx-A0197,0,0.9998096823692322,0.00019035942386835814
Lung_Dx-A0197,0,0.9996533393859863,0.00034666777355596423
Lung_Dx-A0197,0,0.9994230270385742,0.0005770345451310277
Lung_Dx-A0197,0,0.9989370703697205,0.0010628869058564305
Lung_Dx-A0197,0,0.999045193195343,0.000954731716774404
Lung_Dx-A0197,0,0.9883801937103271,0.011619770899415016
Lung_Dx-A0197,0,0.9944773316383362,0.005522650200873613
Lung_Dx-A0197,0,0.9995600581169128,0.00043990332051180303
Lung_Dx-A0197,0,0.9998005032539368,0.00019949312263634056
Lung_Dx-A0197,0,0.9995015859603882,0.000498446577694267
Lung_Dx-A0197,0,0.9997958540916443,0.000204223018954508
Lung_Dx-A0197,0,0.9999622106552124,3.778374957619235e-05
Lung_Dx-A0197,0,0.9999567270278931,4.3319039832567796e-05
Lung_Dx-A0197,0,0.9999914169311523,8.530319973942824e-06
Lung_Dx-A0197,0,0.9999970197677612,2.9595548767247237e-06
Lung_Dx-A0197,0,0.9999986886978149,1.3656124338012887e-06
Lung_Dx-A0197,0,0.9999969005584717,3.0415963010455016e-06
Lung_Dx-A0197,0,0.9999963045120239,3.654559804999735e-06
Lung_Dx-A0197,0,0.9999966621398926,3.393145107111195e-06
Lung_Dx-A0197,0,0.9999982118606567,1.8162224932893878e-06
Lung_Dx-A0197,0,0.9999966621398926,3.3405392514396226e-06
Lung_Dx-A0197,0,0.9999955892562866,4.391051334096119e-06
Lung_Dx-A0197,0,0.9999958276748657,4.189971605228493e-06
Lung_Dx-A0197,0,0.9999874830245972,1.2460071957320906e-05
Lung_Dx-A0197,0,0.9999792575836182,2.070413756882772e-05
Lung_Dx-A0197,0,0.9999953508377075,4.637873189494712e-06
Lung_Dx-A0197,0,0.9999548196792603,4.5220887841423973e-05
Lung_Dx-A0197,0,0.9999926090240479,7.411280421365518e-06
Lung_Dx-A0197,0,0.999868631362915,0.00013135180051904172
Lung_Dx-A0197,0,0.9998528957366943,0.00014710471441503614
Lung_Dx-A0197,0,0.9998247027397156,0.00017536996165290475
Lung_Dx-A0197,0,0.9997640252113342,0.00023597176186740398
Lung_Dx-A0197,0,0.9994263648986816,0.0005736652528867126
Lung_Dx-A0197,0,0.9995025396347046,0.0004974744515493512
Lung_Dx-A0197,0,0.9998476505279541,0.0001523675600765273
Lung_Dx-A0197,0,0.9997703433036804,0.00022960825299378484
Lung_Dx-A0197,0,0.9997933506965637,0.00020662981842178851
Lung_Dx-A0197,0,0.9995802044868469,0.00041976713691838086
Lung_Dx-A0197,0,0.9990907907485962,0.0009092752588912845
Lung_Dx-A0197,0,0.9979169964790344,0.002082970691844821
Lung_Dx-A0239,0,0.9764232039451599,0.023576801642775536
Lung_Dx-A0239,0,0.5390439033508301,0.4609560966491699
Lung_Dx-A0239,0,0.2696620523929596,0.7303379774093628
Lung_Dx-A0239,0,0.7692969441413879,0.23070302605628967
Lung_Dx-A0239,0,0.05019078403711319,0.9498092532157898
Lung_Dx-A0239,0,0.9900057911872864,0.009994227439165115
Lung_Dx-A0239,0,0.9690324664115906,0.03096751682460308
Lung_Dx-A0239,0,0.9811125993728638,0.018887341022491455
Lung_Dx-A0239,0,0.8246738314628601,0.1753261685371399
Lung_Dx-A0239,0,0.174480602145195,0.8255194425582886
Lung_Dx-A0239,0,0.9949199557304382,0.005080037284642458
Lung_Dx-A0239,0,0.8143482804298401,0.1856517493724823
Lung_Dx-A0239,0,0.8244618773460388,0.1755380630493164
Lung_Dx-A0239,0,0.987616240978241,0.012383786030113697
Lung_Dx-A0239,0,0.9913390278816223,0.008660931140184402
Lung_Dx-A0239,0,0.9615699052810669,0.03843009099364281
Lung_Dx-A0239,0,0.9841241240501404,0.01587584614753723
Lung_Dx-A0239,0,0.8979192972183228,0.10208071768283844
Lung_Dx-A0247,0,0.9875444173812866,0.01245565339922905
Lung_Dx-A0247,0,0.9967268705368042,0.0032730645034462214
Lung_Dx-A0247,0,0.9864938259124756,0.01350610051304102
Lung_Dx-A0247,0,0.9882334470748901,0.011766481213271618
Lung_Dx-A0247,0,0.6479583382606506,0.35204166173934937
Lung_Dx-A0247,0,0.01424074824899435,0.9857592582702637
Lung_Dx-A0247,0,0.02822098508477211,0.9717789888381958
Lung_Dx-A0247,0,0.2916865348815918,0.7083134651184082
Lung_Dx-A0247,0,0.6818326711654663,0.3181672990322113
Lung_Dx-A0247,0,0.10984892398118973,0.8901510238647461
Lung_Dx-A0247,0,0.04804736003279686,0.9519526958465576
Lung_Dx-A0247,0,0.0037362207658588886,0.9962638020515442
Lung_Dx-A0247,0,0.0073600816540420055,0.9926398992538452
Lung_Dx-A0247,0,0.009917222894728184,0.9900828003883362
Lung_Dx-A0247,0,0.010268432088196278,0.98973149061203
Lung_Dx-A0247,0,0.0009271923918277025,0.999072790145874
Lung_Dx-A0247,0,0.298082560300827,0.7019174098968506
Lung_Dx-A0247,0,0.3832192122936249,0.6167807579040527
Lung_Dx-A0247,0,0.8437020182609558,0.1562979817390442
Lung_Dx-A0247,0,0.8821743130683899,0.11782566457986832
Lung_Dx-A0247,0,0.75743567943573,0.24256429076194763
Lung_Dx-A0247,0,0.14922116696834564,0.8507788777351379
Lung_Dx-A0247,0,0.26759952306747437,0.7324004769325256
Lung_Dx-A0247,0,0.499176025390625,0.500823974609375
Lung_Dx-A0247,0,0.017342347651720047,0.9826576113700867
Lung_Dx-A0247,0,0.02186455763876438,0.9781354665756226
Lung_Dx-A0247,0,0.03993731737136841,0.9600626826286316
Lung_Dx-A0247,0,0.04488975182175636,0.9551102519035339
Lung_Dx-A0247,0,0.7169622778892517,0.2830376625061035
Lung_Dx-A0247,0,0.04023794084787369,0.9597620368003845
Lung_Dx-A0247,0,0.01501474715769291,0.9849852323532104
Lung_Dx-A0247,0,3.99075033783447e-05,0.9999600648880005
Lung_Dx-A0247,0,0.012030543759465218,0.9879695177078247
Lung_Dx-A0247,0,6.683069659629837e-05,0.999933123588562
Lung_Dx-A0247,0,0.00026272484683431685,0.9997373223304749
Lung_Dx-A0247,0,0.004485794808715582,0.9955142140388489
Lung_Dx-A0247,0,0.08834723383188248,0.9116528034210205
Lung_Dx-A0247,0,0.0010796068236231804,0.9989204406738281
Lung_Dx-A0247,0,0.005179713014513254,0.994820237159729
Lung_Dx-A0247,0,0.006850480102002621,0.9931495785713196
Lung_Dx-A0247,0,0.0009399440023116767,0.9990600943565369
Lung_Dx-A0247,0,0.004289588890969753,0.9957103729248047
Lung_Dx-A0247,0,0.034782394766807556,0.965217649936676
Lung_Dx-A0247,0,6.477467104559764e-05,0.9999352693557739
Lung_Dx-A0247,0,1.2805474398192018e-05,0.9999872446060181
Lung_Dx-A0247,0,7.692087820032611e-05,0.9999231100082397
Lung_Dx-A0247,0,7.155255843827035e-06,0.999992847442627
Lung_Dx-A0247,0,4.8514772061025724e-05,0.9999514818191528
Lung_Dx-A0252,0,0.9997512698173523,0.000248746364377439
Lung_Dx-A0252,0,0.9994285702705383,0.0005714300787076354
Lung_Dx-A0252,0,0.9982420206069946,0.0017580388812348247
Lung_Dx-A0252,0,0.5584360957145691,0.4415638744831085
Lung_Dx-A0252,0,0.8727816939353943,0.12721827626228333
Lung_Dx-A0252,0,0.4508579969406128,0.5491419434547424
Lung_Dx-A0252,0,0.8485333919525146,0.15146656334400177
Lung_Dx-A0252,0,0.9934865236282349,0.0065134987235069275
Lung_Dx-A0252,0,0.9857729077339172,0.014227045699954033
Lung_Dx-A0252,0,0.9827737808227539,0.017226237803697586
Lung_Dx-A0252,0,0.9978426694869995,0.0021573419217020273
Lung_Dx-A0252,0,0.9979169964790344,0.002082970691844821
Lung_Dx-A0252,0,0.9972531199455261,0.002746901009231806
Lung_Dx-A0262,0,0.9839400053024292,0.016059981659054756
Lung_Dx-A0262,0,0.8267817497253418,0.1732182651758194
Lung_Dx-A0262,0,0.4893280863761902,0.5106719136238098
Lung_Dx-A0262,0,0.9331876635551453,0.06681232899427414
Lung_Dx-A0262,0,0.9184070825576782,0.08159290254116058
Lung_Dx-A0262,0,0.98380047082901,0.01619945839047432
Lung_Dx-A0262,0,0.8844391107559204,0.11556088179349899
Lung_Dx-A0262,0,0.8864204287528992,0.11357959359884262
Lung_Dx-A0262,0,0.9746769666671753,0.025323061272501945
Lung_Dx-A0262,0,0.9913892149925232,0.008610767312347889
Lung_Dx-A0262,0,0.8974258899688721,0.10257408022880554
Lung_Dx-A0262,0,0.8649391531944275,0.1350608617067337
Lung_Dx-A0262,0,0.7261344194412231,0.27386561036109924
Lung_Dx-A0262,0,0.6870003342628479,0.3129996359348297
Lung_Dx-A0262,0,0.25987258553504944,0.740127444267273
Lung_Dx-A0262,0,0.9840323328971863,0.015967654064297676
Lung_Dx-A0262,0,0.9848109483718872,0.015189049765467644
Lung_Dx-A0262,0,0.9476723670959473,0.05232762172818184
Lung_Dx-A0262,0,0.5979014039039612,0.4020986258983612
Lung_Dx-A0262,0,0.991355836391449,0.008644177578389645
Lung_Dx-A0262,0,0.7062917351722717,0.29370826482772827
Lung_Dx-A0262,0,0.9785082340240479,0.02149176597595215
Lung_Dx-A0262,0,0.5825207233428955,0.4174792766571045
Lung_Dx-A0262,0,0.9961680769920349,0.0038319320883601904
Lung_Dx-A0262,0,0.4207037091255188,0.5792962908744812
Lung_Dx-A0262,0,0.9841850996017456,0.01581493206322193
Lung_Dx-A0262,0,0.00806199200451374,0.9919379353523254
Lung_Dx-A0262,0,0.9837850332260132,0.01621503196656704
Lung_Dx-A0262,0,0.10257408022880554,0.8974258899688721
Lung_Dx-A0262,0,0.9873993396759033,0.012600625865161419
Lung_Dx-A0262,0,0.037785764783620834,0.9622142910957336
Lung_Dx-A0262,0,0.9151287078857422,0.08487121760845184
Lung_Dx-A0262,0,0.14098547399044037,0.8590145111083984
Lung_Dx-A0262,0,0.8303191661834717,0.1696808785200119
Lung_Dx-A0262,0,0.9565936326980591,0.04340633004903793
Lung_Dx-A0262,0,0.443208783864975,0.5567912459373474
Lung_Dx-A0262,0,0.8520758748054504,0.14792406558990479
Lung_Dx-A0262,0,0.9941118359565735,0.005888159386813641
Lung_Dx-A0262,0,0.9958337545394897,0.004166256170719862
Lung_Dx-A0262,0,0.9959298968315125,0.004070138093084097
Lung_Dx-A0262,0,0.9790558218955994,0.020944207906723022
Lung_Dx-A0262,0,0.995643138885498,0.004356845282018185
Lung_Dx-A0262,0,0.999099612236023,0.0009004466701298952
Lung_Dx-A0262,0,0.9985104203224182,0.0014895173953846097
Lung_Dx-A0262,0,0.999099612236023,0.0009004466701298952
Lung_Dx-A0262,0,0.9993188381195068,0.0006811710773035884
Lung_Dx-A0262,0,0.999514102935791,0.0004859561158809811
Lung_Dx-A0262,0,0.9998968839645386,0.00010310212383046746
Lung_Dx-A0262,0,0.9999138116836548,8.614650869276375e-05
Lung_Dx-A0262,0,0.9999591112136841,4.085384352947585e-05
Lung_Dx-A0262,0,0.999954104423523,4.5932985813124105e-05
Lung_Dx-A0262,0,0.9999537467956543,4.629321847460233e-05
Lung_Dx-A0262,0,0.9997407793998718,0.00025915823061950505
Lung_Dx-A0262,0,0.9993869066238403,0.0006130294059403241
Lung_Dx-A0262,0,0.9995408058166504,0.0004592085024341941
Lung_Dx-A0262,0,0.9992387294769287,0.0007613258785568178
Lung_Dx-A0262,0,0.9998980760574341,0.00010190106695517898
Lung_Dx-A0262,0,0.953665018081665,0.04633503779768944
Lung_Dx-A0262,0,0.996434211730957,0.003565736347809434
Lung_Dx-A0262,0,0.9941003918647766,0.005899603012949228
Lung_Dx-A0262,0,0.06030763313174248,0.9396923184394836
Lung_Dx-A0262,0,0.018475593999028206,0.9815244078636169
Lung_Dx-A0262,0,0.0007870083791203797,0.9992129802703857
Lung_Dx-A0262,0,0.43782350420951843,0.562176525592804
Lung_Dx-A0265,0,0.9192084670066833,0.08079154044389725
Lung_Dx-A0265,0,0.9687085151672363,0.031291499733924866
Lung_Dx-A0265,0,0.9937829375267029,0.0062170778401196
Lung_Dx-A0265,0,0.9510514140129089,0.04894861951470375
Lung_Dx-A0265,0,0.9905874133110046,0.009412589482963085
Lung_Dx-A0265,0,0.9896917939186096,0.01030820794403553
Lung_Dx-A0265,0,0.9804500341415405,0.01954994723200798
Lung_Dx-A0265,0,0.9863894581794739,0.013610590249300003
Lung_Dx-A0265,0,0.9214990139007568,0.07850097864866257
Lung_Dx-A0265,0,0.9129031896591187,0.08709683269262314
Lung_Dx-A0265,0,0.9486324787139893,0.05136751011013985
Lung_Dx-A0265,0,0.7876046895980835,0.21239535510540009
Lung_Dx-A0265,0,0.6629601120948792,0.33703985810279846
Lung_Dx-A0265,0,0.6674728393554688,0.33252713084220886
Lung_Dx-A0265,0,0.9556514620780945,0.0443485826253891
Lung_Dx-A0265,0,0.28636878728866577,0.7136312127113342
Lung_Dx-A0265,0,0.972908079624176,0.02709190361201763
Lung_Dx-A0265,0,0.9139072895050049,0.08609268069267273
Lung_Dx-A0265,0,0.9859904050827026,0.01400956604629755
Lung_Dx-A0265,0,0.99988853931427,0.00011147904297104105
Lung_Dx-A0265,0,0.9978760480880737,0.002123966347426176
Lung_Dx-A0265,0,0.999045193195343,0.000954731716774404
Lung_Dx-A0265,0,0.9999221563339233,7.78275280026719e-05
Lung_Dx-A0265,0,0.9998044371604919,0.00019563533714972436
Lung_Dx-A0265,0,0.9996086955070496,0.00039127710624597967
Lung_Dx-A0265,0,0.9998854398727417,0.00011456900392659009
Lung_Dx-A0265,0,0.9999090433120728,9.098841110244393e-05
Lung_Dx-A0265,0,0.9998584985733032,0.0001414700091117993
Lung_Dx-A0265,0,0.9993040561676025,0.0006959537276998162
Lung_Dx-A0265,0,0.9999788999557495,2.1112482500029728e-05
Lung_Dx-A0265,0,0.9974836707115173,0.0025163611862808466
Lung_Dx-A0265,0,0.8681575655937195,0.1318424493074417
Lung_Dx-A0265,0,0.9556928277015686,0.04430721700191498
Lung_Dx-A0265,0,0.9634031057357788,0.03659692034125328
Lung_Dx-A0265,0,0.960694432258606,0.039305612444877625
Lung_Dx-G0043,1,0.9920002222061157,0.007999754510819912
Lung_Dx-G0043,1,0.7181498408317566,0.281850129365921
Lung_Dx-G0043,1,0.9376118779182434,0.062388136982917786
Lung_Dx-G0043,1,0.9983515739440918,0.0016484830994158983
Lung_Dx-G0043,1,0.9998300075531006,0.0001699752756394446
Lung_Dx-G0043,1,0.9999639987945557,3.605356687330641e-05
Lung_Dx-G0043,1,0.9999716281890869,2.8409745937096886e-05
Lung_Dx-G0043,1,0.9999219179153442,7.813212141627446e-05
Lung_Dx-G0043,1,0.9998273253440857,0.000172651547472924
Lung_Dx-G0043,1,0.9999696016311646,3.0360319215105847e-05
Lung_Dx-G0043,1,0.9999856948852539,1.4285516954259947e-05
Lung_Dx-G0043,1,0.9999699592590332,3.0006620363565162e-05
Lung_Dx-G0043,1,0.999980092048645,1.9910990886273794e-05
Lung_Dx-G0043,1,0.9999831914901733,1.6766787666711025e-05
Lung_Dx-G0043,1,0.9999802112579346,1.9833367332466878e-05
Lung_Dx-G0043,1,0.9998944997787476,0.00010554686741670594
Lung_Dx-G0043,1,0.9999662637710571,3.373722211108543e-05
Lung_Dx-G0043,1,0.9999575614929199,4.248120603733696e-05
Lung_Dx-G0043,1,0.9998940229415894,0.00010595991625450552
Lung_Dx-G0043,1,0.9999595880508423,4.037790131405927e-05
Lung_Dx-G0043,1,0.9999517202377319,4.832564445678145e-05
Lung_Dx-G0043,1,0.999956488609314,4.348858055891469e-05
Lung_Dx-G0043,1,0.9999606609344482,3.928881778847426e-05
Lung_Dx-G0043,1,0.9999576807022095,4.231559796608053e-05
Lung_Dx-G0043,1,0.9999854564666748,1.4567271136911586e-05
Lung_Dx-G0043,1,0.9999816417694092,1.8342892872169614e-05
Lung_Dx-G0043,1,0.9999630451202393,3.690851735882461e-05
Lung_Dx-G0043,1,0.9997305274009705,0.0002694791473913938
Lung_Dx-G0043,1,0.9996874332427979,0.0003125878283753991
Lung_Dx-G0043,1,0.9999525547027588,4.739097857964225e-05
Lung_Dx-G0043,1,0.9999966621398926,3.314542709631496e-06
Lung_Dx-G0043,1,0.9999986886978149,1.3391991160460748e-06
Lung_Dx-G0043,1,0.9999676942825317,3.2318330340785906e-05
Lung_Dx-G0043,1,0.9999767541885376,2.327823131054174e-05
Lung_Dx-G0043,1,0.9998252987861633,0.00017468635633122176
Lung_Dx-G0043,1,0.9999023675918579,9.7615658887662e-05
Lung_Dx-G0043,1,0.9997958540916443,0.000204223018954508
Lung_Dx-G0043,1,0.9997546076774597,0.0002453695051372051
Lung_Dx-G0043,1,0.9997273087501526,0.0002726548118516803
Lung_Dx-G0043,1,0.9983320832252502,0.0016678821993991733
Lung_Dx-G0043,1,0.9982624650001526,0.0017375927418470383
Lung_Dx-G0046,1,0.004382336977869272,0.9956176280975342
Lung_Dx-G0046,1,0.0006312434561550617,0.9993687272071838
Lung_Dx-G0046,1,0.0007793661206960678,0.999220609664917
Lung_Dx-G0046,1,3.920769358956022e-06,0.9999960660934448
Lung_Dx-G0046,1,0.00013711804058402777,0.9998629093170166
Lung_Dx-G0046,1,8.124428131850436e-05,0.9999186992645264
Lung_Dx-G0046,1,0.0013354007387533784,0.9986646175384521
Lung_Dx-G0046,1,1.0090498108183965e-05,0.9999898672103882
Lung_Dx-G0046,1,7.889262633398175e-06,0.9999921321868896
Lung_Dx-G0046,1,0.00037924337084405124,0.9996206760406494
Lung_Dx-G0046,1,0.0001998830703087151,0.9998001456260681
Lung_Dx-G0046,1,0.0004297173290979117,0.9995703101158142
Lung_Dx-G0046,1,0.010013571009039879,0.9899863600730896
Lung_Dx-G0046,1,0.010071823373436928,0.9899281859397888
Lung_Dx-G0046,1,0.0018566754879429936,0.9981433153152466
Lung_Dx-G0046,1,0.0029349515680223703,0.997065007686615
Lung_Dx-G0046,1,0.017028963193297386,0.9829710125923157
Lung_Dx-G0046,1,0.0033700461499392986,0.9966298937797546
Lung_Dx-G0046,1,0.0004646190209314227,0.9995354413986206
Lung_Dx-G0046,1,0.1916300654411316,0.8083699941635132
Lung_Dx-G0046,1,0.042087726294994354,0.957912266254425
Lung_Dx-G0046,1,0.007891984656453133,0.9921080470085144
Lung_Dx-G0046,1,0.24247460067272186,0.7575254440307617
Lung_Dx-G0046,1,0.9677167534828186,0.03228325769305229
Lung_Dx-G0046,1,0.587199866771698,0.4128001034259796
Lung_Dx-G0046,1,0.729519784450531,0.2704802453517914
Lung_Dx-G0046,1,0.5509698390960693,0.44903022050857544
Lung_Dx-G0046,1,0.10734386742115021,0.8926560878753662
Lung_Dx-G0046,1,0.08434179425239563,0.915658175945282
Lung_Dx-G0046,1,0.06008664518594742,0.9399133324623108
Lung_Dx-G0046,1,0.2745944559574127,0.7254055142402649
Lung_Dx-G0046,1,0.6147120594978333,0.38528794050216675
Lung_Dx-G0046,1,0.9697853922843933,0.030214589089155197
Lung_Dx-G0046,1,0.9852997064590454,0.014700298197567463
Lung_Dx-G0046,1,0.9909622073173523,0.009037754498422146
Lung_Dx-G0046,1,0.99405437707901,0.00594559870660305
Lung_Dx-G0046,1,0.7320175170898438,0.26798251271247864
Lung_Dx-G0046,1,0.33066028356552124,0.669339656829834
Lung_Dx-G0046,1,0.020725062116980553,0.9792749285697937
Lung_Dx-G0046,1,0.37411874532699585,0.6258813142776489
Lung_Dx-G0046,1,0.15096519887447357,0.8490347862243652
Lung_Dx-G0046,1,0.014392335899174213,0.9856076240539551
Lung_Dx-G0046,1,0.0006226772093214095,0.9993773102760315
Lung_Dx-G0046,1,0.0039917281828820705,0.9960082769393921
Lung_Dx-G0046,1,0.0006411777576431632,0.9993588328361511
Lung_Dx-G0046,1,0.0023920657113194466,0.997607946395874
Lung_Dx-G0046,1,0.43767327070236206,0.5623267292976379
Lung_Dx-G0046,1,0.7316341996192932,0.2683658003807068
Lung_Dx-G0046,1,0.7513746619224548,0.24862539768218994
Lung_Dx-G0046,1,0.0018494504038244486,0.9981505274772644
Lung_Dx-G0046,1,0.032558973878622055,0.9674410820007324
Lung_Dx-G0046,1,0.08570927381515503,0.914290726184845
Lung_Dx-G0046,1,0.0013511208817362785,0.9986489415168762
Lung_Dx-G0046,1,0.0021364211570471525,0.9978635907173157
Lung_Dx-G0046,1,0.01581493206322193,0.9841850996017456
Lung_Dx-G0046,1,0.003839395008981228,0.996160626411438
Lung_Dx-G0046,1,0.0012448433553799987,0.9987550973892212
Lung_Dx-G0046,1,0.039564553648233414,0.9604353904724121
Lung_Dx-G0046,1,0.011029469780623913,0.9889705181121826
Lung_Dx-G0046,1,0.0021074723917990923,0.9978925585746765
Lung_Dx-G0046,1,0.008283626288175583,0.9917163252830505
Lung_Dx-G0046,1,0.002256239764392376,0.9977437257766724
Lung_Dx-G0046,1,0.029063189402222633,0.9709368348121643
Lung_Dx-G0046,1,0.001761469873599708,0.9982385635375977
Lung_Dx-G0046,1,0.0001500056532677263,0.9998499155044556
Lung_Dx-G0046,1,6.502816540887579e-05,0.9999349117279053
Lung_Dx-G0046,1,0.0020033332984894514,0.9979966282844543
Lung_Dx-G0046,1,0.0018208295805379748,0.9981791973114014
Lung_Dx-G0046,1,0.004991961643099785,0.9950079917907715
Lung_Dx-G0046,1,0.0005770345451310277,0.9994230270385742
Lung_Dx-G0050,1,0.9998902082443237,0.00010975090117426589
Lung_Dx-G0050,1,0.9514138102531433,0.04858620837330818
Lung_Dx-G0050,1,0.8312115669250488,0.16878843307495117
Lung_Dx-G0050,1,0.7967672944068909,0.20323270559310913
Lung_Dx-G0050,1,0.41869691014289856,0.581303060054779
Lung_Dx-G0050,1,0.3622356653213501,0.6377643346786499
Lung_Dx-G0050,1,0.3734187185764313,0.6265812516212463
Lung_Dx-G0050,1,0.68642258644104,0.31357741355895996
Lung_Dx-G0050,1,0.7885831594467163,0.2114168256521225
Lung_Dx-G0050,1,0.03164868429303169,0.9683513641357422
Lung_Dx-G0050,1,0.1800345778465271,0.8199654221534729
Lung_Dx-G0050,1,0.30595648288726807,0.6940435171127319
Lung_Dx-G0050,1,0.9284736514091492,0.07152631133794785
Lung_Dx-G0050,1,0.8705422878265381,0.1294577568769455
Lung_Dx-G0050,1,0.16357898712158203,0.8364209532737732
Lung_Dx-G0050,1,0.5720056891441345,0.4279943108558655
Lung_Dx-G0050,1,0.6754971146583557,0.32450294494628906
Lung_Dx-G0050,1,0.15668468177318573,0.8433153033256531
Lung_Dx-G0050,1,0.022371459752321243,0.9776285290718079
Lung_Dx-G0050,1,0.14996658265590668,0.8500334620475769
Lung_Dx-G0050,1,0.13466207683086395,0.8653379082679749
Lung_Dx-G0050,1,0.14134065806865692,0.8586593270301819
Lung_Dx-G0050,1,0.004442394245415926,0.9955576062202454
Lung_Dx-G0050,1,0.008711383678019047,0.9912885427474976
Lung_Dx-G0050,1,0.0013380079763010144,0.998661994934082
Lung_Dx-G0050,1,0.02054743468761444,0.9794526100158691
Lung_Dx-G0050,1,0.0006011794903315604,0.9993988275527954
Lung_Dx-G0050,1,0.04505753517150879,0.9549424648284912
Lung_Dx-G0050,1,0.42392003536224365,0.5760799646377563
Lung_Dx-G0050,1,0.37110814452171326,0.6288918852806091
Lung_Dx-G0055,1,0.9791755676269531,0.020824391394853592
Lung_Dx-G0055,1,0.9988530874252319,0.0011469158343970776
Lung_Dx-G0055,1,0.9995971322059631,0.00040290519245900214
Lung_Dx-G0055,1,0.9992648959159851,0.0007350447704084218
Lung_Dx-G0055,1,0.9999557733535767,4.4173393689561635e-05
Lung_Dx-G0055,1,0.9998952150344849,0.00010472557187313214
Lung_Dx-G0055,1,0.9999727010726929,2.732141365413554e-05
Lung_Dx-G0055,1,0.9999470710754395,5.2868166676489636e-05
Lung_Dx-G0055,1,0.9999485015869141,5.144221358932555e-05
Lung_Dx-G0055,1,0.9999666213989258,3.334418579470366e-05
Lung_Dx-G0055,1,0.9999667406082153,3.3214189897989854e-05
Lung_Dx-G0055,1,0.9999094009399414,9.063370816875249e-05
Lung_Dx-G0055,1,0.9999659061431885,3.413489685044624e-05
Lung_Dx-G0055,1,0.9995149374008179,0.0004850083205383271
Lung_Dx-G0055,1,0.9994683861732483,0.0005316133028827608
Lung_Dx-G0055,1,0.9998212456703186,0.00017882819520309567
Lung_Dx-G0055,1,0.9996646642684937,0.00033535013790242374
Lung_Dx-G0055,1,0.9989956021308899,0.001004416262730956
Lung_Dx-G0055,1,0.9994589686393738,0.0005410355515778065
Lung_Dx-G0055,1,0.9998452663421631,0.0001547666179249063
Lung_Dx-G0055,1,0.9999125003814697,8.750300185056403e-05
Lung_Dx-G0055,1,0.9996837377548218,0.00031627132557332516
Lung_Dx-G0055,1,0.9982522130012512,0.0017477857181802392
Lung_Dx-G0055,1,0.9950659275054932,0.004934090655297041
Lung_Dx-G0055,1,0.9967396855354309,0.0032603461295366287
Lung_Dx-G0055,1,0.9977959394454956,0.002204089192673564
Lung_Dx-G0055,1,0.9980619549751282,0.0019380352459847927
Lung_Dx-G0055,1,0.9974689483642578,0.0025311114732176065
Lung_Dx-G0055,1,0.9889918565750122,0.0110081871971488
Lung_Dx-G0055,1,0.9914058446884155,0.008594110608100891
Lung_Dx-G0055,1,0.9994673132896423,0.0005326520767994225
Lung_Dx-G0055,1,0.9998292922973633,0.00017064041458070278
Lung_Dx-G0055,1,0.9996768236160278,0.0003231374721508473
Lung_Dx-G0055,1,0.9999209642410278,7.905303937150165e-05
Lung_Dx-G0055,1,0.9993600249290466,0.0006399274570867419
Lung_Dx-G0055,1,0.9989245533943176,0.0010754023678600788
Lung_Dx-G0055,1,0.999957799911499,4.2150626541115344e-05
Lung_Dx-G0055,1,0.9998365640640259,0.00016346470511052758
Lung_Dx-G0055,1,0.9997546076774597,0.0002453695051372051
Lung_Dx-G0055,1,0.9999233484268188,7.662102143513039e-05
Lung_Dx-G0055,1,0.9999992847442627,7.54163238525507e-07
Lung_Dx-G0055,1,0.9997640252113342,0.00023597176186740398
Lung_Dx-G0055,1,0.9995875954627991,0.0004124558763578534
Lung_Dx-G0055,1,0.9985895752906799,0.0014103584690019488
Lung_Dx-G0055,1,0.9959298968315125,0.004070138093084097
Lung_Dx-A0167,0,0.08359067142009735,0.9164093732833862
Lung_Dx-A0167,0,0.7799928784370422,0.22000709176063538
Lung_Dx-A0167,0,0.9096665382385254,0.09033343940973282
Lung_Dx-A0167,0,0.8320320844650269,0.16796797513961792
Lung_Dx-A0167,0,0.9720721244812012,0.02792787365615368
Lung_Dx-A0167,0,0.9987550973892212,0.0012448433553799987
Lung_Dx-A0167,0,0.8659058809280396,0.13409411907196045
Lung_Dx-A0167,0,0.9749168753623962,0.025083141401410103
Lung_Dx-A0167,0,0.7862127423286438,0.2137872576713562
Lung_Dx-A0167,0,0.8938665986061096,0.10613343864679337
Lung_Dx-A0167,0,0.904902994632721,0.09509705752134323
Lung_Dx-A0167,0,0.9870545864105225,0.012945407070219517
Lung_Dx-A0167,0,0.967563807964325,0.032436151057481766
Lung_Dx-A0167,0,0.9240732789039612,0.07592666149139404
Lung_Dx-A0167,0,0.9537081718444824,0.046291906386613846
Lung_Dx-A0167,0,0.9262369871139526,0.07376295328140259
Lung_Dx-A0167,0,0.9940080642700195,0.005991951562464237
Lung_Dx-A0167,0,0.9902915358543396,0.009708477184176445
Lung_Dx-A0167,0,0.9946877956390381,0.005312204826623201
Lung_Dx-A0167,0,0.9927951693534851,0.007204768247902393
Lung_Dx-A0167,0,0.9846346974372864,0.015365342609584332
Lung_Dx-A0167,0,0.9684708714485168,0.03152918815612793
Lung_Dx-A0167,0,0.974531888961792,0.02546808309853077
Lung_Dx-A0167,0,0.9620362520217896,0.03796369209885597
Lung_Dx-A0167,0,0.9821169972419739,0.01788301020860672
Lung_Dx-A0167,0,0.9793540239334106,0.020645931363105774
Lung_Dx-A0167,0,0.9859634041786194,0.014036569744348526
Lung_Dx-A0167,0,0.8916224837303162,0.10837754607200623
Lung_Dx-A0167,0,0.980299711227417,0.01970025897026062
Lung_Dx-A0167,0,0.731730043888092,0.26826995611190796
Lung_Dx-A0167,0,0.6204779148101807,0.3795221149921417
Lung_Dx-A0167,0,0.5084220767021179,0.49157798290252686
Lung_Dx-A0167,0,0.8308687806129456,0.16913123428821564
Lung_Dx-A0167,0,0.8358188271522522,0.1641811579465866
Lung_Dx-A0167,0,0.5021820068359375,0.4978180229663849
Lung_Dx-A0167,0,0.6336511373519897,0.36634883284568787
Lung_Dx-A0167,0,0.8851359486579895,0.11486402899026871
Lung_Dx-A0167,0,0.7902876734733582,0.20971235632896423
Lung_Dx-A0167,0,0.4920508563518524,0.50794917345047
Lung_Dx-A0167,0,0.8019358515739441,0.1980641782283783
Lung_Dx-A0167,0,0.6856338381767273,0.3143661916255951
Lung_Dx-A0167,0,0.5657636523246765,0.4342363774776459
Lung_Dx-A0167,0,0.769946277141571,0.23005375266075134
Lung_Dx-A0167,0,0.7751796245574951,0.22482040524482727
Lung_Dx-A0167,0,0.40095457434654236,0.5990453958511353
Lung_Dx-A0167,0,0.5920181274414062,0.40798190236091614
Lung_Dx-A0167,0,0.6078959703445435,0.39210402965545654
Lung_Dx-A0167,0,0.6180602312088013,0.38193970918655396
Lung_Dx-A0167,0,0.7527857422828674,0.24721422791481018
Lung_Dx-A0167,0,0.7104776501655579,0.28952232003211975
Lung_Dx-A0167,0,0.10270899534225464,0.8972909450531006
Lung_Dx-A0167,0,0.30167055130004883,0.6983294486999512
Lung_Dx-A0167,0,0.4588184654712677,0.5411815047264099
Lung_Dx-A0167,0,0.21642528474330902,0.7835747599601746
Lung_Dx-A0167,0,0.21317237615585327,0.7868276238441467
Lung_Dx-A0167,0,0.9524857997894287,0.0475141815841198
Lung_Dx-A0167,0,0.974531888961792,0.02546808309853077
Lung_Dx-A0167,0,0.9531006813049316,0.046899259090423584
Lung_Dx-A0167,0,0.90473473072052,0.09526525437831879
Lung_Dx-A0167,0,0.6646491289138794,0.3353508412837982
Lung_Dx-A0167,0,0.9637799859046936,0.03622005879878998
Lung_Dx-A0167,0,0.9219569563865662,0.07804302126169205
Lung_Dx-A0167,0,0.9895513653755188,0.010448625311255455
Lung_Dx-A0167,0,0.9669764637947083,0.03302355483174324
Lung_Dx-A0167,0,0.9286680221557617,0.07133200019598007
Lung_Dx-A0167,0,0.9451467990875244,0.054853204637765884
Lung_Dx-A0167,0,0.8729442954063416,0.12705571949481964
Lung_Dx-A0167,0,0.6086522340774536,0.3913477957248688
Lung_Dx-A0169,0,0.9997010827064514,0.0002988606283906847
Lung_Dx-A0169,0,0.9999134540557861,8.648363291285932e-05
Lung_Dx-A0169,0,0.999640941619873,0.0003590676642488688
Lung_Dx-A0169,0,0.9979652166366577,0.002034817123785615
Lung_Dx-A0169,0,0.8235413432121277,0.17645862698554993
Lung_Dx-A0169,0,0.969353199005127,0.030646776780486107
Lung_Dx-A0169,0,0.9999744892120361,2.556607432779856e-05
Lung_Dx-A0169,0,0.9995608925819397,0.0004390453395899385
Lung_Dx-A0169,0,0.9962126016616821,0.003787457710132003
Lung_Dx-A0169,0,0.9999799728393555,2.006715294555761e-05
Lung_Dx-A0169,0,0.9948704242706299,0.005129634402692318
Lung_Dx-A0169,0,0.9989596605300903,0.0010403185151517391
Lung_Dx-A0169,0,0.9419752359390259,0.05802474915981293
Lung_Dx-A0169,0,0.9991255402565002,0.0008744718506932259
Lung_Dx-A0169,0,0.9879695177078247,0.012030543759465218
Lung_Dx-A0169,0,0.9999068975448608,9.314593626186252e-05
Lung_Dx-A0169,0,0.46133527159690857,0.538664698600769
Lung_Dx-A0169,0,0.9996102452278137,0.00038975226925686
Lung_Dx-A0169,0,0.3640989661216736,0.6359010338783264
Lung_Dx-A0169,0,0.942294716835022,0.057705316692590714
Lung_Dx-A0169,0,0.06354045122861862,0.9364595413208008
Lung_Dx-A0169,0,0.998977780342102,0.0010222098790109158
Lung_Dx-A0169,0,0.9858956933021545,0.014104307629168034
Lung_Dx-A0169,0,0.9989877343177795,0.0010122861713171005
Lung_Dx-A0169,0,0.9958580136299133,0.004142016638070345
Lung_Dx-A0169,0,0.7644522786140442,0.2355477213859558
Lung_Dx-A0169,0,0.7906111478805542,0.2093888521194458
Lung_Dx-A0169,0,0.99826580286026,0.001734208082780242
Lung_Dx-A0169,0,0.9501802921295166,0.04981965571641922
Lung_Dx-A0169,0,0.9914886951446533,0.00851130299270153
Lung_Dx-A0169,0,0.9960468411445618,0.003953089471906424
Lung_Dx-A0169,0,0.9995608925819397,0.0004390453395899385
Lung_Dx-A0169,0,0.6667138338088989,0.33328619599342346
Lung_Dx-A0169,0,0.8120489120483398,0.18795107305049896
Lung_Dx-A0169,0,0.9507321119308472,0.049267832189798355
Lung_Dx-A0169,0,0.9736195802688599,0.026380425319075584
Lung_Dx-A0169,0,0.8727816939353943,0.12721827626228333
Lung_Dx-A0169,0,0.3366853594779968,0.6633146405220032
Lung_Dx-A0169,0,0.06354045122861862,0.9364595413208008
Lung_Dx-A0169,0,0.11556088179349899,0.8844391107559204
Lung_Dx-A0169,0,0.2885691225528717,0.7114308476448059
Lung_Dx-A0178,0,0.9967963099479675,0.003203718224540353
Lung_Dx-A0178,0,0.9847230911254883,0.015276945196092129
Lung_Dx-A0178,0,0.8268516063690186,0.17314834892749786
Lung_Dx-A0178,0,0.9931495785713196,0.006850480102002621
Lung_Dx-A0178,0,0.3816227912902832,0.6183772087097168
Lung_Dx-A0178,0,0.8761583566665649,0.12384166568517685
Lung_Dx-A0178,0,0.04138471558690071,0.958615243434906
Lung_Dx-A0178,0,0.973869264125824,0.026130756363272667
Lung_Dx-A0178,0,0.0002556400722824037,0.9997443556785583
Lung_Dx-A0178,0,0.011288074776530266,0.988711953163147
Lung_Dx-A0178,0,0.00019871552649419755,0.9998013377189636
Lung_Dx-A0178,0,0.04822634533047676,0.9517737030982971
Lung_Dx-A0178,0,0.5166564583778381,0.48334357142448425
Lung_Dx-A0178,0,0.7885425090789795,0.2114575207233429
Lung_Dx-A0178,0,0.0637732744216919,0.9362266659736633
Lung_Dx-A0178,0,0.389111191034317,0.6108888387680054
Lung_Dx-A0178,0,0.03659692034125328,0.9634031057357788
Lung_Dx-A0178,0,0.002521268557757139,0.9974787831306458
Lung_Dx-A0178,0,0.9060729146003723,0.09392703324556351
Lung_Dx-A0178,0,0.9340651035308838,0.06593485921621323
Lung_Dx-A0178,0,0.963161289691925,0.03683870658278465
Lung_Dx-A0178,0,0.005353646818548441,0.9946463704109192
Lung_Dx-A0178,0,0.961713969707489,0.0382859967648983
Lung_Dx-A0178,0,0.35521551966667175,0.6447844505310059
Lung_Dx-A0178,0,0.9910145401954651,0.008985428139567375
Lung_Dx-A0178,0,0.954308032989502,0.04569203406572342
Lung_Dx-A0178,0,0.9991186261177063,0.0008813243475742638
Lung_Dx-A0178,0,0.9917163252830505,0.008283626288175583
Lung_Dx-A0178,0,0.9852146506309509,0.014785408042371273
Lung_Dx-A0178,0,0.9956516623497009,0.004348380956798792
Lung_Dx-A0178,0,0.9985590577125549,0.0014409428695216775
Lung_Dx-A0178,0,0.9971936345100403,0.0028063873760402203
Lung_Dx-A0178,0,0.9995736479759216,0.0004263746668584645
Lung_Dx-A0178,0,0.9988440275192261,0.0011559006525203586
Lung_Dx-A0178,0,0.99992835521698,7.169852324295789e-05
Lung_Dx-A0178,0,0.9715099930763245,0.02849004417657852
Lung_Dx-A0178,0,0.99405437707901,0.00594559870660305
Lung_Dx-A0178,0,0.5306621789932251,0.4693378508090973
Lung_Dx-A0178,0,0.9765353798866272,0.023464657366275787
Lung_Dx-A0178,0,0.9999657869338989,3.426849434617907e-05
Lung_Dx-A0178,0,0.9954261183738708,0.004573863931000233
Lung_Dx-A0178,0,0.2539997696876526,0.7460002303123474
Lung_Dx-A0178,0,0.9982555508613586,0.0017443812685087323
Lung_Dx-A0178,0,0.9981541037559509,0.0018458481645211577
Lung_Dx-A0178,0,0.9781771898269653,0.02182282693684101
Lung_Dx-A0178,0,0.06221698224544525,0.9377830028533936
Lung_Dx-A0178,0,0.9996373653411865,0.00036259007174521685
Lung_Dx-A0178,0,0.9351987242698669,0.06480129063129425
Lung_Dx-A0178,0,0.9994285702705383,0.0005714300787076354
Lung_Dx-A0178,0,0.9857729077339172,0.014227045699954033
Lung_Dx-A0178,0,0.882983922958374,0.1170160248875618
Lung_Dx-A0178,0,0.0627892017364502,0.937210738658905
Lung_Dx-A0178,0,0.9986775517463684,0.0013224404538050294
Lung_Dx-A0178,0,0.7546439170837402,0.24535614252090454
Lung_Dx-A0178,0,0.9994907379150391,0.0005092656938359141
Lung_Dx-A0178,0,0.882123589515686,0.11787641793489456
Lung_Dx-A0178,0,0.9993384480476379,0.000661517377011478
Lung_Dx-A0178,0,0.9680506587028503,0.03194934129714966
Lung_Dx-A0178,0,0.46288084983825684,0.5371191501617432
Lung_Dx-A0178,0,0.9366336464881897,0.06336633861064911
Lung_Dx-A0178,0,0.8804891109466553,0.11951085925102234
Lung_Dx-A0178,0,0.7998334765434265,0.2001665085554123
Lung_Dx-A0178,0,0.9111006855964661,0.08889935910701752
Lung_Dx-A0178,0,0.935523509979248,0.06447654962539673
Lung_Dx-A0178,0,0.9461506009101868,0.05384937673807144
Lung_Dx-A0178,0,0.9645892381668091,0.03541072458028793
Lung_Dx-A0178,0,0.8790948390960693,0.12090510874986649
Lung_Dx-A0178,0,0.9577545523643494,0.042245496064424515
Lung_Dx-A0178,0,0.7367321848869324,0.26326778531074524
Lung_Dx-A0195,0,0.9709368348121643,0.029063189402222633
Lung_Dx-A0195,0,0.5481141805648804,0.45188578963279724
Lung_Dx-A0195,0,0.9698426127433777,0.030157409608364105
Lung_Dx-A0195,0,0.010944577865302563,0.9890553951263428
Lung_Dx-A0195,0,0.0017546142917126417,0.998245358467102
Lung_Dx-A0195,0,0.0002131875662598759,0.9997867941856384
Lung_Dx-A0195,0,0.8023233413696289,0.19767668843269348
Lung_Dx-A0195,0,0.8965688347816467,0.10343123972415924
Lung_Dx-A0195,0,0.604822039604187,0.3951779305934906
Lung_Dx-A0195,0,0.6200754046440125,0.3799246549606323
Lung_Dx-A0195,0,0.8611882925033569,0.1388116329908371
Lung_Dx-A0195,0,0.960546612739563,0.039453376084566116
Lung_Dx-A0195,0,0.9901211261749268,0.009878941811621189
Lung_Dx-A0195,0,0.9464978575706482,0.0535021536052227
Lung_Dx-A0195,0,0.9940312504768372,0.0059687308967113495
Lung_Dx-A0195,0,0.9963994026184082,0.0036006029695272446
Lung_Dx-A0195,0,0.9943690896034241,0.005630961619317532
Lung_Dx-A0195,0,0.9997757077217102,0.00022429059026762843
Lung_Dx-A0195,0,0.9999849796295166,1.5029678252176382e-05
Lung_Dx-A0195,0,0.9999279975891113,7.197912054834887e-05
Lung_Dx-A0195,0,0.9998067021369934,0.00019335657998453826
Lung_Dx-A0195,0,0.9999349117279053,6.502816540887579e-05
Lung_Dx-A0195,0,0.9991238713264465,0.0008761799545027316
Lung_Dx-A0198,0,0.9999902248382568,9.741920621308964e-06
Lung_Dx-A0198,0,0.9999996423721313,3.974162439135398e-07
Lung_Dx-A0198,0,0.9999973773956299,2.57130659520044e-06
Lung_Dx-A0198,0,0.9999997615814209,2.941833372460678e-07
Lung_Dx-A0198,0,0.9999997615814209,1.855391076333035e-07
Lung_Dx-A0198,0,0.9999991655349731,8.059445235630847e-07
Lung_Dx-A0198,0,0.9999980926513672,1.9638046069303527e-06
Lung_Dx-A0198,0,0.9999991655349731,8.41329836021032e-07
Lung_Dx-A0198,0,0.9999923706054688,7.616726179549005e-06
Lung_Dx-A0198,0,0.9999973773956299,2.6016164156317245e-06
Lung_Dx-A0198,0,0.9999988079071045,1.2051488056386006e-06
Lung_Dx-A0198,0,0.9999986886978149,1.2679281553573674e-06
Lung_Dx-A0198,0,0.9999749660491943,2.5071594791370444e-05
Lung_Dx-A0198,0,0.9999663829803467,3.360569826327264e-05
Lung_Dx-A0198,0,0.9999151229858398,8.481103577651083e-05
Lung_Dx-A0198,0,0.9999973773956299,2.652928515090025e-06
Lung_Dx-A0198,0,0.999997615814209,2.3320744730881415e-06
Lung_Dx-A0198,0,0.9999983310699463,1.6863056089277961e-06
Lung_Dx-A0198,0,0.9999934434890747,6.5917347455979325e-06
Lung_Dx-A0198,0,0.999985933303833,1.411908942827722e-05
Lung_Dx-A0198,0,0.9999998807907104,1.1475471950461724e-07
Lung_Dx-A0198,0,0.9999998807907104,6.93309019084154e-08
Lung_Dx-A0198,0,1.0,1.223763312907522e-08
Lung_Dx-A0198,0,1.0,3.7990204759807966e-08
Lung_Dx-A0198,0,0.999998927116394,1.0887614507737453e-06
Lung_Dx-A0198,0,0.9999785423278809,2.1444948288262822e-05
Lung_Dx-A0198,0,0.9999980926513672,1.9183130461897235e-06
Lung_Dx-A0200,0,0.9998562335968018,0.0001436975144315511
Lung_Dx-A0200,0,0.9997022747993469,0.00029769580578431487
Lung_Dx-A0200,0,0.9990673661231995,0.00093263597227633
Lung_Dx-A0200,0,0.9989308714866638,0.001069126301445067
Lung_Dx-A0200,0,0.9999951124191284,4.879471816821024e-06
Lung_Dx-A0200,0,0.999779999256134,0.000219953348278068
Lung_Dx-A0200,0,0.9992693066596985,0.0007307537016458809
Lung_Dx-A0200,0,0.9999996423721313,3.6754994425791665e-07
Lung_Dx-A0200,0,0.9997382760047913,0.0002617008285596967
Lung_Dx-A0200,0,0.9937587976455688,0.006241259630769491
Lung_Dx-A0200,0,0.696784257888794,0.30321577191352844
Lung_Dx-A0200,0,0.9767802357673645,0.023219766095280647
Lung_Dx-A0200,0,0.9997864365577698,0.0002136042749043554
Lung_Dx-A0200,0,0.9999203681945801,7.9673009167891e-05
Lung_Dx-A0200,0,0.9986929297447205,0.0013070536078885198
Lung_Dx-A0200,0,0.9981433153152466,0.0018566754879429936
Lung_Dx-A0200,0,0.999935507774353,6.452215166063979e-05
Lung_Dx-A0200,0,0.9999511241912842,4.889526098850183e-05
Lung_Dx-A0200,0,0.9998155236244202,0.00018450374773237854
Lung_Dx-A0200,0,0.9946774244308472,0.005322535056620836
Lung_Dx-A0200,0,0.80935138463974,0.19064868986606598
Lung_Dx-A0200,0,0.9001354575157166,0.09986454993486404
Lung_Dx-A0200,0,0.9382938742637634,0.061706140637397766
Lung_Dx-A0200,0,0.9874841570854187,0.012515857815742493
Lung_Dx-A0200,0,0.9975608587265015,0.0024391296319663525
Lung_Dx-A0200,0,0.08460613340139389,0.9153938889503479
Lung_Dx-A0200,0,0.9967459440231323,0.0032540052197873592
Lung_Dx-A0200,0,0.8387458324432373,0.16125419735908508
Lung_Dx-A0200,0,0.9847962856292725,0.015203663147985935
Lung_Dx-A0200,0,0.9976218342781067,0.002378123579546809
Lung_Dx-A0200,0,0.9879113435745239,0.012088717892765999
Lung_Dx-A0200,0,0.9969956874847412,0.0030043430160731077
Lung_Dx-A0200,0,0.999782145023346,0.00021781629766337574
Lung_Dx-A0200,0,0.9831660985946655,0.01683390699326992
Lung_Dx-A0200,0,0.9883801937103271,0.011619770899415016
Lung_Dx-A0200,0,0.990044355392456,0.009955651126801968
Lung_Dx-A0200,0,0.9987768530845642,0.001223179162479937
Lung_Dx-A0200,0,0.9998005032539368,0.00019949312263634056
Lung_Dx-A0200,0,0.9999556541442871,4.434627408045344e-05
Lung_Dx-A0200,0,0.9999996423721313,3.4798929959833913e-07
Lung_Dx-A0200,0,0.9987792372703552,0.001220795325934887
Lung_Dx-A0200,0,0.9998984336853027,0.00010150382877327502
Lung_Dx-A0200,0,0.9999511241912842,4.889526098850183e-05
Lung_Dx-A0200,0,0.9999959468841553,4.076954610354733e-06
Lung_Dx-A0200,0,0.9999992847442627,6.681516424578149e-07
Lung_Dx-A0200,0,0.9999990463256836,9.570828751748195e-07
Lung_Dx-A0200,0,0.9999986886978149,1.3339780480237096e-06
Lung_Dx-A0200,0,0.9999985694885254,1.4823581295786425e-06
Lung_Dx-A0200,0,0.9999997615814209,2.1438999908696132e-07
Lung_Dx-A0212,0,0.9999991655349731,8.920993082028872e-07
Lung_Dx-A0212,0,0.9999990463256836,9.721545666252496e-07
Lung_Dx-A0212,0,0.9999997615814209,2.637042086917063e-07
Lung_Dx-A0212,0,0.9999986886978149,1.3184368299334892e-06
Lung_Dx-A0212,0,0.9999740123748779,2.596866943349596e-05
Lung_Dx-A0212,0,0.9992862343788147,0.0007138378568924963
Lung_Dx-A0212,0,0.9999836683273315,1.6314539607265033e-05
Lung_Dx-A0212,0,0.9999982118606567,1.7880646510093356e-06
Lung_Dx-A0212,0,0.9999712705612183,2.8744620067300275e-05
Lung_Dx-A0212,0,0.999945878982544,5.412183600128628e-05
Lung_Dx-A0212,0,0.9939613342285156,0.0060386634431779385
Lung_Dx-A0212,0,0.9927951693534851,0.007204768247902393
Lung_Dx-A0212,0,0.9997153878211975,0.000284622423350811
Lung_Dx-A0212,0,0.628920316696167,0.3710796535015106
Lung_Dx-A0212,0,0.9994450211524963,0.0005549408961087465
Lung_Dx-A0212,0,0.9999610185623169,3.898308568750508e-05
Lung_Dx-A0212,0,0.9998623132705688,0.0001376546424580738
Lung_Dx-A0212,0,0.9997926354408264,0.00020743839559145272
Lung_Dx-A0212,0,0.9971606731414795,0.002839374355971813
Lung_Dx-A0212,0,0.998248815536499,0.0017511966871097684
Lung_Dx-A0212,0,0.9989556074142456,0.0010443859500810504
Lung_Dx-A0212,0,0.9992930889129639,0.0007069056737236679
Lung_Dx-A0212,0,0.9986567497253418,0.0013432379346340895
Lung_Dx-A0212,0,0.9904035329818726,0.009596454910933971
Lung_Dx-A0212,0,0.9013143181800842,0.09868568927049637
Lung_Dx-A0212,0,0.9958093166351318,0.004190636798739433
Lung_Dx-A0212,0,0.9936610460281372,0.006338921375572681
Lung_Dx-A0212,0,0.9993268251419067,0.000673240574542433
Lung_Dx-A0212,0,0.9996259212493896,0.00037409563083201647
Lung_Dx-A0212,0,0.9993675351142883,0.0006324767600744963
Lung_Dx-A0212,0,0.9919067621231079,0.008093290962278843
Lung_Dx-A0212,0,0.9982420206069946,0.0017580388812348247
Lung_Dx-A0212,0,0.9999722242355347,2.7751650122809224e-05
Lung_Dx-A0212,0,0.9999121427536011,8.784544479567558e-05
Lung_Dx-A0212,0,0.9965969920158386,0.0034030054230242968
Lung_Dx-A0212,0,0.9862046241760254,0.01379536371678114
Lung_Dx-A0212,0,0.9993500113487244,0.0006499982555396855
Lung_Dx-A0212,0,0.9733675122261047,0.026632411405444145
Lung_Dx-A0212,0,0.6508002281188965,0.3491997718811035
Lung_Dx-A0212,0,0.9125142097473145,0.08748584985733032
Lung_Dx-A0212,0,0.9007918834686279,0.09920809417963028
Lung_Dx-A0212,0,0.9767580628395081,0.023241925984621048
Lung_Dx-A0212,0,0.9835969805717468,0.01640303246676922
Lung_Dx-A0212,0,0.9970014691352844,0.0029984985012561083
Lung_Dx-A0212,0,0.9984330534934998,0.0015669888816773891
Lung_Dx-A0212,0,0.9969897270202637,0.0030101987067610025
Lung_Dx-A0212,0,0.9933717250823975,0.006628239527344704
Lung_Dx-A0212,0,0.9845753908157349,0.01542455144226551
Lung_Dx-A0212,0,0.9996594190597534,0.0003406293108128011
Lung_Dx-A0212,0,0.9994081258773804,0.0005918645765632391
Lung_Dx-A0212,0,0.9999971389770508,2.857316076187999e-06
Lung_Dx-A0212,0,0.9999551773071289,4.486899706535041e-05
Lung_Dx-A0212,0,0.9999997615814209,2.077939313949173e-07
Lung_Dx-A0212,0,0.9987816214561462,0.0012184162624180317
Lung_Dx-A0212,0,0.9988259673118591,0.0011740823974832892
Lung_Dx-A0212,0,0.9991117119789124,0.0008882304537110031
Lung_Dx-A0212,0,0.9998557567596436,0.0001442598586436361
Lung_Dx-A0212,0,0.999140739440918,0.0008592476369813085
Lung_Dx-A0212,0,0.9690324664115906,0.03096751682460308
Lung_Dx-A0212,0,0.9917643666267395,0.008235630579292774
Lung_Dx-A0212,0,0.9569571614265442,0.043042849749326706
Lung_Dx-A0212,0,0.9818230867385864,0.018176933750510216
Lung_Dx-A0212,0,0.9962126016616821,0.003787457710132003
Lung_Dx-A0212,0,0.9998931884765625,0.00010679088154574856
Lung_Dx-A0212,0,0.9987280964851379,0.0012718428624793887
Lung_Dx-A0212,0,0.9993475079536438,0.0006525407079607248
Lung_Dx-A0212,0,0.9999467134475708,5.328280167304911e-05
Lung_Dx-A0212,0,0.999714195728302,0.000285736023215577
Lung_Dx-A0212,0,0.9999836683273315,1.6314539607265033e-05
Lung_Dx-A0212,0,0.9996273517608643,0.0003726376744452864
Lung_Dx-A0212,0,0.9997748732566833,0.00022516825993079692
Lung_Dx-A0212,0,0.9971439242362976,0.0028560124337673187
Lung_Dx-A0212,0,0.9998511075973511,0.00014883847325108945
Lung_Dx-A0212,0,0.9963712692260742,0.0036287400871515274
Lung_Dx-A0212,0,0.9992052912712097,0.0007947255508042872
Lung_Dx-A0212,0,0.9999384880065918,6.156764720799401e-05
Lung_Dx-A0212,0,0.9966756105422974,0.003324436955153942
Lung_Dx-A0212,0,0.9999233484268188,7.662102143513039e-05
Lung_Dx-A0212,0,0.9984145164489746,0.0015854306984692812
Lung_Dx-A0212,0,0.990044355392456,0.009955651126801968
Lung_Dx-A0212,0,0.9890975952148438,0.010902373120188713
Lung_Dx-A0212,0,0.9972584247589111,0.002741555916145444
Lung_Dx-A0212,0,0.9908919930458069,0.009107992984354496
Lung_Dx-A0212,0,0.5679515600204468,0.43204841017723083
Lung_Dx-A0228,0,0.9999792575836182,2.0785171727766283e-05
Lung_Dx-A0228,0,0.9994274377822876,0.0005725465598516166
Lung_Dx-A0228,0,0.999997615814209,2.368799187024706e-06
Lung_Dx-A0228,0,0.9999973773956299,2.581370381449233e-06
Lung_Dx-A0228,0,0.9999676942825317,3.2318330340785906e-05
Lung_Dx-A0228,0,0.9993563294410706,0.00064368563471362
Lung_Dx-A0228,0,0.9996613264083862,0.00033863994758576155
Lung_Dx-A0228,0,0.9998300075531006,0.0001699752756394446
Lung_Dx-A0228,0,0.9996102452278137,0.00038975226925686
Lung_Dx-A0228,0,0.9999409914016724,5.8978344895876944e-05
Lung_Dx-A0228,0,0.9999886751174927,1.134503872890491e-05
Lung_Dx-A0228,0,0.9999945163726807,5.507606147148181e-06
Lung_Dx-A0228,0,0.999997615814209,2.3595641778229037e-06
Lung_Dx-A0231,0,0.29007506370544434,0.7099249362945557
Lung_Dx-A0231,0,0.026205413043498993,0.9737945199012756
Lung_Dx-A0231,0,0.5265710353851318,0.47342902421951294
Lung_Dx-A0231,0,0.8703770637512207,0.1296229213476181
Lung_Dx-A0231,0,0.01005236804485321,0.9899476170539856
Lung_Dx-A0231,0,0.035544395446777344,0.9644556045532227
Lung_Dx-A0231,0,0.8590145111083984,0.14098547399044037
Lung_Dx-A0231,0,0.005070175509899855,0.994929850101471
Lung_Dx-A0231,0,0.0024726232513785362,0.9975274205207825
Lung_Dx-A0231,0,0.0005132578662596643,0.9994866847991943
Lung_Dx-A0231,0,2.6172339858021587e-05,0.9999737739562988
Lung_Dx-A0231,0,0.000103505612059962,0.9998965263366699
Lung_Dx-A0231,0,0.0010362669127061963,0.9989637136459351
Lung_Dx-A0231,0,0.0004793605185113847,0.9995206594467163
Lung_Dx-A0231,0,0.0015457437839359045,0.998454213142395
Lung_Dx-A0231,0,9.314593626186252e-05,0.9999068975448608
Lung_Dx-A0231,0,2.6584484658087604e-05,0.9999734163284302
Lung_Dx-A0231,0,1.3472536011249758e-05,0.9999865293502808
Lung_Dx-A0231,0,0.0002896682999562472,0.9997102618217468
Lung_Dx-A0231,0,0.0010222098790109158,0.998977780342102
Lung_Dx-A0231,0,0.0003399648703634739,0.9996600151062012
Lung_Dx-A0231,0,0.002981032943353057,0.9970190525054932
Lung_Dx-A0231,0,0.000697313342243433,0.9993026256561279
Lung_Dx-A0231,0,0.0031236486975103617,0.9968763589859009
Lung_Dx-A0231,0,0.0004297173290979117,0.9995703101158142
Lung_Dx-A0231,0,0.005129634402692318,0.9948704242706299
Lung_Dx-A0231,0,0.008968053385615349,0.9910320043563843
Lung_Dx-A0231,0,0.0016711377538740635,0.9983288645744324
Lung_Dx-A0231,0,0.1655256599187851,0.8344743251800537
Lung_Dx-A0231,0,0.005374487489461899,0.9946255087852478
Lung_Dx-A0231,0,0.0033309145364910364,0.9966691136360168
Lung_Dx-A0231,0,0.0018031664658337831,0.9981968998908997
Lung_Dx-A0231,0,0.002186974510550499,0.9978129863739014
Lung_Dx-A0231,0,0.0009344576974399388,0.9990655779838562
Lung_Dx-A0231,0,0.21700549125671387,0.7829945087432861
Lung_Dx-A0231,0,0.03079216368496418,0.9692078232765198
Lung_Dx-A0231,0,0.5143088102340698,0.4856911599636078
Lung_Dx-A0231,0,0.01729249209165573,0.9827074408531189
Lung_Dx-A0231,0,0.0020507434383034706,0.9979493021965027
Lung_Dx-A0231,0,0.00011061159602832049,0.9998893737792969
Lung_Dx-A0231,0,0.01587584614753723,0.9841241240501404
Lung_Dx-A0231,0,0.0029752333648502827,0.9970247149467468
Lung_Dx-A0231,0,0.003241359954699874,0.9967586398124695
Lung_Dx-A0231,0,0.0005043190903961658,0.9994956254959106
Lung_Dx-A0231,0,0.009214365854859352,0.9907855987548828
Lung_Dx-A0231,0,0.1000402644276619,0.8999598026275635
Lung_Dx-A0231,0,0.05592617765069008,0.9440738558769226
Lung_Dx-A0231,0,0.00031812931410968304,0.999681830406189
Lung_Dx-A0231,0,0.13161905109882355,0.8683809638023376
Lung_Dx-A0231,0,0.0699218362569809,0.9300780892372131
Lung_Dx-A0231,0,0.9629179239273071,0.037082020193338394
Lung_Dx-A0231,0,0.9065704345703125,0.0934295654296875
Lung_Dx-A0231,0,0.6196870803833008,0.3803129196166992
Lung_Dx-A0231,0,0.7241393327713013,0.27586066722869873
Lung_Dx-A0231,0,0.7581974864006042,0.24180255830287933
Lung_Dx-A0231,0,0.5145527720451355,0.4854472279548645
Lung_Dx-A0231,0,0.832304835319519,0.16769517958164215
Lung_Dx-A0231,0,0.6909241080284119,0.30907583236694336
Lung_Dx-A0231,0,0.036908067762851715,0.9630919694900513
Lung_Dx-A0231,0,0.07779745012521744,0.9222025275230408
Lung_Dx-A0231,0,0.6200034618377686,0.37999650835990906
Lung_Dx-A0233,0,0.890198826789856,0.10980119556188583
Lung_Dx-A0233,0,0.845496416091919,0.15450352430343628
Lung_Dx-A0233,0,0.874667227268219,0.1253327876329422
Lung_Dx-A0233,0,0.05813159421086311,0.9418684244155884
Lung_Dx-A0233,0,0.9107043743133545,0.0892956405878067
Lung_Dx-A0233,0,0.9584988951683044,0.04150110110640526
Lung_Dx-A0233,0,0.7020196318626404,0.2979804277420044
Lung_Dx-A0233,0,0.93974769115448,0.06025232374668121
Lung_Dx-A0233,0,0.9932156205177307,0.006784358527511358
Lung_Dx-A0233,0,0.9901019334793091,0.009898063726723194
Lung_Dx-A0233,0,0.9833109378814697,0.016689060255885124
Lung_Dx-A0233,0,0.9997208714485168,0.00027911883080378175
Lung_Dx-A0233,0,0.9998822212219238,0.00011774458835134283
Lung_Dx-A0233,0,0.999058187007904,0.0009417797555215657
Lung_Dx-A0233,0,0.9998005032539368,0.00019949312263634056
Lung_Dx-A0233,0,0.9999381303787231,6.18085905443877e-05
Lung_Dx-A0233,0,0.9999986886978149,1.2929357353641535e-06
Lung_Dx-A0233,0,0.9999598264694214,4.022049324703403e-05
Lung_Dx-A0233,0,0.9999998807907104,7.380236155540842e-08
Lung_Dx-A0233,0,0.9999998807907104,8.494600223230009e-08
Lung_Dx-A0233,0,0.9999994039535522,6.012714379721729e-07
Lung_Dx-A0233,0,0.9999983310699463,1.640820528336917e-06
Lung_Dx-A0233,0,0.9999902248382568,9.818327271204907e-06
Lung_Dx-A0233,0,0.9999986886978149,1.313296593252744e-06
Lung_Dx-A0233,0,0.9999997615814209,2.536018826049258e-07
Lung_Dx-A0233,0,0.9999629259109497,3.7052966945338994e-05
Lung_Dx-A0233,0,0.9997774958610535,0.0002225455391453579
Lung_Dx-A0233,0,0.9999915361404419,8.497065209667198e-06
Lung_Dx-A0233,0,0.9993833303451538,0.0006166296661831439
Lung_Dx-A0233,0,0.9997377991676331,0.00026221232837997377
Lung_Dx-A0233,0,0.9999866485595703,1.3367695828492288e-05
Lung_Dx-A0233,0,0.9981251358985901,0.0018748617731034756
Lung_Dx-A0233,0,0.9583432078361511,0.04165676608681679
Lung_Dx-A0233,0,0.055005282163619995,0.9449946880340576
Lung_Dx-A0233,0,0.5408025979995728,0.45919737219810486
Lung_Dx-A0233,0,0.7819972634315491,0.21800270676612854
Lung_Dx-A0233,0,0.9806548357009888,0.019345102831721306
Lung_Dx-A0233,0,0.96518474817276,0.03481519594788551
Lung_Dx-A0233,0,0.9948000907897949,0.005199880339205265
Lung_Dx-A0233,0,0.8006919622421265,0.19930800795555115
Lung_Dx-A0233,0,0.9604353904724121,0.039564553648233414
Lung_Dx-A0233,0,0.8908652067184448,0.10913479328155518
Lung_Dx-A0253,0,0.9998579025268555,0.0001420236221747473
Lung_Dx-A0253,0,0.9999904632568359,9.553497875458561e-06
Lung_Dx-A0253,0,0.9998984336853027,0.00010150382877327502
Lung_Dx-A0253,0,0.9992678761482239,0.0007321813027374446
Lung_Dx-A0253,0,0.9988304972648621,0.0011695101857185364
Lung_Dx-A0253,0,0.9998218417167664,0.000178131100255996
Lung_Dx-A0253,0,0.9997208714485168,0.00027911883080378175
Lung_Dx-A0253,0,0.9991638660430908,0.0008360903011634946
Lung_Dx-A0253,0,0.999969482421875,3.0479142878903076e-05
Lung_Dx-A0253,0,0.9990206956863403,0.000979259260930121
Lung_Dx-A0253,0,0.994949460029602,0.005050507839769125
Lung_Dx-A0253,0,0.783160388469696,0.21683958172798157
Lung_Dx-A0253,0,0.9978087544441223,0.002191240433603525
Lung_Dx-A0253,0,0.9994240999221802,0.0005759092164225876
Lung_Dx-A0253,0,0.9968335032463074,0.003166511654853821
Lung_Dx-A0253,0,0.9620718955993652,0.03792804479598999
Lung_Dx-A0253,0,0.9862577319145203,0.01374232117086649
Lung_Dx-A0253,0,0.9960775971412659,0.003922447562217712
Lung_Dx-A0253,0,0.9987081289291382,0.0012918456923216581
Lung_Dx-A0253,0,0.9995850920677185,0.0004148787120357156
Lung_Dx-A0253,0,0.9917163252830505,0.008283626288175583
Lung_Dx-A0253,0,0.5760352611541748,0.4239647686481476
Lung_Dx-A0253,0,0.7147773504257202,0.2852226197719574
Lung_Dx-A0253,0,0.6959583163261414,0.30404165387153625
Lung_Dx-A0253,0,0.49574288725852966,0.504257082939148
Lung_Dx-A0253,0,0.761804461479187,0.23819561302661896
Lung_Dx-A0253,0,0.999099612236023,0.0009004466701298952
Lung_Dx-A0253,0,0.9983288645744324,0.0016711377538740635
Lung_Dx-A0253,0,0.9931628704071045,0.006837205030024052
Lung_Dx-A0253,0,0.9953814744949341,0.004618542734533548
Lung_Dx-A0253,0,0.9985590577125549,0.0014409428695216775
Lung_Dx-A0253,0,0.9974737763404846,0.0025261850096285343
Lung_Dx-A0253,0,0.9967459440231323,0.0032540052197873592
Lung_Dx-A0253,0,0.972701370716095,0.027298586443066597
Lung_Dx-A0253,0,0.9999918937683105,8.107959729386494e-06
Lung_Dx-A0253,0,0.9999935626983643,6.413933988369536e-06
Lung_Dx-A0253,0,0.9999995231628418,4.793755010723544e-07
Lung_Dx-A0259,0,0.3912968933582306,0.608703076839447
Lung_Dx-A0259,0,0.9709643721580505,0.029035642743110657
Lung_Dx-A0259,0,0.8260813355445862,0.17391866445541382
Lung_Dx-A0259,0,0.9567555785179138,0.04324442148208618
Lung_Dx-A0259,0,0.08779820054769516,0.9122018218040466
Lung_Dx-A0259,0,0.18119075894355774,0.8188092112541199
Lung_Dx-A0259,0,0.08822932839393616,0.9117707014083862
Lung_Dx-A0259,0,0.0004907225957140326,0.9995092153549194
Lung_Dx-A0259,0,0.008140463382005692,0.991859495639801
Lung_Dx-A0259,0,0.024353383108973503,0.9756466746330261
Lung_Dx-A0259,0,0.11446747183799744,0.8855324983596802
Lung_Dx-A0259,0,0.22944888472557068,0.7705511450767517
Lung_Dx-A0259,0,0.9918910264968872,0.008108983747661114
Lung_Dx-A0259,0,0.9979047775268555,0.0020951859187334776
Lung_Dx-A0259,0,0.5054318904876709,0.4945680797100067
Lung_Dx-A0259,0,0.673111081123352,0.32688888907432556
Lung_Dx-A0259,0,0.25627321004867554,0.7437268495559692
Lung_Dx-A0259,0,0.7651549577713013,0.23484507203102112
Lung_Dx-A0259,0,0.3036285638809204,0.6963714361190796
Lung_Dx-A0259,0,0.02784845046699047,0.972151517868042
Lung_Dx-A0259,0,0.0001110444645746611,0.9998888969421387
Lung_Dx-A0259,0,0.00037409563083201647,0.9996259212493896
Lung_Dx-A0259,0,0.00029769580578431487,0.9997022747993469
Lung_Dx-A0259,0,0.006944127380847931,0.9930558800697327
Lung_Dx-A0259,0,0.008745182305574417,0.9912548065185547
Lung_Dx-A0259,0,0.0004459562187548727,0.9995539784431458
Lung_Dx-A0259,0,0.002046750159934163,0.9979531764984131
Lung_Dx-A0259,0,0.001582341967150569,0.9984176158905029
Lung_Dx-A0259,0,2.942625906143803e-05,0.999970555305481
Lung_Dx-A0259,0,0.06330841034650803,0.9366915822029114
Lung_Dx-A0259,0,0.00041813126881606877,0.9995818734169006
Lung_Dx-A0259,0,0.11976800858974457,0.8802319765090942
Lung_Dx-A0259,0,0.021368887275457382,0.9786311388015747
Lung_Dx-A0259,0,0.00943081732839346,0.9905691146850586
Lung_Dx-A0259,0,0.21733751893043518,0.7826625108718872
Lung_Dx-A0259,0,0.2012632042169571,0.7987368106842041
Lung_Dx-A0259,0,0.21933749318122864,0.780662477016449
Lung_Dx-A0259,0,0.26798251271247864,0.7320175170898438
Lung_Dx-A0259,0,0.039048291742801666,0.9609517455101013
Lung_Dx-A0259,0,0.022737447172403336,0.977262556552887
Lung_Dx-A0259,0,0.2058544158935547,0.7941456437110901
Lung_Dx-A0259,0,0.3097018003463745,0.6902981400489807
Lung_Dx-A0259,0,0.5309813618659973,0.4690186083316803
Lung_Dx-A0259,0,0.36457955837249756,0.6354203820228577
Lung_Dx-A0259,0,0.865962564945221,0.13403743505477905
Lung_Dx-A0259,0,0.8399310111999512,0.16006900370121002
Lung_Dx-A0259,0,0.11606086790561676,0.8839391469955444
Lung_Dx-A0259,0,0.17002512514591217,0.8299749493598938
Lung_Dx-A0259,0,0.011201214045286179,0.9887987971305847
Lung_Dx-A0259,0,0.38647398352622986,0.6135260462760925
Lung_Dx-A0259,0,0.017193201929330826,0.9828068017959595
Lung_Dx-A0259,0,0.03314851596951485,0.9668514132499695
Lung_Dx-A0259,0,0.07878401130437851,0.9212159514427185
Lung_Dx-A0259,0,0.07765743881464005,0.9223425984382629
Lung_Dx-A0259,0,0.5892732739448547,0.41072672605514526
Lung_Dx-A0259,0,0.0014353332808241248,0.9985646605491638
Lung_Dx-A0259,0,0.049497056752443314,0.9505029916763306
Lung_Dx-A0259,0,0.009802816435694695,0.9901971817016602
Lung_Dx-A0259,0,0.02615562081336975,0.9738444089889526
Lung_Dx-A0259,0,0.18213441967964172,0.8178656101226807
Lung_Dx-A0259,0,0.8493474125862122,0.15065254271030426
Lung_Dx-A0259,0,0.1579144448041916,0.8420855402946472
Lung_Dx-A0259,0,0.03666584566235542,0.9633341431617737
Lung_Dx-A0259,0,0.7579287886619568,0.2420712411403656
Lung_Dx-A0259,0,0.9701269268989563,0.029873093590140343
Lung_Dx-A0259,0,0.6416890025138855,0.3583109378814697
Lung_Dx-A0259,0,0.8352149128913879,0.16478508710861206
Lung_Dx-A0259,0,0.9636775851249695,0.0363224633038044
Lung_Dx-A0259,0,0.9435039758682251,0.05649606138467789
Lung_Dx-A0259,0,0.7505984306335449,0.2494015246629715
Lung_Dx-A0259,0,0.5789541006088257,0.4210458993911743
Lung_Dx-A0259,0,0.001367025775834918,0.9986329674720764
Lung_Dx-A0259,0,0.17078442871570587,0.8292155861854553
Lung_Dx-A0259,0,0.30187633633613586,0.6981236934661865
Lung_Dx-A0259,0,0.0001816438016248867,0.9998183846473694
Lung_Dx-A0259,0,0.07551658153533936,0.9244834184646606
Lung_Dx-A0259,0,0.21337716281414032,0.7866228222846985
Lung_Dx-A0259,0,0.0152329346165061,0.9847670197486877
Lung_Dx-A0259,0,0.4240318536758423,0.5759682059288025
Lung_Dx-A0259,0,0.0022300120908766985,0.9977699518203735
Lung_Dx-A0259,0,0.11838509887456894,0.8816148638725281
Lung_Dx-A0259,0,0.3582267463207245,0.6417732834815979
Lung_Dx-A0259,0,0.004503272473812103,0.9954967498779297
Lung_Dx-A0259,0,0.13415081799030304,0.8658491373062134
Lung_Dx-A0259,0,0.6418995261192322,0.3581004738807678
Lung_Dx-A0259,0,0.014503580518066883,0.985496461391449
Lung_Dx-A0259,0,0.00214894930832088,0.9978510141372681
Lung_Dx-A0259,0,0.00016093082376755774,0.9998390674591064
Lung_Dx-A0259,0,0.008694533258676529,0.991305410861969
Lung_Dx-A0259,0,0.01245565339922905,0.9875444173812866
Lung_Dx-A0259,0,0.005312204826623201,0.9946877956390381
Lung_Dx-A0259,0,0.0027149852830916643,0.997285008430481
Lung_Dx-A0259,0,0.15869519114494324,0.8413047790527344
Lung_Dx-A0259,0,0.07217757403850555,0.927822470664978
Lung_Dx-A0259,0,0.0031297362875193357,0.996870219707489
Lung_Dx-A0259,0,0.0004494523163884878,0.9995505213737488
Lung_Dx-A0259,0,0.007388676051050425,0.9926113486289978
Lung_Dx-A0259,0,0.0001541633391752839,0.9998458623886108
Lung_Dx-A0259,0,0.0012570442631840706,0.9987429976463318
Lung_Dx-A0259,0,1.0616134204610717e-05,0.99998939037323
Lung_Dx-A0259,0,0.000498446577694267,0.9995015859603882
Lung_Dx-A0259,0,2.863255940610543e-05,0.9999713897705078
Lung_Dx-A0259,0,0.00011682840704452246,0.9998831748962402
Lung_Dx-A0259,0,0.0006487308419309556,0.9993513226509094
Lung_Dx-A0259,0,0.0011763748480007052,0.9988235831260681
Lung_Dx-A0259,0,1.8129196178051643e-05,0.9999818801879883
Lung_Dx-A0259,0,0.0002453695051372051,0.9997546076774597
Lung_Dx-A0259,0,0.00010190106695517898,0.9998980760574341
Lung_Dx-A0259,0,1.5088500731508248e-05,0.999984860420227
Lung_Dx-A0259,0,1.1705164979503024e-05,0.999988317489624
Lung_Dx-A0259,0,3.3016208362823818e-06,0.9999966621398926
Lung_Dx-A0259,0,0.0001565906568430364,0.9998433589935303
Lung_Dx-A0259,0,1.0209440915787127e-05,0.9999897480010986
Lung_Dx-A0259,0,1.6153818478414905e-06,0.9999983310699463
Lung_Dx-A0259,0,0.002839374355971813,0.9971606731414795
Lung_Dx-A0259,0,0.000755405577365309,0.9992445707321167
Lung_Dx-A0259,0,0.012747266329824924,0.9872527718544006
Lung_Dx-A0259,0,4.451983841136098e-05,0.9999555349349976
Lung_Dx-A0259,0,0.0013912341091781855,0.9986087679862976
Lung_Dx-A0259,0,0.0003301527176517993,0.9996699094772339
Lung_Dx-A0259,0,0.001223179162479937,0.9987768530845642
Lung_Dx-A0259,0,3.1324027077062055e-05,0.9999686479568481
Lung_Dx-A0259,0,0.00014539113908540457,0.999854564666748
Lung_Dx-A0259,0,5.0054717576131225e-05,0.9999499320983887
Lung_Dx-A0259,0,0.03521113842725754,0.9647889137268066
Lung_Dx-A0259,0,0.00013658354873768985,0.9998633861541748
Lung_Dx-A0259,0,0.0008951908675953746,0.9991047978401184
Lung_Dx-A0259,0,8.029783930396661e-05,0.9999196529388428
Lung_Dx-A0259,0,6.168222171254456e-06,0.9999938011169434
Lung_Dx-A0259,0,1.018809143715771e-06,0.999998927116394
Lung_Dx-A0259,0,2.0182428670523223e-06,0.9999979734420776
Lung_Dx-A0259,0,8.646523497191083e-07,0.9999991655349731
Lung_Dx-A0259,0,8.332718607562128e-06,0.9999916553497314
Lung_Dx-A0259,0,1.4624282812292222e-05,0.9999853372573853
Lung_Dx-A0259,0,0.001619805465452373,0.998380184173584
Lung_Dx-A0259,0,0.00034666777355596423,0.9996533393859863
Lung_Dx-A0259,0,0.0026061658281832933,0.9973938465118408
Lung_Dx-G0034,1,0.848846971988678,0.1511530578136444
Lung_Dx-G0034,1,0.8162599205970764,0.18374003469944
Lung_Dx-G0034,1,0.9150528311729431,0.08494710177183151
Lung_Dx-G0034,1,0.6426287293434143,0.3573712408542633
Lung_Dx-G0034,1,0.4346337914466858,0.565366268157959
Lung_Dx-G0034,1,0.0026522597763687372,0.9973477125167847
Lung_Dx-G0034,1,0.005911068990826607,0.9940890073776245
Lung_Dx-G0034,1,0.006425620522350073,0.993574321269989
Lung_Dx-G0034,1,0.00013446628872770816,0.9998655319213867
Lung_Dx-G0034,1,2.2125668692751788e-05,0.9999778270721436
Lung_Dx-G0034,1,0.0006474657566286623,0.9993525147438049
Lung_Dx-G0034,1,3.282725083408877e-05,0.9999672174453735
Lung_Dx-G0034,1,4.101373997400515e-05,0.9999589920043945
Lung_Dx-G0034,1,9.028039494296536e-05,0.9999097585678101
Lung_Dx-G0034,1,0.00016346470511052758,0.9998365640640259
Lung_Dx-G0034,1,0.00022081405040808022,0.9997791647911072
Lung_Dx-G0034,1,0.006692850962281227,0.9933071732521057
Lung_Dx-G0034,1,0.00044770087697543204,0.999552309513092
Lung_Dx-G0034,1,0.0009004466701298952,0.999099612236023
Lung_Dx-G0034,1,0.002596031641587615,0.9974039196968079
Lung_Dx-G0034,1,0.0031480705365538597,0.9968519806861877
Lung_Dx-G0034,1,0.0009290034067817032,0.9990710020065308
Lung_Dx-G0034,1,0.004206969402730465,0.9957929849624634
Lung_Dx-G0034,1,0.0009399440023116767,0.9990600943565369
Lung_Dx-G0034,1,9.063370816875249e-05,0.9999094009399414
Lung_Dx-G0034,1,5.6058292102534324e-05,0.9999439716339111
Lung_Dx-G0034,1,0.0008459375821985304,0.9991540908813477
Lung_Dx-G0034,1,0.0005410355515778065,0.9994589686393738
Lung_Dx-G0034,1,0.03524432331323624,0.9647555947303772
Lung_Dx-G0034,1,0.11516223102807999,0.8848377466201782
Lung_Dx-G0034,1,0.389430433511734,0.6105695962905884
Lung_Dx-G0034,1,0.007303223479539156,0.9926967024803162
Lung_Dx-G0034,1,0.2820972800254822,0.717902660369873
Lung_Dx-G0034,1,0.09632259607315063,0.9036774039268494
Lung_Dx-G0034,1,0.8104788661003113,0.18952108919620514
Lung_Dx-G0034,1,0.5851863622665405,0.41481366753578186
Lung_Dx-G0034,1,0.06632687151432037,0.9336731433868408
Lung_Dx-G0034,1,0.45380640029907227,0.5461935997009277
Lung_Dx-G0034,1,0.6260955929756165,0.37390443682670593
Lung_Dx-G0034,1,0.38577955961227417,0.6142204999923706
Lung_Dx-G0034,1,0.02571159042418003,0.9742884635925293
Lung_Dx-G0034,1,0.029063189402222633,0.9709368348121643
Lung_Dx-G0034,1,0.0010282108560204506,0.9989718198776245
Lung_Dx-G0034,1,0.022933565080165863,0.9770664572715759
Lung_Dx-G0034,1,0.10790660232305527,0.8920933604240417
Lung_Dx-G0034,1,0.45668232440948486,0.5433176159858704
Lung_Dx-G0034,1,0.9826908707618713,0.017309095710515976
Lung_Dx-G0034,1,0.956916868686676,0.04308309033513069
Lung_Dx-G0034,1,0.9569973349571228,0.043002646416425705
Lung_Dx-G0034,1,0.45510777831077576,0.5448921918869019
Lung_Dx-G0034,1,0.10790660232305527,0.8920933604240417
Lung_Dx-G0034,1,0.009994227439165115,0.9900057911872864
Lung_Dx-G0034,1,0.7789857983589172,0.22101424634456635
Lung_Dx-G0034,1,0.04872181639075279,0.9512782096862793
Lung_Dx-G0034,1,0.008933402597904205,0.9910666346549988
Lung_Dx-G0034,1,0.00943081732839346,0.9905691146850586
Lung_Dx-G0034,1,0.14027735590934753,0.8597226738929749
Lung_Dx-G0034,1,0.001960835652425885,0.998039186000824
Lung_Dx-G0034,1,0.2954331338405609,0.7045668363571167
Lung_Dx-G0034,1,0.09244169294834137,0.9075583219528198
Lung_Dx-G0034,1,0.06176271289587021,0.9382373094558716
Lung_Dx-G0034,1,0.9651520252227783,0.03484803065657616
Lung_Dx-G0034,1,0.7647598385810852,0.2352401316165924
Lung_Dx-G0034,1,0.33709442615509033,0.6629056334495544
Lung_Dx-G0034,1,0.009002837352454662,0.9909971952438354
Lung_Dx-G0034,1,0.01540972851216793,0.9845902919769287
Lung_Dx-G0034,1,0.007388676051050425,0.9926113486289978
Lung_Dx-G0034,1,0.09401018917560577,0.9059898257255554
Lung_Dx-G0034,1,0.5105727910995483,0.48942723870277405
Lung_Dx-G0034,1,0.09585607796907425,0.9041438698768616
Lung_Dx-G0034,1,0.18352043628692627,0.8164795637130737
Lung_Dx-G0034,1,0.008030813187360764,0.9919691681861877
Lung_Dx-G0034,1,8.34962775115855e-05,0.9999165534973145
Lung_Dx-G0034,1,0.002191240433603525,0.9978087544441223
Lung_Dx-G0034,1,0.019870713353157043,0.9801293015480042
Lung_Dx-G0034,1,0.9833908081054688,0.01660911925137043
Lung_Dx-G0034,1,0.9902727007865906,0.00972727220505476
Lung_Dx-G0034,1,0.9413852691650391,0.058614689856767654
Lung_Dx-G0034,1,0.9924227595329285,0.007577240467071533
Lung_Dx-G0037,1,5.412183600128628e-05,0.999945878982544
Lung_Dx-G0037,1,0.0038319320883601904,0.9961680769920349
Lung_Dx-G0037,1,0.2702876031398773,0.7297124266624451
Lung_Dx-G0037,1,0.004672730341553688,0.9953272342681885
Lung_Dx-G0037,1,0.0057974006049335,0.9942025542259216
Lung_Dx-G0037,1,3.2955729693640023e-05,0.999967098236084
Lung_Dx-G0037,1,0.00023050671734381467,0.9997695088386536
Lung_Dx-G0037,1,0.00044248730409890413,0.9995575547218323
Lung_Dx-G0037,1,3.897295357546682e-07,0.9999996423721313
Lung_Dx-G0037,1,2.8909971661050804e-06,0.9999971389770508
Lung_Dx-G0037,1,3.244481558795087e-05,0.9999675750732422
Lung_Dx-G0037,1,1.1889491361216642e-05,0.9999880790710449
Lung_Dx-G0037,1,0.0006449432112276554,0.9993550181388855
Lung_Dx-G0037,1,3.0479142878903076e-05,0.999969482421875
Lung_Dx-G0037,1,3.460068228378077e-06,0.999996542930603
Lung_Dx-G0037,1,2.1782650946988724e-05,0.9999781847000122
Lung_Dx-G0037,1,0.0010103128151968122,0.9989896416664124
Lung_Dx-G0037,1,2.2650352548225783e-05,0.9999773502349854
Lung_Dx-G0037,1,1.270582197321346e-05,0.9999872446060181
Lung_Dx-G0037,1,8.398072168347426e-06,0.9999916553497314
Lung_Dx-G0037,1,5.529162535822252e-06,0.9999945163726807
Lung_Dx-G0037,1,8.028025035855535e-07,0.9999991655349731
Lung_Dx-G0037,1,2.8020504032610916e-06,0.9999971389770508
Lung_Dx-G0037,1,1.003014176603756e-06,0.9999990463256836
Lung_Dx-G0037,1,1.7294148335622594e-07,0.9999998807907104
Lung_Dx-G0037,1,4.365877975942567e-05,0.9999563694000244
Lung_Dx-G0037,1,0.0032540052197873592,0.9967459440231323
Lung_Dx-G0037,1,0.0007870083791203797,0.9992129802703857
Lung_Dx-G0037,1,7.858505341573618e-06,0.9999921321868896
Lung_Dx-G0037,1,0.00033469597110524774,0.9996652603149414
Lung_Dx-G0037,1,2.8020504032610916e-06,0.9999971389770508
Lung_Dx-G0037,1,4.945924843013927e-07,0.9999995231628418
Lung_Dx-G0037,1,1.2956418686371762e-05,0.999987006187439
Lung_Dx-G0037,1,3.373722211108543e-05,0.9999662637710571
Lung_Dx-G0037,1,6.748050964233698e-06,0.9999932050704956
Lung_Dx-G0037,1,1.1610740813239318e-07,0.9999998807907104
Lung_Dx-G0037,1,1.3497025292963372e-06,0.9999986886978149
Lung_Dx-G0037,1,0.00017882819520309567,0.9998212456703186
Lung_Dx-G0037,1,0.00036829791497439146,0.9996316432952881
Lung_Dx-G0037,1,9.99303229036741e-05,0.9999001026153564
Lung_Dx-G0037,1,1.703082125459332e-05,0.9999829530715942
Lung_Dx-G0037,1,9.295809832110535e-06,0.999990701675415
Lung_Dx-G0037,1,0.0002314086741534993,0.9997685551643372
Lung_Dx-G0037,1,4.133539550821297e-05,0.9999586343765259
Lung_Dx-G0037,1,0.00030534894904121757,0.9996947050094604
Lung_Dx-G0037,1,0.0002098830882459879,0.9997901320457458
Lung_Dx-G0037,1,0.005554925184696913,0.9944451451301575
Lung_Dx-G0037,1,0.20362836122512817,0.7963716387748718
Lung_Dx-G0037,1,0.0007364808116108179,0.9992634654045105
Lung_Dx-G0049,1,0.003363492665812373,0.9966365098953247
Lung_Dx-G0049,1,0.07744785398244858,0.9225521683692932
Lung_Dx-G0049,1,0.0011424494441598654,0.9988574981689453
Lung_Dx-G0049,1,7.016861218289705e-06,0.9999929666519165
Lung_Dx-G0049,1,0.25701841711997986,0.7429815530776978
Lung_Dx-G0049,1,0.1579144448041916,0.8420855402946472
Lung_Dx-G0049,1,0.9201462268829346,0.07985372841358185
Lung_Dx-G0049,1,0.0029406726825982332,0.9970593452453613
Lung_Dx-G0049,1,0.003922447562217712,0.9960775971412659
Lung_Dx-G0049,1,0.0001500056532677263,0.9998499155044556
Lung_Dx-G0049,1,0.0030994152184575796,0.9969005584716797
Lung_Dx-G0049,1,0.0009491591481491923,0.9990507960319519
Lung_Dx-G0049,1,0.1274895966053009,0.8725103735923767
Lung_Dx-G0049,1,0.4090953767299652,0.5909046530723572
Lung_Dx-G0049,1,0.42821842432022095,0.5717815160751343
Lung_Dx-G0049,1,0.4849593937397003,0.5150406360626221
Lung_Dx-G0049,1,0.07329727709293365,0.9267027974128723
Lung_Dx-G0049,1,0.005220125894993544,0.9947799444198608
Lung_Dx-G0049,1,0.6323183178901672,0.36768171191215515
Lung_Dx-G0049,1,0.04123002290725708,0.9587699174880981
Lung_Dx-G0049,1,0.39501750469207764,0.6049825549125671
Lung_Dx-G0049,1,0.008830243721604347,0.991169810295105
Lung_Dx-G0049,1,0.0038844766095280647,0.9961155652999878
Lung_Dx-G0049,1,0.049912191927433014,0.9500877857208252
Lung_Dx-G0049,1,8.124428131850436e-05,0.9999186992645264
Lung_Dx-G0049,1,1.5628384062438272e-05,0.9999843835830688
Lung_Dx-G0049,1,2.6688530851970427e-05,0.9999732971191406
Lung_Dx-G0049,1,5.827722588946926e-07,0.9999994039535522
Lung_Dx-G0049,1,2.6995778057425923e-07,0.9999997615814209
Lung_Dx-G0049,1,5.815486758820043e-08,1.0
Lung_Dx-G0049,1,4.654657104197213e-08,1.0
Lung_Dx-G0049,1,6.4993579407257585e-09,1.0
Lung_Dx-G0049,1,1.5115948599486728e-06,0.9999984502792358
Lung_Dx-G0049,1,2.273272485808775e-07,0.9999997615814209
Lung_Dx-G0049,1,5.453294988910784e-07,0.9999994039535522
Lung_Dx-G0049,1,1.7361836057716573e-07,0.9999998807907104
Lung_Dx-G0049,1,7.265816037715922e-08,0.9999998807907104
Lung_Dx-G0049,1,1.5841377489778097e-06,0.9999984502792358
Lung_Dx-G0049,1,1.844823827923392e-06,0.9999982118606567
Lung_Dx-G0049,1,3.288748985141865e-06,0.9999966621398926
Lung_Dx-G0049,1,1.0227965958620189e-06,0.999998927116394
Lung_Dx-G0049,1,0.0001420236221747473,0.9998579025268555
Lung_Dx-G0049,1,1.0370215022703633e-05,0.9999896287918091
Lung_Dx-G0049,1,8.87012811290333e-06,0.9999911785125732
Lung_Dx-G0049,1,0.00024729344295337796,0.9997527003288269
Lung_Dx-G0049,1,1.9183130461897235e-06,0.9999980926513672
Lung_Dx-G0049,1,7.616726179549005e-06,0.9999923706054688
Lung_Dx-G0049,1,3.0241957574617118e-05,0.9999697208404541
Lung_Dx-G0049,1,8.137328677548794e-08,0.9999998807907104
Lung_Dx-G0049,1,0.0004263746668584645,0.9995736479759216
Lung_Dx-G0049,1,6.922183092683554e-05,0.999930739402771
Lung_Dx-G0049,1,0.0002332232252229005,0.9997667670249939
Lung_Dx-G0056,1,9.461262379772961e-05,0.9999053478240967
Lung_Dx-G0056,1,2.2738999177818187e-05,0.9999772310256958
Lung_Dx-G0056,1,3.734356869244948e-05,0.9999626874923706
Lung_Dx-G0056,1,4.469407213036902e-05,0.9999552965164185
Lung_Dx-G0056,1,1.5057016753416974e-06,0.9999984502792358
Lung_Dx-G0056,1,6.452215166063979e-05,0.999935507774353
Lung_Dx-G0056,1,0.00019563533714972436,0.9998044371604919
Lung_Dx-G0056,1,0.000739361101295799,0.9992606043815613
Lung_Dx-G0056,1,9.99303229036741e-05,0.9999001026153564
Lung_Dx-G0056,1,0.0015578481834381819,0.9984421133995056
Lung_Dx-G0056,1,1.134503872890491e-05,0.9999886751174927
Lung_Dx-G0056,1,5.183284770282626e-07,0.9999995231628418
Lung_Dx-G0056,1,1.3549852155847475e-06,0.9999986886978149
Lung_Dx-G0056,1,7.498641025449615e-06,0.9999924898147583
Lung_Dx-G0056,1,1.5502374139941821e-07,0.9999998807907104
Lung_Dx-G0056,1,0.00024441309506073594,0.9997555613517761
Lung_Dx-G0056,1,2.5466402803431265e-05,0.9999744892120361
Lung_Dx-G0056,1,0.00025514140725135803,0.9997448325157166
Lung_Dx-G0056,1,3.928881778847426e-05,0.9999606609344482
Lung_Dx-G0056,1,7.309601528504572e-07,0.9999992847442627
Lung_Dx-G0056,1,4.538635494100163e-07,0.9999995231628418
Lung_Dx-G0056,1,1.8738753624347737e-06,0.9999980926513672
Lung_Dx-G0056,1,1.9673534268349613e-07,0.9999997615814209
Lung_Dx-G0056,1,4.539786823443137e-05,0.9999545812606812
Lung_Dx-G0056,1,1.1614074537646957e-05,0.9999884366989136
Lung_Dx-G0056,1,3.583874786272645e-06,0.9999964237213135
Lung_Dx-G0056,1,8.105604365482577e-08,0.9999998807907104
Lung_Dx-G0056,1,3.6185159046908666e-07,0.9999996423721313
Lung_Dx-G0056,1,6.641494110226631e-08,0.9999998807907104
Lung_Dx-G0056,1,4.3048544284829404e-08,1.0
Lung_Dx-G0056,1,3.4861770359384536e-08,1.0
Lung_Dx-G0056,1,2.1987043297144737e-08,1.0
Lung_Dx-G0056,1,2.9075599172756483e-07,0.9999997615814209
Lung_Dx-G0056,1,2.291101992568656e-07,0.9999997615814209
Lung_Dx-G0056,1,1.8162224932893878e-06,0.9999982118606567
Lung_Dx-G0056,1,2.4973849576781504e-05,0.9999749660491943
Lung_Dx-G0056,1,8.332718607562128e-06,0.9999916553497314
Lung_Dx-G0056,1,5.583975143963471e-05,0.9999442100524902
Lung_Dx-G0056,1,0.0011995489476248622,0.9988003969192505
Lung_Dx-G0056,1,0.00012731103925034404,0.9998726844787598
Lung_Dx-G0056,1,9.972940461011603e-06,0.9999899864196777
Lung_Dx-G0056,1,9.170197881758213e-05,0.9999083280563354
Lung_Dx-G0056,1,0.002178466646000743,0.997821569442749
Lung_Dx-G0056,1,4.2559531721053645e-06,0.9999957084655762
Lung_Dx-G0056,1,4.264746530679986e-05,0.9999573230743408
Lung_Dx-G0056,1,0.0005062919808551669,0.9994937181472778
Lung_Dx-G0056,1,0.0005474095814861357,0.999452531337738
Lung_Dx-G0056,1,6.528265657834709e-05,0.9999346733093262
Lung_Dx-G0056,1,1.436750721950375e-06,0.9999985694885254
