patient,y,p0,p1
Lung_Dx-A0165,0,0.9999986886978149,1.313296593252744e-06
Lung_Dx-A0165,0,0.9999994039535522,5.582616040555877e-07
Lung_Dx-A0165,0,0.9999942779541016,5.771919859398622e-06
Lung_Dx-A0165,0,0.9999995231628418,4.7194342300826975e-07
Lung_Dx-A0165,0,0.9999830722808838,1.689828968665097e-05
Lung_Dx-A0165,0,0.9999974966049194,2.4824801130307605e-06
Lung_Dx-A0165,0,0.9997649788856506,0.00023505199351347983
Lung_Dx-A0165,0,0.9996849298477173,0.0003150386910419911
Lung_Dx-A0165,0,0.9512782096862793,0.04872181639075279
Lung_Dx-A0165,0,0.9991975426673889,0.0008025182760320604
Lung_Dx-A0165,0,0.9963924288749695,0.0036076169926673174
Lung_Dx-A0165,0,0.9486801028251648,0.051319949328899384
Lung_Dx-A0165,0,0.9786922335624695,0.021307704970240593
Lung_Dx-A0165,0,0.9999369382858276,6.302758993115276e-05
Lung_Dx-A0165,0,0.9999359846115112,6.402006692951545e-05
Lung_Dx-A0165,0,0.9999469518661499,5.3075080359121785e-05
Lung_Dx-A0165,0,0.9999605417251587,3.9442587876692414e-05
Lung_Dx-A0165,0,0.9999997615814209,2.4772720053078956e-07
Lung_Dx-A0165,0,0.9999352693557739,6.477467104559764e-05
Lung_Dx-A0165,0,0.9999853372573853,1.4624282812292222e-05
Lung_Dx-A0165,0,0.9999020099639893,9.79976830421947e-05
Lung_Dx-A0165,0,0.9999004602432251,9.954076813301072e-05
Lung_Dx-A0165,0,0.9999349117279053,6.502816540887579e-05
Lung_Dx-A0165,0,0.9984145164489746,0.0015854306984692812
Lung_Dx-A0165,0,0.9997859597206116,0.00021402176935225725
Lung_Dx-A0165,0,0.9996743202209473,0.0003256710770074278
Lung_Dx-A0165,0,0.9996102452278137,0.00038975226925686
Lung_Dx-A0177,0,0.999998927116394,1.114580641115026e-06
Lung_Dx-A0177,0,0.9999992847442627,7.029574362604762e-07
Lung_Dx-A0177,0,0.9999988079071045,1.2051488056386006e-06
Lung_Dx-A0177,0,0.9999879598617554,1.207672175951302e-05
Lung_Dx-A0177,0,0.9999369382858276,6.302758993115276e-05
Lung_Dx-A0177,0,0.9999299049377441,7.003774226177484e-05
Lung_Dx-A0177,0,0.9999687671661377,3.120191104244441e-05
Lung_Dx-A0177,0,0.9996659755706787,0.0003340431721881032
Lung_Dx-A0177,0,0.9999409914016724,5.8978344895876944e-05
Lung_Dx-A0177,0,0.999966025352478,3.4001819585682824e-05
Lung_Dx-A0177,0,0.999953031539917,4.702220030594617e-05
Lung_Dx-A0177,0,0.9997640252113342,0.00023597176186740398
Lung_Dx-A0177,0,0.9999792575836182,2.070413756882772e-05
Lung_Dx-A0177,0,0.9999911785125732,8.766788596403785e-06
Lung_Dx-A0177,0,0.9999991655349731,8.851569646139978e-07
Lung_Dx-A0177,0,0.9999986886978149,1.2979962775716558e-06
Lung_Dx-A0177,0,0.9999778270721436,2.2212265321286395e-05
Lung_Dx-A0177,0,0.9999600648880005,3.99075033783447e-05
Lung_Dx-A0177,0,0.9999469518661499,5.3075080359121785e-05
Lung_Dx-A0177,0,0.9996229410171509,0.0003770285693462938
Lung_Dx-A0177,0,0.9998936653137207,0.00010637458763085306
Lung_Dx-A0177,0,0.9999481439590454,5.184566180105321e-05
Lung_Dx-A0177,0,0.9999715089797974,2.852093348337803e-05
Lung_Dx-A0177,0,0.999721348285675,0.0002785743272397667
Lung_Dx-A0177,0,0.9998862743377686,0.00011367750266799703
Lung_Dx-A0177,0,0.9989182949066162,0.0010817153379321098
Lung_Dx-A0177,0,0.9999926090240479,7.353604814852588e-06
Lung_Dx-A0177,0,0.9999595880508423,4.037790131405927e-05
Lung_Dx-A0177,0,0.9999933242797852,6.643433152930811e-06
Lung_Dx-A0177,0,0.9999812841415405,1.8704669855651446e-05
Lung_Dx-A0177,0,0.9999535083770752,4.6474400733131915e-05
Lung_Dx-A0177,0,0.999925971031189,7.39743045414798e-05
Lung_Dx-A0177,0,0.9998247027397156,0.00017536996165290475
Lung_Dx-A0177,0,0.9997851252555847,0.00021485923207364976
Lung_Dx-A0177,0,0.9991220831871033,0.0008778914343565702
Lung_Dx-A0180,0,0.9999947547912598,5.234906893747393e-06
Lung_Dx-A0180,0,0.9999796152114868,2.0383158698678017e-05
Lung_Dx-A0180,0,0.9999873638153076,1.2606945347215515e-05
Lung_Dx-A0180,0,0.9999667406082153,3.3214189897989854e-05
Lung_Dx-A0180,0,0.999945878982544,5.412183600128628e-05
Lung_Dx-A0180,0,0.9999527931213379,4.720623110188171e-05
Lung_Dx-A0180,0,0.9999884366989136,1.1568796253413893e-05
Lung_Dx-A0180,0,0.9999816417694092,1.8414684745948762e-05
Lung_Dx-A0180,0,0.9997202754020691,0.00027966435300186276
Lung_Dx-A0180,0,0.999958872795105,4.1174258512910455e-05
Lung_Dx-A0180,0,0.9999464750289917,5.3491330618271604e-05
Lung_Dx-A0180,0,0.9999889135360718,1.1039027413062286e-05
Lung_Dx-A0180,0,0.9999874830245972,1.2460071957320906e-05
Lung_Dx-A0180,0,0.9999969005584717,3.0774497190577677e-06
Lung_Dx-A0180,0,0.9999895095825195,1.0533521162869874e-05
Lung_Dx-A0180,0,0.999995231628418,4.803823230759008e-06
Lung_Dx-A0180,0,0.9990053772926331,0.0009946650825440884
Lung_Dx-A0180,0,0.9997170567512512,0.0002829600707627833
Lung_Dx-A0180,0,0.9998812675476074,0.000118667958304286
Lung_Dx-A0180,0,0.9999752044677734,2.4779508748906665e-05
Lung_Dx-A0180,0,0.999991774559021,8.2035330706276e-06
Lung_Dx-A0180,0,0.9999514818191528,4.8514772061025724e-05
Lung_Dx-A0180,0,0.9997901320457458,0.0002098830882459879
Lung_Dx-A0180,0,0.9999639987945557,3.605356687330641e-05
Lung_Dx-A0180,0,0.9999828338623047,1.71643932844745e-05
Lung_Dx-A0180,0,0.9999934434890747,6.540436970681185e-06
Lung_Dx-A0180,0,0.9999749660491943,2.4973849576781504e-05
Lung_Dx-A0180,0,0.9999167919158936,8.317078754771501e-05
Lung_Dx-A0180,0,0.9999653100967407,3.467241913313046e-05
Lung_Dx-A0180,0,0.9997512698173523,0.000248746364377439
Lung_Dx-A0180,0,0.9983674883842468,0.0016324889147654176
Lung_Dx-A0180,0,0.9997273087501526,0.0002726548118516803
Lung_Dx-A0180,0,0.9999697208404541,3.0241957574617118e-05
Lung_Dx-A0180,0,0.9999837875366211,1.625093682378065e-05
Lung_Dx-A0180,0,0.9999973773956299,2.673735934877186e-06
Lung_Dx-A0180,0,0.9999920129776001,7.982258466654457e-06
Lung_Dx-A0180,0,0.9999943971633911,5.594337835646002e-06
Lung_Dx-A0180,0,0.9996781349182129,0.00032187814940698445
Lung_Dx-A0180,0,0.9999206066131592,7.936241308925673e-05
Lung_Dx-A0180,0,0.9999533891677856,4.665628875955008e-05
Lung_Dx-A0180,0,0.9895311594009399,0.01046883873641491
Lung_Dx-A0180,0,0.9999200105667114,7.998482033144683e-05
Lung_Dx-A0180,0,0.9998039603233337,0.0001960177323780954
Lung_Dx-A0181,0,0.9709919095039368,0.029008125886321068
Lung_Dx-A0181,0,0.90456622838974,0.09543372690677643
Lung_Dx-A0181,0,0.8581846356391907,0.1418154090642929
Lung_Dx-A0181,0,0.059047263115644455,0.9409527778625488
Lung_Dx-A0181,0,0.48237577080726624,0.5176242589950562
Lung_Dx-A0181,0,0.5888595581054688,0.41114041209220886
Lung_Dx-A0181,0,0.700177788734436,0.29982221126556396
Lung_Dx-A0181,0,0.014199681580066681,0.9858003854751587
Lung_Dx-A0181,0,0.5401204824447632,0.4598795473575592
Lung_Dx-A0181,0,0.9957270622253418,0.004272936377674341
Lung_Dx-A0181,0,0.9994826316833496,0.000517281296197325
Lung_Dx-A0181,0,0.9995753169059753,0.0004247131000738591
Lung_Dx-A0181,0,0.9999068975448608,9.314593626186252e-05
Lung_Dx-A0181,0,0.9999464750289917,5.3491330618271604e-05
Lung_Dx-A0181,0,0.9565125107765198,0.04348750039935112
Lung_Dx-A0181,0,0.9719393253326416,0.02806074172258377
Lung_Dx-A0181,0,0.930647611618042,0.0693524107336998
Lung_Dx-A0181,0,0.863161027431488,0.13683892786502838
Lung_Dx-A0181,0,0.9698140025138855,0.030185984447598457
Lung_Dx-A0181,0,0.7096734642982483,0.2903265058994293
Lung_Dx-A0181,0,0.8515211939811707,0.14847882091999054
Lung_Dx-A0181,0,0.1736382246017456,0.8263617753982544
Lung_Dx-A0181,0,0.5455240607261658,0.45447593927383423
Lung_Dx-A0181,0,0.4236070513725281,0.5763929486274719
Lung_Dx-A0181,0,0.560793936252594,0.4392060935497284
Lung_Dx-A0181,0,0.042245496064424515,0.9577545523643494
Lung_Dx-A0181,0,0.13072869181632996,0.8692712783813477
Lung_Dx-A0181,0,0.47959890961647034,0.520401120185852
Lung_Dx-A0181,0,0.2079375684261322,0.7920624017715454
Lung_Dx-A0181,0,0.005786154884845018,0.994213879108429
Lung_Dx-A0181,0,0.0018748617731034756,0.9981251358985901
Lung_Dx-A0181,0,0.012747266329824924,0.9872527718544006
Lung_Dx-A0181,0,0.0630771592259407,0.9369227886199951
Lung_Dx-A0181,0,0.3951050043106079,0.6048950552940369
Lung_Dx-A0181,0,0.11471516638994217,0.8852847814559937
Lung_Dx-A0181,0,0.18046747148036957,0.8195325136184692
Lung_Dx-A0181,0,0.09334687888622284,0.9066531658172607
Lung_Dx-A0181,0,0.0009217804181389511,0.9990781545639038
Lung_Dx-A0181,0,0.11338309943675995,0.8866168856620789
Lung_Dx-A0181,0,0.0035106490831822157,0.9964893460273743
Lung_Dx-A0181,0,0.014503580518066883,0.985496461391449
Lung_Dx-A0181,0,0.0010608151787891984,0.9989392161369324
Lung_Dx-A0181,0,0.001113839098252356,0.9988861680030823
Lung_Dx-A0181,0,9.170197881758213e-05,0.9999083280563354
Lung_Dx-A0181,0,0.0022738955449312925,0.9977261424064636
Lung_Dx-A0181,0,0.001622966956347227,0.9983769655227661
Lung_Dx-A0181,0,1.0616134204610717e-05,0.99998939037323
Lung_Dx-A0181,0,2.637042086917063e-07,0.9999997615814209
Lung_Dx-A0181,0,0.0014048678567633033,0.9985951781272888
Lung_Dx-A0181,0,0.000628784007858485,0.9993712306022644
Lung_Dx-A0181,0,0.9932156205177307,0.006784358527511358
Lung_Dx-A0181,0,0.9952540397644043,0.0047459653578698635
Lung_Dx-A0181,0,0.7493624091148376,0.25063756108283997
Lung_Dx-A0181,0,0.9226915836334229,0.07730840891599655
Lung_Dx-A0181,0,0.409633994102478,0.5903659462928772
Lung_Dx-A0181,0,0.7449347972869873,0.2550652325153351
Lung_Dx-A0181,0,0.0038319320883601904,0.9961680769920349
Lung_Dx-A0181,0,0.2845263183116913,0.7154737114906311
Lung_Dx-A0181,0,0.9558579325675964,0.04414209723472595
Lung_Dx-A0181,0,0.9872035384178162,0.01279651839286089
Lung_Dx-A0184,0,0.9995461106300354,0.00045386102283373475
Lung_Dx-A0184,0,0.6858311295509338,0.31416890025138855
Lung_Dx-A0184,0,0.6626532077789307,0.33734676241874695
Lung_Dx-A0184,0,0.996870219707489,0.0031297362875193357
Lung_Dx-A0184,0,0.9990187883377075,0.0009811718482524157
Lung_Dx-A0184,0,0.9963428378105164,0.003657096764072776
Lung_Dx-A0184,0,0.9987527132034302,0.0012472739908844233
Lung_Dx-A0184,0,0.9951040744781494,0.004895880818367004
Lung_Dx-A0184,0,0.9997867941856384,0.0002131875662598759
Lung_Dx-A0184,0,0.9996553659439087,0.00034464316559024155
Lung_Dx-A0184,0,0.9960082769393921,0.0039917281828820705
Lung_Dx-A0184,0,0.9970707893371582,0.00292924209497869
Lung_Dx-A0184,0,0.9944342970848083,0.0055657243356108665
Lung_Dx-A0184,0,0.9999027252197266,9.72351263044402e-05
Lung_Dx-A0184,0,0.9998761415481567,0.0001238774711964652
Lung_Dx-A0184,0,0.9987056255340576,0.0012943679466843605
Lung_Dx-A0184,0,0.9994363188743591,0.000563675130251795
Lung_Dx-A0184,0,0.9909447431564331,0.009055264294147491
Lung_Dx-A0184,0,0.9550683498382568,0.04493164271116257
Lung_Dx-A0184,0,0.6323608756065369,0.36763912439346313
Lung_Dx-A0184,0,0.8661890625953674,0.1338108777999878
Lung_Dx-A0184,0,0.7655057311058044,0.23449429869651794
Lung_Dx-A0184,0,0.8409785628318787,0.15902139246463776
Lung_Dx-A0184,0,0.4655849039554596,0.5344151258468628
Lung_Dx-A0184,0,0.9641867876052856,0.035813190042972565
Lung_Dx-A0184,0,0.9965903759002686,0.003409635741263628
Lung_Dx-A0184,0,0.9940890073776245,0.005911068990826607
Lung_Dx-A0184,0,0.9952448010444641,0.004755199886858463
Lung_Dx-A0184,0,0.9975513815879822,0.002448652870953083
Lung_Dx-A0184,0,0.9798612594604492,0.02013874240219593
Lung_Dx-A0184,0,0.4081588089466095,0.5918412208557129
Lung_Dx-A0184,0,0.9739436507225037,0.026056304574012756
Lung_Dx-A0184,0,0.9570375084877014,0.04296246916055679
Lung_Dx-A0184,0,0.9845011234283447,0.015498880296945572
Lung_Dx-A0184,0,0.9996178150177002,0.00038221667637117207
Lung_Dx-A0184,0,0.9966756105422974,0.003324436955153942
Lung_Dx-A0184,0,0.9959613680839539,0.004038591403514147
Lung_Dx-A0184,0,0.9813107252120972,0.018689308315515518
Lung_Dx-A0184,0,0.9912378191947937,0.00876212865114212
Lung_Dx-A0184,0,0.9984391331672668,0.001560889300890267
Lung_Dx-A0184,0,0.9988840222358704,0.0011160143185406923
Lung_Dx-A0184,0,0.9214283227920532,0.07857164740562439
Lung_Dx-A0184,0,0.1214771568775177,0.8785228729248047
Lung_Dx-A0184,0,0.006180981174111366,0.9938190579414368
Lung_Dx-A0184,0,0.9823724627494812,0.017627544701099396
Lung_Dx-A0184,0,0.1766716092824936,0.8233283758163452
Lung_Dx-A0184,0,0.17272931337356567,0.8272706270217896
Lung_Dx-A0184,0,0.395863801240921,0.6041362285614014
Lung_Dx-A0184,0,0.9531880021095276,0.0468120314180851
Lung_Dx-A0184,0,0.9883352518081665,0.011664719320833683
Lung_Dx-A0184,0,0.9934991598129272,0.006500871852040291
Lung_Dx-A0184,0,0.9940197467803955,0.005980330053716898
Lung_Dx-A0184,0,0.9919847846031189,0.008015268482267857
Lung_Dx-A0184,0,0.9971827268600464,0.0028173404280096292
Lung_Dx-A0184,0,0.9995785355567932,0.0004214093496557325
Lung_Dx-A0184,0,0.9998028874397278,0.00019716942915692925
Lung_Dx-A0184,0,0.9999755620956421,2.4490827854606323e-05
Lung_Dx-A0184,0,0.9998409748077393,0.0001590562314959243
Lung_Dx-A0184,0,0.9997941851615906,0.00020582439901772887
Lung_Dx-A0184,0,0.999127209186554,0.0008727670647203922
Lung_Dx-A0184,0,0.9981470108032227,0.0018530595116317272
Lung_Dx-A0184,0,0.9996359348297119,0.00036400865064933896
Lung_Dx-A0184,0,0.9987157583236694,0.0012843082658946514
Lung_Dx-A0184,0,0.9995867609977722,0.0004132619360461831
Lung_Dx-A0184,0,0.9966233968734741,0.003376612439751625
Lung_Dx-A0201,0,0.9999821186065674,1.7848135030362755e-05
Lung_Dx-A0201,0,0.9999988079071045,1.248270905307436e-06
Lung_Dx-A0201,0,0.9999997615814209,2.5064730380108813e-07
Lung_Dx-A0201,0,0.9999997615814209,2.516283359454974e-07
Lung_Dx-A0201,0,0.9999988079071045,1.1410120350774378e-06
Lung_Dx-A0201,0,0.9999997615814209,1.7912957162025123e-07
Lung_Dx-A0201,0,0.9999998807907104,1.6502191613199102e-07
Lung_Dx-A0201,0,0.9999985694885254,1.476578972869902e-06
Lung_Dx-A0201,0,0.9999998807907104,9.042453541496798e-08
Lung_Dx-A0201,0,0.9999997615814209,1.9142875373745483e-07
Lung_Dx-A0201,0,0.9999997615814209,2.918939685514488e-07
Lung_Dx-A0201,0,0.9999982118606567,1.7330515902358457e-06
Lung_Dx-A0201,0,0.9999970197677612,2.982766773129697e-06
Lung_Dx-A0201,0,0.999987006187439,1.2956418686371762e-05
Lung_Dx-A0201,0,0.9999966621398926,3.327515742057585e-06
Lung_Dx-A0201,0,0.9999938011169434,6.144174221844878e-06
Lung_Dx-A0201,0,0.9999980926513672,1.8812094140230329e-06
Lung_Dx-A0201,0,0.9999974966049194,2.472801725161844e-06
Lung_Dx-A0201,0,0.9999743700027466,2.5666136934887618e-05
Lung_Dx-A0201,0,0.9999794960021973,2.0543020582408644e-05
Lung_Dx-A0201,0,0.9991306662559509,0.0008693673880770802
Lung_Dx-A0222,0,0.9999603033065796,3.975192885263823e-05
Lung_Dx-A0222,0,0.999995231628418,4.729346528620226e-06
Lung_Dx-A0222,0,0.9998345375061035,0.00016539123316761106
Lung_Dx-A0222,0,0.999975323677063,2.4682904040673748e-05
Lung_Dx-A0222,0,0.9999990463256836,9.913287613017019e-07
Lung_Dx-A0222,0,0.9999916553497314,8.300232366309501e-06
Lung_Dx-A0222,0,0.9999514818191528,4.8514772061025724e-05
Lung_Dx-A0222,0,0.9996206760406494,0.00037924337084405124
Lung_Dx-A0222,0,0.9996086955070496,0.00039127710624597967
Lung_Dx-A0222,0,0.9999910593032837,8.939696272136644e-06
Lung_Dx-A0222,0,0.9999982118606567,1.7810936014939216e-06
Lung_Dx-A0222,0,0.9999706745147705,2.9311537218745798e-05
Lung_Dx-A0222,0,0.999998927116394,1.0593939805403352e-06
Lung_Dx-A0222,0,0.9999978542327881,2.1993562313582515e-06
Lung_Dx-A0222,0,0.9999979734420776,2.0661043436120963e-06
Lung_Dx-A0222,0,0.9999721050262451,2.786026379908435e-05
Lung_Dx-A0222,0,0.9997950196266174,0.000205022151931189
Lung_Dx-A0222,0,0.9958093166351318,0.004190636798739433
Lung_Dx-A0222,0,0.9998629093170166,0.00013711804058402777
Lung_Dx-A0222,0,0.999988317489624,1.1705164979503024e-05
Lung_Dx-A0222,0,0.9999628067016602,3.719798769452609e-05
Lung_Dx-A0222,0,0.9998396635055542,0.0001603035198058933
Lung_Dx-A0222,0,0.7594038844108582,0.24059613049030304
Lung_Dx-A0222,0,0.9997658133506775,0.00023413580493070185
Lung_Dx-A0222,0,0.9926542043685913,0.007345826365053654
Lung_Dx-A0222,0,0.9980581402778625,0.001941816764883697
Lung_Dx-A0222,0,0.9997517466545105,0.00024826108710840344
Lung_Dx-A0222,0,0.9998313188552856,0.00016865275392774493
Lung_Dx-A0222,0,0.9983958601951599,0.0016040891641750932
Lung_Dx-A0222,0,0.999480664730072,0.0005193048273213208
Lung_Dx-A0222,0,0.9996970891952515,0.0003029734070878476
Lung_Dx-A0222,0,0.9998155236244202,0.00018450374773237854
Lung_Dx-A0222,0,0.9945201277732849,0.005479908548295498
Lung_Dx-A0222,0,0.9999334812164307,6.65701663820073e-05
Lung_Dx-A0222,0,0.9990637898445129,0.0009362828568555415
Lung_Dx-A0222,0,0.999996542930603,3.419757376832422e-06
Lung_Dx-A0222,0,0.999963641166687,3.633632877608761e-05
Lung_Dx-A0222,0,0.9999057054519653,9.424379823030904e-05
Lung_Dx-A0222,0,0.9994621872901917,0.0005378764471970499
Lung_Dx-A0222,0,0.9998300075531006,0.0001699752756394446
Lung_Dx-A0222,0,0.9993675351142883,0.0006324767600744963
Lung_Dx-A0222,0,0.9996718168258667,0.00032822455978021026
Lung_Dx-A0222,0,0.9997085928916931,0.00029137005913071334
Lung_Dx-A0222,0,0.9998096823692322,0.00019035942386835814
Lung_Dx-A0222,0,0.999514102935791,0.0004859561158809811
Lung_Dx-A0222,0,0.9988051652908325,0.001194878132082522
Lung_Dx-A0222,0,0.99871826171875,0.0012818054528906941
Lung_Dx-A0222,0,0.998809814453125,0.0011902251280844212
Lung_Dx-A0222,0,0.9992190599441528,0.0007808886002749205
Lung_Dx-A0222,0,0.9993563294410706,0.00064368563471362
Lung_Dx-A0222,0,0.9986541271209717,0.0013458605390042067
Lung_Dx-A0222,0,0.9990890026092529,0.0009110512328334153
Lung_Dx-A0222,0,0.9989098310470581,0.0010901900241151452
Lung_Dx-A0222,0,0.9988395571708679,0.0011604195460677147
Lung_Dx-A0222,0,0.9994115829467773,0.0005884087877348065
Lung_Dx-A0222,0,0.9989328980445862,0.0010670424671843648
Lung_Dx-A0222,0,0.9998300075531006,0.0001699752756394446
Lung_Dx-A0222,0,0.9988707900047302,0.0011291545815765858
Lung_Dx-A0222,0,0.9998409748077393,0.0001590562314959243
Lung_Dx-A0222,0,0.9998183846473694,0.0001816438016248867
Lung_Dx-A0222,0,0.9974639415740967,0.002536047250032425
Lung_Dx-A0222,0,0.9977038502693176,0.0022961588110774755
Lung_Dx-A0222,0,0.9949001669883728,0.005099818110466003
Lung_Dx-A0222,0,0.9689150452613831,0.031084952875971794
Lung_Dx-A0222,0,0.9987257122993469,0.0012743263505399227
Lung_Dx-A0222,0,0.9953904151916504,0.004609572701156139
Lung_Dx-A0222,0,0.9989836812019348,0.0010162439430132508
Lung_Dx-A0222,0,0.9984812140464783,0.001518850913271308
Lung_Dx-A0222,0,0.9724408984184265,0.027559099718928337
Lung_Dx-A0222,0,0.9928370118141174,0.007162978406995535
Lung_Dx-A0222,0,0.9872773289680481,0.012722709216177464
Lung_Dx-A0222,0,0.9929746389389038,0.0070254080928862095
Lung_Dx-A0222,0,0.9946980476379395,0.005301894620060921
Lung_Dx-A0222,0,0.9874235987663269,0.012576348148286343
Lung_Dx-A0222,0,0.9490590691566467,0.05094091221690178
Lung_Dx-A0222,0,0.9935494065284729,0.006450607907027006
Lung_Dx-A0222,0,0.9862841367721558,0.013715874403715134
Lung_Dx-A0222,0,0.998793363571167,0.0012065897462889552
Lung_Dx-A0222,0,0.9650862812995911,0.03491378203034401
Lung_Dx-A0222,0,0.9792749285697937,0.020725062116980553
Lung_Dx-A0222,0,0.9989412426948547,0.0010587475262582302
Lung_Dx-A0222,0,0.9789553880691528,0.021044565364718437
Lung_Dx-A0222,0,0.9620718955993652,0.03792804479598999
Lung_Dx-A0222,0,0.9510514140129089,0.04894861951470375
Lung_Dx-A0222,0,0.9917484521865845,0.008251599036157131
Lung_Dx-A0222,0,0.9593451619148254,0.04065484553575516
Lung_Dx-A0222,0,0.9983288645744324,0.0016711377538740635
Lung_Dx-A0222,0,0.9364014267921448,0.06359858065843582
Lung_Dx-A0222,0,0.9679902195930481,0.032009802758693695
Lung_Dx-A0222,0,0.6908199191093445,0.3091801404953003
Lung_Dx-A0222,0,0.8121234178543091,0.18787656724452972
Lung_Dx-A0222,0,0.7190877795219421,0.2809121608734131
Lung_Dx-A0222,0,0.8067004084587097,0.19329962134361267
Lung_Dx-A0222,0,0.6254095435142517,0.37459051609039307
Lung_Dx-A0222,0,0.5925634503364563,0.4074365496635437
Lung_Dx-A0222,0,0.1841798573732376,0.8158201575279236
Lung_Dx-A0222,0,0.901661217212677,0.0983387902379036
Lung_Dx-A0222,0,0.8959786295890808,0.10402136296033859
Lung_Dx-A0222,0,0.5506413578987122,0.44935864210128784
Lung_Dx-A0222,0,0.7347861528396606,0.26521387696266174
Lung_Dx-A0222,0,0.7322090864181519,0.2677909731864929
Lung_Dx-A0222,0,0.6628510355949402,0.3371489942073822
Lung_Dx-A0222,0,0.16184942424297333,0.8381505608558655
Lung_Dx-A0222,0,0.21559837460517883,0.7844016551971436
Lung_Dx-A0222,0,0.6324459910392761,0.3675539791584015
Lung_Dx-A0222,0,0.24499467015266418,0.7550053000450134
Lung_Dx-A0222,0,0.39574700593948364,0.6042529940605164
Lung_Dx-A0222,0,0.3378313183784485,0.6621686220169067
Lung_Dx-A0222,0,0.9321451187133789,0.0678548812866211
Lung_Dx-A0222,0,0.6024417281150818,0.3975582420825958
Lung_Dx-A0222,0,0.9694690108299255,0.030530942603945732
Lung_Dx-A0222,0,0.9994756579399109,0.0005243984051048756
Lung_Dx-A0222,0,0.9741657972335815,0.025834187865257263
Lung_Dx-A0222,0,0.9996309280395508,0.00036901768180541694
Lung_Dx-A0222,0,0.9431384205818176,0.056861549615859985
Lung_Dx-A0222,0,0.9598750472068787,0.04012495279312134
Lung_Dx-A0222,0,0.9991573095321655,0.0008426422718912363
Lung_Dx-A0222,0,0.9989935755729675,0.0010063779773190618
Lung_Dx-A0222,0,0.997945249080658,0.0020547446329146624
Lung_Dx-A0222,0,0.6482158303260803,0.3517841398715973
Lung_Dx-A0222,0,0.9990302324295044,0.0009697519126348197
Lung_Dx-A0222,0,0.9961230158805847,0.0038769261445850134
Lung_Dx-A0222,0,0.9998036026954651,0.0001964008843060583
Lung_Dx-A0222,0,0.996870219707489,0.0031297362875193357
Lung_Dx-A0222,0,0.9999196529388428,8.029783930396661e-05
Lung_Dx-A0222,0,0.9996492862701416,0.00035075281630270183
Lung_Dx-A0233,0,0.9997765421867371,0.0002234163403045386
Lung_Dx-A0233,0,0.9993384480476379,0.000661517377011478
Lung_Dx-A0233,0,0.9998070597648621,0.00019297936523798853
Lung_Dx-A0233,0,0.9998849630355835,0.0001150173629866913
Lung_Dx-A0233,0,0.9999567270278931,4.3319039832567796e-05
Lung_Dx-A0233,0,0.9999960660934448,3.905483481503325e-06
Lung_Dx-A0233,0,0.9999659061431885,3.413489685044624e-05
Lung_Dx-A0233,0,0.9999939203262329,6.0725933508365415e-06
Lung_Dx-A0233,0,0.9999911785125732,8.87012811290333e-06
Lung_Dx-A0233,0,0.9999972581863403,2.7158407647220884e-06
Lung_Dx-A0233,0,0.9999992847442627,7.660395908715145e-07
Lung_Dx-A0233,0,0.9999977350234985,2.242734353785636e-06
Lung_Dx-A0233,0,0.9999918937683105,8.139691999531351e-06
Lung_Dx-A0233,0,0.9999797344207764,2.0224537365720607e-05
Lung_Dx-A0233,0,0.9999942779541016,5.682434675691184e-06
Lung_Dx-A0233,0,0.9999992847442627,7.029574362604762e-07
Lung_Dx-A0233,0,0.9999978542327881,2.1151001874386566e-06
Lung_Dx-A0233,0,0.9999936819076538,6.289878456300357e-06
Lung_Dx-A0233,0,0.9999990463256836,1.0108809647135786e-06
Lung_Dx-A0233,0,0.9999970197677612,3.017926701431861e-06
Lung_Dx-A0233,0,0.9999978542327881,2.1316891434253193e-06
Lung_Dx-A0233,0,0.9999996423721313,3.9125490047808853e-07
Lung_Dx-A0233,0,0.9999984502792358,1.565682055115758e-06
Lung_Dx-A0233,0,0.9999940395355225,6.001845576975029e-06
Lung_Dx-A0233,0,0.9999830722808838,1.6964428141363896e-05
Lung_Dx-A0233,0,0.9999991655349731,8.028025035855535e-07
Lung_Dx-A0233,0,0.9999916553497314,8.398072168347426e-06
Lung_Dx-A0233,0,0.9999567270278931,4.3319039832567796e-05
Lung_Dx-A0233,0,0.9999920129776001,7.982258466654457e-06
Lung_Dx-A0233,0,0.9999957084655762,4.2893334466498345e-06
Lung_Dx-A0233,0,0.999997615814209,2.387378117418848e-06
Lung_Dx-A0233,0,0.9998332262039185,0.00016668821626808494
Lung_Dx-A0233,0,0.9997367262840271,0.00026323829661123455
Lung_Dx-A0233,0,0.9965969920158386,0.0034030054230242968
Lung_Dx-A0233,0,0.9998831748962402,0.00011682840704452246
Lung_Dx-A0233,0,0.9984573125839233,0.0015427324688062072
Lung_Dx-A0233,0,0.999832034111023,0.00016799535660538822
Lung_Dx-A0233,0,0.9999103546142578,8.95778794074431e-05
Lung_Dx-A0233,0,0.9996923208236694,0.00030774305923841894
Lung_Dx-A0233,0,0.9997662901878357,0.00023367907851934433
Lung_Dx-A0233,0,0.9997097849845886,0.00029023445677012205
Lung_Dx-A0233,0,0.9994786381721497,0.0005213362746872008
Lung_Dx-A0234,0,0.9997842907905579,0.00021569999807979912
Lung_Dx-A0234,0,0.9987280964851379,0.0012718428624793887
Lung_Dx-A0234,0,0.9998517036437988,0.0001482583029428497
Lung_Dx-A0234,0,0.9992664456367493,0.0007336116977967322
Lung_Dx-A0234,0,0.9977481961250305,0.0022518474142998457
Lung_Dx-A0234,0,0.9966819882392883,0.003317971481010318
Lung_Dx-A0234,0,0.9999053478240967,9.461262379772961e-05
Lung_Dx-A0234,0,0.9975560903549194,0.0024438865948468447
Lung_Dx-A0234,0,0.998848557472229,0.001151399570517242
Lung_Dx-A0234,0,0.9998162388801575,0.0001837845629779622
Lung_Dx-A0234,0,0.9999774694442749,2.2474090656032786e-05
Lung_Dx-A0234,0,0.9999097585678101,9.028039494296536e-05
Lung_Dx-A0234,0,0.9999154806137085,8.448042353847995e-05
Lung_Dx-A0234,0,0.9998984336853027,0.00010150382877327502
Lung_Dx-A0234,0,0.9999321699142456,6.788305472582579e-05
Lung_Dx-A0234,0,0.9999663829803467,3.360569826327264e-05
Lung_Dx-A0234,0,0.9977787137031555,0.00222133775241673
Lung_Dx-A0234,0,0.9999644756317139,3.5494620533427224e-05
Lung_Dx-A0234,0,0.9999831914901733,1.6766787666711025e-05
Lung_Dx-A0234,0,0.9996856451034546,0.0003144242218695581
Lung_Dx-A0234,0,0.9999661445617676,3.386926618986763e-05
Lung_Dx-A0234,0,0.9956005811691284,0.004399413242936134
Lung_Dx-A0234,0,0.996616780757904,0.003383191069588065
Lung_Dx-A0234,0,0.9992190599441528,0.0007808886002749205
Lung_Dx-A0234,0,0.9999791383743286,2.086652057187166e-05
Lung_Dx-A0234,0,0.9999704360961914,2.9541426556534134e-05
Lung_Dx-A0234,0,0.9997974038124084,0.00020263406622689217
Lung_Dx-A0234,0,0.9993475079536438,0.0006525407079607248
Lung_Dx-A0234,0,0.9999678134918213,3.21923362207599e-05
Lung_Dx-A0234,0,0.9998595714569092,0.00014036924403626472
Lung_Dx-A0234,0,0.9999935626983643,6.464239504566649e-06
Lung_Dx-A0234,0,0.9999366998672485,6.327425944618881e-05
Lung_Dx-A0234,0,0.9999988079071045,1.2004503560092417e-06
Lung_Dx-A0234,0,0.999997615814209,2.4155199298547814e-06
Lung_Dx-A0234,0,0.9999991655349731,8.680364658175677e-07
Lung_Dx-A0234,0,0.9999980926513672,1.8959639191962196e-06
Lung_Dx-A0234,0,0.9999983310699463,1.7262952951568877e-06
Lung_Dx-A0234,0,0.9999995231628418,4.485758893224556e-07
Lung_Dx-A0234,0,0.9999983310699463,1.6280514500977006e-06
Lung_Dx-A0234,0,0.9999983310699463,1.7128611489169998e-06
Lung_Dx-A0234,0,0.9999886751174927,1.130080818256829e-05
Lung_Dx-A0234,0,0.9999991655349731,8.4792844745607e-07
Lung_Dx-A0234,0,0.9999819993972778,1.7988115359912626e-05
Lung_Dx-A0234,0,0.9999721050262451,2.786026379908435e-05
Lung_Dx-A0234,0,0.9999921321868896,7.827868103049695e-06
Lung_Dx-A0234,0,0.9999991655349731,7.872748710724409e-07
Lung_Dx-A0234,0,0.9999967813491821,3.175138090227847e-06
Lung_Dx-A0234,0,0.999954104423523,4.5932985813124105e-05
Lung_Dx-A0234,0,0.9999721050262451,2.786026379908435e-05
Lung_Dx-A0234,0,0.9999321699142456,6.788305472582579e-05
Lung_Dx-A0234,0,0.9999901056289673,9.934061381500214e-06
Lung_Dx-A0234,0,0.9999687671661377,3.120191104244441e-05
Lung_Dx-A0234,0,0.9999212026596069,7.874486618675292e-05
Lung_Dx-A0234,0,0.999873161315918,0.00012681477528531104
Lung_Dx-A0234,0,0.9999598264694214,4.022049324703403e-05
Lung_Dx-A0234,0,0.9998902082443237,0.00010975090117426589
Lung_Dx-A0234,0,0.9998880624771118,0.00011191529483767226
Lung_Dx-A0234,0,0.9993687272071838,0.0006312434561550617
Lung_Dx-A0234,0,0.9998028874397278,0.00019716942915692925
Lung_Dx-A0234,0,0.9999245405197144,7.543320680269971e-05
Lung_Dx-A0234,0,0.997654139995575,0.0023459075018763542
Lung_Dx-A0234,0,0.9994705319404602,0.0005295418086461723
Lung_Dx-A0234,0,0.999967098236084,3.2955729693640023e-05
Lung_Dx-A0234,0,0.9999810457229614,1.8999216990778223e-05
Lung_Dx-A0234,0,0.9999823570251465,1.7640200894675218e-05
Lung_Dx-A0234,0,0.999713122844696,0.0002868540759664029
Lung_Dx-A0234,0,0.999808132648468,0.00019185213022865355
Lung_Dx-A0234,0,0.9999926090240479,7.440286935889162e-06
Lung_Dx-A0234,0,0.9999414682388306,5.851939567946829e-05
Lung_Dx-A0234,0,0.9999527931213379,4.720623110188171e-05
Lung_Dx-A0234,0,0.9999876022338867,1.2363107998680789e-05
Lung_Dx-A0234,0,0.9999922513961792,7.797351827321108e-06
Lung_Dx-A0248,0,0.9999794960021973,2.0543020582408644e-05
Lung_Dx-A0248,0,0.9999876022338867,1.2411495845299214e-05
Lung_Dx-A0248,0,0.999996542930603,3.460068228378077e-06
Lung_Dx-A0248,0,0.9999929666519165,7.016861218289705e-06
Lung_Dx-A0248,0,0.9999665021896362,3.3474687370471656e-05
Lung_Dx-A0248,0,0.9999520778656006,4.794958294951357e-05
Lung_Dx-A0248,0,0.9998691082000732,0.0001308397768298164
Lung_Dx-A0248,0,0.9999822378158569,1.77092406374868e-05
Lung_Dx-A0248,0,0.9997377991676331,0.00026221232837997377
Lung_Dx-A0248,0,0.9999723434448242,2.7643460271065123e-05
Lung_Dx-A0248,0,0.9999978542327881,2.1568168904195772e-06
Lung_Dx-A0248,0,0.999991774559021,8.171549779945053e-06
Lung_Dx-A0248,0,0.9999997615814209,2.186184531183244e-07
Lung_Dx-A0248,0,0.9999948740005493,5.113640781928552e-06
Lung_Dx-A0248,0,0.9999839067459106,1.606160913070198e-05
Lung_Dx-A0248,0,0.9999991655349731,8.154447641572915e-07
Lung_Dx-A0248,0,0.9999328851699829,6.70922381686978e-05
Lung_Dx-A0248,0,0.999991774559021,8.23564096208429e-06
Lung_Dx-A0248,0,0.9998316764831543,0.00016832373512443155
Lung_Dx-A0248,0,0.9999310970306396,6.895198748679832e-05
Lung_Dx-A0248,0,0.9998902082443237,0.00010975090117426589
Lung_Dx-A0248,0,0.9999790191650391,2.1030173229519278e-05
Lung_Dx-A0248,0,0.9999843835830688,1.5628384062438272e-05
Lung_Dx-A0248,0,0.9999995231628418,5.264909646029992e-07
Lung_Dx-A0248,0,0.9999998807907104,1.202619159812457e-07
Lung_Dx-A0248,0,0.9999997615814209,2.678569615000015e-07
Lung_Dx-A0248,0,1.0,4.954856791528073e-08
Lung_Dx-A0248,0,0.9999998807907104,1.676206409229053e-07
Lung_Dx-A0250,0,0.13262686133384705,0.8673731684684753
Lung_Dx-A0250,0,0.0047459653578698635,0.9952540397644043
Lung_Dx-A0250,0,0.02230747602880001,0.9776925444602966
Lung_Dx-A0250,0,0.07204688340425491,0.9279531240463257
Lung_Dx-A0250,0,0.4404391944408417,0.5595608353614807
Lung_Dx-A0250,0,0.6934470534324646,0.3065530061721802
Lung_Dx-A0250,0,0.15052762627601624,0.8494724035263062
Lung_Dx-A0250,0,0.06699522584676743,0.9330047965049744
Lung_Dx-A0250,0,0.01050938293337822,0.9894906878471375
Lung_Dx-A0250,0,0.06342433393001556,0.936575710773468
Lung_Dx-A0250,0,0.0008917038212530315,0.9991082549095154
Lung_Dx-A0250,0,0.00017536996165290475,0.9998247027397156
Lung_Dx-A0250,0,1.414475946148741e-06,0.9999985694885254
Lung_Dx-A0250,0,7.692087820032611e-05,0.9999231100082397
Lung_Dx-A0250,0,3.2955729693640023e-05,0.999967098236084
Lung_Dx-A0250,0,0.000847589981276542,0.999152421951294
Lung_Dx-A0250,0,0.0011604195460677147,0.9988395571708679
Lung_Dx-A0250,0,0.00011018042278010398,0.9998898506164551
Lung_Dx-A0250,0,6.989504981902428e-06,0.9999929666519165
Lung_Dx-A0250,0,0.0003785036678891629,0.9996215105056763
Lung_Dx-A0250,0,0.003490210510790348,0.9965097308158875
Lung_Dx-A0250,0,0.0020387868862599134,0.997961163520813
Lung_Dx-A0250,0,0.005511933472007513,0.9944880604743958
Lung_Dx-A0250,0,0.19752183556556702,0.8024781346321106
Lung_Dx-A0250,0,0.08247537165880203,0.9175245761871338
Lung_Dx-A0250,0,0.02808738686144352,0.9719126224517822
Lung_Dx-A0250,0,0.022521456703543663,0.9774785041809082
Lung_Dx-A0250,0,0.05208601802587509,0.9479139447212219
Lung_Dx-A0250,0,0.01141961570829153,0.9885804057121277
Lung_Dx-A0250,0,0.001052568550221622,0.9989474415779114
Lung_Dx-A0250,0,0.0024249141570180655,0.9975751042366028
Lung_Dx-A0250,0,0.0018748617731034756,0.9981251358985901
Lung_Dx-A0250,0,0.0026419467758387327,0.9973580241203308
Lung_Dx-A0250,0,0.001008343417197466,0.9989916682243347
Lung_Dx-A0250,0,0.008660931140184402,0.9913390278816223
Lung_Dx-A0250,0,0.0347168855369091,0.9652831554412842
Lung_Dx-A0250,0,0.19034747779369354,0.8096525073051453
Lung_Dx-A0250,0,0.5056798458099365,0.4943201541900635
Lung_Dx-A0250,0,0.17356818914413452,0.8264318704605103
Lung_Dx-A0250,0,0.03934250399470329,0.9606574773788452
Lung_Dx-A0250,0,0.8826303482055664,0.1173696517944336
Lung_Dx-A0250,0,0.9346938133239746,0.0653061494231224
Lung_Dx-A0250,0,0.9743129014968872,0.025687135756015778
Lung_Dx-A0250,0,0.6424605250358582,0.35753950476646423
Lung_Dx-A0250,0,0.11711697280406952,0.8828830122947693
Lung_Dx-A0250,0,0.5730513334274292,0.4269486665725708
Lung_Dx-A0250,0,0.08479540795087814,0.9152045845985413
Lung_Dx-A0250,0,0.15810935199260712,0.8418906927108765
Lung_Dx-A0250,0,0.05465104058384895,0.9453489780426025
Lung_Dx-A0250,0,0.0035726833157241344,0.9964273571968079
Lung_Dx-A0250,0,0.030473187565803528,0.9695268273353577
Lung_Dx-A0250,0,0.028652669861912727,0.9713473320007324
Lung_Dx-A0250,0,0.03416481614112854,0.9658352136611938
Lung_Dx-A0250,0,0.020177319645881653,0.9798226952552795
Lung_Dx-A0250,0,0.1364932507276535,0.8635067343711853
Lung_Dx-A0250,0,0.4852604866027832,0.5147395133972168
Lung_Dx-A0250,0,0.31875017285346985,0.6812498569488525
Lung_Dx-A0250,0,0.12978827953338623,0.8702117204666138
Lung_Dx-A0250,0,0.5431510806083679,0.45684894919395447
Lung_Dx-A0250,0,0.8802319765090942,0.11976800858974457
Lung_Dx-A0250,0,0.6927459239959717,0.3072541058063507
Lung_Dx-A0250,0,0.8008477687835693,0.19915218651294708
Lung_Dx-A0250,0,0.5116098523139954,0.488390177488327
Lung_Dx-A0250,0,0.9930423498153687,0.00695760827511549
Lung_Dx-A0255,0,0.9999988079071045,1.2434044265319244e-06
Lung_Dx-A0255,0,0.9999992847442627,7.690377969993278e-07
Lung_Dx-A0255,0,0.9999994039535522,6.083590733396704e-07
Lung_Dx-A0255,0,0.9999990463256836,1.003014176603756e-06
Lung_Dx-A0255,0,0.9999997615814209,2.647363430696714e-07
Lung_Dx-A0255,0,0.9999935626983643,6.489539828180568e-06
Lung_Dx-A0255,0,0.9999994039535522,5.692723448191828e-07
Lung_Dx-A0255,0,0.9999977350234985,2.304905137862079e-06
Lung_Dx-A0255,0,0.9999992847442627,7.424711157000274e-07
Lung_Dx-A0255,0,0.9999982118606567,1.8376316575086094e-06
Lung_Dx-A0255,0,0.9999955892562866,4.4602002162719145e-06
Lung_Dx-A0255,0,0.9999902248382568,9.741920621308964e-06
Lung_Dx-A0255,0,0.9997685551643372,0.0002314086741534993
Lung_Dx-A0255,0,0.9999974966049194,2.472801725161844e-06
Lung_Dx-A0255,0,0.9999876022338867,1.2411495845299214e-05
Lung_Dx-A0255,0,0.999971866607666,2.818866414600052e-05
Lung_Dx-A0255,0,0.999957799911499,4.2150626541115344e-05
Lung_Dx-A0255,0,0.9999328851699829,6.70922381686978e-05
Lung_Dx-A0255,0,0.99826580286026,0.001734208082780242
Lung_Dx-A0255,0,0.999523401260376,0.0004765612829942256
Lung_Dx-A0255,0,0.9951984286308289,0.004801641218364239
Lung_Dx-A0255,0,0.9970073103904724,0.0029926651623100042
Lung_Dx-A0255,0,0.9988730549812317,0.0011269539827480912
Lung_Dx-A0255,0,0.9984752535820007,0.001524786464869976
Lung_Dx-A0255,0,0.9850285053253174,0.014971480704843998
Lung_Dx-A0255,0,0.972908079624176,0.02709190361201763
Lung_Dx-A0255,0,0.40421342849731445,0.5957865715026855
Lung_Dx-A0255,0,0.3590831756591797,0.6409168243408203
Lung_Dx-A0255,0,0.7964508533477783,0.20354917645454407
Lung_Dx-A0255,0,0.0032224839087575674,0.9967774748802185
Lung_Dx-A0255,0,0.014672034420073032,0.9853278994560242
Lung_Dx-A0255,0,0.033494532108306885,0.9665054082870483
Lung_Dx-A0255,0,0.06400689482688904,0.9359931349754333
Lung_Dx-A0255,0,0.1134813129901886,0.8865187168121338
Lung_Dx-A0255,0,0.5672999620437622,0.4327000677585602
Lung_Dx-A0255,0,0.1134813129901886,0.8865187168121338
Lung_Dx-A0255,0,0.0056969597935676575,0.9943031072616577
Lung_Dx-A0255,0,0.007665874436497688,0.9923341274261475
Lung_Dx-A0255,0,0.009974921122193336,0.9900250434875488
Lung_Dx-A0255,0,0.007710576057434082,0.9922893643379211
Lung_Dx-A0255,0,0.017576882615685463,0.9824230670928955
Lung_Dx-A0255,0,0.03381211310625076,0.9661878347396851
Lung_Dx-A0255,0,0.01061142049729824,0.9893885254859924
Lung_Dx-A0255,0,0.11216174066066742,0.8878382444381714
Lung_Dx-A0255,0,0.04620575159788132,0.9537942409515381
Lung_Dx-A0255,0,0.008677717298269272,0.9913222789764404
Lung_Dx-A0255,0,0.01245565339922905,0.9875444173812866
Lung_Dx-A0255,0,0.005199880339205265,0.9948000907897949
Lung_Dx-A0255,0,0.09041372686624527,0.9095862507820129
Lung_Dx-A0255,0,0.004876886960119009,0.9951230883598328
Lung_Dx-A0255,0,0.2496301233768463,0.7503699064254761
Lung_Dx-A0255,0,0.012217681854963303,0.9877822995185852
Lung_Dx-A0255,0,0.015860598534345627,0.9841393232345581
Lung_Dx-A0255,0,0.038321975618600845,0.9616780281066895
Lung_Dx-A0255,0,0.0019877743907272816,0.9980121850967407
Lung_Dx-A0255,0,0.0012279604561626911,0.9987719655036926
Lung_Dx-A0255,0,0.0016743994783610106,0.9983256459236145
Lung_Dx-A0255,0,0.001026206649839878,0.9989738464355469
Lung_Dx-A0255,0,0.0005368274287320673,0.9994631409645081
Lung_Dx-A0255,0,3.9442587876692414e-05,0.9999605417251587
Lung_Dx-A0255,0,0.0014493984635919333,0.9985505938529968
Lung_Dx-A0255,0,0.0006719278171658516,0.9993281364440918
Lung_Dx-A0255,0,0.00020825011597480625,0.9997918009757996
Lung_Dx-A0255,0,0.26683464646339417,0.7331653237342834
Lung_Dx-A0255,0,0.1170160248875618,0.882983922958374
Lung_Dx-A0255,0,0.445254385471344,0.554745614528656
Lung_Dx-A0255,0,0.207857146859169,0.7921428084373474
Lung_Dx-A0255,0,0.04716186970472336,0.9528381824493408
Lung_Dx-A0255,0,0.1841798573732376,0.8158201575279236
Lung_Dx-A0255,0,0.29757198691368103,0.7024279832839966
Lung_Dx-A0255,0,0.8745065331459045,0.12549345195293427
Lung_Dx-A0255,0,0.19915218651294708,0.8008477687835693
Lung_Dx-A0255,0,0.22017472982406616,0.7798252701759338
Lung_Dx-A0255,0,0.008594110608100891,0.9914058446884155
Lung_Dx-A0255,0,0.36849090456962585,0.6315090656280518
Lung_Dx-A0255,0,0.3147083520889282,0.6852916479110718
Lung_Dx-A0255,0,0.36968478560447693,0.6303151845932007
Lung_Dx-A0255,0,0.29680711030960083,0.7031928896903992
Lung_Dx-A0255,0,0.4818500280380249,0.5181499719619751
Lung_Dx-A0255,0,0.5004425048828125,0.4995574951171875
Lung_Dx-A0255,0,0.6040194630622864,0.395980566740036
Lung_Dx-A0255,0,0.023599296808242798,0.9764007329940796
Lung_Dx-A0255,0,0.07429850846529007,0.9257014989852905
Lung_Dx-A0255,0,0.2114982306957245,0.7885017395019531
Lung_Dx-A0255,0,0.33133605122566223,0.6686639189720154
Lung_Dx-A0255,0,0.07709969580173492,0.9229002594947815
Lung_Dx-A0255,0,0.044265877455472946,0.9557340741157532
Lung_Dx-A0255,0,0.05184547230601311,0.9481545686721802
Lung_Dx-A0255,0,0.011846235953271389,0.9881537556648254
Lung_Dx-A0255,0,0.15418486297130585,0.8458150625228882
Lung_Dx-A0255,0,0.039825133979320526,0.9601748585700989
Lung_Dx-A0255,0,0.005448068026453257,0.994551956653595
Lung_Dx-A0255,0,0.011331754736602306,0.9886682629585266
Lung_Dx-A0255,0,0.35214608907699585,0.6478539109230042
Lung_Dx-A0255,0,0.014531522057950497,0.9854684472084045
Lung_Dx-A0255,0,0.008527800440788269,0.9914721846580505
Lung_Dx-A0255,0,0.021948255598545074,0.9780517220497131
Lung_Dx-A0255,0,0.11802882701158524,0.8819711804389954
Lung_Dx-A0255,0,0.07198163121938705,0.9280183911323547
Lung_Dx-A0255,0,6.132764247013256e-05,0.9999387264251709
Lung_Dx-A0255,0,0.08115489780902863,0.9188450574874878
Lung_Dx-A0255,0,0.049497056752443314,0.9505029916763306
Lung_Dx-A0255,0,0.1741994470357895,0.8258005380630493
Lung_Dx-A0255,0,0.1062261164188385,0.8937739133834839
Lung_Dx-A0255,0,0.020023440942168236,0.9799765348434448
Lung_Dx-A0255,0,0.11797802150249481,0.8820220232009888
Lung_Dx-A0255,0,0.9465966820716858,0.0534033328294754
Lung_Dx-A0255,0,0.6443929076194763,0.3556070327758789
Lung_Dx-A0255,0,0.7702488899230957,0.22975116968154907
Lung_Dx-A0255,0,0.9415467381477356,0.058453239500522614
Lung_Dx-A0255,0,0.5506715774536133,0.4493284225463867
Lung_Dx-A0255,0,0.9317114353179932,0.06828853487968445
Lung_Dx-A0255,0,0.6948723793029785,0.30512765049934387
Lung_Dx-A0255,0,0.261283814907074,0.7387162446975708
Lung_Dx-A0255,0,0.8920933604240417,0.10790660232305527
Lung_Dx-A0255,0,0.9908034801483154,0.009196553379297256
Lung_Dx-A0255,0,0.8312800526618958,0.16871993243694305
Lung_Dx-A0255,0,0.8607792258262634,0.13922074437141418
Lung_Dx-A0255,0,0.9970593452453613,0.0029406726825982332
Lung_Dx-A0255,0,0.9941118359565735,0.005888159386813641
Lung_Dx-A0255,0,0.9881309270858765,0.011869121342897415
Lung_Dx-A0257,0,0.9913222789764404,0.008677717298269272
Lung_Dx-A0257,0,0.9895108342170715,0.010489091277122498
Lung_Dx-A0257,0,0.9708263874053955,0.02917362004518509
Lung_Dx-A0257,0,0.9055731296539307,0.09442687779664993
Lung_Dx-A0257,0,0.11392416805028915,0.8860759139060974
Lung_Dx-A0257,0,0.054752036929130554,0.945248007774353
Lung_Dx-A0257,0,0.006375935859978199,0.9936240911483765
Lung_Dx-A0257,0,0.8486589193344116,0.15134111046791077
Lung_Dx-A0257,0,0.6541494727134705,0.34585052728652954
Lung_Dx-A0257,0,0.27396270632743835,0.7260372638702393
Lung_Dx-A0257,0,0.3516310453414917,0.6483689546585083
Lung_Dx-A0257,0,0.003983970265835524,0.9960159659385681
Lung_Dx-A0257,0,0.004339932929724455,0.9956600069999695
Lung_Dx-A0257,0,0.07376295328140259,0.9262369871139526
Lung_Dx-A0257,0,0.00955939944833517,0.9904406070709229
Lung_Dx-A0257,0,0.02822098508477211,0.9717789888381958
Lung_Dx-A0257,0,0.02190636657178402,0.9780936241149902
Lung_Dx-A0257,0,0.050893720239400864,0.9491062164306641
Lung_Dx-A0257,0,0.01824677549302578,0.9817532300949097
Lung_Dx-A0257,0,0.3672703206539154,0.632729709148407
Lung_Dx-A0257,0,0.020527787506580353,0.9794721603393555
Lung_Dx-A0257,0,0.7499122619628906,0.250087708234787
Lung_Dx-A0257,0,0.48951494693756104,0.510485053062439
Lung_Dx-A0257,0,0.9732153415679932,0.026784729212522507
Lung_Dx-A0257,0,0.6987407803535461,0.30125927925109863
Lung_Dx-A0257,0,0.9955576062202454,0.004442394245415926
Lung_Dx-A0257,0,0.9826576113700867,0.017342347651720047
Lung_Dx-A0257,0,0.8715841770172119,0.1284157931804657
Lung_Dx-A0257,0,0.16783154010772705,0.8321685194969177
Lung_Dx-A0257,0,0.0398624911904335,0.9601374864578247
Lung_Dx-A0257,0,0.02143023908138275,0.978569746017456
Lung_Dx-A0257,0,0.0189962275326252,0.9810037016868591
Lung_Dx-A0257,0,0.005312204826623201,0.9946877956390381
Lung_Dx-A0257,0,0.9241418242454529,0.07585817575454712
Lung_Dx-A0257,0,0.26340991258621216,0.7365901470184326
Lung_Dx-A0257,0,0.03381211310625076,0.9661878347396851
Lung_Dx-A0257,0,0.671901285648346,0.32809871435165405
Lung_Dx-A0257,0,0.08321738988161087,0.9167826771736145
Lung_Dx-A0257,0,0.0011203773319721222,0.998879611492157
Lung_Dx-A0257,0,0.8986775875091553,0.10132236033678055
Lung_Dx-A0257,0,0.7388575673103333,0.26114246249198914
Lung_Dx-A0257,0,0.9827572107315063,0.017242776229977608
Lung_Dx-A0257,0,0.9958900809288025,0.004109915811568499
Lung_Dx-A0257,0,0.9779467582702637,0.022053318098187447
Lung_Dx-A0257,0,0.8512740731239319,0.14872592687606812
Lung_Dx-A0257,0,0.9994826316833496,0.000517281296197325
Lung_Dx-A0257,0,0.9986646175384521,0.0013354007387533784
Lung_Dx-A0257,0,0.997961163520813,0.0020387868862599134
Lung_Dx-A0257,0,0.9959927201271057,0.004007288720458746
Lung_Dx-A0257,0,0.9941800832748413,0.005819959565997124
Lung_Dx-A0257,0,0.82439124584198,0.17560875415802002
Lung_Dx-A0257,0,0.9989975094795227,0.0010024583898484707
Lung_Dx-A0257,0,0.9995600581169128,0.00043990332051180303
Lung_Dx-A0257,0,0.9993487000465393,0.0006512682302854955
Lung_Dx-A0257,0,0.9989370703697205,0.0010628869058564305
Lung_Dx-A0257,0,0.9976494908332825,0.0023504828568547964
Lung_Dx-A0257,0,0.9671319723129272,0.03286798298358917
Lung_Dx-A0257,0,0.9984602928161621,0.0015397268580272794
Lung_Dx-A0257,0,0.9985277652740479,0.0014721895568072796
Lung_Dx-A0257,0,0.9737197160720825,0.026280280202627182
Lung_Dx-A0257,0,0.9985277652740479,0.0014721895568072796
Lung_Dx-A0257,0,0.9349318742752075,0.06506811082363129
Lung_Dx-A0257,0,0.9888849258422852,0.011115012690424919
Lung_Dx-A0257,0,0.9772841930389404,0.022715754806995392
Lung_Dx-A0257,0,0.9977524876594543,0.0022474632132798433
Lung_Dx-A0257,0,0.9588471055030823,0.04115288704633713
Lung_Dx-A0257,0,0.8188092112541199,0.18119075894355774
Lung_Dx-A0257,0,0.609698474407196,0.39030152559280396
Lung_Dx-A0257,0,0.9193534255027771,0.08064661920070648
Lung_Dx-A0257,0,0.9835653901100159,0.016434572637081146
Lung_Dx-A0257,0,0.982724130153656,0.01727590709924698
Lung_Dx-A0257,0,0.9946150183677673,0.005384937860071659
Lung_Dx-A0257,0,0.9932811260223389,0.006718870252370834
Lung_Dx-A0257,0,0.9995092153549194,0.0004907225957140326
Lung_Dx-A0257,0,0.9999767541885376,2.327823131054174e-05
Lung_Dx-A0257,0,0.9991220831871033,0.0008778914343565702
Lung_Dx-A0257,0,0.9947084188461304,0.005291604902595282
Lung_Dx-A0257,0,0.9984330534934998,0.0015669888816773891
Lung_Dx-A0257,0,0.9931893348693848,0.006810730788856745
Lung_Dx-G0033,1,0.9998176693916321,0.00018235458992421627
Lung_Dx-G0033,1,0.9999405145645142,5.94408847973682e-05
Lung_Dx-G0033,1,0.9996147155761719,0.00038521323585882783
Lung_Dx-G0033,1,0.9999469518661499,5.3075080359121785e-05
Lung_Dx-G0033,1,0.9999719858169556,2.7969301299890503e-05
Lung_Dx-G0033,1,0.999990701675415,9.295809832110535e-06
Lung_Dx-G0033,1,0.9998775720596313,0.00012243444507475942
Lung_Dx-G0033,1,0.9999594688415527,4.053592783748172e-05
Lung_Dx-G0033,1,0.9999979734420776,1.9947297005273867e-06
Lung_Dx-G0033,1,0.9999929666519165,7.016861218289705e-06
Lung_Dx-G0033,1,0.9999477863311768,5.225227141636424e-05
Lung_Dx-G0033,1,0.9999978542327881,2.1400323930720333e-06
Lung_Dx-G0033,1,0.9999955892562866,4.391051334096119e-06
Lung_Dx-G0033,1,0.9999693632125854,3.0598428566008806e-05
Lung_Dx-G0033,1,0.9999251365661621,7.48462334740907e-05
Lung_Dx-G0033,1,0.9911182522773743,0.008881675079464912
Lung_Dx-G0033,1,0.9995452761650085,0.00045474793296307325
Lung_Dx-G0033,1,0.9914391040802002,0.008560891263186932
Lung_Dx-G0033,1,0.9474297165870667,0.052570294588804245
Lung_Dx-G0033,1,0.9909622073173523,0.009037754498422146
Lung_Dx-G0033,1,0.5590041875839233,0.44099581241607666
Lung_Dx-G0033,1,0.21958844363689423,0.7804115414619446
Lung_Dx-G0033,1,0.3123700022697449,0.6876299977302551
Lung_Dx-G0033,1,0.0025859365705400705,0.9974139928817749
Lung_Dx-G0033,1,0.009577910415828228,0.9904221296310425
Lung_Dx-G0033,1,7.5279899647284765e-06,0.9999924898147583
Lung_Dx-G0033,1,0.0006047102506272495,0.9993952512741089
Lung_Dx-G0033,1,0.0216359943151474,0.9783639311790466
Lung_Dx-G0033,1,0.4704743027687073,0.5295256972312927
Lung_Dx-G0033,1,0.001871210290119052,0.9981288313865662
Lung_Dx-G0033,1,0.0838903859257698,0.9161096215248108
Lung_Dx-G0033,1,0.28383103013038635,0.7161689400672913
Lung_Dx-G0033,1,0.011266296729445457,0.9887337684631348
Lung_Dx-G0033,1,0.993854820728302,0.006145091727375984
Lung_Dx-G0033,1,0.9351691007614136,0.06483088433742523
Lung_Dx-G0033,1,0.7156227827072144,0.28437724709510803
Lung_Dx-G0033,1,0.9689150452613831,0.031084952875971794
Lung_Dx-G0033,1,0.9881765246391296,0.01182339433580637
Lung_Dx-G0033,1,0.9891605973243713,0.01083937007933855
Lung_Dx-G0033,1,0.9642541408538818,0.035745806992053986
Lung_Dx-G0033,1,0.47091910243034363,0.529080867767334
Lung_Dx-G0033,1,0.5902921557426453,0.40970784425735474
Lung_Dx-G0033,1,0.9873993396759033,0.012600625865161419
Lung_Dx-G0033,1,0.8516445755958557,0.1483553946018219
Lung_Dx-G0033,1,0.9446893334388733,0.055310651659965515
Lung_Dx-G0033,1,0.8925625681877136,0.10743747651576996
Lung_Dx-G0033,1,0.9814888834953308,0.01851104386150837
Lung_Dx-G0033,1,0.9948102235794067,0.0051897866651415825
Lung_Dx-G0033,1,0.9758776426315308,0.02412242442369461
Lung_Dx-G0033,1,0.982724130153656,0.01727590709924698
Lung_Dx-G0033,1,0.9894702434539795,0.010529711842536926
Lung_Dx-G0033,1,0.9994218349456787,0.0005781619693152606
Lung_Dx-G0033,1,0.9995243549346924,0.00047563185216858983
Lung_Dx-G0033,1,0.9997842907905579,0.00021569999807979912
Lung_Dx-G0033,1,0.9997574687004089,0.0002425115235382691
Lung_Dx-G0033,1,0.9995054006576538,0.0004945695400238037
Lung_Dx-G0033,1,0.9989718198776245,0.0010282108560204506
Lung_Dx-G0033,1,0.9970707893371582,0.00292924209497869
Lung_Dx-G0033,1,0.9991169571876526,0.0008830458973534405
Lung_Dx-G0033,1,0.9919535517692566,0.008046386763453484
Lung_Dx-G0040,1,0.9571177959442139,0.04288224130868912
Lung_Dx-G0040,1,0.9666001796722412,0.03339982405304909
Lung_Dx-G0040,1,0.9994714856147766,0.0005285091465339065
Lung_Dx-G0040,1,0.9941913485527039,0.005808669608086348
Lung_Dx-G0040,1,0.9662834405899048,0.033716537058353424
Lung_Dx-G0040,1,0.9989161491394043,0.0010838276939466596
Lung_Dx-G0040,1,0.991305410861969,0.008694533258676529
Lung_Dx-G0040,1,0.9803186058998108,0.019681409001350403
Lung_Dx-G0040,1,0.9926967024803162,0.007303223479539156
Lung_Dx-G0040,1,0.9995478987693787,0.0004520923539530486
Lung_Dx-G0040,1,0.12792474031448364,0.8720752596855164
Lung_Dx-G0040,1,0.7573011517524719,0.24269889295101166
Lung_Dx-G0040,1,0.8901033401489258,0.10989668220281601
Lung_Dx-G0040,1,0.8621196746826172,0.1378803551197052
Lung_Dx-G0040,1,0.30720213055610657,0.6927978992462158
Lung_Dx-G0040,1,0.16411416232585907,0.8358858227729797
Lung_Dx-G0040,1,0.6477425694465637,0.35225749015808105
Lung_Dx-G0040,1,0.0960678830742836,0.9039321541786194
Lung_Dx-G0040,1,0.0023141265846788883,0.9976859092712402
Lung_Dx-G0040,1,0.9946877956390381,0.005312204826623201
Lung_Dx-G0040,1,0.9963215589523315,0.003678509034216404
Lung_Dx-G0040,1,0.9951136708259583,0.004886374808847904
Lung_Dx-G0040,1,0.9689738154411316,0.03102618083357811
Lung_Dx-G0040,1,0.46749886870384216,0.5325011014938354
Lung_Dx-G0040,1,0.6377925276756287,0.36220747232437134
Lung_Dx-G0040,1,0.06075190752744675,0.9392480850219727
Lung_Dx-G0040,1,0.9000476598739624,0.09995236992835999
Lung_Dx-G0040,1,0.06656918674707413,0.9334307909011841
Lung_Dx-G0040,1,0.1527891606092453,0.8472108244895935
Lung_Dx-G0040,1,0.02366689406335354,0.9763330817222595
Lung_Dx-G0040,1,0.9834386706352234,0.016561338678002357
Lung_Dx-G0040,1,0.9926826357841492,0.007317397743463516
Lung_Dx-G0040,1,0.9953634738922119,0.004636535421013832
Lung_Dx-G0040,1,0.9980770349502563,0.0019229825120419264
Lung_Dx-G0040,1,0.9992114305496216,0.0007885457598604262
Lung_Dx-G0040,1,0.99664306640625,0.0033569515217095613
Lung_Dx-G0040,1,0.9930289387702942,0.006971116643399
Lung_Dx-G0040,1,0.9977437257766724,0.002256239764392376
Lung_Dx-G0040,1,0.7814974188804626,0.21850256621837616
Lung_Dx-G0040,1,0.7456763386726379,0.25432372093200684
Lung_Dx-G0040,1,0.4994659423828125,0.5005340576171875
Lung_Dx-G0040,1,0.0026782178319990635,0.9973217844963074
Lung_Dx-G0040,1,0.003524340922012925,0.9964756369590759
Lung_Dx-G0040,1,0.002477445174008608,0.9975225329399109
Lung_Dx-G0040,1,0.0026730059180408716,0.9973269701004028
Lung_Dx-G0040,1,0.008299686945974827,0.9917002320289612
Lung_Dx-G0040,1,0.0008151457295753062,0.999184787273407
Lung_Dx-G0040,1,0.005437496118247509,0.994562566280365
Lung_Dx-G0040,1,0.9235923886299133,0.07640768587589264
Lung_Dx-G0040,1,0.020508162677288055,0.9794918298721313
Lung_Dx-G0040,1,0.8362873792648315,0.16371268033981323
Lung_Dx-G0040,1,0.9635405540466309,0.03645944222807884
Lung_Dx-G0040,1,0.9770007133483887,0.02299930341541767
Lung_Dx-G0040,1,0.9726495146751404,0.027350498363375664
Lung_Dx-G0040,1,0.3000272810459137,0.6999726891517639
Lung_Dx-G0040,1,0.2075357437133789,0.7924642562866211
Lung_Dx-G0040,1,0.02693789079785347,0.9730620980262756
Lung_Dx-G0040,1,0.03785684332251549,0.9621431827545166
Lung_Dx-G0040,1,0.15297888219356537,0.8470211625099182
Lung_Dx-G0040,1,0.450540691614151,0.5494592785835266
Lung_Dx-G0040,1,0.5988548398017883,0.40114519000053406
Lung_Dx-G0040,1,0.5684756636619568,0.43152427673339844
Lung_Dx-G0040,1,0.7038548588752747,0.29614508152008057
Lung_Dx-G0040,1,0.3800109028816223,0.6199890971183777
Lung_Dx-G0040,1,0.9869040250778198,0.013096004724502563
Lung_Dx-G0040,1,0.9996691942214966,0.00033079797867685556
Lung_Dx-G0040,1,0.9993358254432678,0.0006641048239544034
Lung_Dx-G0040,1,0.9999487400054932,5.124166636960581e-05
Lung_Dx-G0040,1,0.9915544390678406,0.008445627987384796
Lung_Dx-G0040,1,0.9972261786460876,0.0027737829368561506
Lung_Dx-G0040,1,0.9975370168685913,0.0024630071129649878
Lung_Dx-G0040,1,0.9991047978401184,0.0008951908675953746
Lung_Dx-G0040,1,0.9994207620620728,0.0005792917218059301
Lung_Dx-G0040,1,0.9996672868728638,0.0003327412996441126
Lung_Dx-G0040,1,0.9991623163223267,0.0008377236081287265
Lung_Dx-G0040,1,0.9994557499885559,0.0005442132242023945
Lung_Dx-G0040,1,0.9984330534934998,0.0015669888816773891
Lung_Dx-G0040,1,0.9966102242469788,0.003389783436432481
Lung_Dx-G0040,1,0.9983927607536316,0.0016072202706709504
Lung_Dx-G0040,1,0.9998745918273926,0.00012533750850707293
Lung_Dx-G0040,1,0.9999655485153198,3.4402608434902504e-05
Lung_Dx-G0040,1,0.9997685551643372,0.0002314086741534993
Lung_Dx-G0040,1,0.999984622001648,1.5326106222346425e-05
Lung_Dx-G0040,1,0.9998384714126587,0.000161560601554811
Lung_Dx-G0040,1,0.9999079704284668,9.206085815094411e-05
Lung_Dx-G0040,1,0.9998822212219238,0.00011774458835134283
Lung_Dx-G0040,1,0.9965165853500366,0.0034834244288504124
Lung_Dx-G0040,1,0.9987695813179016,0.0012303581461310387
Lung_Dx-G0040,1,0.9965435862541199,0.003456409787759185
Lung_Dx-G0040,1,0.9962126016616821,0.003787457710132003
Lung_Dx-G0040,1,0.984351396560669,0.015648599714040756
Lung_Dx-G0040,1,0.7114810347557068,0.2885189950466156
Lung_Dx-G0040,1,0.5421664714813232,0.45783355832099915
Lung_Dx-G0042,1,0.00020906499412376434,0.9997909665107727
Lung_Dx-G0042,1,0.10743747651576996,0.8925625681877136
Lung_Dx-G0042,1,0.0003958875604439527,0.9996041655540466
Lung_Dx-G0042,1,0.0694785863161087,0.9305214285850525
Lung_Dx-G0042,1,0.2148561030626297,0.7851439118385315
Lung_Dx-G0042,1,0.044597577303647995,0.9554024338722229
Lung_Dx-G0042,1,0.0015457437839359045,0.998454213142395
Lung_Dx-G0042,1,0.000943619292229414,0.9990563988685608
Lung_Dx-G0042,1,0.4814119040966034,0.5185880661010742
Lung_Dx-G0042,1,0.006930672097951174,0.9930693507194519
Lung_Dx-G0042,1,0.029901403933763504,0.9700985550880432
Lung_Dx-G0042,1,0.0012399960542097688,0.9987599849700928
Lung_Dx-G0042,1,0.00010190106695517898,0.9998980760574341
Lung_Dx-G0042,1,0.005448068026453257,0.994551956653595
Lung_Dx-G0042,1,0.7449347972869873,0.2550652325153351
Lung_Dx-G0042,1,0.14092634618282318,0.8590735793113708
Lung_Dx-G0042,1,0.24972160160541534,0.7502784132957458
Lung_Dx-G0042,1,0.993890643119812,0.006109410431236029
Lung_Dx-G0042,1,0.9717254042625427,0.028274601325392723
Lung_Dx-G0042,1,0.9848692417144775,0.015130728483200073
Lung_Dx-G0042,1,0.998945415019989,0.001054624211974442
Lung_Dx-G0042,1,0.9999958276748657,4.20637024944881e-06
Lung_Dx-G0042,1,0.9999945163726807,5.507606147148181e-06
Lung_Dx-G0042,1,0.9999765157699585,2.346079782000743e-05
Lung_Dx-G0042,1,0.9992006421089172,0.0007993920589797199
Lung_Dx-G0042,1,0.9999796152114868,2.0383158698678017e-05
Lung_Dx-G0042,1,0.999180018901825,0.0008199320873245597
Lung_Dx-G0042,1,0.9999151229858398,8.481103577651083e-05
Lung_Dx-G0042,1,0.9999362230300903,6.377049430739135e-05
Lung_Dx-G0042,1,0.9999836683273315,1.6314539607265033e-05
Lung_Dx-G0042,1,0.9999880790710449,1.1936024748138152e-05
Lung_Dx-G0042,1,0.9999833106994629,1.6701422282494605e-05
Lung_Dx-G0042,1,0.9999525547027588,4.739097857964225e-05
Lung_Dx-G0042,1,0.9996125102043152,0.00038747614598833025
Lung_Dx-G0042,1,0.9988213181495667,0.0011786720715463161
Lung_Dx-G0042,1,0.9975656270980835,0.0024343819823116064
Lung_Dx-G0042,1,0.9990072846412659,0.000992726068943739
Lung_Dx-G0042,1,0.9995272159576416,0.00047285447362810373
Lung_Dx-G0042,1,0.9994439482688904,0.0005560253048315644
Lung_Dx-G0042,1,0.9994611144065857,0.0005389273865148425
Lung_Dx-G0042,1,0.9998396635055542,0.0001603035198058933
Lung_Dx-G0042,1,0.9997346997261047,0.00026530236937105656
Lung_Dx-G0042,1,0.9998365640640259,0.00016346470511052758
Lung_Dx-G0042,1,0.9994240999221802,0.0005759092164225876
Lung_Dx-G0042,1,0.999779999256134,0.000219953348278068
Lung_Dx-G0042,1,0.9999586343765259,4.133539550821297e-05
Lung_Dx-G0042,1,0.99988853931427,0.00011147904297104105
Lung_Dx-G0042,1,0.9998051524162292,0.00019487277313601226
Lung_Dx-G0042,1,0.9988553524017334,0.0011446805438026786
Lung_Dx-G0042,1,0.9115740656852722,0.08842591196298599
Lung_Dx-G0042,1,0.9998133778572083,0.00018667822587303817
Lung_Dx-G0042,1,0.9984145164489746,0.0015854306984692812
Lung_Dx-G0042,1,0.9998409748077393,0.0001590562314959243
Lung_Dx-G0042,1,0.999854564666748,0.00014539113908540457
Lung_Dx-G0042,1,0.9999784231185913,2.1528880097321235e-05
Lung_Dx-G0042,1,0.9999629259109497,3.7052966945338994e-05
Lung_Dx-G0050,1,0.9999544620513916,4.557554711936973e-05
Lung_Dx-G0050,1,0.999714195728302,0.000285736023215577
Lung_Dx-G0050,1,0.9995867609977722,0.0004132619360461831
Lung_Dx-G0050,1,0.9938070178031921,0.006192990578711033
Lung_Dx-G0050,1,0.9984812140464783,0.001518850913271308
Lung_Dx-G0050,1,0.9927672147750854,0.007232763338834047
Lung_Dx-G0050,1,0.9925537705421448,0.007446194067597389
Lung_Dx-G0050,1,0.999854564666748,0.00014539113908540457
Lung_Dx-G0050,1,0.9980467557907104,0.001953205792233348
Lung_Dx-G0050,1,0.9998279809951782,0.0001719785650493577
Lung_Dx-G0050,1,0.9899863600730896,0.010013571009039879
Lung_Dx-G0050,1,0.9789553880691528,0.021044565364718437
Lung_Dx-G0050,1,0.18735560774803162,0.8126444220542908
Lung_Dx-G0050,1,0.9970421195030212,0.002957902615889907
Lung_Dx-G0050,1,0.9933330416679382,0.006666931789368391
Lung_Dx-G0050,1,0.9992475509643555,0.0007524627144448459
Lung_Dx-G0050,1,0.0029349515680223703,0.997065007686615
Lung_Dx-G0050,1,0.06114313751459122,0.938856840133667
Lung_Dx-G0050,1,0.0006589401164092124,0.9993410706520081
Lung_Dx-G0050,1,9.351046901429072e-05,0.9999065399169922
Lung_Dx-G0050,1,1.5534978956566192e-06,0.9999984502792358
Lung_Dx-G0050,1,0.0350126251578331,0.9649873375892639
Lung_Dx-G0050,1,5.01473505210015e-06,0.9999949932098389
Lung_Dx-G0050,1,0.009974921122193336,0.9900250434875488
Lung_Dx-G0050,1,0.6958032846450806,0.30419668555259705
Lung_Dx-G0050,1,0.7437268495559692,0.25627321004867554
Lung_Dx-G0050,1,0.9808392524719238,0.019160708412528038
Lung_Dx-G0050,1,0.999869704246521,0.00013032974675297737
Lung_Dx-G0050,1,0.9928231239318848,0.007176882121711969
Lung_Dx-G0050,1,0.9890553951263428,0.010944577865302563
Lung_Dx-A0169,0,0.7546890377998352,0.2453109323978424
Lung_Dx-A0169,0,0.7707237601280212,0.22927626967430115
Lung_Dx-A0169,0,0.5835167169570923,0.4164832830429077
Lung_Dx-A0169,0,0.9184802770614624,0.08151975274085999
Lung_Dx-A0169,0,0.5274534225463867,0.4725465476512909
Lung_Dx-A0169,0,0.3628422021865845,0.6371577978134155
Lung_Dx-A0169,0,0.692225992679596,0.30777397751808167
Lung_Dx-A0169,0,0.06069619953632355,0.9393037557601929
Lung_Dx-A0169,0,0.31689754128456116,0.6831024885177612
Lung_Dx-A0169,0,0.1916300654411316,0.8083699941635132
Lung_Dx-A0169,0,0.35457277297973633,0.6454272866249084
Lung_Dx-A0169,0,0.10697013884782791,0.8930298686027527
Lung_Dx-A0169,0,0.34850654006004333,0.651493489742279
Lung_Dx-A0169,0,0.4371776282787323,0.5628223419189453
Lung_Dx-A0169,0,0.06518703699111938,0.9348130226135254
Lung_Dx-A0169,0,0.31032848358154297,0.6896714568138123
Lung_Dx-A0169,0,0.30280324816703796,0.6971967220306396
Lung_Dx-A0169,0,0.6480766534805298,0.3519233167171478
Lung_Dx-A0169,0,0.19744445383548737,0.802555501461029
Lung_Dx-A0169,0,0.09894657880067825,0.9010533690452576
Lung_Dx-A0169,0,0.0333683118224144,0.9666317105293274
Lung_Dx-A0169,0,0.07276838272809982,0.9272316098213196
Lung_Dx-A0169,0,0.07949570566415787,0.9205042719841003
Lung_Dx-A0169,0,0.06250248849391937,0.9374975562095642
Lung_Dx-A0169,0,0.17092275619506836,0.8290771842002869
Lung_Dx-A0169,0,0.021471237763762474,0.9785287380218506
Lung_Dx-A0169,0,0.07985372841358185,0.9201462268829346
Lung_Dx-A0169,0,0.1367236226797104,0.8632764220237732
Lung_Dx-A0169,0,0.04484790563583374,0.9551520943641663
Lung_Dx-A0169,0,0.28378137946128845,0.7162185907363892
Lung_Dx-A0169,0,0.16865147650241852,0.8313485383987427
Lung_Dx-A0169,0,0.3478139638900757,0.6521860361099243
Lung_Dx-A0169,0,0.1723807156085968,0.8276192545890808
Lung_Dx-A0169,0,0.29956603050231934,0.7004339694976807
Lung_Dx-A0169,0,0.31462937593460083,0.6853706240653992
Lung_Dx-A0169,0,0.5222745537757874,0.47772547602653503
Lung_Dx-A0169,0,0.28254249691963196,0.7174575328826904
Lung_Dx-A0169,0,0.5181424021720886,0.48185765743255615
Lung_Dx-A0169,0,0.4071565866470337,0.5928433537483215
Lung_Dx-A0169,0,0.38312187790870667,0.6168781518936157
Lung_Dx-A0169,0,0.34576770663261414,0.6542322635650635
Lung_Dx-A0174,0,0.9474782943725586,0.05252167582511902
Lung_Dx-A0174,0,0.9590010046958923,0.04099902883172035
Lung_Dx-A0174,0,0.9506864547729492,0.04931360483169556
Lung_Dx-A0174,0,0.97334223985672,0.026657739654183388
Lung_Dx-A0174,0,0.9818405508995056,0.01815951243042946
Lung_Dx-A0174,0,0.9779045581817627,0.02209547907114029
Lung_Dx-A0174,0,0.9932550191879272,0.0067449901252985
Lung_Dx-A0174,0,0.9551520943641663,0.04484790563583374
Lung_Dx-A0174,0,0.9950273633003235,0.004972596652805805
Lung_Dx-A0174,0,0.996936559677124,0.0030634168069809675
Lung_Dx-A0174,0,0.7983440160751343,0.20165595412254333
Lung_Dx-A0174,0,0.988469660282135,0.011530389077961445
Lung_Dx-A0174,0,0.7938660383224487,0.2061339169740677
Lung_Dx-A0174,0,0.9904035329818726,0.009596454910933971
Lung_Dx-A0174,0,0.9871540665626526,0.012845958583056927
Lung_Dx-A0174,0,0.9987207055091858,0.0012793075293302536
Lung_Dx-A0174,0,0.9953994154930115,0.004600618965923786
Lung_Dx-A0174,0,0.9991958737373352,0.0008040859247557819
Lung_Dx-A0174,0,0.9978172779083252,0.002182716503739357
Lung_Dx-A0174,0,0.9906690120697021,0.009330992586910725
Lung_Dx-A0174,0,0.9745076894760132,0.025492332875728607
Lung_Dx-A0174,0,0.984941840171814,0.015058137476444244
Lung_Dx-A0174,0,0.995309054851532,0.00469093257561326
Lung_Dx-A0174,0,0.9975513815879822,0.002448652870953083
Lung_Dx-A0174,0,0.9887771010398865,0.011222866363823414
Lung_Dx-A0174,0,0.9581869840621948,0.04181298613548279
Lung_Dx-A0175,0,0.9384632706642151,0.06153673306107521
Lung_Dx-A0175,0,0.8688268065452576,0.13117322325706482
Lung_Dx-A0175,0,0.90456622838974,0.09543372690677643
Lung_Dx-A0175,0,0.8818185925483704,0.11818140745162964
Lung_Dx-A0175,0,0.9159594178199768,0.08404060453176498
Lung_Dx-A0175,0,0.902265727519989,0.09773432463407516
Lung_Dx-A0175,0,0.9621787071228027,0.03782128542661667
Lung_Dx-A0175,0,0.9430335760116577,0.056966383010149
Lung_Dx-A0175,0,0.9097066521644592,0.09029333293437958
Lung_Dx-A0175,0,0.8794059157371521,0.1205940768122673
Lung_Dx-A0175,0,0.6158967614173889,0.3841032385826111
Lung_Dx-A0175,0,0.34989362955093384,0.6501063704490662
Lung_Dx-A0175,0,0.16085833311080933,0.8391416668891907
Lung_Dx-A0175,0,0.41541755199432373,0.5845824480056763
Lung_Dx-A0175,0,0.582832396030426,0.417167603969574
Lung_Dx-A0175,0,0.4378197491168976,0.56218022108078
Lung_Dx-A0175,0,0.7785230875015259,0.2214769721031189
Lung_Dx-A0175,0,0.454018235206604,0.545981764793396
Lung_Dx-A0175,0,0.5618309378623962,0.43816906213760376
Lung_Dx-A0175,0,0.2548797130584717,0.7451202869415283
Lung_Dx-A0175,0,0.38345009088516235,0.6165499091148376
Lung_Dx-A0175,0,0.31605255603790283,0.6839474439620972
Lung_Dx-A0175,0,0.2766416668891907,0.7233583331108093
Lung_Dx-A0175,0,0.4803415536880493,0.5196584463119507
Lung_Dx-A0175,0,0.38708195090293884,0.6129180192947388
Lung_Dx-A0175,0,0.8670920133590698,0.1329079568386078
Lung_Dx-A0175,0,0.8594869375228882,0.14051306247711182
Lung_Dx-A0175,0,0.9820998907089233,0.017900168895721436
Lung_Dx-A0175,0,0.9671940207481384,0.03280595690011978
Lung_Dx-A0175,0,0.9862709045410156,0.013729092665016651
Lung_Dx-A0175,0,0.9714828729629517,0.028517084196209908
Lung_Dx-A0175,0,0.9556928277015686,0.04430721700191498
Lung_Dx-A0175,0,0.9653158187866211,0.03468417376279831
Lung_Dx-A0175,0,0.9204327464103699,0.07956718653440475
Lung_Dx-A0176,0,0.670284628868103,0.329715371131897
Lung_Dx-A0176,0,0.7837816476821899,0.21621830761432648
Lung_Dx-A0176,0,0.7957375049591064,0.20426252484321594
Lung_Dx-A0176,0,0.6398485898971558,0.36015138030052185
Lung_Dx-A0176,0,0.7398455739021301,0.2601544260978699
Lung_Dx-A0176,0,0.4208375811576843,0.5791624188423157
Lung_Dx-A0176,0,0.5159857273101807,0.48401424288749695
Lung_Dx-A0176,0,0.7871959209442139,0.21280403435230255
Lung_Dx-A0176,0,0.8465777039527893,0.1534222811460495
Lung_Dx-A0176,0,0.8263617753982544,0.1736382246017456
Lung_Dx-A0176,0,0.5338683128356934,0.46613165736198425
Lung_Dx-A0176,0,0.6786997318267822,0.3213002681732178
Lung_Dx-A0176,0,0.4829948842525482,0.5170050859451294
Lung_Dx-A0176,0,0.5210484862327576,0.47895148396492004
Lung_Dx-A0176,0,0.5234964489936829,0.47650352120399475
Lung_Dx-A0176,0,0.431659072637558,0.5683409571647644
Lung_Dx-A0176,0,0.17433996498584747,0.825659990310669
Lung_Dx-A0176,0,0.3664196729660034,0.6335802674293518
Lung_Dx-A0176,0,0.3189622461795807,0.6810377240180969
Lung_Dx-A0176,0,0.43275246024131775,0.5672475099563599
Lung_Dx-A0176,0,0.7792378664016724,0.22076214849948883
Lung_Dx-A0176,0,0.9169314503669739,0.08306849747896194
Lung_Dx-A0176,0,0.6570709347724915,0.34292900562286377
Lung_Dx-A0176,0,0.8719117641448975,0.12808823585510254
Lung_Dx-A0176,0,0.7485361695289612,0.2514638602733612
Lung_Dx-A0176,0,0.6988949179649353,0.3011051118373871
Lung_Dx-A0176,0,0.9259697198867798,0.07403029501438141
Lung_Dx-A0176,0,0.5598616600036621,0.4401383697986603
Lung_Dx-A0176,0,0.7389517426490784,0.26104822754859924
Lung_Dx-A0176,0,0.7793218493461609,0.2206781655550003
Lung_Dx-A0176,0,0.6964746713638306,0.30352532863616943
Lung_Dx-A0176,0,0.8322367072105408,0.167763352394104
Lung_Dx-A0176,0,0.5895982384681702,0.4104017913341522
Lung_Dx-A0176,0,0.6081578135490417,0.39184221625328064
Lung_Dx-A0176,0,0.7941456437110901,0.2058544158935547
Lung_Dx-A0176,0,0.864367663860321,0.13563229143619537
Lung_Dx-A0176,0,0.6760854721069336,0.3239145278930664
Lung_Dx-A0176,0,0.6686368584632874,0.33136311173439026
Lung_Dx-A0176,0,0.8571115136146545,0.14288842678070068
Lung_Dx-A0178,0,0.42581412196159363,0.574185848236084
Lung_Dx-A0178,0,0.4019812047481537,0.5980187654495239
Lung_Dx-A0178,0,0.07971034944057465,0.9202896952629089
Lung_Dx-A0178,0,0.22970795631408691,0.7702920436859131
Lung_Dx-A0178,0,0.2587003707885742,0.7412996292114258
Lung_Dx-A0178,0,0.11066322773694992,0.8893368244171143
Lung_Dx-A0178,0,0.1723807156085968,0.8276192545890808
Lung_Dx-A0178,0,0.2949252128601074,0.7050747871398926
Lung_Dx-A0178,0,0.1628454476594925,0.8371545076370239
Lung_Dx-A0178,0,0.05644402652978897,0.9435559511184692
Lung_Dx-A0178,0,0.02539546974003315,0.9746044874191284
Lung_Dx-A0178,0,0.18126320838928223,0.8187368512153625
Lung_Dx-A0178,0,0.339991956949234,0.6600080728530884
Lung_Dx-A0178,0,0.3616718351840973,0.6383281350135803
Lung_Dx-A0178,0,0.17342814803123474,0.8265718221664429
Lung_Dx-A0178,0,0.2791893482208252,0.72081059217453
Lung_Dx-A0178,0,0.16871993243694305,0.8312800526618958
Lung_Dx-A0178,0,0.11162799596786499,0.888372004032135
Lung_Dx-A0178,0,0.3239145278930664,0.6760854721069336
Lung_Dx-A0178,0,0.5502600073814392,0.4497400224208832
Lung_Dx-A0178,0,0.24617071449756622,0.753829300403595
Lung_Dx-A0178,0,0.18579943478107452,0.8142006397247314
Lung_Dx-A0178,0,0.1457829624414444,0.8542170524597168
Lung_Dx-A0178,0,0.4244716167449951,0.5755283832550049
Lung_Dx-A0178,0,0.4758032560348511,0.5241968035697937
Lung_Dx-A0178,0,0.7597605586051941,0.2402394413948059
Lung_Dx-A0178,0,0.49749380350112915,0.5025062561035156
Lung_Dx-A0178,0,0.5694336891174316,0.43056634068489075
Lung_Dx-A0178,0,0.553271472454071,0.44672852754592896
Lung_Dx-A0178,0,0.635505199432373,0.36449477076530457
Lung_Dx-A0178,0,0.7088176012039185,0.29118236899375916
Lung_Dx-A0178,0,0.35314929485321045,0.6468507051467896
Lung_Dx-A0178,0,0.7628660202026367,0.23713397979736328
Lung_Dx-A0178,0,0.6174838542938232,0.38251620531082153
Lung_Dx-A0178,0,0.5427875518798828,0.4572124779224396
Lung_Dx-A0178,0,0.7641884088516235,0.23581159114837646
Lung_Dx-A0178,0,0.30342209339141846,0.6965778470039368
Lung_Dx-A0178,0,0.5856640934944153,0.4143359065055847
Lung_Dx-A0178,0,0.12378869205713272,0.8762113451957703
Lung_Dx-A0178,0,0.17567944526672363,0.8243205547332764
Lung_Dx-A0178,0,0.043042849749326706,0.9569571614265442
Lung_Dx-A0178,0,0.023621806874871254,0.9763782024383545
Lung_Dx-A0178,0,0.5582667589187622,0.4417332410812378
Lung_Dx-A0178,0,0.2894721031188965,0.7105278968811035
Lung_Dx-A0178,0,0.008813166059553623,0.991186797618866
Lung_Dx-A0178,0,0.053206201642751694,0.946793794631958
Lung_Dx-A0178,0,0.5193613171577454,0.48063862323760986
Lung_Dx-A0178,0,0.20142024755477905,0.7985798120498657
Lung_Dx-A0178,0,0.7627776861190796,0.2372223287820816
Lung_Dx-A0178,0,0.1199740618467331,0.8800259232521057
Lung_Dx-A0178,0,0.08137363940477371,0.9186264276504517
Lung_Dx-A0178,0,0.06705628335475922,0.9329437017440796
Lung_Dx-A0178,0,0.5544252395629883,0.4455747902393341
Lung_Dx-A0178,0,0.49266675114631653,0.5073332190513611
Lung_Dx-A0178,0,0.7491790056228638,0.2508210241794586
Lung_Dx-A0178,0,0.41478031873703003,0.58521968126297
Lung_Dx-A0178,0,0.36511704325675964,0.634882926940918
Lung_Dx-A0178,0,0.5931969285011292,0.40680304169654846
Lung_Dx-A0178,0,0.4849593937397003,0.5150406360626221
Lung_Dx-A0178,0,0.5284497141838074,0.47155022621154785
Lung_Dx-A0178,0,0.37516263127326965,0.6248373985290527
Lung_Dx-A0178,0,0.16277891397476196,0.837221086025238
Lung_Dx-A0178,0,0.6645947694778442,0.33540529012680054
Lung_Dx-A0178,0,0.5689098834991455,0.4310901463031769
Lung_Dx-A0178,0,0.518279492855072,0.481720507144928
Lung_Dx-A0178,0,0.4525434672832489,0.5474565029144287
Lung_Dx-A0178,0,0.0634823590517044,0.9365176558494568
Lung_Dx-A0178,0,0.5660935044288635,0.43390652537345886
Lung_Dx-A0178,0,0.6469064354896545,0.35309356451034546
Lung_Dx-A0188,0,0.2619912326335907,0.7380087375640869
Lung_Dx-A0188,0,0.2114982306957245,0.7885017395019531
Lung_Dx-A0188,0,0.11879339814186096,0.8812065720558167
Lung_Dx-A0188,0,0.2783058285713196,0.7216941714286804
Lung_Dx-A0188,0,0.15902139246463776,0.8409785628318787
Lung_Dx-A0188,0,0.17217186093330383,0.8278281688690186
Lung_Dx-A0188,0,0.2617553174495697,0.7382447123527527
Lung_Dx-A0188,0,0.297725111246109,0.7022748589515686
Lung_Dx-A0188,0,0.4890306890010834,0.510969340801239
Lung_Dx-A0188,0,0.22712630033493042,0.7728736996650696
Lung_Dx-A0188,0,0.3235403895378113,0.6764596104621887
Lung_Dx-A0188,0,0.3860109746456146,0.6139890551567078
Lung_Dx-A0188,0,0.5532789826393127,0.44672098755836487
Lung_Dx-A0188,0,0.4545629620552063,0.5454370379447937
Lung_Dx-A0188,0,0.3713076114654541,0.6286924481391907
Lung_Dx-A0188,0,0.3235403895378113,0.6764596104621887
Lung_Dx-A0188,0,0.5862860083580017,0.4137140214443207
Lung_Dx-A0188,0,0.2650236189365387,0.7349764108657837
Lung_Dx-A0188,0,0.7830774784088135,0.21692250669002533
Lung_Dx-A0188,0,0.4599553048610687,0.5400446653366089
Lung_Dx-A0188,0,0.26383641362190247,0.7361635565757751
Lung_Dx-A0188,0,0.3373126983642578,0.662687361240387
Lung_Dx-A0188,0,0.2649284899234772,0.7350714802742004
Lung_Dx-A0188,0,0.3934432566165924,0.6065567135810852
Lung_Dx-A0188,0,0.8862728476524353,0.1137271597981453
Lung_Dx-A0188,0,0.6293759942054749,0.37062394618988037
Lung_Dx-A0188,0,0.8030965924263,0.19690340757369995
Lung_Dx-A0188,0,0.6790190935134888,0.32098090648651123
Lung_Dx-A0188,0,0.5235421657562256,0.4764578640460968
Lung_Dx-A0188,0,0.7714993357658386,0.228500634431839
Lung_Dx-A0188,0,0.8821743130683899,0.11782566457986832
Lung_Dx-A0188,0,0.214115709066391,0.7858842611312866
Lung_Dx-A0188,0,0.2739141881465912,0.7260858416557312
Lung_Dx-A0188,0,0.49581921100616455,0.5041808485984802
Lung_Dx-A0188,0,0.21084754168987274,0.7891525030136108
Lung_Dx-A0188,0,0.725600004196167,0.2743999660015106
Lung_Dx-A0188,0,0.5882092118263245,0.41179075837135315
Lung_Dx-A0188,0,0.31384021043777466,0.6861597895622253
Lung_Dx-A0188,0,0.23204898834228516,0.7679509520530701
Lung_Dx-A0188,0,0.2604365050792694,0.739563524723053
Lung_Dx-A0188,0,0.18847329914569855,0.8115267157554626
Lung_Dx-A0188,0,0.11706650257110596,0.882933497428894
Lung_Dx-A0188,0,0.03400405868887901,0.9659959077835083
Lung_Dx-A0188,0,0.1296229213476181,0.8703770637512207
Lung_Dx-A0188,0,0.7544630169868469,0.24553699791431427
Lung_Dx-A0188,0,0.3141557574272156,0.6858443021774292
Lung_Dx-A0188,0,0.2706247568130493,0.7293752431869507
Lung_Dx-A0188,0,0.23031330108642578,0.769686758518219
Lung_Dx-A0188,0,0.5414543151855469,0.4585456848144531
Lung_Dx-A0188,0,0.16579560935497284,0.834204375743866
Lung_Dx-A0188,0,0.025419652462005615,0.9745803475379944
Lung_Dx-A0188,0,0.0362882986664772,0.963711678981781
Lung_Dx-A0188,0,0.22507576644420624,0.7749242186546326
Lung_Dx-A0188,0,0.12934772670269012,0.8706522583961487
Lung_Dx-A0188,0,0.5242043733596802,0.47579559683799744
Lung_Dx-A0188,0,0.5728870630264282,0.4271129369735718
Lung_Dx-A0188,0,0.7246754765510559,0.2753245234489441
Lung_Dx-A0188,0,0.7702056169509888,0.22979435324668884
Lung_Dx-A0188,0,0.5732753276824951,0.42672470211982727
Lung_Dx-A0188,0,0.8684366941452026,0.1315632462501526
Lung_Dx-A0188,0,0.45735636353492737,0.542643666267395
Lung_Dx-A0188,0,0.10999224334955215,0.8900077939033508
Lung_Dx-A0188,0,0.31171488761901855,0.6882851123809814
Lung_Dx-A0188,0,0.5377393364906311,0.4622606337070465
Lung_Dx-A0188,0,0.46157798171043396,0.5384219884872437
Lung_Dx-A0188,0,0.8722929954528809,0.12770700454711914
Lung_Dx-A0188,0,0.8693822622299194,0.13061775267124176
Lung_Dx-A0188,0,0.169956237077713,0.8300437331199646
Lung_Dx-A0188,0,0.11255132406949997,0.8874487280845642
Lung_Dx-A0188,0,0.7856376767158508,0.21436232328414917
Lung_Dx-A0188,0,0.91359943151474,0.08640053123235703
Lung_Dx-A0188,0,0.3688034415245056,0.6311965584754944
Lung_Dx-A0188,0,0.8958420157432556,0.1041579619050026
Lung_Dx-A0188,0,0.5462087392807007,0.4537913203239441
Lung_Dx-A0188,0,0.5460725426673889,0.4539274573326111
Lung_Dx-A0188,0,0.23170112073421478,0.768298864364624
Lung_Dx-A0188,0,0.013350849971175194,0.9866490960121155
Lung_Dx-A0188,0,0.006026952061802149,0.9939730763435364
Lung_Dx-A0188,0,0.04001227021217346,0.9599877595901489
Lung_Dx-A0188,0,0.18366682529449463,0.8163331747055054
Lung_Dx-A0188,0,0.033117230981588364,0.9668827652931213
Lung_Dx-A0188,0,0.1697496771812439,0.8302502632141113
Lung_Dx-A0188,0,0.027742892503738403,0.9722570776939392
Lung_Dx-A0188,0,0.17809659242630005,0.8219033479690552
Lung_Dx-A0188,0,0.7346909642219543,0.26530903577804565
Lung_Dx-A0188,0,0.830937385559082,0.16906264424324036
Lung_Dx-A0188,0,0.7429815530776978,0.25701841711997986
Lung_Dx-A0188,0,0.05094091221690178,0.9490590691566467
Lung_Dx-A0188,0,0.011732465587556362,0.9882676005363464
Lung_Dx-A0188,0,0.021368887275457382,0.9786311388015747
Lung_Dx-A0188,0,0.12049055099487305,0.879509449005127
Lung_Dx-A0188,0,0.22160327434539795,0.778396725654602
Lung_Dx-A0188,0,0.3787606358528137,0.621239423751831
Lung_Dx-A0188,0,0.6723854541778564,0.32761454582214355
Lung_Dx-A0188,0,0.11153119057416916,0.8884688019752502
Lung_Dx-A0188,0,0.019069157540798187,0.9809308648109436
Lung_Dx-A0188,0,0.5383310317993164,0.461668998003006
Lung_Dx-A0188,0,0.0005368274287320673,0.9994631409645081
Lung_Dx-A0188,0,3.453725003055297e-05,0.9999654293060303
Lung_Dx-A0188,0,0.0003288659790996462,0.9996711015701294
Lung_Dx-A0188,0,0.0008626077906228602,0.9991374015808105
Lung_Dx-A0188,0,0.0012668906711041927,0.9987331032752991
Lung_Dx-A0188,0,0.0009584648068994284,0.9990414977073669
Lung_Dx-A0188,0,0.0002829600707627833,0.9997170567512512
Lung_Dx-A0188,0,0.0023413405288010836,0.9976586103439331
Lung_Dx-A0188,0,0.011938040144741535,0.9880620241165161
Lung_Dx-A0188,0,0.01141961570829153,0.9885804057121277
Lung_Dx-A0188,0,0.03146960213780403,0.9685303568840027
Lung_Dx-A0188,0,0.4450471103191376,0.5549529194831848
Lung_Dx-A0188,0,0.5441126227378845,0.45588740706443787
Lung_Dx-A0188,0,0.24283352494239807,0.7571664452552795
Lung_Dx-A0188,0,0.43830806016921997,0.56169193983078
Lung_Dx-A0188,0,0.42780008912086487,0.5721999406814575
Lung_Dx-A0188,0,0.23678085207939148,0.7632191181182861
Lung_Dx-A0188,0,0.24844299256801605,0.7515569925308228
Lung_Dx-A0188,0,0.41765743494033813,0.5823426246643066
Lung_Dx-A0188,0,0.5944555997848511,0.40554437041282654
Lung_Dx-A0188,0,0.7010995149612427,0.2989005148410797
Lung_Dx-A0188,0,0.5125248432159424,0.4874751567840576
Lung_Dx-A0189,0,0.6680686473846436,0.33193132281303406
Lung_Dx-A0189,0,0.31189823150634766,0.6881017684936523
Lung_Dx-A0189,0,0.7423750758171082,0.2576249837875366
Lung_Dx-A0189,0,0.4434196650981903,0.5565803647041321
Lung_Dx-A0189,0,0.7359263896942139,0.26407361030578613
Lung_Dx-A0189,0,0.7064436674118042,0.2935563623905182
Lung_Dx-A0189,0,0.13072869181632996,0.8692712783813477
Lung_Dx-A0189,0,0.9489645957946777,0.05103541910648346
Lung_Dx-A0189,0,0.9457511901855469,0.054248809814453125
Lung_Dx-A0189,0,0.967777669429779,0.03222229704260826
Lung_Dx-A0189,0,0.9817181825637817,0.01828179508447647
Lung_Dx-A0189,0,0.9883352518081665,0.011664719320833683
Lung_Dx-A0189,0,0.9899086952209473,0.010091315023601055
Lung_Dx-A0189,0,0.9776925444602966,0.02230747602880001
Lung_Dx-A0189,0,0.9700418710708618,0.02995811589062214
Lung_Dx-A0189,0,0.9909797310829163,0.00902028102427721
Lung_Dx-A0189,0,0.9897909760475159,0.010209054686129093
Lung_Dx-A0189,0,0.9866234660148621,0.01337660476565361
Lung_Dx-A0189,0,0.9881309270858765,0.011869121342897415
Lung_Dx-A0189,0,0.9884250164031982,0.011574994772672653
Lung_Dx-A0189,0,0.9835969805717468,0.01640303246676922
Lung_Dx-A0189,0,0.9730108976364136,0.026989132165908813
Lung_Dx-A0189,0,0.9874235987663269,0.012576348148286343
Lung_Dx-A0189,0,0.9692369103431702,0.030763033777475357
Lung_Dx-A0189,0,0.9795310497283936,0.02046896517276764
Lung_Dx-A0189,0,0.9796481728553772,0.020351815968751907
Lung_Dx-A0189,0,0.9845457077026367,0.015454242005944252
Lung_Dx-A0189,0,0.9864808320999146,0.01351911947131157
Lung_Dx-A0189,0,0.9715908765792847,0.028409063816070557
Lung_Dx-A0189,0,0.9750598073005676,0.024940254166722298
Lung_Dx-A0189,0,0.9313377141952515,0.06866227835416794
Lung_Dx-A0189,0,0.9768686890602112,0.02313133515417576
Lung_Dx-A0189,0,0.9778834581375122,0.022116590291261673
Lung_Dx-A0189,0,0.9845457077026367,0.015454242005944252
Lung_Dx-A0189,0,0.9780097603797913,0.021990220993757248
Lung_Dx-A0189,0,0.9738444089889526,0.02615562081336975
Lung_Dx-A0189,0,0.9825909733772278,0.01740904338657856
Lung_Dx-A0189,0,0.9771973490715027,0.02280263602733612
Lung_Dx-A0189,0,0.9770445227622986,0.022955454885959625
Lung_Dx-A0189,0,0.9913725852966309,0.008627457544207573
Lung_Dx-A0189,0,0.980205237865448,0.019794780761003494
Lung_Dx-A0189,0,0.9903663396835327,0.009633652865886688
Lung_Dx-A0189,0,0.9828891754150391,0.01711089164018631
Lung_Dx-A0189,0,0.9757161140441895,0.024283867329359055
Lung_Dx-A0189,0,0.9749646186828613,0.025035424157977104
Lung_Dx-A0189,0,0.9270997643470764,0.07290027290582657
Lung_Dx-A0189,0,0.9561454057693481,0.04385456442832947
Lung_Dx-A0189,0,0.9640854597091675,0.03591449558734894
Lung_Dx-A0189,0,0.867204487323761,0.13279546797275543
Lung_Dx-A0189,0,0.9135223627090454,0.08647764474153519
Lung_Dx-A0189,0,0.5607187151908875,0.4392812252044678
Lung_Dx-A0189,0,0.4590458273887634,0.5409541726112366
Lung_Dx-A0189,0,0.11333402246236801,0.886665940284729
Lung_Dx-A0189,0,0.3529820144176483,0.6470180153846741
Lung_Dx-A0189,0,0.532455563545227,0.46754446625709534
Lung_Dx-A0189,0,0.02539546974003315,0.9746044874191284
Lung_Dx-A0189,0,0.3121078908443451,0.6878921389579773
Lung_Dx-A0189,0,0.19574777781963348,0.8042522072792053
Lung_Dx-A0189,0,0.3694572448730469,0.6305426955223083
Lung_Dx-A0189,0,0.4136843979358673,0.5863156318664551
Lung_Dx-A0189,0,0.648744523525238,0.3512554466724396
Lung_Dx-A0189,0,0.4983520209789276,0.50164794921875
Lung_Dx-A0189,0,0.9021795392036438,0.0978204756975174
Lung_Dx-A0192,0,0.7516481280326843,0.2483518272638321
Lung_Dx-A0192,0,0.6179594397544861,0.3820405900478363
Lung_Dx-A0192,0,0.5726369023323059,0.4273630976676941
Lung_Dx-A0192,0,0.6180602312088013,0.38193970918655396
Lung_Dx-A0192,0,0.8083699941635132,0.1916300654411316
Lung_Dx-A0192,0,0.8487215638160706,0.15127839148044586
Lung_Dx-A0192,0,0.8005360960960388,0.1994638741016388
Lung_Dx-A0192,0,0.8605450987815857,0.13945496082305908
Lung_Dx-A0192,0,0.9653158187866211,0.03468417376279831
Lung_Dx-A0192,0,0.9212159514427185,0.07878401130437851
Lung_Dx-A0192,0,0.7959754467010498,0.2040245234966278
Lung_Dx-A0192,0,0.8741846680641174,0.12581531703472137
Lung_Dx-A0192,0,0.9502266049385071,0.0497734472155571
Lung_Dx-A0192,0,0.9110215306282043,0.08897848427295685
Lung_Dx-A0192,0,0.8856809139251709,0.11431907117366791
Lung_Dx-A0195,0,0.684843897819519,0.31515607237815857
Lung_Dx-A0195,0,0.5505922436714172,0.4494077265262604
Lung_Dx-A0195,0,0.5711986422538757,0.42880138754844666
Lung_Dx-A0195,0,0.628606915473938,0.3713930547237396
Lung_Dx-A0195,0,0.7506442070007324,0.24935582280158997
Lung_Dx-A0195,0,0.281060129404068,0.7189398407936096
Lung_Dx-A0195,0,0.764672040939331,0.23532798886299133
Lung_Dx-A0195,0,0.6221437454223633,0.3778562843799591
Lung_Dx-A0195,0,0.5281531810760498,0.4718468189239502
Lung_Dx-A0195,0,0.6490505337715149,0.3509495258331299
Lung_Dx-A0195,0,0.4783765375614166,0.5216234922409058
Lung_Dx-A0195,0,0.483648419380188,0.5163516402244568
Lung_Dx-A0195,0,0.6099598407745361,0.3900401294231415
Lung_Dx-A0195,0,0.5076898336410522,0.49231019616127014
Lung_Dx-A0195,0,0.7595822811126709,0.24041776359081268
Lung_Dx-A0195,0,0.6147120594978333,0.38528794050216675
Lung_Dx-A0195,0,0.7264741063117981,0.2735258638858795
Lung_Dx-A0195,0,0.8236832022666931,0.1763167679309845
Lung_Dx-A0195,0,0.8429924845695496,0.15700756013393402
Lung_Dx-A0195,0,0.8828830122947693,0.11711697280406952
Lung_Dx-A0195,0,0.8372876048088074,0.16271238029003143
Lung_Dx-A0195,0,0.786581814289093,0.2134181559085846
Lung_Dx-A0195,0,0.7523766160011292,0.24762336909770966
Lung_Dx-A0200,0,0.6675270199775696,0.33247292041778564
Lung_Dx-A0200,0,0.7495916485786438,0.2504083812236786
Lung_Dx-A0200,0,0.7692969441413879,0.23070302605628967
Lung_Dx-A0200,0,0.8386136889457703,0.16138629615306854
Lung_Dx-A0200,0,0.6268240213394165,0.3731760084629059
Lung_Dx-A0200,0,0.929632306098938,0.07036770135164261
Lung_Dx-A0200,0,0.8526903390884399,0.14730969071388245
Lung_Dx-A0200,0,0.8031737804412842,0.19682620465755463
Lung_Dx-A0200,0,0.7261344194412231,0.27386561036109924
Lung_Dx-A0200,0,0.504257082939148,0.49574288725852966
Lung_Dx-A0200,0,0.6160122752189636,0.3839877247810364
Lung_Dx-A0200,0,0.8414351940155029,0.15856483578681946
Lung_Dx-A0200,0,0.8209723830223083,0.17902764678001404
Lung_Dx-A0200,0,0.6111499667167664,0.38885006308555603
Lung_Dx-A0200,0,0.6491061449050903,0.35089388489723206
Lung_Dx-A0200,0,0.7611836194992065,0.23881636559963226
Lung_Dx-A0200,0,0.6225166916847229,0.3774832487106323
Lung_Dx-A0200,0,0.7227716445922852,0.27722832560539246
Lung_Dx-A0200,0,0.6627418994903564,0.33725810050964355
Lung_Dx-A0200,0,0.6806132793426514,0.31938666105270386
Lung_Dx-A0200,0,0.41513592004776,0.58486407995224
Lung_Dx-A0200,0,0.7802441716194153,0.2197558432817459
Lung_Dx-A0200,0,0.1794586479663849,0.8205413222312927
Lung_Dx-A0200,0,0.52486652135849,0.47513347864151
Lung_Dx-A0200,0,0.22524616122245789,0.7747538685798645
Lung_Dx-A0200,0,0.26147234439849854,0.7385276556015015
Lung_Dx-A0200,0,0.059866417199373245,0.9401335716247559
Lung_Dx-A0200,0,0.12173795700073242,0.8782621026039124
Lung_Dx-A0200,0,0.0024391296319663525,0.9975608587265015
Lung_Dx-A0200,0,0.27405986189842224,0.7259401679039001
Lung_Dx-A0200,0,0.2353719174861908,0.7646281123161316
Lung_Dx-A0200,0,0.24949294328689575,0.7505070567131042
Lung_Dx-A0200,0,0.19200852513313293,0.8079915046691895
Lung_Dx-A0200,0,0.07949570566415787,0.9205042719841003
Lung_Dx-A0200,0,0.3987868130207062,0.6012131571769714
Lung_Dx-A0200,0,0.02525085024535656,0.9747490882873535
Lung_Dx-A0200,0,0.43332189321517944,0.5666780471801758
Lung_Dx-A0200,0,0.43618667125701904,0.5638132691383362
Lung_Dx-A0200,0,0.4867279827594757,0.5132720470428467
Lung_Dx-A0200,0,0.8032509684562683,0.19674904644489288
Lung_Dx-A0200,0,0.6161855459213257,0.3838145136833191
Lung_Dx-A0200,0,0.9205756783485413,0.07942426204681396
Lung_Dx-A0200,0,0.849597156047821,0.15040279924869537
Lung_Dx-A0200,0,0.8729442954063416,0.12705571949481964
Lung_Dx-A0200,0,0.8800259232521057,0.1199740618467331
Lung_Dx-A0200,0,0.7550956010818481,0.24490436911582947
Lung_Dx-A0200,0,0.7621143460273743,0.23788562417030334
Lung_Dx-A0200,0,0.769816517829895,0.23018349707126617
Lung_Dx-A0200,0,0.8761053681373596,0.12389464676380157
Lung_Dx-A0202,0,0.6295468807220459,0.3704531192779541
Lung_Dx-A0202,0,0.48617908358573914,0.5138209462165833
Lung_Dx-A0202,0,0.5397565960884094,0.4602434039115906
Lung_Dx-A0202,0,0.36974164843559265,0.630258321762085
Lung_Dx-A0202,0,0.28353336453437805,0.7164666652679443
Lung_Dx-A0202,0,0.2372223287820816,0.7627776861190796
Lung_Dx-A0202,0,0.19352814555168152,0.8064718246459961
Lung_Dx-A0202,0,0.02917362004518509,0.9708263874053955
Lung_Dx-A0202,0,0.0010142631363123655,0.9989857077598572
Lung_Dx-A0202,0,0.0009473090176470578,0.9990527033805847
Lung_Dx-A0202,0,0.00010431733244331554,0.9998956918716431
Lung_Dx-A0202,0,0.0002387526328675449,0.9997612833976746
Lung_Dx-A0202,0,9.572778799338266e-05,0.9999042749404907
Lung_Dx-A0202,0,0.00040290519245900214,0.9995971322059631
Lung_Dx-A0202,0,0.00010804955672938377,0.999891996383667
Lung_Dx-A0202,0,0.0001398220774717629,0.9998601675033569
Lung_Dx-A0202,0,7.9673009167891e-05,0.9999203681945801
Lung_Dx-A0202,0,0.0001076283588190563,0.9998923540115356
Lung_Dx-A0202,0,0.00010889690747717395,0.9998910427093506
Lung_Dx-A0202,0,7.141901733120903e-05,0.9999285936355591
Lung_Dx-A0202,0,4.813724444829859e-05,0.9999518394470215
Lung_Dx-A0202,0,5.497408710652962e-05,0.9999450445175171
Lung_Dx-A0202,0,0.000992726068943739,0.9990072846412659
Lung_Dx-A0202,0,0.00017605620087124407,0.9998239874839783
Lung_Dx-A0202,0,1.2266899830137845e-05,0.9999877214431763
Lung_Dx-A0202,0,0.00044770087697543204,0.999552309513092
Lung_Dx-A0202,0,5.2868166676489636e-05,0.9999470710754395
Lung_Dx-A0202,0,2.2474090656032786e-05,0.9999774694442749
Lung_Dx-A0202,0,0.00012484894250519574,0.9998751878738403
Lung_Dx-A0202,0,0.0002835130726452917,0.9997164607048035
Lung_Dx-A0202,0,0.0008215338457375765,0.9991784691810608
Lung_Dx-A0202,0,0.0008830458973534405,0.9991169571876526
Lung_Dx-A0202,0,0.000337979436153546,0.9996620416641235
Lung_Dx-A0202,0,0.0033439078833907843,0.996656060218811
Lung_Dx-A0202,0,0.01141961570829153,0.9885804057121277
Lung_Dx-A0202,0,0.01065251138061285,0.9893474578857422
Lung_Dx-A0202,0,0.0014437558129429817,0.9985561966896057
Lung_Dx-A0202,0,0.0010733063099905849,0.9989266991615295
Lung_Dx-A0202,0,0.003983970265835524,0.9960159659385681
Lung_Dx-A0202,0,0.01396915502846241,0.9860308170318604
Lung_Dx-A0202,0,0.007577240467071533,0.9924227595329285
Lung_Dx-A0202,0,0.0064007299952209,0.9935992956161499
Lung_Dx-A0202,0,0.021206120029091835,0.9787938594818115
Lung_Dx-A0202,0,0.0002287133247591555,0.9997712969779968
Lung_Dx-A0202,0,0.0021364211570471525,0.9978635907173157
Lung_Dx-A0202,0,0.002725582802668214,0.9972744584083557
Lung_Dx-A0202,0,0.0008009536541067064,0.9991990923881531
Lung_Dx-A0202,0,0.007651031482964754,0.9923490285873413
Lung_Dx-A0202,0,0.008660931140184402,0.9913390278816223
Lung_Dx-A0202,0,0.010071823373436928,0.9899281859397888
Lung_Dx-A0202,0,0.002128110034391284,0.9978718757629395
Lung_Dx-A0202,0,0.013848611153662205,0.986151397228241
Lung_Dx-A0202,0,0.006241259630769491,0.9937587976455688
Lung_Dx-A0202,0,0.008140463382005692,0.991859495639801
Lung_Dx-A0202,0,0.03687337040901184,0.9631266593933105
Lung_Dx-A0202,0,0.0008813243475742638,0.9991186261177063
Lung_Dx-A0202,0,0.043002646416425705,0.9569973349571228
Lung_Dx-A0202,0,0.0036146442871540785,0.9963853359222412
Lung_Dx-A0202,0,0.005479908548295498,0.9945201277732849
Lung_Dx-A0202,0,0.0014636012492701411,0.9985363483428955
Lung_Dx-A0202,0,0.003383191069588065,0.996616780757904
Lung_Dx-A0202,0,0.0008509045583195984,0.9991490840911865
Lung_Dx-A0202,0,0.0005988372140564024,0.9994012117385864
Lung_Dx-A0202,0,0.00027586790383793414,0.9997240900993347
Lung_Dx-A0202,0,0.0022474632132798433,0.9977524876594543
Lung_Dx-A0202,0,0.02286800742149353,0.9771320223808289
Lung_Dx-A0202,0,0.001654924126341939,0.9983450174331665
Lung_Dx-A0202,0,0.0004907225957140326,0.9995092153549194
Lung_Dx-A0202,0,0.00012931565288454294,0.9998706579208374
Lung_Dx-A0202,0,0.0008659809827804565,0.9991340041160583
Lung_Dx-A0202,0,5.94408847973682e-05,0.9999405145645142
Lung_Dx-A0202,0,0.002186974510550499,0.9978129863739014
Lung_Dx-A0202,0,0.006463137920945883,0.9935368895530701
Lung_Dx-A0202,0,9.647852130001411e-05,0.9999035596847534
Lung_Dx-A0202,0,5.144221358932555e-05,0.9999485015869141
Lung_Dx-A0202,0,0.0008328334079124033,0.9991672039031982
Lung_Dx-A0202,0,0.004339932929724455,0.9956600069999695
Lung_Dx-A0202,0,0.0009888596832752228,0.9990111589431763
Lung_Dx-A0202,0,0.008847354911267757,0.9911527037620544
Lung_Dx-A0202,0,0.0003023824538104236,0.9996976852416992
Lung_Dx-A0202,0,0.00039743640809319913,0.9996026158332825
Lung_Dx-A0202,0,0.0005736652528867126,0.9994263648986816
Lung_Dx-A0202,0,0.00012780926772393286,0.9998722076416016
Lung_Dx-A0202,0,0.020004287362098694,0.9799956679344177
Lung_Dx-A0202,0,0.0013380079763010144,0.998661994934082
Lung_Dx-A0202,0,0.0572819747030735,0.9427180886268616
Lung_Dx-A0202,0,0.03191915154457092,0.9680808186531067
Lung_Dx-A0202,0,0.01729249209165573,0.9827074408531189
Lung_Dx-A0202,0,0.020705251023173332,0.9792947173118591
Lung_Dx-A0202,0,0.18119075894355774,0.8188092112541199
Lung_Dx-A0202,0,0.04130730405449867,0.9586926698684692
Lung_Dx-A0202,0,0.008577484637498856,0.9914224743843079
Lung_Dx-A0202,0,0.00339638814330101,0.9966036081314087
Lung_Dx-A0202,0,0.018440209329128265,0.9815597534179688
Lung_Dx-A0202,0,0.05839952081441879,0.941600501537323
Lung_Dx-A0202,0,0.2857206165790558,0.7142794132232666
Lung_Dx-A0202,0,0.16052906215190887,0.8394709229469299
Lung_Dx-A0202,0,0.014742792584002018,0.9852572083473206
Lung_Dx-A0202,0,0.07443295419216156,0.925567090511322
Lung_Dx-A0202,0,0.00341627886518836,0.9965837001800537
Lung_Dx-A0202,0,0.0110081871971488,0.9889918565750122
Lung_Dx-A0202,0,0.015130728483200073,0.9848692417144775
Lung_Dx-A0202,0,0.04389553144574165,0.9561044573783875
Lung_Dx-A0202,0,0.11128950119018555,0.8887105584144592
Lung_Dx-A0202,0,0.13150747120380402,0.8684925436973572
Lung_Dx-A0202,0,0.08494710177183151,0.9150528311729431
Lung_Dx-A0202,0,0.061593152582645416,0.9384068250656128
Lung_Dx-A0202,0,0.06954174488782883,0.9304582476615906
Lung_Dx-A0202,0,0.002429643413051963,0.9975703358650208
Lung_Dx-A0202,0,0.06489011645317078,0.9351099133491516
Lung_Dx-A0202,0,0.07903243601322174,0.9209675192832947
Lung_Dx-A0202,0,0.00695760827511549,0.9930423498153687
Lung_Dx-A0202,0,0.018440209329128265,0.9815597534179688
Lung_Dx-A0202,0,0.0010670424671843648,0.9989328980445862
Lung_Dx-A0202,0,0.011309891939163208,0.9886900782585144
Lung_Dx-A0202,0,0.010590936057269573,0.9894090890884399
Lung_Dx-A0202,0,0.0019192374311387539,0.9980807304382324
Lung_Dx-A0202,0,0.016898682340979576,0.9831013083457947
Lung_Dx-A0202,0,0.00024156630388461053,0.9997584223747253
Lung_Dx-A0202,0,0.004672730341553688,0.9953272342681885
Lung_Dx-A0202,0,0.0011972112115472555,0.9988027811050415
Lung_Dx-A0202,0,0.0013939501950517297,0.9986060261726379
Lung_Dx-A0202,0,0.011375601403415203,0.9886244535446167
Lung_Dx-A0202,0,0.0005053045460954309,0.9994946718215942
Lung_Dx-A0202,0,0.0014837189810350537,0.9985162615776062
Lung_Dx-A0202,0,0.002174225402995944,0.9978258013725281
Lung_Dx-A0202,0,0.0003500686143524945,0.9996498823165894
Lung_Dx-A0202,0,5.562206206377596e-05,0.9999443292617798
Lung_Dx-A0202,0,0.00015720343799330294,0.9998427629470825
Lung_Dx-A0202,0,5.8064022596227005e-05,0.9999419450759888
Lung_Dx-A0202,0,0.00026272484683431685,0.9997373223304749
Lung_Dx-A0202,0,0.0004263746668584645,0.9995736479759216
Lung_Dx-A0202,0,0.001771802781149745,0.9982282519340515
Lung_Dx-A0202,0,0.0001699752756394446,0.9998300075531006
Lung_Dx-A0202,0,5.920916373725049e-05,0.9999407529830933
Lung_Dx-A0202,0,0.0001191323681268841,0.9998809099197388
Lung_Dx-A0202,0,0.00015781863476149738,0.9998421669006348
Lung_Dx-A0202,0,9.954076813301072e-05,0.9999004602432251
Lung_Dx-A0202,0,0.00012100819731131196,0.999879002571106
Lung_Dx-A0202,0,0.00014482441474683583,0.9998551607131958
Lung_Dx-A0202,0,0.0005243984051048756,0.9994756579399109
Lung_Dx-A0202,0,0.00011191529483767226,0.9998880624771118
Lung_Dx-A0202,0,0.0002086571475956589,0.9997913241386414
Lung_Dx-A0202,0,0.000807230535428971,0.9991927742958069
Lung_Dx-A0202,0,0.001052568550221622,0.9989474415779114
Lung_Dx-A0202,0,0.003976228181272745,0.9960237741470337
Lung_Dx-A0202,0,0.0011181936133652925,0.9988817572593689
Lung_Dx-A0202,0,0.2694697678089142,0.7305302619934082
Lung_Dx-A0202,0,0.04573463648557663,0.9542653560638428
Lung_Dx-A0202,0,0.05389915406703949,0.9461008310317993
Lung_Dx-A0202,0,0.09309922158718109,0.9069007635116577
Lung_Dx-A0202,0,0.8262215852737427,0.17377841472625732
Lung_Dx-A0202,0,0.8737544417381287,0.12624558806419373
Lung_Dx-A0202,0,0.11456651240587234,0.885433554649353
Lung_Dx-A0202,0,0.14718705415725708,0.8528128862380981
Lung_Dx-A0202,0,0.6643497943878174,0.3356502056121826
Lung_Dx-A0202,0,0.33317771553993225,0.6668223142623901
Lung_Dx-A0202,0,0.04296246916055679,0.9570375084877014
Lung_Dx-A0202,0,0.11884451657533646,0.8811554908752441
Lung_Dx-A0202,0,0.14590460062026978,0.8540953993797302
Lung_Dx-A0202,0,0.39501750469207764,0.6049825549125671
Lung_Dx-A0202,0,0.39875757694244385,0.6012424230575562
Lung_Dx-A0202,0,0.5171441435813904,0.4828558564186096
Lung_Dx-A0231,0,0.2621328830718994,0.7378670573234558
Lung_Dx-A0231,0,0.3208213150501251,0.6791787147521973
Lung_Dx-A0231,0,0.39210402965545654,0.6078959703445435
Lung_Dx-A0231,0,0.6433852910995483,0.3566146790981293
Lung_Dx-A0231,0,0.10951516032218933,0.8904848694801331
Lung_Dx-A0231,0,0.09219619631767273,0.9078037738800049
Lung_Dx-A0231,0,0.1391037553548813,0.8608962297439575
Lung_Dx-A0231,0,0.1146160438656807,0.8853839039802551
Lung_Dx-A0231,0,0.1536126583814621,0.8463873863220215
Lung_Dx-A0231,0,0.10818894952535629,0.8918110132217407
Lung_Dx-A0231,0,0.27009499073028564,0.7299049496650696
Lung_Dx-A0231,0,0.25247618556022644,0.7475237846374512
Lung_Dx-A0231,0,0.07309852540493011,0.9269014000892639
Lung_Dx-A0231,0,0.1528523713350296,0.8471475839614868
Lung_Dx-A0231,0,0.035611413419246674,0.9643886089324951
Lung_Dx-A0231,0,0.05460060387849808,0.9453993439674377
Lung_Dx-A0231,0,0.04360952973365784,0.9563905000686646
Lung_Dx-A0231,0,0.06897519528865814,0.9310247898101807
Lung_Dx-A0231,0,0.0497734472155571,0.9502266049385071
Lung_Dx-A0231,0,0.13257069885730743,0.8674293160438538
Lung_Dx-A0231,0,0.10809476673603058,0.8919052481651306
Lung_Dx-A0231,0,0.1264611780643463,0.8735387921333313
Lung_Dx-A0231,0,0.07963874191045761,0.9203612804412842
Lung_Dx-A0231,0,0.12378869205713272,0.8762113451957703
Lung_Dx-A0231,0,0.05915588140487671,0.9408441781997681
Lung_Dx-A0231,0,0.13643570244312286,0.8635642528533936
Lung_Dx-A0231,0,0.1294577568769455,0.8705422878265381
Lung_Dx-A0231,0,0.07751765847206116,0.9224823713302612
Lung_Dx-A0231,0,0.14098547399044037,0.8590145111083984
Lung_Dx-A0231,0,0.14348748326301575,0.8565124869346619
Lung_Dx-A0231,0,0.2775708734989166,0.722429096698761
Lung_Dx-A0231,0,0.12474516779184341,0.8752548694610596
Lung_Dx-A0231,0,0.03035799227654934,0.9696420431137085
Lung_Dx-A0231,0,0.09764823317527771,0.9023517370223999
Lung_Dx-A0231,0,0.08502305299043655,0.9149770140647888
Lung_Dx-A0231,0,0.05113009363412857,0.9488699436187744
Lung_Dx-A0231,0,0.10141132771968842,0.8985886573791504
Lung_Dx-A0231,0,0.02522682398557663,0.974773108959198
Lung_Dx-A0231,0,0.1794586479663849,0.8205413222312927
Lung_Dx-A0231,0,0.18676160275936127,0.8132384419441223
Lung_Dx-A0231,0,0.2618024945259094,0.7381975054740906
Lung_Dx-A0231,0,0.1290181577205658,0.8709818124771118
Lung_Dx-A0231,0,0.060418423265218735,0.939581573009491
Lung_Dx-A0231,0,0.34262654185295105,0.6573734879493713
Lung_Dx-A0231,0,0.42333880066871643,0.5766611695289612
Lung_Dx-A0231,0,0.2891709506511688,0.7108290791511536
Lung_Dx-A0231,0,0.21908678114414215,0.780913233757019
Lung_Dx-A0231,0,0.4402511715888977,0.5597488880157471
Lung_Dx-A0231,0,0.15746048092842102,0.8425394892692566
Lung_Dx-A0231,0,0.27958256006240845,0.7204173803329468
Lung_Dx-A0231,0,0.022499971091747284,0.9775000214576721
Lung_Dx-A0231,0,0.20513691008090973,0.7948630452156067
Lung_Dx-A0231,0,0.31970518827438354,0.6802948117256165
Lung_Dx-A0231,0,0.3291221559047699,0.6708778738975525
Lung_Dx-A0231,0,0.6217849850654602,0.37821507453918457
Lung_Dx-A0231,0,0.6197877526283264,0.38021227717399597
Lung_Dx-A0231,0,0.4393714666366577,0.5606285929679871
Lung_Dx-A0231,0,0.1318424493074417,0.8681575655937195
Lung_Dx-A0231,0,0.4471736252307892,0.5528264045715332
Lung_Dx-A0231,0,0.12995383143424988,0.8700461983680725
Lung_Dx-A0231,0,0.7233095169067383,0.2766905426979065
Lung_Dx-A0252,0,0.6835251450538635,0.31647488474845886
Lung_Dx-A0252,0,0.6883112788200378,0.31168869137763977
Lung_Dx-A0252,0,0.7927050590515137,0.20729495584964752
Lung_Dx-A0252,0,0.7396105527877808,0.26038944721221924
Lung_Dx-A0252,0,0.9119669198989868,0.08803310990333557
Lung_Dx-A0252,0,0.9123581051826477,0.08764190226793289
Lung_Dx-A0252,0,0.9480103254318237,0.05198967084288597
Lung_Dx-A0252,0,0.8961604833602905,0.1038394644856453
Lung_Dx-A0252,0,0.876581609249115,0.12341844290494919
Lung_Dx-A0252,0,0.946793794631958,0.053206201642751694
Lung_Dx-A0252,0,0.8789390921592712,0.12106089293956757
Lung_Dx-A0252,0,0.7482603192329407,0.25173965096473694
Lung_Dx-A0252,0,0.6796041131019592,0.32039588689804077
Lung_Dx-G0034,1,0.27033573389053345,0.7296642661094666
Lung_Dx-G0034,1,0.18068422377109528,0.8193157911300659
Lung_Dx-G0034,1,0.42153695225715637,0.578463077545166
Lung_Dx-G0034,1,0.2613309323787689,0.7386690378189087
Lung_Dx-G0034,1,0.44427844882011414,0.5557215809822083
Lung_Dx-G0034,1,0.26971012353897095,0.730289876461029
Lung_Dx-G0034,1,0.28397995233535767,0.7160201072692871
Lung_Dx-G0034,1,0.29310092329978943,0.706899106502533
Lung_Dx-G0034,1,0.4533318281173706,0.5466681718826294
Lung_Dx-G0034,1,0.358549565076828,0.6414504647254944
Lung_Dx-G0034,1,0.2728472352027893,0.7271527647972107
Lung_Dx-G0034,1,0.19798661768436432,0.8020133376121521
Lung_Dx-G0034,1,0.16981850564479828,0.8301814794540405
Lung_Dx-G0034,1,0.2091464400291443,0.7908535599708557
Lung_Dx-G0034,1,0.22618484497070312,0.7738151550292969
Lung_Dx-G0034,1,0.23204898834228516,0.7679509520530701
Lung_Dx-G0034,1,0.3796658515930176,0.6203341484069824
Lung_Dx-G0034,1,0.11128950119018555,0.8887105584144592
Lung_Dx-G0034,1,0.17831110954284668,0.8216888904571533
Lung_Dx-G0034,1,0.19004666805267334,0.8099533319473267
Lung_Dx-G0034,1,0.14330755174160004,0.8566924333572388
Lung_Dx-G0034,1,0.0427621528506279,0.9572377800941467
Lung_Dx-G0034,1,0.1796024888753891,0.8203974962234497
Lung_Dx-G0034,1,0.13223415613174438,0.8677658438682556
Lung_Dx-G0034,1,0.16478508710861206,0.8352149128913879
Lung_Dx-G0034,1,0.10079008340835571,0.8992099165916443
Lung_Dx-G0034,1,0.20165595412254333,0.7983440160751343
Lung_Dx-G0034,1,0.1038394644856453,0.8961604833602905
Lung_Dx-G0034,1,0.11626138538122177,0.88373863697052
Lung_Dx-G0034,1,0.07316471636295319,0.9268352389335632
Lung_Dx-G0034,1,0.13799647986888885,0.86200350522995
Lung_Dx-G0034,1,0.07978201657533646,0.9202179908752441
Lung_Dx-G0034,1,0.015543648041784763,0.9844563603401184
Lung_Dx-G0034,1,0.06717856973409653,0.9328213930130005
Lung_Dx-G0034,1,0.03055986389517784,0.9694401025772095
Lung_Dx-G0034,1,0.1965947300195694,0.803405225276947
Lung_Dx-G0034,1,0.10851917415857315,0.8914808034896851
Lung_Dx-G0034,1,0.14199377596378326,0.8580061793327332
Lung_Dx-G0034,1,0.3392801284790039,0.6607198715209961
Lung_Dx-G0034,1,0.6149144172668457,0.3850855529308319
Lung_Dx-G0034,1,0.5177727937698364,0.4822271764278412
Lung_Dx-G0034,1,0.6543703675270081,0.34562966227531433
Lung_Dx-G0034,1,0.8489722013473511,0.15102781355381012
Lung_Dx-G0034,1,0.9367494583129883,0.06325051933526993
Lung_Dx-G0034,1,0.8767926692962646,0.12320729345083237
Lung_Dx-G0034,1,0.9473323225975037,0.052667658776044846
Lung_Dx-G0034,1,0.8461332321166992,0.1538667529821396
Lung_Dx-G0034,1,0.7571664452552795,0.24283352494239807
Lung_Dx-G0034,1,0.8806945085525513,0.11930549144744873
Lung_Dx-G0034,1,0.9711290597915649,0.028870906680822372
Lung_Dx-G0034,1,0.8692712783813477,0.13072869181632996
Lung_Dx-G0034,1,0.8056321740150452,0.19436782598495483
Lung_Dx-G0034,1,0.3647068738937378,0.635293185710907
Lung_Dx-G0034,1,0.05877656117081642,0.9412234425544739
Lung_Dx-G0034,1,0.04308309033513069,0.956916868686676
Lung_Dx-G0034,1,0.19574777781963348,0.8042522072792053
Lung_Dx-G0034,1,0.11104825884103775,0.8889517188072205
Lung_Dx-G0034,1,0.3385416567325592,0.6614583134651184
Lung_Dx-G0034,1,0.0918697863817215,0.9081302285194397
Lung_Dx-G0034,1,0.2898237407207489,0.7101762890815735
Lung_Dx-G0034,1,0.10105591267347336,0.898944079875946
Lung_Dx-G0034,1,0.4084241986274719,0.5915758013725281
Lung_Dx-G0034,1,0.42375609278678894,0.5762439370155334
Lung_Dx-G0034,1,0.4579850733280182,0.5420149564743042
Lung_Dx-G0034,1,0.3916676640510559,0.6083322763442993
Lung_Dx-G0034,1,0.4618965685367584,0.538103461265564
Lung_Dx-G0034,1,0.500244140625,0.499755859375
Lung_Dx-G0034,1,0.34298405051231384,0.6570159792900085
Lung_Dx-G0034,1,0.42289185523986816,0.5771080851554871
Lung_Dx-G0034,1,0.41555097699165344,0.584449052810669
Lung_Dx-G0034,1,0.3512554466724396,0.648744523525238
Lung_Dx-G0034,1,0.4202277660369873,0.5797721743583679
Lung_Dx-G0034,1,0.1881747543811798,0.8118252158164978
Lung_Dx-G0034,1,0.1973671019077301,0.8026329278945923
Lung_Dx-G0034,1,0.25100457668304443,0.7489954233169556
Lung_Dx-G0034,1,0.5885196328163147,0.4114803373813629
Lung_Dx-G0034,1,0.729134202003479,0.2708657681941986
Lung_Dx-G0034,1,0.7660312056541443,0.2339687943458557
Lung_Dx-G0034,1,0.7224780321121216,0.27752193808555603
Lung_Dx-G0039,1,0.9388007521629333,0.06119922548532486
Lung_Dx-G0039,1,0.9266363382339478,0.07336363941431046
Lung_Dx-G0039,1,0.9540517926216125,0.04594820365309715
Lung_Dx-G0039,1,0.999231219291687,0.0007687913603149354
Lung_Dx-G0039,1,0.9966819882392883,0.003317971481010318
Lung_Dx-G0039,1,0.9852429628372192,0.014756983146071434
Lung_Dx-G0039,1,0.9858956933021545,0.014104307629168034
Lung_Dx-G0039,1,0.9904406070709229,0.00955939944833517
Lung_Dx-G0039,1,0.9955576062202454,0.004442394245415926
Lung_Dx-G0039,1,0.9935494065284729,0.006450607907027006
Lung_Dx-G0039,1,0.991355836391449,0.008644177578389645
Lung_Dx-G0039,1,0.9943690896034241,0.005630961619317532
Lung_Dx-G0039,1,0.9003985524177551,0.09960150718688965
Lung_Dx-G0039,1,0.8419556617736816,0.15804436802864075
Lung_Dx-G0039,1,0.5189728140830994,0.48102718591690063
Lung_Dx-G0039,1,0.9916681051254272,0.008331900462508202
Lung_Dx-G0039,1,0.9747971296310425,0.02520282194018364
Lung_Dx-G0039,1,0.9713745713233948,0.028625505045056343
Lung_Dx-G0039,1,0.9410068988800049,0.058993030339479446
Lung_Dx-G0039,1,0.9746044874191284,0.02539546974003315
Lung_Dx-G0039,1,0.9550683498382568,0.04493164271116257
Lung_Dx-G0039,1,0.9083743095397949,0.0916256457567215
Lung_Dx-G0039,1,0.6915754079818726,0.30842453241348267
Lung_Dx-G0039,1,0.9866877198219299,0.013312315568327904
Lung_Dx-G0039,1,0.8300782442092896,0.16992180049419403
Lung_Dx-G0039,1,0.9874961376190186,0.01250379253178835
Lung_Dx-G0039,1,0.9480103254318237,0.05198967084288597
Lung_Dx-G0039,1,0.9943799376487732,0.00562003580853343
Lung_Dx-G0039,1,0.9598374962806702,0.0401625819504261
Lung_Dx-G0039,1,0.9939847588539124,0.006015262566506863
Lung_Dx-G0039,1,0.9907410144805908,0.009259050711989403
Lung_Dx-G0039,1,0.9966102242469788,0.003389783436432481
Lung_Dx-G0039,1,0.9915870428085327,0.008412977680563927
Lung_Dx-G0039,1,0.9963215589523315,0.003678509034216404
Lung_Dx-G0039,1,0.9862973690032959,0.013702670112252235
Lung_Dx-G0039,1,0.9936979413032532,0.0063021220266819
Lung_Dx-G0039,1,0.9951889514923096,0.004810982383787632
Lung_Dx-G0039,1,0.9908744096755981,0.00912563782185316
Lung_Dx-G0039,1,0.9921841025352478,0.007815889082849026
Lung_Dx-G0039,1,0.996656060218811,0.0033439078833907843
Lung_Dx-G0039,1,0.9895513653755188,0.010448625311255455
Lung_Dx-G0039,1,0.9980429410934448,0.001957016997039318
Lung_Dx-G0039,1,0.9977787137031555,0.00222133775241673
Lung_Dx-G0039,1,0.9971717000007629,0.002828336087986827
Lung_Dx-G0039,1,0.9848837852478027,0.015116182155907154
Lung_Dx-G0039,1,0.9953904151916504,0.004609572701156139
Lung_Dx-G0039,1,0.9944666028022766,0.005533387418836355
Lung_Dx-G0039,1,0.9951040744781494,0.004895880818367004
Lung_Dx-G0039,1,0.9950273633003235,0.004972596652805805
Lung_Dx-G0039,1,0.9966102242469788,0.003389783436432481
Lung_Dx-G0039,1,0.9973061084747314,0.0026939143426716328
Lung_Dx-G0039,1,0.991635799407959,0.008364237844944
Lung_Dx-G0039,1,0.9829874038696289,0.01701262593269348
Lung_Dx-G0039,1,0.9924958944320679,0.007504157721996307
Lung_Dx-G0039,1,0.9936116337776184,0.006388320587575436
Lung_Dx-G0039,1,0.9894090890884399,0.010590936057269573
Lung_Dx-G0039,1,0.9923933744430542,0.0076066721230745316
Lung_Dx-G0046,1,0.3942301273345947,0.6057698726654053
Lung_Dx-G0046,1,0.041969768702983856,0.9580301642417908
Lung_Dx-G0046,1,0.001792650786228478,0.9982073307037354
Lung_Dx-G0046,1,0.039453376084566116,0.960546612739563
Lung_Dx-G0046,1,0.004953306633979082,0.9950467348098755
Lung_Dx-G0046,1,0.04020024463534355,0.9597998261451721
Lung_Dx-G0046,1,0.06459445506334305,0.9354054927825928
Lung_Dx-G0046,1,0.054048750549554825,0.9459512829780579
Lung_Dx-G0046,1,0.08269733935594559,0.917302668094635
Lung_Dx-G0046,1,0.3840021789073944,0.615997850894928
Lung_Dx-G0046,1,0.007621429860591888,0.9923785924911499
Lung_Dx-G0046,1,0.05765223503112793,0.9423477053642273
Lung_Dx-G0046,1,0.0629042461514473,0.9370958209037781
Lung_Dx-G0046,1,0.05618453770875931,0.9438154101371765
Lung_Dx-G0046,1,0.06261702626943588,0.9373829364776611
Lung_Dx-G0046,1,0.08555635064840317,0.9144436717033386
Lung_Dx-G0046,1,0.0652465671300888,0.93475341796875
Lung_Dx-G0046,1,0.06216002628207207,0.9378399848937988
Lung_Dx-G0046,1,0.13488982617855072,0.8651101589202881
Lung_Dx-G0046,1,0.0781484842300415,0.9218515157699585
Lung_Dx-G0046,1,0.17745423316955566,0.8225457668304443
Lung_Dx-G0046,1,0.1854303777217865,0.8145695924758911
Lung_Dx-G0046,1,0.18631704151630402,0.8136829137802124
Lung_Dx-G0046,1,0.3393348157405853,0.6606651544570923
Lung_Dx-G0046,1,0.13471898436546326,0.8652810454368591
Lung_Dx-G0046,1,0.7708100080490112,0.22918997704982758
Lung_Dx-G0046,1,0.4979705810546875,0.5020294189453125
Lung_Dx-G0046,1,0.041969768702983856,0.9580301642417908
Lung_Dx-G0046,1,0.18191629648208618,0.8180837035179138
Lung_Dx-G0046,1,0.17356818914413452,0.8264318704605103
Lung_Dx-G0046,1,0.29269638657569885,0.7073035836219788
Lung_Dx-G0046,1,0.08079154044389725,0.9192084670066833
Lung_Dx-G0046,1,0.4945070445537567,0.5054929256439209
Lung_Dx-G0046,1,0.15418486297130585,0.8458150625228882
Lung_Dx-G0046,1,0.24319279193878174,0.7568071484565735
Lung_Dx-G0046,1,0.15902139246463776,0.8409785628318787
Lung_Dx-G0046,1,0.006168994586914778,0.9938309192657471
Lung_Dx-G0046,1,0.06916356831789017,0.9308364987373352
Lung_Dx-G0046,1,0.026180503889918327,0.9738195538520813
Lung_Dx-G0046,1,0.13398076593875885,0.8660192489624023
Lung_Dx-G0046,1,0.03524432331323624,0.9647555947303772
Lung_Dx-G0046,1,0.03283695504069328,0.9671630263328552
Lung_Dx-G0046,1,0.013942277990281582,0.986057698726654
Lung_Dx-G0046,1,0.04894861951470375,0.9510514140129089
Lung_Dx-G0046,1,0.019512545317411423,0.9804874062538147
Lung_Dx-G0046,1,0.008813166059553623,0.991186797618866
Lung_Dx-G0046,1,0.14015962183475494,0.8598403930664062
Lung_Dx-G0046,1,0.02380266599357128,0.9761973023414612
Lung_Dx-G0046,1,0.07606381177902222,0.9239361882209778
Lung_Dx-G0046,1,0.032961245626211166,0.9670388102531433
Lung_Dx-G0046,1,0.06853749603033066,0.9314625263214111
Lung_Dx-G0046,1,0.01822929084300995,0.9817706942558289
Lung_Dx-G0046,1,0.03618597984313965,0.9638139605522156
Lung_Dx-G0046,1,0.034979648888111115,0.9650202989578247
Lung_Dx-G0046,1,0.03825005888938904,0.9617499113082886
Lung_Dx-G0046,1,0.04153996706008911,0.9584600329399109
Lung_Dx-G0046,1,0.10030434280633926,0.8996956944465637
Lung_Dx-G0046,1,0.04698663949966431,0.9530133008956909
Lung_Dx-G0046,1,0.020567096769809723,0.9794329404830933
Lung_Dx-G0046,1,0.030733926221728325,0.9692660570144653
Lung_Dx-G0046,1,0.02239282988011837,0.9776071906089783
Lung_Dx-G0046,1,0.04296246916055679,0.9570375084877014
Lung_Dx-G0046,1,0.0833665132522583,0.9166334867477417
Lung_Dx-G0046,1,0.03531079366803169,0.9646891355514526
Lung_Dx-G0046,1,0.008429286070168018,0.9915707111358643
Lung_Dx-G0046,1,0.13626320660114288,0.8637367486953735
Lung_Dx-G0046,1,0.04963507130742073,0.9503649473190308
Lung_Dx-G0046,1,0.06273176521062851,0.9372682571411133
Lung_Dx-G0046,1,0.05992140620946884,0.940078616142273
Lung_Dx-G0046,1,0.04863136634230614,0.9513686299324036
Lung_Dx-G0055,1,0.8842893242835999,0.11571066826581955
Lung_Dx-G0055,1,0.619269847869873,0.38073018193244934
Lung_Dx-G0055,1,0.38139235973358154,0.6186076402664185
Lung_Dx-G0055,1,0.21887800097465515,0.7811219692230225
Lung_Dx-G0055,1,0.4728964865207672,0.5271035432815552
Lung_Dx-G0055,1,0.5043638944625854,0.49563610553741455
Lung_Dx-G0055,1,0.8679338097572327,0.13206614553928375
Lung_Dx-G0055,1,0.29982221126556396,0.700177788734436
Lung_Dx-G0055,1,0.4890459477901459,0.5109540224075317
Lung_Dx-G0055,1,0.8192435503005981,0.18075650930404663
Lung_Dx-G0055,1,0.8742920160293579,0.1257079541683197
Lung_Dx-G0055,1,0.6520475745201111,0.3479524552822113
Lung_Dx-G0055,1,0.7379615306854248,0.2620384693145752
Lung_Dx-G0055,1,0.9506864547729492,0.04931360483169556
Lung_Dx-G0055,1,0.8729442954063416,0.12705571949481964
Lung_Dx-G0055,1,0.952530026435852,0.047470010817050934
Lung_Dx-G0055,1,0.9826908707618713,0.017309095710515976
Lung_Dx-G0055,1,0.9919223785400391,0.00807762611657381
Lung_Dx-G0055,1,0.9924227595329285,0.007577240467071533
Lung_Dx-G0055,1,0.9895715713500977,0.01042845007032156
Lung_Dx-G0055,1,0.9916519522666931,0.008348054252564907
Lung_Dx-G0055,1,0.9537081718444824,0.046291906386613846
Lung_Dx-G0055,1,0.9668827652931213,0.033117230981588364
Lung_Dx-G0055,1,0.7041347026824951,0.2958652973175049
Lung_Dx-G0055,1,0.6633146405220032,0.3366853594779968
Lung_Dx-G0055,1,0.9604353904724121,0.039564553648233414
Lung_Dx-G0055,1,0.7899232506752014,0.21007676422595978
Lung_Dx-G0055,1,0.2739141881465912,0.7260858416557312
Lung_Dx-G0055,1,0.940078616142273,0.05992140620946884
Lung_Dx-G0055,1,0.9879229664802551,0.012077060528099537
Lung_Dx-G0055,1,0.9981720447540283,0.0018279430223628879
Lung_Dx-G0055,1,0.9946046471595764,0.005395408719778061
Lung_Dx-G0055,1,0.9942697286605835,0.005730246659368277
Lung_Dx-G0055,1,0.9975892305374146,0.0024107815697789192
Lung_Dx-G0055,1,0.9974290728569031,0.0025708680041134357
Lung_Dx-G0055,1,0.9898892045021057,0.010110844857990742
Lung_Dx-G0055,1,0.9976722598075867,0.0023276936262845993
Lung_Dx-G0055,1,0.9876042604446411,0.012395733967423439
Lung_Dx-G0055,1,0.9806734323501587,0.01932658813893795
Lung_Dx-G0055,1,0.963949978351593,0.036049991846084595
Lung_Dx-G0055,1,0.9858140349388123,0.014186018146574497
Lung_Dx-G0055,1,0.9773275852203369,0.022672437131404877
Lung_Dx-G0055,1,0.9958499670028687,0.00415008096024394
Lung_Dx-G0055,1,0.9911527037620544,0.008847354911267757
Lung_Dx-G0055,1,0.9805060625076294,0.019493870437145233
Lung_Dx-A0166,0,0.9903290271759033,0.009670993313193321
Lung_Dx-A0166,0,0.9291195869445801,0.07088049501180649
Lung_Dx-A0166,0,0.9974039196968079,0.002596031641587615
Lung_Dx-A0166,0,0.9726754426956177,0.027324529364705086
Lung_Dx-A0166,0,0.9996287822723389,0.00037118542240932584
Lung_Dx-A0166,0,0.8629879355430603,0.1370120346546173
Lung_Dx-A0166,0,0.6526289582252502,0.34737104177474976
Lung_Dx-A0166,0,0.622459352016449,0.3775406777858734
Lung_Dx-A0166,0,0.9862311482429504,0.0137688172981143
Lung_Dx-A0166,0,0.8653379082679749,0.13466207683086395
Lung_Dx-A0166,0,0.45734119415283203,0.5426587462425232
Lung_Dx-A0166,0,0.9978718757629395,0.002128110034391284
Lung_Dx-A0166,0,0.9056565761566162,0.0943434089422226
Lung_Dx-A0166,0,0.9915052056312561,0.008494837209582329
Lung_Dx-A0166,0,0.9194257855415344,0.08057423681020737
Lung_Dx-A0166,0,0.9495291709899902,0.050470851361751556
Lung_Dx-A0166,0,0.5738276839256287,0.4261723458766937
Lung_Dx-A0166,0,0.861363410949707,0.13863661885261536
Lung_Dx-A0166,0,0.9656089544296265,0.03439110517501831
Lung_Dx-A0166,0,0.9817532300949097,0.01824677549302578
Lung_Dx-A0166,0,0.9999450445175171,5.497408710652962e-05
Lung_Dx-A0167,0,0.9889278411865234,0.011072160676121712
Lung_Dx-A0167,0,0.9996849298477173,0.0003150386910419911
Lung_Dx-A0167,0,0.9994069337844849,0.000593020988162607
Lung_Dx-A0167,0,0.9984207153320312,0.0015792594058439136
Lung_Dx-A0167,0,0.9991735816001892,0.0008263575728051364
Lung_Dx-A0167,0,0.9998840093612671,0.00011591934162424877
Lung_Dx-A0167,0,0.9999397993087769,6.014151585986838e-05
Lung_Dx-A0167,0,0.9999639987945557,3.605356687330641e-05
Lung_Dx-A0167,0,0.9999568462371826,4.315016121836379e-05
Lung_Dx-A0167,0,0.9998371601104736,0.00016282752039842308
Lung_Dx-A0167,0,0.9999866485595703,1.3315579053596593e-05
Lung_Dx-A0167,0,0.999974250793457,2.576658698671963e-05
Lung_Dx-A0167,0,0.9999901056289673,9.895332368614618e-06
Lung_Dx-A0167,0,0.9999961853027344,3.7853246794838924e-06
Lung_Dx-A0167,0,0.9999730587005615,2.6897843781625852e-05
Lung_Dx-A0167,0,0.9999634027481079,3.6621306207962334e-05
Lung_Dx-A0167,0,0.9999983310699463,1.6666597275616368e-06
Lung_Dx-A0167,0,0.9999527931213379,4.720623110188171e-05
Lung_Dx-A0167,0,0.9999970197677612,3.006161250596051e-06
Lung_Dx-A0167,0,0.999996542930603,3.419757376832422e-06
Lung_Dx-A0167,0,0.9999994039535522,6.179393494676333e-07
Lung_Dx-A0167,0,0.9999951124191284,4.9369896260031965e-06
Lung_Dx-A0167,0,0.9999723434448242,2.7643460271065123e-05
Lung_Dx-A0167,0,0.9999926090240479,7.411280421365518e-06
Lung_Dx-A0167,0,0.9999891519546509,1.086788597604027e-05
Lung_Dx-A0167,0,0.9999257326126099,7.426381489494815e-05
Lung_Dx-A0167,0,0.9999951124191284,4.898568931821501e-06
Lung_Dx-A0167,0,0.9999899864196777,1.0011975064116996e-05
Lung_Dx-A0167,0,0.9999167919158936,8.317078754771501e-05
Lung_Dx-A0167,0,0.9999737739562988,2.6172339858021587e-05
Lung_Dx-A0167,0,0.9998427629470825,0.00015720343799330294
Lung_Dx-A0167,0,0.9999310970306396,6.895198748679832e-05
Lung_Dx-A0167,0,0.9998902082443237,0.00010975090117426589
Lung_Dx-A0167,0,0.9995978474617004,0.0004021193308290094
Lung_Dx-A0167,0,0.997654139995575,0.0023459075018763542
Lung_Dx-A0167,0,0.9994493126869202,0.000550624739844352
Lung_Dx-A0167,0,0.9997584223747253,0.00024156630388461053
Lung_Dx-A0167,0,0.9994460940361023,0.0005538587574847043
Lung_Dx-A0167,0,0.9996849298477173,0.0003150386910419911
Lung_Dx-A0167,0,0.9998020529747009,0.00019794097170233727
Lung_Dx-A0167,0,0.999160647392273,0.0008393599418923259
Lung_Dx-A0167,0,0.9987331032752991,0.0012668906711041927
Lung_Dx-A0167,0,0.9984207153320312,0.0015792594058439136
Lung_Dx-A0167,0,0.9996941089630127,0.0003059457230847329
Lung_Dx-A0167,0,0.9966885447502136,0.0033115192782133818
Lung_Dx-A0167,0,0.9887771010398865,0.011222866363823414
Lung_Dx-A0167,0,0.9962126016616821,0.003787457710132003
Lung_Dx-A0167,0,0.9996259212493896,0.00037409563083201647
Lung_Dx-A0167,0,0.9916195869445801,0.008380454033613205
Lung_Dx-A0167,0,0.988244891166687,0.011755132116377354
Lung_Dx-A0167,0,0.9993448853492737,0.0006550929392687976
Lung_Dx-A0167,0,0.9992720484733582,0.0007279067649506032
Lung_Dx-A0167,0,0.999024510383606,0.0009754452621564269
Lung_Dx-A0167,0,0.9997859597206116,0.00021402176935225725
Lung_Dx-A0167,0,0.9999110698699951,8.888084994396195e-05
Lung_Dx-A0167,0,0.9993410706520081,0.0006589401164092124
Lung_Dx-A0167,0,0.9998756647109985,0.000124362253700383
Lung_Dx-A0167,0,0.9999568462371826,4.315016121836379e-05
Lung_Dx-A0167,0,0.9999206066131592,7.936241308925673e-05
Lung_Dx-A0167,0,0.9998445510864258,0.0001553722540847957
Lung_Dx-A0167,0,0.9997010827064514,0.0002988606283906847
Lung_Dx-A0167,0,0.998121440410614,0.0018785203574225307
Lung_Dx-A0167,0,0.9995971322059631,0.00040290519245900214
Lung_Dx-A0167,0,0.9996626377105713,0.00033732017618604004
Lung_Dx-A0167,0,0.9995073080062866,0.0004926423425786197
Lung_Dx-A0167,0,0.999887228012085,0.00011279297177679837
Lung_Dx-A0167,0,0.9999313354492188,6.868318450869992e-05
Lung_Dx-A0167,0,0.9993500113487244,0.0006499982555396855
Lung_Dx-A0170,0,0.9913390278816223,0.008660931140184402
Lung_Dx-A0170,0,0.0030873692594468594,0.9969125986099243
Lung_Dx-A0170,0,0.9099069833755493,0.09009299427270889
Lung_Dx-A0170,0,0.054701510816812515,0.9452984929084778
Lung_Dx-A0170,0,0.7242856025695801,0.2757143974304199
Lung_Dx-A0170,0,0.6968874335289001,0.30311259627342224
Lung_Dx-A0170,0,0.7387162446975708,0.261283814907074
Lung_Dx-A0170,0,0.720220685005188,0.279779314994812
Lung_Dx-A0170,0,0.4812023937702179,0.5187975764274597
Lung_Dx-A0170,0,0.6830496191978455,0.31695038080215454
Lung_Dx-A0170,0,0.7637922167778015,0.2362077832221985
Lung_Dx-A0170,0,0.897784948348999,0.10221505910158157
Lung_Dx-A0170,0,0.8303191661834717,0.1696808785200119
Lung_Dx-A0170,0,0.9029524326324463,0.09704755991697311
Lung_Dx-A0170,0,0.7936662435531616,0.20633375644683838
Lung_Dx-A0170,0,0.8334601521492004,0.16653980314731598
Lung_Dx-A0170,0,0.5762439370155334,0.42375609278678894
Lung_Dx-A0170,0,0.06638737767934799,0.933612585067749
Lung_Dx-A0170,0,0.19767668843269348,0.8023233413696289
Lung_Dx-A0170,0,0.7871959209442139,0.21280403435230255
Lung_Dx-A0170,0,0.9200026392936707,0.07999736815690994
Lung_Dx-A0170,0,0.02025469020009041,0.9797453284263611
Lung_Dx-A0170,0,0.34726038575172424,0.6527396440505981
Lung_Dx-A0170,0,0.8033281564712524,0.19667187333106995
Lung_Dx-A0170,0,0.9193534255027771,0.08064661920070648
Lung_Dx-A0170,0,0.07857164740562439,0.9214283227920532
Lung_Dx-A0170,0,0.29528072476387024,0.7047192454338074
Lung_Dx-A0170,0,0.1350608617067337,0.8649391531944275
Lung_Dx-A0170,0,0.11853806674480438,0.8814619183540344
Lung_Dx-A0170,0,0.15247340500354767,0.8475266098976135
Lung_Dx-A0170,0,0.9329437017440796,0.06705628335475922
Lung_Dx-A0170,0,0.9858275651931763,0.014172364957630634
Lung_Dx-A0170,0,0.9851003289222717,0.014899643138051033
Lung_Dx-A0170,0,0.9943581223487854,0.005641908850520849
Lung_Dx-A0170,0,0.9795114994049072,0.0204885546118021
Lung_Dx-A0170,0,0.9903849363327026,0.009615035727620125
Lung_Dx-A0170,0,0.9634031057357788,0.03659692034125328
Lung_Dx-A0170,0,0.9793738126754761,0.020626194775104523
Lung_Dx-A0170,0,0.9757161140441895,0.024283867329359055
Lung_Dx-A0170,0,0.9735944867134094,0.026405518874526024
Lung_Dx-A0170,0,0.9730108976364136,0.026989132165908813
Lung_Dx-A0170,0,0.9460510015487671,0.05394897609949112
Lung_Dx-A0170,0,0.8773192167282104,0.12268078327178955
Lung_Dx-A0170,0,0.9046926498413086,0.0953073501586914
Lung_Dx-A0170,0,0.49845126271247864,0.5015487670898438
Lung_Dx-A0170,0,0.44016844034194946,0.5598315596580505
Lung_Dx-A0170,0,0.8499089479446411,0.15009109675884247
Lung_Dx-A0170,0,0.6760854721069336,0.3239145278930664
Lung_Dx-A0170,0,0.8169911503791809,0.1830088496208191
Lung_Dx-A0170,0,0.8991213440895081,0.10087861120700836
Lung_Dx-A0170,0,0.31457674503326416,0.6854233145713806
Lung_Dx-A0170,0,0.7718434929847717,0.22815649211406708
Lung_Dx-A0170,0,0.2859199643135071,0.7140800356864929
Lung_Dx-A0170,0,0.6864751577377319,0.31352484226226807
Lung_Dx-A0170,0,0.20529620349407196,0.7947037816047668
Lung_Dx-A0170,0,0.6326729655265808,0.3673270046710968
Lung_Dx-A0170,0,0.6211388111114502,0.3788611888885498
Lung_Dx-A0170,0,0.18742996454238892,0.8125700354576111
Lung_Dx-A0170,0,0.13050690293312073,0.8694931268692017
Lung_Dx-A0170,0,0.045905422419309616,0.954094648361206
Lung_Dx-A0170,0,0.5861379504203796,0.413862019777298
Lung_Dx-A0170,0,0.018369639292359352,0.9816303849220276
Lung_Dx-A0170,0,0.04324442148208618,0.9567555785179138
Lung_Dx-A0170,0,0.41985607147216797,0.5801438689231873
Lung_Dx-A0170,0,0.044514428824186325,0.9554855227470398
Lung_Dx-A0170,0,0.0792103260755539,0.9207897186279297
Lung_Dx-A0170,0,0.07906799018383026,0.9209320545196533
Lung_Dx-A0170,0,0.008267596364021301,0.9917323589324951
Lung_Dx-A0170,0,0.003531206864863634,0.9964687824249268
Lung_Dx-A0170,0,0.01805533654987812,0.9819446802139282
Lung_Dx-A0170,0,0.0071352520026266575,0.992864727973938
Lung_Dx-A0170,0,0.050752390176057816,0.9492475390434265
Lung_Dx-A0170,0,0.010902373120188713,0.9890975952148438
Lung_Dx-A0183,0,0.9800530076026917,0.019946934655308723
Lung_Dx-A0183,0,0.9781146049499512,0.021885454654693604
Lung_Dx-A0183,0,0.9463988542556763,0.05360114574432373
Lung_Dx-A0183,0,0.9743616580963135,0.02563829906284809
Lung_Dx-A0183,0,0.9628131985664368,0.03718677535653114
Lung_Dx-A0183,0,0.9284736514091492,0.07152631133794785
Lung_Dx-A0183,0,0.7279754281044006,0.27202457189559937
Lung_Dx-A0183,0,0.27125170826911926,0.7287483215332031
Lung_Dx-A0183,0,0.8686040639877319,0.13139598071575165
Lung_Dx-A0183,0,0.8706522583961487,0.12934772670269012
Lung_Dx-A0183,0,0.7224780321121216,0.27752193808555603
Lung_Dx-A0183,0,0.7221353054046631,0.2778647243976593
Lung_Dx-A0183,0,0.699716329574585,0.3002837002277374
Lung_Dx-A0183,0,0.7742421627044678,0.22575780749320984
Lung_Dx-A0183,0,0.8352821469306946,0.1647179126739502
Lung_Dx-A0183,0,0.8035594820976257,0.19644053280353546
Lung_Dx-A0183,0,0.7012529373168945,0.2987470328807831
Lung_Dx-A0183,0,0.35409796237945557,0.6459020972251892
Lung_Dx-A0183,0,0.4827834367752075,0.5172165632247925
Lung_Dx-A0183,0,0.05587463453412056,0.9441254138946533
Lung_Dx-A0183,0,0.08525122702121735,0.9147487282752991
Lung_Dx-A0183,0,0.0031974867451936007,0.9968024492263794
Lung_Dx-A0183,0,0.04720576852560043,0.9527941942214966
Lung_Dx-A0183,0,0.007066401187330484,0.9929336309432983
Lung_Dx-A0183,0,0.008461998775601387,0.9915380477905273
Lung_Dx-A0183,0,0.1647179126739502,0.8352821469306946
Lung_Dx-A0183,0,0.03649376705288887,0.9635062217712402
Lung_Dx-A0183,0,0.07935290038585663,0.920647144317627
Lung_Dx-A0183,0,0.17902764678001404,0.8209723830223083
Lung_Dx-A0183,0,0.11772419512271881,0.8822758197784424
Lung_Dx-A0183,0,0.0645354762673378,0.9354645609855652
Lung_Dx-A0183,0,0.026708463206887245,0.9732915163040161
Lung_Dx-A0183,0,0.23213601112365723,0.767863929271698
Lung_Dx-A0183,0,0.9654138088226318,0.03458621725440025
Lung_Dx-A0183,0,0.8771088719367981,0.12289116531610489
Lung_Dx-A0183,0,0.8233994245529175,0.1766005903482437
Lung_Dx-A0183,0,0.890198826789856,0.10980119556188583
Lung_Dx-A0183,0,0.8617710471153259,0.13822896778583527
Lung_Dx-A0183,0,0.7949426770210266,0.2050573229789734
Lung_Dx-A0183,0,0.7453057169914246,0.25469428300857544
Lung_Dx-A0183,0,0.9720985889434814,0.02790137566626072
Lung_Dx-A0183,0,0.9868786931037903,0.013121270574629307
Lung_Dx-A0183,0,0.9405717849731445,0.05942821875214577
Lung_Dx-A0183,0,0.981788158416748,0.018211819231510162
Lung_Dx-A0183,0,0.9937466382980347,0.006253384985029697
Lung_Dx-A0183,0,0.9979690909385681,0.0020308548118919134
Lung_Dx-A0183,0,0.9912885427474976,0.008711383678019047
Lung_Dx-A0183,0,0.9984752535820007,0.001524786464869976
Lung_Dx-A0183,0,0.9985814094543457,0.001418634899891913
Lung_Dx-A0183,0,0.9983354210853577,0.0016646332805976272
Lung_Dx-A0183,0,0.9988553524017334,0.0011446805438026786
Lung_Dx-A0190,0,0.9870045781135559,0.012995414435863495
Lung_Dx-A0190,0,0.9985951781272888,0.0014048678567633033
Lung_Dx-A0190,0,0.9888203740119934,0.011179601773619652
Lung_Dx-A0190,0,0.9971272349357605,0.0028727480676025152
Lung_Dx-A0190,0,0.9585376977920532,0.04146227240562439
Lung_Dx-A0190,0,0.986954391002655,0.013045614585280418
Lung_Dx-A0190,0,0.9794329404830933,0.020567096769809723
Lung_Dx-A0190,0,0.9908213019371033,0.009178773500025272
Lung_Dx-A0190,0,0.9963143467903137,0.0036856739316135645
Lung_Dx-A0190,0,0.8059378266334534,0.19406215846538544
Lung_Dx-A0190,0,0.9260365962982178,0.07396337389945984
Lung_Dx-A0190,0,0.902265727519989,0.09773432463407516
Lung_Dx-A0190,0,0.6492451429367065,0.35075491666793823
Lung_Dx-A0190,0,0.9601748585700989,0.039825133979320526
Lung_Dx-A0190,0,0.5578453540802002,0.4421547055244446
Lung_Dx-A0190,0,0.3555510938167572,0.6444488763809204
Lung_Dx-A0190,0,0.9600251913070679,0.039974771440029144
Lung_Dx-A0190,0,0.889720618724823,0.11027936637401581
Lung_Dx-A0190,0,0.9885804057121277,0.01141961570829153
Lung_Dx-A0190,0,0.9920157194137573,0.007984270341694355
Lung_Dx-A0190,0,0.9887554049491882,0.011244560591876507
Lung_Dx-A0190,0,0.9973165392875671,0.002683439524844289
Lung_Dx-A0190,0,0.9078037738800049,0.09219619631767273
Lung_Dx-A0190,0,0.4916999638080597,0.5083000063896179
Lung_Dx-A0190,0,0.6746938228607178,0.3253061771392822
Lung_Dx-A0190,0,0.9147487282752991,0.08525122702121735
Lung_Dx-A0190,0,0.9974090456962585,0.002590979216620326
Lung_Dx-A0191,0,0.937210738658905,0.0627892017364502
Lung_Dx-A0191,0,0.9280183911323547,0.07198163121938705
Lung_Dx-A0191,0,0.934155285358429,0.06584470719099045
Lung_Dx-A0191,0,0.9037198424339294,0.09628009796142578
Lung_Dx-A0191,0,0.9467446208000183,0.05325542762875557
Lung_Dx-A0191,0,0.9152045845985413,0.08479540795087814
Lung_Dx-A0191,0,0.9286680221557617,0.07133200019598007
Lung_Dx-A0191,0,0.9697853922843933,0.030214589089155197
Lung_Dx-A0191,0,0.9698712229728699,0.03012886270880699
Lung_Dx-A0191,0,0.9289907217025757,0.07100921869277954
Lung_Dx-A0191,0,0.7637481689453125,0.2362518012523651
Lung_Dx-A0191,0,0.7140302062034607,0.2859697937965393
Lung_Dx-A0191,0,0.9619649052619934,0.03803509473800659
Lung_Dx-A0191,0,0.9743616580963135,0.02563829906284809
Lung_Dx-A0191,0,0.9381806254386902,0.061819322407245636
Lung_Dx-A0191,0,0.9788949489593506,0.021105006337165833
Lung_Dx-A0191,0,0.9717521667480469,0.028247779235243797
Lung_Dx-A0191,0,0.9889278411865234,0.011072160676121712
Lung_Dx-A0191,0,0.9979372024536133,0.0020627700723707676
Lung_Dx-A0191,0,0.9989308714866638,0.001069126301445067
Lung_Dx-A0191,0,0.994594156742096,0.005405900068581104
Lung_Dx-A0191,0,0.9892648458480835,0.01073516346514225
Lung_Dx-A0191,0,0.9810583591461182,0.018941707909107208
Lung_Dx-A0197,0,0.9909971952438354,0.009002837352454662
Lung_Dx-A0197,0,0.9802431464195251,0.019756920635700226
Lung_Dx-A0197,0,0.9976310729980469,0.0023688741493970156
Lung_Dx-A0197,0,0.9933846592903137,0.006615392863750458
Lung_Dx-A0197,0,0.9730108976364136,0.026989132165908813
Lung_Dx-A0197,0,0.9931228756904602,0.0068771070800721645
Lung_Dx-A0197,0,0.9876281023025513,0.012371846474707127
Lung_Dx-A0197,0,0.9977349042892456,0.002265050308778882
Lung_Dx-A0197,0,0.9938668608665466,0.0061331759206950665
Lung_Dx-A0197,0,0.9969722032546997,0.0030278353951871395
Lung_Dx-A0197,0,0.9988904595375061,0.0011095014633610845
Lung_Dx-A0197,0,0.9981324076652527,0.0018675659084692597
Lung_Dx-A0197,0,0.9972796440124512,0.0027202784549444914
Lung_Dx-A0197,0,0.9984602928161621,0.0015397268580272794
Lung_Dx-A0197,0,0.9975985884666443,0.0024014052469283342
Lung_Dx-A0197,0,0.9991424083709717,0.0008575725369155407
Lung_Dx-A0197,0,0.9984869956970215,0.0015129382954910398
Lung_Dx-A0197,0,0.9997555613517761,0.00024441309506073594
Lung_Dx-A0197,0,0.9997555613517761,0.00024441309506073594
Lung_Dx-A0197,0,0.9994138479232788,0.0005861161043867469
Lung_Dx-A0197,0,0.9993650317192078,0.0006349506438709795
Lung_Dx-A0197,0,0.9996316432952881,0.00036829791497439146
Lung_Dx-A0197,0,0.9971550703048706,0.0028449094388633966
Lung_Dx-A0197,0,0.9996718168258667,0.00032822455978021026
Lung_Dx-A0197,0,0.9993638396263123,0.0006361911655403674
Lung_Dx-A0197,0,0.9992371797561646,0.0007628130842931569
Lung_Dx-A0197,0,0.998553454875946,0.0014465744607150555
Lung_Dx-A0197,0,0.9992903470993042,0.0007096704212017357
Lung_Dx-A0197,0,0.9994407296180725,0.0005592909874394536
Lung_Dx-A0197,0,0.9989738464355469,0.001026206649839878
Lung_Dx-A0197,0,0.9977568984031677,0.0022430878598243
Lung_Dx-A0197,0,0.9958821535110474,0.004117917735129595
Lung_Dx-A0197,0,0.9980770349502563,0.0019229825120419264
Lung_Dx-A0197,0,0.9970130920410156,0.0029868432320654392
Lung_Dx-A0197,0,0.998380184173584,0.001619805465452373
Lung_Dx-A0197,0,0.9952540397644043,0.0047459653578698635
Lung_Dx-A0197,0,0.9894499182701111,0.010550080798566341
Lung_Dx-A0197,0,0.995309054851532,0.00469093257561326
Lung_Dx-A0197,0,0.9971550703048706,0.0028449094388633966
Lung_Dx-A0197,0,0.9981862902641296,0.001813743612729013
Lung_Dx-A0197,0,0.9936979413032532,0.0063021220266819
Lung_Dx-A0197,0,0.9971606731414795,0.002839374355971813
Lung_Dx-A0197,0,0.9975177049636841,0.0024822766426950693
Lung_Dx-A0197,0,0.9996711015701294,0.0003288659790996462
Lung_Dx-A0197,0,0.9996287822723389,0.00037118542240932584
Lung_Dx-A0197,0,0.9998286962509155,0.0001713081874186173
Lung_Dx-A0197,0,0.9987356066703796,0.0012644219677895308
Lung_Dx-A0197,0,0.99903404712677,0.0009659749339334667
Lung_Dx-A0197,0,0.9711017608642578,0.028898300603032112
Lung_Dx-A0197,0,0.9529695510864258,0.047030385583639145
Lung_Dx-A0197,0,0.9766023755073547,0.023397620767354965
Lung_Dx-A0203,0,0.8682134747505188,0.13178656995296478
Lung_Dx-A0203,0,0.9985590577125549,0.0014409428695216775
Lung_Dx-A0203,0,0.7534213066101074,0.24657870829105377
Lung_Dx-A0203,0,0.9808576107025146,0.019142363220453262
Lung_Dx-A0203,0,0.982355535030365,0.01764446310698986
Lung_Dx-A0203,0,0.9919223785400391,0.00807762611657381
Lung_Dx-A0203,0,0.9906056523323059,0.009394396096467972
Lung_Dx-A0203,0,0.9428234100341797,0.05717659369111061
Lung_Dx-A0203,0,0.9986955523490906,0.00130450667347759
Lung_Dx-A0203,0,0.9973785877227783,0.0026214411482214928
Lung_Dx-A0203,0,0.9867772459983826,0.013222822919487953
Lung_Dx-A0203,0,0.9818056225776672,0.018194368109107018
Lung_Dx-A0203,0,0.9990014433860779,0.0009985541692003608
Lung_Dx-A0203,0,0.9973580241203308,0.0026419467758387327
Lung_Dx-A0203,0,0.9986672401428223,0.0013327986234799027
Lung_Dx-A0203,0,0.9970478415489197,0.002952147973701358
Lung_Dx-A0203,0,0.99945467710495,0.0005452766199596226
Lung_Dx-A0203,0,0.995309054851532,0.00469093257561326
Lung_Dx-A0203,0,0.9985221028327942,0.0014779429184272885
Lung_Dx-A0203,0,0.9692951440811157,0.030704854056239128
Lung_Dx-A0203,0,0.9274948239326477,0.07250525802373886
Lung_Dx-A0203,0,0.6009497046470642,0.3990502655506134
Lung_Dx-A0203,0,0.9472348093986511,0.05276518687605858
Lung_Dx-A0203,0,0.9020501375198364,0.09794981777667999
Lung_Dx-A0203,0,0.9987257122993469,0.0012743263505399227
Lung_Dx-A0203,0,0.9994493126869202,0.000550624739844352
Lung_Dx-A0203,0,0.887546181678772,0.11245380342006683
Lung_Dx-A0203,0,0.9833109378814697,0.016689060255885124
Lung_Dx-A0203,0,0.8916696906089783,0.1083303764462471
Lung_Dx-A0203,0,0.9975321292877197,0.002467810409143567
Lung_Dx-A0203,0,0.9987207055091858,0.0012793075293302536
Lung_Dx-A0203,0,0.44433870911598206,0.5556612610816956
Lung_Dx-A0203,0,0.873160719871521,0.12683923542499542
Lung_Dx-A0203,0,0.793586254119873,0.20641371607780457
Lung_Dx-A0203,0,0.8892406225204468,0.11075937747955322
Lung_Dx-A0203,0,0.8965234756469727,0.10347652435302734
Lung_Dx-A0203,0,0.8339340686798096,0.16606591641902924
Lung_Dx-A0203,0,0.8198211789131165,0.18017879128456116
Lung_Dx-A0203,0,0.8719663023948669,0.12803372740745544
Lung_Dx-A0203,0,0.5703911185264587,0.4296088218688965
Lung_Dx-A0203,0,0.7387162446975708,0.261283814907074
Lung_Dx-A0203,0,0.9700418710708618,0.02995811589062214
Lung_Dx-A0203,0,0.9583432078361511,0.04165676608681679
Lung_Dx-A0203,0,0.9985590577125549,0.0014409428695216775
Lung_Dx-A0203,0,0.9999845027923584,1.550676279293839e-05
Lung_Dx-A0203,0,0.9986006617546082,0.0013993984321132302
Lung_Dx-A0203,0,0.9932811260223389,0.006718870252370834
Lung_Dx-A0203,0,0.9593832492828369,0.040616780519485474
Lung_Dx-A0203,0,0.9900828003883362,0.009917222894728184
Lung_Dx-A0203,0,0.7572562098503113,0.24274376034736633
Lung_Dx-A0203,0,0.9857729077339172,0.014227045699954033
Lung_Dx-A0203,0,0.9991100430488586,0.0008899655076675117
Lung_Dx-A0203,0,0.9992875456809998,0.0007124459370970726
Lung_Dx-A0203,0,0.9991340041160583,0.0008659809827804565
Lung_Dx-A0203,0,0.999985933303833,1.4064044080441818e-05
Lung_Dx-A0203,0,0.9800149202346802,0.019985152408480644
Lung_Dx-A0203,0,0.9665687084197998,0.033431366086006165
Lung_Dx-A0203,0,0.9181138277053833,0.08188609778881073
Lung_Dx-A0203,0,0.9707987308502197,0.029201293364167213
Lung_Dx-A0203,0,0.9852146506309509,0.014785408042371273
Lung_Dx-A0203,0,0.9930152893066406,0.006984649691730738
Lung_Dx-A0203,0,0.9238675236701965,0.07613248378038406
Lung_Dx-A0203,0,0.8354163765907288,0.16458357870578766
Lung_Dx-A0203,0,0.8116759657859802,0.188323974609375
Lung_Dx-A0204,0,0.9998595714569092,0.00014036924403626472
Lung_Dx-A0204,0,0.9998140931129456,0.00018595057190395892
Lung_Dx-A0204,0,0.9999326467514038,6.735481292707846e-05
Lung_Dx-A0204,0,0.9998313188552856,0.00016865275392774493
Lung_Dx-A0204,0,0.9999206066131592,7.936241308925673e-05
Lung_Dx-A0204,0,0.9998148083686829,0.00018522574100643396
Lung_Dx-A0204,0,0.9999632835388184,3.6764631659025326e-05
Lung_Dx-A0204,0,1.0,2.8172628674383304e-09
Lung_Dx-A0204,0,0.9999537467956543,4.629321847460233e-05
Lung_Dx-A0204,0,0.9999184608459473,8.156225521815941e-05
Lung_Dx-A0204,0,0.9906056523323059,0.009394396096467972
Lung_Dx-A0204,0,0.9999493360519409,5.0644717703107744e-05
Lung_Dx-A0204,0,0.998957633972168,0.0010423501953482628
Lung_Dx-A0204,0,0.9999083280563354,9.170197881758213e-05
Lung_Dx-A0204,0,0.9975417852401733,0.002458212897181511
Lung_Dx-A0204,0,0.9974689483642578,0.0025311114732176065
Lung_Dx-A0204,0,0.9999972581863403,2.78024504041241e-06
Lung_Dx-A0204,0,0.9999936819076538,6.364021828630939e-06
Lung_Dx-A0204,0,0.999972939491272,2.7003115974366665e-05
Lung_Dx-A0204,0,0.9918279647827148,0.008172065019607544
Lung_Dx-A0204,0,0.9940774440765381,0.005922556854784489
Lung_Dx-A0204,0,0.9955834746360779,0.0044165560975670815
Lung_Dx-A0204,0,0.9994766116142273,0.0005233756965026259
Lung_Dx-A0204,0,0.9858003854751587,0.014199681580066681
Lung_Dx-A0208,0,0.9996287822723389,0.00037118542240932584
Lung_Dx-A0208,0,0.9960004687309265,0.003999501001089811
Lung_Dx-A0208,0,0.9996892213821411,0.0003107621450908482
Lung_Dx-A0208,0,0.9963357448577881,0.003664220217615366
Lung_Dx-A0208,0,0.9991065859794617,0.000893445685505867
Lung_Dx-A0208,0,0.9934357404708862,0.0065642488189041615
Lung_Dx-A0208,0,0.9862577319145203,0.01374232117086649
Lung_Dx-A0208,0,0.9919535517692566,0.008046386763453484
Lung_Dx-A0208,0,0.9955489635467529,0.004451041109859943
Lung_Dx-A0208,0,0.997512936592102,0.0024871178902685642
Lung_Dx-A0208,0,0.9959927201271057,0.004007288720458746
Lung_Dx-A0208,0,0.9986775517463684,0.0013224404538050294
Lung_Dx-A0208,0,0.99871826171875,0.0012818054528906941
Lung_Dx-A0208,0,0.99871826171875,0.0012818054528906941
Lung_Dx-A0208,0,0.9933589100837708,0.006641112733632326
Lung_Dx-A0208,0,0.9970130920410156,0.0029868432320654392
Lung_Dx-A0208,0,0.9920002222061157,0.007999754510819912
Lung_Dx-A0208,0,0.9561454057693481,0.04385456442832947
Lung_Dx-A0238,0,0.1611221432685852,0.8388778567314148
Lung_Dx-A0238,0,0.4444931745529175,0.5555067658424377
Lung_Dx-A0238,0,0.5387557744979858,0.46124428510665894
Lung_Dx-A0238,0,0.789314866065979,0.21068507432937622
Lung_Dx-A0238,0,0.0697949230670929,0.9302051067352295
Lung_Dx-A0238,0,0.18922127783298492,0.8107787370681763
Lung_Dx-A0238,0,0.07396337389945984,0.9260365962982178
Lung_Dx-A0238,0,0.04312336817383766,0.9568765759468079
Lung_Dx-A0238,0,0.08434179425239563,0.915658175945282
Lung_Dx-A0238,0,0.5898123383522034,0.41018763184547424
Lung_Dx-A0238,0,0.3391159474849701,0.6608840823173523
Lung_Dx-A0238,0,0.08953417837619781,0.9104658365249634
Lung_Dx-A0238,0,0.015483987517654896,0.9845160245895386
Lung_Dx-A0238,0,0.13034076988697052,0.8696592450141907
Lung_Dx-A0238,0,0.011869121342897415,0.9881309270858765
Lung_Dx-A0238,0,0.0007180297980085015,0.9992819428443909
Lung_Dx-A0238,0,0.016029145568609238,0.9839708209037781
Lung_Dx-A0238,0,0.0026419467758387327,0.9973580241203308
Lung_Dx-A0238,0,0.006628239527344704,0.9933717250823975
Lung_Dx-A0238,0,0.031439851969480515,0.9685600996017456
Lung_Dx-A0238,0,0.000628784007858485,0.9993712306022644
Lung_Dx-A0238,0,0.004672730341553688,0.9953272342681885
Lung_Dx-A0238,0,0.00968971662223339,0.9903102517127991
Lung_Dx-A0238,0,0.0006771942134946585,0.999322772026062
Lung_Dx-A0238,0,0.052667658776044846,0.9473323225975037
Lung_Dx-A0238,0,0.03850233182311058,0.9614977240562439
Lung_Dx-A0238,0,0.10567109286785126,0.8943288922309875
Lung_Dx-A0238,0,0.024798160418868065,0.9752018451690674
Lung_Dx-A0238,0,0.744795560836792,0.2552044093608856
Lung_Dx-A0238,0,0.40506625175476074,0.5949337482452393
Lung_Dx-A0238,0,0.4759249985218048,0.5240749716758728
Lung_Dx-A0238,0,0.13735881447792053,0.8626412153244019
Lung_Dx-A0238,0,0.2620856761932373,0.7379142642021179
Lung_Dx-A0238,0,0.04531031847000122,0.9546896815299988
Lung_Dx-A0238,0,0.23828420042991638,0.7617157697677612
Lung_Dx-A0238,0,0.4904491603374481,0.5095508098602295
Lung_Dx-A0238,0,0.6681769490242004,0.33182305097579956
Lung_Dx-A0238,0,0.3724481463432312,0.6275518536567688
Lung_Dx-A0238,0,0.4057430326938629,0.5942569375038147
Lung_Dx-A0238,0,0.9518184065818787,0.04818153381347656
Lung_Dx-A0238,0,0.8063956499099731,0.19360436499118805
Lung_Dx-A0238,0,0.701201856136322,0.29879820346832275
Lung_Dx-A0238,0,0.8943750262260437,0.1056249588727951
Lung_Dx-A0238,0,0.6261813044548035,0.37381866574287415
Lung_Dx-A0238,0,0.9442282915115356,0.05577168986201286
Lung_Dx-A0238,0,0.9472348093986511,0.05276518687605858
Lung_Dx-A0238,0,0.7499122619628906,0.250087708234787
Lung_Dx-A0238,0,0.8307315111160278,0.16926851868629456
Lung_Dx-A0238,0,0.8775293231010437,0.12247073650360107
Lung_Dx-A0238,0,0.9204327464103699,0.07956718653440475
Lung_Dx-A0238,0,0.9336731433868408,0.06632687151432037
Lung_Dx-A0238,0,0.9469902515411377,0.053009770810604095
Lung_Dx-A0238,0,0.8814108967781067,0.11858910322189331
Lung_Dx-A0238,0,0.687839686870575,0.31216028332710266
Lung_Dx-A0238,0,0.6503562331199646,0.349643737077713
Lung_Dx-A0238,0,0.849846601486206,0.15015339851379395
Lung_Dx-A0238,0,0.9641530513763428,0.035846926271915436
Lung_Dx-A0238,0,0.9380673170089722,0.061932697892189026
Lung_Dx-A0238,0,0.8934024572372437,0.10659755766391754
Lung_Dx-A0238,0,0.7611836194992065,0.23881636559963226
Lung_Dx-A0238,0,0.5669328570365906,0.4330671429634094
Lung_Dx-A0238,0,0.7487658262252808,0.25123411417007446
Lung_Dx-A0238,0,0.9865199327468872,0.013480104506015778
Lung_Dx-A0238,0,0.9703524708747864,0.02964750863611698
Lung_Dx-A0238,0,0.9673178195953369,0.03268224000930786
Lung_Dx-A0238,0,0.26151949167251587,0.7384804487228394
Lung_Dx-A0238,0,0.13632068037986755,0.8636792898178101
Lung_Dx-A0238,0,0.01742575690150261,0.9825742840766907
Lung_Dx-A0238,0,0.2355477213859558,0.7644522786140442
Lung_Dx-A0238,0,0.3631950318813324,0.63680499792099
Lung_Dx-A0238,0,0.2194211184978485,0.7805788516998291
Lung_Dx-A0238,0,0.34240660071372986,0.6575934290885925
Lung_Dx-A0238,0,0.5605834722518921,0.4394165575504303
Lung_Dx-A0238,0,0.07075196504592896,0.929248034954071
Lung_Dx-A0241,0,0.9883352518081665,0.011664719320833683
Lung_Dx-A0241,0,0.9731132388114929,0.026886742562055588
Lung_Dx-A0241,0,0.9645892381668091,0.03541072458028793
Lung_Dx-A0241,0,0.9929060935974121,0.007093861699104309
Lung_Dx-A0241,0,0.9665370583534241,0.03346293419599533
Lung_Dx-A0241,0,0.969956636428833,0.03004336915910244
Lung_Dx-A0241,0,0.9703524708747864,0.02964750863611698
Lung_Dx-A0241,0,0.9996892213821411,0.0003107621450908482
Lung_Dx-A0241,0,0.9992819428443909,0.0007180297980085015
Lung_Dx-A0241,0,0.9990763664245605,0.0009235808975063264
Lung_Dx-A0241,0,0.9988642930984497,0.0011357826879248023
Lung_Dx-A0241,0,0.9991735816001892,0.0008263575728051364
Lung_Dx-A0241,0,0.9997884631156921,0.0002115288662025705
Lung_Dx-A0241,0,0.9994274377822876,0.0005725465598516166
Lung_Dx-A0241,0,0.9994621872901917,0.0005378764471970499
Lung_Dx-A0241,0,0.9997901320457458,0.0002098830882459879
Lung_Dx-A0241,0,0.9991975426673889,0.0008025182760320604
Lung_Dx-A0241,0,0.9989877343177795,0.0010122861713171005
Lung_Dx-A0241,0,0.9986646175384521,0.0013354007387533784
Lung_Dx-A0241,0,0.9998660087585449,0.0001339421287411824
Lung_Dx-A0241,0,0.9996458292007446,0.00035419364576227963
Lung_Dx-A0241,0,0.9991255402565002,0.0008744718506932259
Lung_Dx-A0241,0,0.9992819428443909,0.0007180297980085015
Lung_Dx-A0241,0,0.999220609664917,0.0007793661206960678
Lung_Dx-A0241,0,0.9973008036613464,0.0026991665363311768
Lung_Dx-A0241,0,0.9955489635467529,0.004451041109859943
Lung_Dx-A0241,0,0.9992504715919495,0.0007495314930565655
Lung_Dx-A0241,0,0.998542070388794,0.0014579035341739655
Lung_Dx-A0241,0,0.9988817572593689,0.0011181936133652925
Lung_Dx-A0241,0,0.9947697520256042,0.005230278242379427
Lung_Dx-A0241,0,0.9967396855354309,0.0032603461295366287
Lung_Dx-A0241,0,0.9982826709747314,0.0017173837404698133
Lung_Dx-A0241,0,0.9838316440582275,0.01616836152970791
Lung_Dx-A0241,0,0.9925537705421448,0.007446194067597389
Lung_Dx-A0241,0,0.9873506426811218,0.012649319134652615
Lung_Dx-A0241,0,0.9812927842140198,0.01870722882449627
Lung_Dx-A0241,0,0.9747971296310425,0.02520282194018364
Lung_Dx-A0241,0,0.9548583030700684,0.04514164477586746
Lung_Dx-A0241,0,0.7988152503967285,0.2011847198009491
Lung_Dx-A0241,0,0.9792352318763733,0.02076473832130432
Lung_Dx-A0241,0,0.9923785924911499,0.007621429860591888
Lung_Dx-A0241,0,0.9956685304641724,0.004331502132117748
Lung_Dx-A0241,0,0.9831013083457947,0.016898682340979576
Lung_Dx-A0241,0,0.9954791069030762,0.004520817194133997
Lung_Dx-A0241,0,0.9840169548988342,0.01598300412297249
Lung_Dx-A0241,0,0.9827074408531189,0.01729249209165573
Lung_Dx-A0241,0,0.995216965675354,0.004783010575920343
Lung_Dx-A0241,0,0.9801293015480042,0.019870713353157043
Lung_Dx-A0241,0,0.9859904050827026,0.01400956604629755
Lung_Dx-A0241,0,0.9870545864105225,0.012945407070219517
Lung_Dx-A0241,0,0.9984662532806396,0.0015337332151830196
Lung_Dx-A0241,0,0.9935243129730225,0.006475691217929125
Lung_Dx-A0241,0,0.9994252920150757,0.0005747861578129232
Lung_Dx-A0241,0,0.9992129802703857,0.0007870083791203797
Lung_Dx-A0241,0,0.9949001669883728,0.005099818110466003
Lung_Dx-A0241,0,0.8518295884132385,0.14817041158676147
Lung_Dx-A0241,0,0.9758315682411194,0.02416844479739666
Lung_Dx-A0241,0,0.6453713774681091,0.3546285927295685
Lung_Dx-A0241,0,0.5094898343086243,0.49051016569137573
Lung_Dx-A0241,0,0.8975157737731934,0.10248421877622604
Lung_Dx-A0241,0,0.9005298018455505,0.09947021305561066
Lung_Dx-A0241,0,0.8063193559646606,0.19368058443069458
Lung_Dx-A0241,0,0.9690031409263611,0.030996832996606827
Lung_Dx-A0241,0,0.9086989760398865,0.09130105376243591
Lung_Dx-A0241,0,0.9907498955726624,0.009250096045434475
Lung_Dx-A0241,0,0.9864678382873535,0.01353214867413044
Lung_Dx-A0241,0,0.9921689629554749,0.007831050083041191
Lung_Dx-A0243,0,0.970520555973053,0.029479406774044037
Lung_Dx-A0243,0,0.9816479682922363,0.01835203729569912
Lung_Dx-A0243,0,0.9848692417144775,0.015130728483200073
Lung_Dx-A0243,0,0.9711838364601135,0.02881619706749916
Lung_Dx-A0243,0,0.9677167534828186,0.03228325769305229
Lung_Dx-A0243,0,0.9736947417259216,0.02630528248846531
Lung_Dx-A0243,0,0.9868913292884827,0.0131086315959692
Lung_Dx-A0243,0,0.9785493016242981,0.02145073190331459
Lung_Dx-A0243,0,0.9868026375770569,0.013197362422943115
Lung_Dx-A0243,0,0.8709269165992737,0.12907303869724274
Lung_Dx-A0243,0,0.9860979318618774,0.013902058824896812
Lung_Dx-A0243,0,0.9878761768341064,0.012123755179345608
Lung_Dx-A0243,0,0.9857455492019653,0.014254463836550713
Lung_Dx-A0243,0,0.9950946569442749,0.004905405919998884
Lung_Dx-A0243,0,0.9794132709503174,0.020586779341101646
Lung_Dx-G0041,1,0.9877586960792542,0.012241275981068611
Lung_Dx-G0041,1,0.9761745929718018,0.02382536605000496
Lung_Dx-G0041,1,0.9929336309432983,0.007066401187330484
Lung_Dx-G0041,1,0.9902538657188416,0.009746103547513485
Lung_Dx-G0041,1,0.9671319723129272,0.03286798298358917
Lung_Dx-G0041,1,0.984441339969635,0.015558597631752491
Lung_Dx-G0041,1,0.9855103492736816,0.014489628374576569
Lung_Dx-G0041,1,0.9024378061294556,0.09756223112344742
Lung_Dx-G0041,1,0.8673731684684753,0.13262686133384705
Lung_Dx-G0041,1,0.9717254042625427,0.028274601325392723
Lung_Dx-G0041,1,0.9870296716690063,0.012970387935638428
Lung_Dx-G0041,1,0.9842154383659363,0.01578456163406372
Lung_Dx-G0041,1,0.940078616142273,0.05992140620946884
Lung_Dx-G0041,1,0.9477691650390625,0.05223085358738899
Lung_Dx-G0041,1,0.8910549879074097,0.10894504189491272
Lung_Dx-G0041,1,0.90320885181427,0.09679113328456879
Lung_Dx-G0041,1,0.6994084119796753,0.3005915582180023
Lung_Dx-G0041,1,0.9010533690452576,0.09894657880067825
Lung_Dx-G0041,1,0.8645393252372742,0.13546064496040344
Lung_Dx-G0041,1,0.7768769860267639,0.22312305867671967
Lung_Dx-G0041,1,0.9736696481704712,0.026330305263400078
Lung_Dx-G0041,1,0.8586593270301819,0.14134065806865692
Lung_Dx-G0041,1,0.929248034954071,0.07075196504592896
Lung_Dx-G0041,1,0.8668667674064636,0.13313321769237518
Lung_Dx-G0041,1,0.9735442399978638,0.026455776765942574
Lung_Dx-G0041,1,0.9786922335624695,0.021307704970240593
Lung_Dx-G0041,1,0.9466953873634338,0.05330468714237213
Lung_Dx-G0041,1,0.9804313778877258,0.019568676128983498
Lung_Dx-G0041,1,0.7656809687614441,0.2343190312385559
Lung_Dx-G0041,1,0.920647144317627,0.07935290038585663
Lung_Dx-G0041,1,0.9690031409263611,0.030996832996606827
Lung_Dx-G0041,1,0.9307105541229248,0.06928941607475281
Lung_Dx-G0041,1,0.9440738558769226,0.05592617765069008
Lung_Dx-G0041,1,0.9233852624893188,0.07661467790603638
Lung_Dx-G0041,1,0.9039745330810547,0.0960254967212677
Lung_Dx-G0041,1,0.8162599205970764,0.18374003469944
Lung_Dx-G0041,1,0.814643383026123,0.18535663187503815
Lung_Dx-G0041,1,0.9901782274246216,0.009821793995797634
Lung_Dx-G0041,1,0.9188450574874878,0.08115489780902863
Lung_Dx-G0041,1,0.8728359341621399,0.1271640658378601
Lung_Dx-G0041,1,0.8155264854431152,0.18447349965572357
Lung_Dx-G0041,1,0.6809847354888916,0.3190153241157532
Lung_Dx-G0041,1,0.4485923647880554,0.5514076948165894
Lung_Dx-G0041,1,0.33431771397590637,0.6656822562217712
Lung_Dx-G0041,1,0.449611634016037,0.5503883957862854
Lung_Dx-G0041,1,0.798501193523407,0.20149877667427063
Lung_Dx-G0047,1,0.9984602928161621,0.0015397268580272794
Lung_Dx-G0047,1,0.999967098236084,3.2955729693640023e-05
Lung_Dx-G0047,1,0.999695897102356,0.00030415886431001127
Lung_Dx-G0047,1,0.9981862902641296,0.001813743612729013
Lung_Dx-G0047,1,0.999657392501831,0.00034263040288351476
Lung_Dx-G0047,1,0.9971771240234375,0.002822832902893424
Lung_Dx-G0047,1,0.9999668598175049,3.308471059426665e-05
Lung_Dx-G0047,1,0.9998300075531006,0.0001699752756394446
Lung_Dx-G0047,1,0.9977872371673584,0.002212696708738804
Lung_Dx-G0047,1,0.171963170170784,0.8280368447303772
Lung_Dx-G0047,1,0.13741666078567505,0.8625832796096802
Lung_Dx-G0047,1,0.0057974006049335,0.9942025542259216
Lung_Dx-G0047,1,0.28836867213249207,0.7116313576698303
Lung_Dx-G0047,1,0.23970511555671692,0.7602949142456055
Lung_Dx-G0047,1,0.17674264311790466,0.823257327079773
Lung_Dx-G0047,1,0.4017758369445801,0.5982241630554199
Lung_Dx-G0047,1,0.9003546833992004,0.09964529424905777
Lung_Dx-G0047,1,0.9576753973960876,0.04232458770275116
Lung_Dx-G0047,1,0.6876299977302551,0.3123700022697449
Lung_Dx-G0047,1,0.1549505591392517,0.8450494408607483
Lung_Dx-G0047,1,0.047381773591041565,0.9526181817054749
Lung_Dx-G0047,1,0.16586315631866455,0.8341368436813354
Lung_Dx-G0047,1,0.04324442148208618,0.9567555785179138
Lung_Dx-G0047,1,0.24247460067272186,0.7575254440307617
Lung_Dx-G0047,1,0.06730107963085175,0.9326989054679871
Lung_Dx-G0047,1,0.06003152206540108,0.9399685263633728
Lung_Dx-G0047,1,0.07088049501180649,0.9291195869445801
Lung_Dx-G0047,1,0.5851233601570129,0.4148766100406647
Lung_Dx-G0047,1,0.15052762627601624,0.8494724035263062
Lung_Dx-G0047,1,0.10544058680534363,0.894559383392334
Lung_Dx-G0047,1,0.05602938309311867,0.9439706206321716
Lung_Dx-G0047,1,0.06548520922660828,0.9345147609710693
Lung_Dx-G0047,1,0.6442251205444336,0.3557748794555664
Lung_Dx-G0047,1,0.11417084187269211,0.8858291506767273
Lung_Dx-G0047,1,0.17560875415802002,0.82439124584198
Lung_Dx-G0047,1,0.20609396696090698,0.793906033039093
Lung_Dx-G0047,1,0.01096574030816555,0.9890342950820923
Lung_Dx-G0047,1,0.057123973965644836,0.9428760409355164
Lung_Dx-G0047,1,0.018316883593797684,0.9816831350326538
Lung_Dx-G0047,1,0.008968053385615349,0.9910320043563843
Lung_Dx-G0047,1,0.06518703699111938,0.9348130226135254
Lung_Dx-G0047,1,0.011777843348681927,0.9882221817970276
Lung_Dx-G0047,1,0.003409635741263628,0.9965903759002686
Lung_Dx-G0047,1,0.00266261282376945,0.9973374009132385
Lung_Dx-G0047,1,0.07871317118406296,0.9212868809700012
Lung_Dx-G0047,1,0.9825239777565002,0.01747598871588707
Lung_Dx-G0047,1,0.46471938490867615,0.5352805852890015
Lung_Dx-G0047,1,0.9672560095787048,0.032744042575359344
Lung_Dx-G0047,1,0.9555686116218567,0.04443143308162689
Lung_Dx-G0047,1,0.9796287417411804,0.020371295511722565
Lung_Dx-G0047,1,0.9734686613082886,0.026531336829066277
Lung_Dx-G0047,1,0.9522643685340881,0.047735653817653656
Lung_Dx-G0047,1,0.9882676005363464,0.011732465587556362
Lung_Dx-G0047,1,0.82439124584198,0.17560875415802002
Lung_Dx-G0047,1,0.987616240978241,0.012383786030113697
Lung_Dx-G0047,1,0.9669452905654907,0.03305475041270256
Lung_Dx-G0047,1,0.9474297165870667,0.052570294588804245
Lung_Dx-G0047,1,0.9719659090042114,0.028034118935465813
Lung_Dx-G0047,1,0.879871129989624,0.1201288029551506
Lung_Dx-G0047,1,0.9701551795005798,0.029844803735613823
Lung_Dx-G0047,1,0.7187424898147583,0.2812575399875641
Lung_Dx-G0047,1,0.6490226984024048,0.3509773015975952
Lung_Dx-G0047,1,0.9407896995544434,0.05921025201678276
Lung_Dx-G0047,1,0.8984104990959167,0.10158944129943848
Lung_Dx-G0047,1,0.9648882150650024,0.035111747682094574
Lung_Dx-G0047,1,0.9846936464309692,0.015306354500353336
Lung_Dx-G0047,1,0.31168869137763977,0.6883112788200378
Lung_Dx-G0047,1,0.8571115136146545,0.14288842678070068
Lung_Dx-G0047,1,0.888372004032135,0.11162799596786499
Lung_Dx-G0047,1,0.8429924845695496,0.15700756013393402
Lung_Dx-G0047,1,0.7878496050834656,0.21215039491653442
Lung_Dx-G0047,1,0.9453993439674377,0.05460060387849808
Lung_Dx-G0047,1,0.9766246676445007,0.023375313729047775
Lung_Dx-G0047,1,0.9492005109786987,0.05079945921897888
Lung_Dx-G0047,1,0.8305941224098206,0.16940587759017944
Lung_Dx-G0047,1,0.5833109021186829,0.41668909788131714
Lung_Dx-G0047,1,0.1927671879529953,0.8072327971458435
Lung_Dx-G0047,1,0.3943467140197754,0.6056532859802246
Lung_Dx-G0047,1,0.9190633296966553,0.08093671500682831
Lung_Dx-G0047,1,0.06730107963085175,0.9326989054679871
Lung_Dx-G0047,1,0.0643000528216362,0.9356999397277832
Lung_Dx-G0047,1,0.6007155179977417,0.3992845118045807
Lung_Dx-G0047,1,0.09235979616641998,0.9076402187347412
Lung_Dx-G0047,1,0.5496255159378052,0.4503745138645172
Lung_Dx-G0047,1,0.184326633810997,0.8156734108924866
Lung_Dx-G0047,1,0.0676698088645935,0.9323301911354065
Lung_Dx-G0047,1,0.019851701334118843,0.9801483154296875
Lung_Dx-G0047,1,0.07913912832736969,0.9208608865737915
Lung_Dx-G0047,1,0.3191213607788086,0.6808785796165466
Lung_Dx-G0047,1,0.12043881416320801,0.879561185836792
Lung_Dx-G0047,1,0.014309456571936607,0.9856905341148376
Lung_Dx-G0047,1,0.00524044968187809,0.9947595000267029
Lung_Dx-G0049,1,0.005089918151497841,0.9949100613594055
Lung_Dx-G0049,1,0.03321116790175438,0.9667888283729553
Lung_Dx-G0049,1,0.07899691164493561,0.9210031628608704
Lung_Dx-G0049,1,0.08563278615474701,0.9143672585487366
Lung_Dx-G0049,1,0.05155818536877632,0.948441743850708
Lung_Dx-G0049,1,0.12090510874986649,0.8790948390960693
Lung_Dx-G0049,1,0.0247509703040123,0.9752489924430847
Lung_Dx-G0049,1,0.004331502132117748,0.9956685304641724
Lung_Dx-G0049,1,0.01353214867413044,0.9864678382873535
Lung_Dx-G0049,1,0.0013224404538050294,0.9986775517463684
Lung_Dx-G0049,1,0.00041894835885614157,0.9995810389518738
Lung_Dx-G0049,1,0.005260852165520191,0.9947391152381897
Lung_Dx-G0049,1,0.0008592476369813085,0.999140739440918
Lung_Dx-G0049,1,0.027169233188033104,0.9728307723999023
Lung_Dx-G0049,1,0.07668379694223404,0.9233161807060242
Lung_Dx-G0049,1,0.08050192147493362,0.9194981455802917
Lung_Dx-G0049,1,0.03659692034125328,0.9634031057357788
Lung_Dx-G0049,1,0.09743332862854004,0.90256667137146
Lung_Dx-G0049,1,0.009577910415828228,0.9904221296310425
Lung_Dx-G0049,1,0.06584470719099045,0.934155285358429
Lung_Dx-G0049,1,0.09929539263248444,0.9007046222686768
Lung_Dx-G0049,1,0.008299686945974827,0.9917002320289612
Lung_Dx-G0049,1,0.13347168266773224,0.866528332233429
Lung_Dx-G0049,1,0.003266699379310012,0.9967333078384399
Lung_Dx-G0049,1,0.015513790771365166,0.9844862222671509
Lung_Dx-G0049,1,0.0037654137704521418,0.9962345957756042
Lung_Dx-G0049,1,3.975192885263823e-05,0.9999603033065796
Lung_Dx-G0049,1,0.0001392770209349692,0.9998606443405151
Lung_Dx-G0049,1,0.003635808825492859,0.996364176273346
Lung_Dx-G0049,1,0.0016974096652120352,0.9983025789260864
Lung_Dx-G0049,1,0.0009869320783764124,0.9990130662918091
Lung_Dx-G0049,1,0.004876886960119009,0.9951230883598328
Lung_Dx-G0049,1,0.039601683616638184,0.9603983759880066
Lung_Dx-G0049,1,0.0008864989504218102,0.9991135001182556
Lung_Dx-G0049,1,0.033242542296648026,0.9667574763298035
Lung_Dx-G0049,1,0.4976196587085724,0.50238037109375
Lung_Dx-G0049,1,0.23222307860851288,0.7677769660949707
Lung_Dx-G0049,1,0.03760863468050957,0.9623913168907166
Lung_Dx-G0049,1,0.007149101700633764,0.9928508996963501
Lung_Dx-G0049,1,0.13161905109882355,0.8683809638023376
Lung_Dx-G0049,1,0.10534851998090744,0.894651472568512
Lung_Dx-G0049,1,0.1534222811460495,0.8465777039527893
Lung_Dx-G0049,1,0.048676569014787674,0.951323390007019
Lung_Dx-G0049,1,0.25183168053627014,0.7481683492660522
Lung_Dx-G0049,1,0.01962496154010296,0.9803749918937683
Lung_Dx-G0049,1,0.005641908850520849,0.9943581223487854
Lung_Dx-G0049,1,0.0007480700733140111,0.9992519021034241
Lung_Dx-G0049,1,0.00655152415856719,0.9934484362602234
Lung_Dx-G0049,1,0.009002837352454662,0.9909971952438354
Lung_Dx-G0049,1,0.17996250092983246,0.8200374841690063
Lung_Dx-G0049,1,0.005395408719778061,0.9946046471595764
Lung_Dx-G0049,1,0.00216576736420393,0.9978342652320862
Lung_Dx-G0053,1,0.47298017144203186,0.5270198583602905
Lung_Dx-G0053,1,0.08151975274085999,0.9184802770614624
Lung_Dx-G0053,1,0.19421495497226715,0.8057851195335388
Lung_Dx-G0053,1,0.5921949744224548,0.4078049957752228
Lung_Dx-G0053,1,0.13840354979038239,0.861596405506134
Lung_Dx-G0053,1,0.2635993957519531,0.7364006042480469
Lung_Dx-G0053,1,0.5479328036308289,0.45206722617149353
Lung_Dx-G0053,1,0.022650809958577156,0.9773492217063904
Lung_Dx-G0053,1,0.005322535056620836,0.9946774244308472
Lung_Dx-G0053,1,0.013402405194938183,0.9865975975990295
Lung_Dx-G0053,1,0.0534033328294754,0.9465966820716858
Lung_Dx-G0053,1,0.03963884338736534,0.9603611826896667
Lung_Dx-G0053,1,0.01928960345685482,0.9807103276252747
Lung_Dx-G0053,1,0.006450607907027006,0.9935494065284729
Lung_Dx-G0053,1,0.4421547055244446,0.5578453540802002
Lung_Dx-G0053,1,0.1252792626619339,0.8747207522392273
Lung_Dx-G0053,1,0.1511530578136444,0.848846971988678
Lung_Dx-G0053,1,0.051319949328899384,0.9486801028251648
Lung_Dx-G0053,1,0.09351230412721634,0.9064877033233643
Lung_Dx-G0053,1,0.06810236722230911,0.9318976402282715
Lung_Dx-G0053,1,0.13643570244312286,0.8635642528533936
Lung_Dx-G0053,1,0.21239535510540009,0.7876046895980835
Lung_Dx-G0053,1,0.3591955304145813,0.6408044695854187
Lung_Dx-G0053,1,0.26161378622055054,0.7383862137794495
Lung_Dx-G0053,1,0.33361175656318665,0.6663882732391357
Lung_Dx-G0053,1,0.07807815819978714,0.9219217896461487
Lung_Dx-G0053,1,0.022650809958577156,0.9773492217063904
Lung_Dx-G0053,1,0.013928860425949097,0.9860711693763733
Lung_Dx-G0053,1,0.007149101700633764,0.9928508996963501
Lung_Dx-G0053,1,0.010631944984197617,0.9893680214881897
Lung_Dx-G0053,1,0.029395703226327896,0.9706043004989624
Lung_Dx-G0053,1,0.004700060468167067,0.9952999353408813
Lung_Dx-G0053,1,0.02970375120639801,0.9702962636947632
Lung_Dx-G0053,1,0.011115012690424919,0.9888849258422852
Lung_Dx-G0053,1,0.034979648888111115,0.9650202989578247
Lung_Dx-G0053,1,0.6539008617401123,0.3460991680622101
Lung_Dx-G0053,1,0.0030160662718117237,0.9969839453697205
Lung_Dx-G0053,1,0.026105916127562523,0.9738940596580505
Lung_Dx-G0053,1,0.3785739839076996,0.6214260458946228
Lung_Dx-G0053,1,0.8578872084617615,0.14211279153823853
Lung_Dx-G0053,1,0.16324524581432343,0.8367547988891602
Lung_Dx-G0053,1,0.2646433413028717,0.7353566884994507
Lung_Dx-G0053,1,0.1276526302099228,0.8723474144935608
Lung_Dx-G0053,1,0.045437220484018326,0.954562783241272
Lung_Dx-G0053,1,0.7613611221313477,0.23863890767097473
Lung_Dx-G0053,1,0.8409132957458496,0.15908671915531158
Lung_Dx-G0053,1,0.8625832796096802,0.13741666078567505
Lung_Dx-G0053,1,0.9739436507225037,0.026056304574012756
Lung_Dx-G0053,1,0.9209320545196533,0.07906799018383026
Lung_Dx-G0053,1,0.25219982862472534,0.7478001117706299
Lung_Dx-G0053,1,0.390766441822052,0.6092336177825928
Lung_Dx-G0053,1,0.5739918351173401,0.4260081350803375
Lung_Dx-G0053,1,0.5136836767196655,0.4863162636756897
Lung_Dx-G0053,1,0.7292305827140808,0.2707693576812744
Lung_Dx-G0053,1,0.6830496191978455,0.31695038080215454
Lung_Dx-G0053,1,0.819604754447937,0.18039526045322418
Lung_Dx-G0053,1,0.8624095916748047,0.13759039342403412
Lung_Dx-G0053,1,0.47326162457466125,0.5267384052276611
Lung_Dx-G0053,1,0.8932163119316101,0.10678370296955109
Lung_Dx-G0053,1,0.9238675236701965,0.07613248378038406
Lung_Dx-G0053,1,0.44537875056266785,0.5546212196350098
Lung_Dx-G0053,1,0.18359363079071045,0.8164063692092896
Lung_Dx-G0053,1,0.38231438398361206,0.6176856160163879
Lung_Dx-G0053,1,0.4079892635345459,0.5920107364654541
Lung_Dx-G0053,1,0.7768769860267639,0.22312305867671967
Lung_Dx-G0053,1,0.7847729921340942,0.21522700786590576
Lung_Dx-G0053,1,0.7460002303123474,0.2539997696876526
Lung_Dx-G0053,1,0.4102245569229126,0.5897753834724426
Lung_Dx-G0053,1,0.8296990990638733,0.1703009158372879
Lung_Dx-G0053,1,0.11318691074848175,0.8868131041526794
Lung_Dx-G0053,1,0.0023920657113194466,0.997607946395874
Lung_Dx-G0053,1,0.021409772336483,0.9785903096199036
Lung_Dx-G0053,1,0.10530251264572144,0.8946975469589233
Lung_Dx-G0053,1,0.7917405366897583,0.2082594335079193
Lung_Dx-G0053,1,0.37782758474349976,0.622172474861145
Lung_Dx-G0053,1,0.054499879479408264,0.9455001950263977
Lung_Dx-G0053,1,0.01716022938489914,0.9828397631645203
Lung_Dx-G0053,1,0.11114469915628433,0.8888552784919739
Lung_Dx-G0053,1,0.49127283692359924,0.5087271332740784
Lung_Dx-G0053,1,0.023442290723323822,0.9765576720237732
Lung_Dx-G0053,1,0.02230747602880001,0.9776925444602966
Lung_Dx-A0173,0,0.9987624883651733,0.001237579737789929
Lung_Dx-A0173,0,0.9994877576828003,0.0005122569273225963
Lung_Dx-A0173,0,0.9998505115509033,0.00014942092821002007
Lung_Dx-A0173,0,0.9994966983795166,0.0005033356137573719
Lung_Dx-A0173,0,0.9986435770988464,0.001356401713564992
Lung_Dx-A0173,0,0.9996215105056763,0.0003785036678891629
Lung_Dx-A0173,0,0.9996566772460938,0.00034329999471083283
Lung_Dx-A0173,0,0.972362220287323,0.027637720108032227
Lung_Dx-A0173,0,0.9982892870903015,0.0017106997547671199
Lung_Dx-A0173,0,0.9966625571250916,0.003337404690682888
Lung_Dx-A0173,0,0.7107287049293518,0.2892712950706482
Lung_Dx-A0173,0,0.9776499271392822,0.022350113838911057
Lung_Dx-A0173,0,0.4252396821975708,0.5747602581977844
Lung_Dx-A0173,0,0.9312752485275269,0.06872475892305374
Lung_Dx-A0173,0,0.9366336464881897,0.06336633861064911
Lung_Dx-A0173,0,0.9672250151634216,0.03277498483657837
Lung_Dx-A0173,0,0.7540104985237122,0.24598954617977142
Lung_Dx-A0173,0,0.9956600069999695,0.004339932929724455
Lung_Dx-A0173,0,0.8247444033622742,0.17525558173656464
Lung_Dx-A0173,0,0.88333660364151,0.11666332185268402
Lung_Dx-A0173,0,0.9298873543739319,0.07011259347200394
Lung_Dx-A0173,0,0.9870795607566833,0.012920473702251911
Lung_Dx-A0173,0,0.9492475390434265,0.050752390176057816
Lung_Dx-A0173,0,0.9883352518081665,0.011664719320833683
Lung_Dx-A0173,0,0.9948902130126953,0.005109737627208233
Lung_Dx-A0173,0,0.9738195538520813,0.026180503889918327
Lung_Dx-A0173,0,0.9949001669883728,0.005099818110466003
Lung_Dx-A0173,0,0.9996086955070496,0.00039127710624597967
Lung_Dx-A0173,0,0.9947084188461304,0.005291604902595282
Lung_Dx-A0173,0,0.9978510141372681,0.00214894930832088
Lung_Dx-A0173,0,0.9956936836242676,0.0043063051998615265
Lung_Dx-A0173,0,0.9997584223747253,0.00024156630388461053
Lung_Dx-A0173,0,0.9999730587005615,2.6897843781625852e-05
Lung_Dx-A0173,0,0.9992833733558655,0.0007166297873482108
Lung_Dx-A0173,0,0.9996451139450073,0.00035488588036969304
Lung_Dx-A0173,0,0.9982926249504089,0.0017073675990104675
Lung_Dx-A0173,0,0.9995015859603882,0.000498446577694267
Lung_Dx-A0173,0,0.999376118183136,0.0006238938658498228
Lung_Dx-A0173,0,0.9997181296348572,0.0002818572102114558
Lung_Dx-A0173,0,0.9999121427536011,8.784544479567558e-05
Lung_Dx-A0173,0,0.9994450211524963,0.0005549408961087465
Lung_Dx-A0173,0,0.9999778270721436,2.2125668692751788e-05
Lung_Dx-A0173,0,0.9999524354934692,4.7576457291143015e-05
Lung_Dx-A0173,0,0.9999581575393677,4.182262273388915e-05
Lung_Dx-A0173,0,0.9779256582260132,0.022074388340115547
Lung_Dx-A0173,0,0.9999556541442871,4.434627408045344e-05
Lung_Dx-A0173,0,0.9999083280563354,9.170197881758213e-05
Lung_Dx-A0173,0,0.999481737613678,0.0005182921304367483
Lung_Dx-A0173,0,0.9982317090034485,0.0017683517653495073
Lung_Dx-A0173,0,0.9997040629386902,0.0002959571429528296
Lung_Dx-A0185,0,0.9026954770088196,0.09730459004640579
Lung_Dx-A0185,0,0.9998893737792969,0.00011061159602832049
Lung_Dx-A0185,0,0.9948803186416626,0.005119676236063242
Lung_Dx-A0185,0,0.9997677206993103,0.0002323141961824149
Lung_Dx-A0185,0,0.9991474151611328,0.0008525666780769825
Lung_Dx-A0185,0,0.9999521970748901,4.776264904648997e-05
Lung_Dx-A0185,0,0.9999499320983887,5.0054717576131225e-05
Lung_Dx-A0185,0,0.9999790191650391,2.1030173229519278e-05
Lung_Dx-A0185,0,0.9999595880508423,4.037790131405927e-05
Lung_Dx-A0185,0,0.9877705574035645,0.012229474261403084
Lung_Dx-A0185,0,0.9775857925415039,0.02241421863436699
Lung_Dx-A0185,0,0.9972153902053833,0.0027846090961247683
Lung_Dx-A0185,0,0.9926256537437439,0.0073743658140301704
Lung_Dx-A0185,0,0.9896917939186096,0.01030820794403553
Lung_Dx-A0185,0,0.5901297926902771,0.4098702073097229
Lung_Dx-A0185,0,0.7784809470176697,0.22151906788349152
Lung_Dx-A0185,0,0.997977077960968,0.002022953238338232
Lung_Dx-A0185,0,0.9422415494918823,0.05775843933224678
Lung_Dx-A0185,0,0.9151287078857422,0.08487121760845184
Lung_Dx-A0185,0,0.8948813676834106,0.10511863231658936
Lung_Dx-A0185,0,0.9995262622833252,0.0004737784620374441
Lung_Dx-A0185,0,0.9976310729980469,0.0023688741493970156
Lung_Dx-A0185,0,0.9999525547027588,4.739097857964225e-05
Lung_Dx-A0185,0,0.999616265296936,0.00038371203118003905
Lung_Dx-A0185,0,0.9986302852630615,0.0013696944806724787
Lung_Dx-A0185,0,0.9928091764450073,0.007190811913460493
Lung_Dx-A0185,0,0.9934991598129272,0.006500871852040291
Lung_Dx-A0185,0,0.9700985550880432,0.029901403933763504
Lung_Dx-A0185,0,0.9958741068840027,0.004125935025513172
Lung_Dx-A0185,0,0.9988883137702942,0.0011116680689156055
Lung_Dx-A0185,0,0.9999419450759888,5.8064022596227005e-05
Lung_Dx-A0193,0,0.23353150486946106,0.7664684653282166
Lung_Dx-A0193,0,0.9139840602874756,0.08601587265729904
Lung_Dx-A0193,0,0.9994127750396729,0.0005872613983228803
Lung_Dx-A0193,0,0.9191359281539917,0.08086409419775009
Lung_Dx-A0193,0,0.17695587873458862,0.8230441212654114
Lung_Dx-A0193,0,0.39679837226867676,0.6032016277313232
Lung_Dx-A0193,0,0.5238980054855347,0.47610199451446533
Lung_Dx-A0193,0,0.7381503582000732,0.26184967160224915
Lung_Dx-A0193,0,0.8958876132965088,0.1041124165058136
Lung_Dx-A0193,0,0.9846494793891907,0.015350574627518654
Lung_Dx-A0193,0,0.9404078125953674,0.05959219112992287
Lung_Dx-A0193,0,0.9618575572967529,0.038142427802085876
Lung_Dx-A0193,0,0.9025237560272217,0.0974762812256813
Lung_Dx-A0193,0,0.9099870324134827,0.09001296758651733
Lung_Dx-A0193,0,0.9999527931213379,4.720623110188171e-05
Lung_Dx-A0193,0,0.9975751042366028,0.0024249141570180655
Lung_Dx-A0193,0,0.9998936653137207,0.00010637458763085306
Lung_Dx-A0193,0,0.9999961853027344,3.7705674458266003e-06
Lung_Dx-A0193,0,0.999995231628418,4.822624305234058e-06
Lung_Dx-A0193,0,0.9999862909317017,1.373825580230914e-05
Lung_Dx-A0193,0,0.9997730851173401,0.00022693384380545467
Lung_Dx-A0193,0,0.6052742004394531,0.39472582936286926
Lung_Dx-A0193,0,0.99988853931427,0.00011147904297104105
Lung_Dx-A0193,0,0.9999722242355347,2.7751650122809224e-05
Lung_Dx-A0193,0,0.9999479055404663,5.204856279306114e-05
Lung_Dx-A0193,0,0.9999531507492065,4.683888619183563e-05
Lung_Dx-A0193,0,0.9990960359573364,0.0009039677097462118
Lung_Dx-A0193,0,0.999940037727356,5.9907062677666545e-05
Lung_Dx-A0193,0,0.9999560117721558,4.400118632474914e-05
Lung_Dx-A0193,0,0.9983385801315308,0.001661390531808138
Lung_Dx-A0193,0,0.9993845224380493,0.0006154272705316544
Lung_Dx-A0193,0,0.9999666213989258,3.334418579470366e-05
Lung_Dx-A0193,0,0.9999030828475952,9.68560780165717e-05
Lung_Dx-A0193,0,0.9999740123748779,2.596866943349596e-05
Lung_Dx-A0193,0,0.9997826218605042,0.00021739141084253788
Lung_Dx-A0193,0,0.9999998807907104,1.0949972306661948e-07
Lung_Dx-A0193,0,0.9999884366989136,1.1614074537646957e-05
Lung_Dx-A0193,0,0.9999927282333374,7.324937087105354e-06
Lung_Dx-A0193,0,0.999997615814209,2.368799187024706e-06
Lung_Dx-A0193,0,0.9999995231628418,4.3647631287058175e-07
Lung_Dx-A0193,0,0.9990527033805847,0.0009473090176470578
Lung_Dx-A0193,0,0.9993320107460022,0.0006680048536509275
Lung_Dx-A0193,0,0.9991557598114014,0.0008442883845418692
Lung_Dx-A0193,0,0.9984840750694275,0.0015158916357904673
Lung_Dx-A0193,0,0.9866234660148621,0.01337660476565361
Lung_Dx-A0193,0,0.6772605776786804,0.3227394223213196
Lung_Dx-A0193,0,0.7479842901229858,0.25201570987701416
Lung_Dx-A0193,0,0.9976449608802795,0.0023550675250589848
Lung_Dx-A0193,0,0.9988817572593689,0.0011181936133652925
Lung_Dx-A0193,0,0.9584211707115173,0.04157886654138565
Lung_Dx-A0193,0,0.9986749291419983,0.001325022429227829
Lung_Dx-A0193,0,0.9998421669006348,0.00015781863476149738
Lung_Dx-A0193,0,0.9990710020065308,0.0009290034067817032
Lung_Dx-A0193,0,0.8435731530189514,0.1564267873764038
Lung_Dx-A0193,0,0.878679096698761,0.1213209256529808
Lung_Dx-A0193,0,0.9995539784431458,0.0004459562187548727
Lung_Dx-A0193,0,0.9999922513961792,7.73667125031352e-06
Lung_Dx-A0193,0,0.9999469518661499,5.3075080359121785e-05
Lung_Dx-A0193,0,0.9999344348907471,6.553815182996914e-05
Lung_Dx-A0193,0,0.999484658241272,0.0005152656813152134
Lung_Dx-A0193,0,0.9941459894180298,0.005853960290551186
Lung_Dx-A0193,0,0.9980770349502563,0.0019229825120419264
Lung_Dx-A0193,0,0.9981433153152466,0.0018566754879429936
Lung_Dx-A0193,0,0.9904775619506836,0.009522486478090286
Lung_Dx-A0193,0,0.7588235139846802,0.24117647111415863
Lung_Dx-A0193,0,0.9626380801200867,0.0373619981110096
Lung_Dx-A0193,0,0.9992175102233887,0.0007824140484444797
Lung_Dx-A0193,0,0.8847880363464355,0.11521199345588684
Lung_Dx-A0193,0,0.9965903759002686,0.003409635741263628
Lung_Dx-A0193,0,0.999984860420227,1.5147555131989066e-05
Lung_Dx-A0193,0,0.9929609894752502,0.0070390463806688786
Lung_Dx-A0193,0,0.9875203371047974,0.012479700148105621
Lung_Dx-A0193,0,0.9139072895050049,0.08609268069267273
Lung_Dx-A0196,0,0.9976403713226318,0.0023596605751663446
Lung_Dx-A0196,0,0.936575710773468,0.06342433393001556
Lung_Dx-A0196,0,0.09126054495573044,0.9087393879890442
Lung_Dx-A0196,0,0.9144436717033386,0.08555635064840317
Lung_Dx-A0196,0,0.9256342649459839,0.07436569780111313
Lung_Dx-A0196,0,0.9751071333885193,0.02489280141890049
Lung_Dx-A0196,0,0.23118001222610474,0.7688199877738953
Lung_Dx-A0196,0,0.9991100430488586,0.0008899655076675117
Lung_Dx-A0196,0,0.9609150886535645,0.03908495604991913
Lung_Dx-A0196,0,0.997880220413208,0.002119830809533596
Lung_Dx-A0196,0,0.999555766582489,0.0004442183708306402
Lung_Dx-A0196,0,0.999976396560669,2.3644801331101917e-05
Lung_Dx-A0196,0,0.9948000907897949,0.005199880339205265
Lung_Dx-A0196,0,0.9998675584793091,0.00013238185783848166
Lung_Dx-A0196,0,0.9995505213737488,0.0004494523163884878
Lung_Dx-A0196,0,0.25501883029937744,0.7449811697006226
Lung_Dx-A0196,0,0.9585765600204468,0.04142347723245621
Lung_Dx-A0196,0,0.12603028118610382,0.8739697337150574
Lung_Dx-A0196,0,0.9968211650848389,0.0031788661144673824
Lung_Dx-A0196,0,0.9736446738243103,0.026355354115366936
Lung_Dx-A0196,0,0.9902915358543396,0.009708477184176445
Lung_Dx-A0196,0,0.9153559803962708,0.08464395999908447
Lung_Dx-A0196,0,0.9181138277053833,0.08188609778881073
Lung_Dx-A0196,0,0.7629542946815491,0.23704567551612854
Lung_Dx-A0196,0,0.3558308780193329,0.6441691517829895
Lung_Dx-A0196,0,0.9824568033218384,0.017543187364935875
Lung_Dx-A0196,0,0.9863894581794739,0.013610590249300003
Lung_Dx-A0196,0,0.9985702037811279,0.001429745345376432
Lung_Dx-A0196,0,0.9892855286598206,0.010714440606534481
Lung_Dx-A0196,0,0.934035062789917,0.06596493721008301
Lung_Dx-A0196,0,0.9719393253326416,0.02806074172258377
Lung_Dx-A0196,0,0.9894295334815979,0.010570487938821316
Lung_Dx-A0196,0,0.9997565150260925,0.00024346043937839568
Lung_Dx-A0196,0,0.9926398992538452,0.0073600816540420055
Lung_Dx-A0196,0,0.9989033937454224,0.0010965894907712936
Lung_Dx-A0196,0,0.9998511075973511,0.00014883847325108945
Lung_Dx-A0196,0,0.9878996014595032,0.012100385501980782
Lung_Dx-A0196,0,0.9925969839096069,0.007403014227747917
Lung_Dx-A0196,0,0.9984330534934998,0.0015669888816773891
Lung_Dx-A0196,0,0.9996345043182373,0.00036543281748890877
Lung_Dx-A0196,0,0.9282138347625732,0.07178616523742676
Lung_Dx-A0196,0,0.9710468649864197,0.02895316481590271
Lung_Dx-A0196,0,0.6112079620361328,0.3887920677661896
Lung_Dx-A0196,0,0.31168869137763977,0.6883112788200378
Lung_Dx-A0196,0,0.2957890033721924,0.7042109966278076
Lung_Dx-A0196,0,0.01973801478743553,0.980262041091919
Lung_Dx-A0196,0,0.39890390634536743,0.6010960340499878
Lung_Dx-A0196,0,0.34726038575172424,0.6527396440505981
Lung_Dx-A0196,0,0.8942365646362305,0.10576342046260834
Lung_Dx-A0196,0,0.34582293033599854,0.6541770696640015
Lung_Dx-A0198,0,0.9981684684753418,0.0018315102206543088
Lung_Dx-A0198,0,0.999045193195343,0.000954731716774404
Lung_Dx-A0198,0,0.9949592351913452,0.005040702875703573
Lung_Dx-A0198,0,0.9979810118675232,0.0020190137438476086
Lung_Dx-A0198,0,0.9997357726097107,0.00026426833937875926
Lung_Dx-A0198,0,0.9998173117637634,0.00018271103908773512
Lung_Dx-A0198,0,0.9995335340499878,0.0004664365842472762
Lung_Dx-A0198,0,0.9996911287307739,0.00030894720111973584
Lung_Dx-A0198,0,0.9998923540115356,0.0001076283588190563
Lung_Dx-A0198,0,0.9998612403869629,0.00013873411808162928
Lung_Dx-A0198,0,0.9997240900993347,0.00027586790383793414
Lung_Dx-A0198,0,0.9992792010307312,0.0007208380266092718
Lung_Dx-A0198,0,0.9997346997261047,0.00026530236937105656
Lung_Dx-A0198,0,0.9991457462310791,0.0008542320574633777
Lung_Dx-A0198,0,0.9994600415229797,0.000539980421308428
Lung_Dx-A0198,0,0.9989033937454224,0.0010965894907712936
Lung_Dx-A0198,0,0.999656081199646,0.0003439709544181824
Lung_Dx-A0198,0,0.9997527003288269,0.00024729344295337796
Lung_Dx-A0198,0,0.9992160797119141,0.0007839425816200674
Lung_Dx-A0198,0,0.9982993006706238,0.001700722612440586
Lung_Dx-A0198,0,0.9981288313865662,0.001871210290119052
Lung_Dx-A0198,0,0.9996892213821411,0.0003107621450908482
Lung_Dx-A0198,0,0.9995859265327454,0.000414069538237527
Lung_Dx-A0198,0,0.994541347026825,0.00545866135507822
Lung_Dx-A0198,0,0.9932418465614319,0.00675808684900403
Lung_Dx-A0198,0,0.9701551795005798,0.029844803735613823
Lung_Dx-A0198,0,0.998619556427002,0.0013804222689941525
Lung_Dx-A0236,0,0.9999970197677612,3.006161250596051e-06
Lung_Dx-A0236,0,0.9999774694442749,2.2474090656032786e-05
Lung_Dx-A0236,0,0.9999200105667114,7.998482033144683e-05
Lung_Dx-A0236,0,0.9989266991615295,0.0010733063099905849
Lung_Dx-A0236,0,0.9994407296180725,0.0005592909874394536
Lung_Dx-A0236,0,0.9953634738922119,0.004636535421013832
Lung_Dx-A0236,0,0.9960699081420898,0.003930085804313421
Lung_Dx-A0236,0,0.9959298968315125,0.004070138093084097
Lung_Dx-A0236,0,0.9992930889129639,0.0007069056737236679
Lung_Dx-A0236,0,0.9754368662834167,0.02456308715045452
Lung_Dx-A0236,0,0.9811848998069763,0.018815092742443085
Lung_Dx-A0236,0,0.9999945163726807,5.529162535822252e-06
Lung_Dx-A0236,0,0.9999979734420776,2.0025368030474056e-06
Lung_Dx-A0236,0,0.9997022747993469,0.00029769580578431487
Lung_Dx-A0236,0,0.9999419450759888,5.8064022596227005e-05
Lung_Dx-A0236,0,0.9999200105667114,7.998482033144683e-05
Lung_Dx-A0236,0,0.9303950071334839,0.06960495561361313
Lung_Dx-A0236,0,0.9934357404708862,0.0065642488189041615
Lung_Dx-A0236,0,0.9999821186065674,1.7848135030362755e-05
Lung_Dx-A0236,0,0.9998880624771118,0.00011191529483767226
Lung_Dx-A0236,0,0.9999991655349731,7.811483442310418e-07
Lung_Dx-A0236,0,0.9999954700469971,4.5481692723114975e-06
Lung_Dx-A0236,0,0.9997950196266174,0.000205022151931189
Lung_Dx-A0236,0,0.9999711513519287,2.8857119104941376e-05
Lung_Dx-A0236,0,0.9999897480010986,1.0209440915787127e-05
Lung_Dx-A0236,0,0.9999943971633911,5.638215043290984e-06
Lung_Dx-A0236,0,0.9999960660934448,3.936114808311686e-06
Lung_Dx-A0236,0,0.9999994039535522,5.432034413388465e-07
Lung_Dx-A0236,0,0.9999988079071045,1.2289183359825984e-06
Lung_Dx-A0236,0,1.0,5.838248284817382e-08
Lung_Dx-A0236,0,0.9999998807907104,6.214781933522318e-08
Lung_Dx-A0236,0,0.9999996423721313,3.0470960155071225e-07
Lung_Dx-A0236,0,0.9999611377716064,3.8831109122838825e-05
Lung_Dx-A0236,0,0.9999996423721313,3.7043270140202367e-07
Lung_Dx-A0236,0,0.9998666048049927,0.0001334200205747038
Lung_Dx-A0236,0,0.9999125003814697,8.750300185056403e-05
Lung_Dx-A0236,0,0.9979089498519897,0.0020911062601953745
Lung_Dx-A0239,0,0.994551956653595,0.005448068026453257
Lung_Dx-A0239,0,0.907394289970398,0.09260568022727966
Lung_Dx-A0239,0,0.7745833992958069,0.2254166156053543
Lung_Dx-A0239,0,0.9964273571968079,0.0035726833157241344
Lung_Dx-A0239,0,0.9141375422477722,0.08586245775222778
Lung_Dx-A0239,0,0.7208598256111145,0.2791402339935303
Lung_Dx-A0239,0,0.9120452404022217,0.08795474469661713
Lung_Dx-A0239,0,0.9865458011627197,0.013454154133796692
Lung_Dx-A0239,0,0.9827902317047119,0.01720971055328846
Lung_Dx-A0239,0,0.890246570110321,0.10975347459316254
Lung_Dx-A0239,0,0.9996102452278137,0.00038975226925686
Lung_Dx-A0239,0,0.9992606043815613,0.000739361101295799
Lung_Dx-A0239,0,0.9966298937797546,0.0033700461499392986
Lung_Dx-A0239,0,0.9991323351860046,0.0008676726138219237
Lung_Dx-A0239,0,0.9992806315422058,0.0007194326026365161
Lung_Dx-A0239,0,0.9585765600204468,0.04142347723245621
Lung_Dx-A0239,0,0.9893885254859924,0.01061142049729824
Lung_Dx-A0239,0,0.9948902130126953,0.005109737627208233
Lung_Dx-A0244,0,0.9703805446624756,0.029619429260492325
Lung_Dx-A0244,0,0.9985814094543457,0.001418634899891913
Lung_Dx-A0244,0,0.9999704360961914,2.9541426556534134e-05
Lung_Dx-A0244,0,0.9983674883842468,0.0016324889147654176
Lung_Dx-A0244,0,0.7870323657989502,0.21296769380569458
Lung_Dx-A0244,0,0.9991306662559509,0.0008693673880770802
Lung_Dx-A0244,0,0.9945835471153259,0.005416411440819502
Lung_Dx-A0244,0,0.9980619549751282,0.0019380352459847927
Lung_Dx-A0244,0,0.9941574335098267,0.005842605605721474
Lung_Dx-A0244,0,0.9980161190032959,0.0019839033484458923
Lung_Dx-A0244,0,0.9999121427536011,8.784544479567558e-05
Lung_Dx-A0244,0,0.9999138116836548,8.614650869276375e-05
Lung_Dx-A0244,0,0.9999452829360962,5.475977013702504e-05
Lung_Dx-A0244,0,0.9996064305305481,0.0003935755812563002
Lung_Dx-A0244,0,0.9923341274261475,0.007665874436497688
Lung_Dx-A0244,0,0.9737696647644043,0.0262303464114666
Lung_Dx-A0244,0,0.9958741068840027,0.004125935025513172
Lung_Dx-A0244,0,0.9951419830322266,0.004857966210693121
Lung_Dx-A0244,0,0.9830363392829895,0.01696370169520378
Lung_Dx-A0244,0,0.9965097308158875,0.003490210510790348
Lung_Dx-A0244,0,0.9981251358985901,0.0018748617731034756
Lung_Dx-A0244,0,0.9488224983215332,0.0511774942278862
Lung_Dx-A0244,0,0.9966233968734741,0.003376612439751625
Lung_Dx-A0247,0,0.7381975054740906,0.2618024945259094
Lung_Dx-A0247,0,0.8658491373062134,0.13415081799030304
Lung_Dx-A0247,0,0.43816155195236206,0.5618384480476379
Lung_Dx-A0247,0,0.14866411685943604,0.8513358235359192
Lung_Dx-A0247,0,0.052618954330682755,0.9473810195922852
Lung_Dx-A0247,0,0.1946738362312317,0.8053261041641235
Lung_Dx-A0247,0,0.8163331747055054,0.18366682529449463
Lung_Dx-A0247,0,0.944587230682373,0.05541279539465904
Lung_Dx-A0247,0,0.6286924481391907,0.3713076114654541
Lung_Dx-A0247,0,0.18780207633972168,0.8121978640556335
Lung_Dx-A0247,0,0.27776676416397095,0.7222332954406738
Lung_Dx-A0247,0,0.01501474715769291,0.9849852323532104
Lung_Dx-A0247,0,0.0027202784549444914,0.9972796440124512
Lung_Dx-A0247,0,0.026056304574012756,0.9739436507225037
Lung_Dx-A0247,0,0.004281254485249519,0.995718777179718
Lung_Dx-A0247,0,0.09223707765340805,0.907762885093689
Lung_Dx-A0247,0,0.1919327974319458,0.8080672025680542
Lung_Dx-A0247,0,0.5212274789810181,0.4787725508213043
Lung_Dx-A0247,0,0.8473372459411621,0.15266279876232147
Lung_Dx-A0247,0,0.8329172730445862,0.16708271205425262
Lung_Dx-A0247,0,0.0016974096652120352,0.9983025789260864
Lung_Dx-A0247,0,0.200557678937912,0.7994422912597656
Lung_Dx-A0247,0,0.047913532704114914,0.9520864486694336
Lung_Dx-A0247,0,0.6743186116218567,0.3256813883781433
Lung_Dx-A0247,0,0.9571578502655029,0.04284217581152916
Lung_Dx-A0247,0,0.6726543307304382,0.32734569907188416
Lung_Dx-A0247,0,0.9475754499435425,0.05242456495761871
Lung_Dx-A0247,0,0.15546274185180664,0.8445372581481934
Lung_Dx-A0247,0,0.11858910322189331,0.8814108967781067
Lung_Dx-A0247,0,0.23970511555671692,0.7602949142456055
Lung_Dx-A0247,0,0.15304216742515564,0.8469578623771667
Lung_Dx-A0247,0,0.2203843742609024,0.7796156406402588
Lung_Dx-A0247,0,0.8710915446281433,0.1289084553718567
Lung_Dx-A0247,0,0.7478922605514526,0.25210773944854736
Lung_Dx-A0247,0,0.001976184081286192,0.9980238676071167
Lung_Dx-A0247,0,0.009540924802422523,0.9904590845108032
Lung_Dx-A0247,0,0.00040844923933036625,0.9995915293693542
Lung_Dx-A0247,0,0.007303223479539156,0.9926967024803162
Lung_Dx-A0247,0,0.007755536586046219,0.9922444224357605
Lung_Dx-A0247,0,0.04430721700191498,0.9556928277015686
Lung_Dx-A0247,0,0.006890459917485714,0.9931095838546753
Lung_Dx-A0247,0,0.045905422419309616,0.954094648361206
Lung_Dx-A0247,0,0.02391638606786728,0.9760836362838745
Lung_Dx-A0247,0,0.3006429076194763,0.6993570923805237
Lung_Dx-A0247,0,0.10828320682048798,0.8917167782783508
Lung_Dx-A0247,0,0.28756770491600037,0.7124322652816772
Lung_Dx-A0247,0,0.37387582659721375,0.6261242032051086
Lung_Dx-A0247,0,0.8668103814125061,0.13318955898284912
Lung_Dx-A0249,0,0.9943031072616577,0.0056969597935676575
Lung_Dx-A0249,0,0.9975608587265015,0.0024391296319663525
Lung_Dx-A0249,0,0.9393594861030579,0.06064055114984512
Lung_Dx-A0249,0,0.991101086139679,0.008898884057998657
Lung_Dx-A0249,0,0.9929472208023071,0.007052709814161062
Lung_Dx-A0249,0,0.9685600996017456,0.031439851969480515
Lung_Dx-A0249,0,0.9968335032463074,0.003166511654853821
Lung_Dx-A0249,0,0.9915052056312561,0.008494837209582329
Lung_Dx-A0249,0,0.9892232418060303,0.01077672466635704
Lung_Dx-A0249,0,0.9980505704879761,0.0019494020380079746
Lung_Dx-A0249,0,0.999194324016571,0.0008056566584855318
Lung_Dx-A0249,0,0.9352282881736755,0.06477170437574387
Lung_Dx-A0249,0,0.9810583591461182,0.018941707909107208
Lung_Dx-A0249,0,0.9486324787139893,0.05136751011013985
Lung_Dx-A0249,0,0.8616546392440796,0.13834534585475922
Lung_Dx-A0249,0,0.3132621645927429,0.6867377758026123
Lung_Dx-A0249,0,0.9657383561134338,0.03426161780953407
Lung_Dx-A0249,0,0.9965368509292603,0.0034631439484655857
Lung_Dx-A0249,0,0.9979888200759888,0.0020111582707613707
Lung_Dx-A0249,0,0.9905508756637573,0.009449080564081669
Lung_Dx-A0249,0,0.9161096215248108,0.0838903859257698
Lung_Dx-A0249,0,0.9489172697067261,0.05108273774385452
Lung_Dx-A0249,0,0.9886024594306946,0.01139758713543415
Lung_Dx-A0249,0,0.6749081611633301,0.3250918984413147
Lung_Dx-A0249,0,0.5443472862243652,0.45565274357795715
Lung_Dx-A0249,0,0.4570912718772888,0.5429087281227112
Lung_Dx-A0249,0,0.2114982306957245,0.7885017395019531
Lung_Dx-A0249,0,0.34568485617637634,0.6543151140213013
Lung_Dx-A0249,0,0.7519670128822327,0.24803297221660614
Lung_Dx-A0249,0,0.9459512829780579,0.054048750549554825
Lung_Dx-A0249,0,0.9531880021095276,0.0468120314180851
Lung_Dx-A0249,0,0.9850141406059265,0.014985890127718449
Lung_Dx-A0249,0,0.9927812218666077,0.007218752056360245
Lung_Dx-A0249,0,0.9967013001441956,0.0032986511941999197
Lung_Dx-A0249,0,0.9872281551361084,0.012771868146955967
Lung_Dx-A0249,0,0.9990854263305664,0.0009146137163043022
Lung_Dx-A0249,0,0.9991065859794617,0.000893445685505867
Lung_Dx-A0249,0,0.9991655349731445,0.0008344603120349348
Lung_Dx-A0249,0,0.9978087544441223,0.002191240433603525
Lung_Dx-A0249,0,0.9965435862541199,0.003456409787759185
Lung_Dx-A0249,0,0.9972796440124512,0.0027202784549444914
Lung_Dx-A0249,0,0.984351396560669,0.015648599714040756
Lung_Dx-A0249,0,0.996271014213562,0.0037289573810994625
Lung_Dx-A0249,0,0.9965435862541199,0.003456409787759185
Lung_Dx-A0249,0,0.9739436507225037,0.026056304574012756
Lung_Dx-A0249,0,0.7695135474205017,0.23048648238182068
Lung_Dx-A0249,0,0.9712384939193726,0.028761589899659157
Lung_Dx-A0249,0,0.9276259541511536,0.07237402349710464
Lung_Dx-A0249,0,0.8388118147850037,0.16118815541267395
Lung_Dx-A0249,0,0.744795560836792,0.2552044093608856
Lung_Dx-A0249,0,0.888372004032135,0.11162799596786499
Lung_Dx-A0249,0,0.7467858195304871,0.25321412086486816
Lung_Dx-A0249,0,0.33742183446884155,0.6625781655311584
Lung_Dx-A0249,0,0.43405643105506897,0.5659435987472534
Lung_Dx-A0249,0,0.5114725828170776,0.48852741718292236
Lung_Dx-A0249,0,0.5409163236618042,0.4590837359428406
Lung_Dx-A0249,0,0.983020007610321,0.016979990527033806
Lung_Dx-A0249,0,0.9597243666648865,0.04027567803859711
Lung_Dx-A0249,0,0.9787126779556274,0.021287351846694946
Lung_Dx-A0249,0,0.7354041337966919,0.2645958364009857
Lung_Dx-A0249,0,0.8305941224098206,0.16940587759017944
Lung_Dx-A0249,0,0.8276889324188232,0.17231106758117676
Lung_Dx-A0249,0,0.8703770637512207,0.1296229213476181
Lung_Dx-A0249,0,0.9854404330253601,0.014559518545866013
Lung_Dx-A0249,0,0.9398581385612488,0.06014182046055794
Lung_Dx-A0249,0,0.9137535095214844,0.08624648302793503
Lung_Dx-A0249,0,0.9930017590522766,0.006998209282755852
Lung_Dx-A0249,0,0.5163516402244568,0.483648419380188
Lung_Dx-A0249,0,0.6439452767372131,0.35605472326278687
Lung_Dx-A0249,0,0.8828830122947693,0.11711697280406952
Lung_Dx-A0249,0,0.5680040121078491,0.4319959878921509
Lung_Dx-A0249,0,0.9728823304176331,0.0271176565438509
Lung_Dx-A0249,0,0.9498092532157898,0.05019078403711319
Lung_Dx-A0249,0,0.9647555947303772,0.03524432331323624
Lung_Dx-A0249,0,0.9671630263328552,0.03283695504069328
Lung_Dx-A0249,0,0.9246877431869507,0.0753123089671135
Lung_Dx-A0249,0,0.18742996454238892,0.8125700354576111
Lung_Dx-A0249,0,0.9935368895530701,0.006463137920945883
Lung_Dx-A0249,0,0.9260365962982178,0.07396337389945984
Lung_Dx-A0249,0,0.9968335032463074,0.003166511654853821
Lung_Dx-A0253,0,0.9913222789764404,0.008677717298269272
Lung_Dx-A0253,0,0.9657061100006104,0.034293945878744125
Lung_Dx-A0253,0,0.9911354780197144,0.00886449869722128
Lung_Dx-A0253,0,0.9856767654418945,0.014323236420750618
Lung_Dx-A0253,0,0.9888849258422852,0.011115012690424919
Lung_Dx-A0253,0,0.996616780757904,0.003383191069588065
Lung_Dx-A0253,0,0.9995063543319702,0.0004936049808748066
Lung_Dx-A0253,0,0.9991880059242249,0.0008119703852571547
Lung_Dx-A0253,0,0.9921992421150208,0.007800757884979248
Lung_Dx-A0253,0,0.9937708973884583,0.006229157093912363
Lung_Dx-A0253,0,0.9951040744781494,0.004895880818367004
Lung_Dx-A0253,0,0.9946568012237549,0.005343256518244743
Lung_Dx-A0253,0,0.9994173049926758,0.0005826939013786614
Lung_Dx-A0253,0,0.9993053674697876,0.0006945966742932796
Lung_Dx-A0253,0,0.9979251623153687,0.002074867021292448
Lung_Dx-A0253,0,0.9995875954627991,0.0004124558763578534
Lung_Dx-A0253,0,0.999595582485199,0.00040448151412419975
Lung_Dx-A0253,0,0.9915380477905273,0.008461998775601387
Lung_Dx-A0253,0,0.9984269142150879,0.0015731120947748423
Lung_Dx-A0253,0,0.9930827617645264,0.006917241960763931
Lung_Dx-A0253,0,0.9502266049385071,0.0497734472155571
Lung_Dx-A0253,0,0.9977481961250305,0.0022518474142998457
Lung_Dx-A0253,0,0.9739684462547302,0.026031531393527985
Lung_Dx-A0253,0,0.9287972450256348,0.07120272517204285
Lung_Dx-A0253,0,0.9870545864105225,0.012945407070219517
Lung_Dx-A0253,0,0.9694979190826416,0.03050205297768116
Lung_Dx-A0253,0,0.9148249626159668,0.08517511188983917
Lung_Dx-A0253,0,0.9975798726081848,0.002420194214209914
Lung_Dx-A0253,0,0.9985162615776062,0.0014837189810350537
Lung_Dx-A0253,0,0.9998880624771118,0.00011191529483767226
Lung_Dx-A0253,0,0.9985449314117432,0.0014550627674907446
Lung_Dx-A0253,0,0.9978426694869995,0.0021573419217020273
Lung_Dx-A0253,0,0.9974787831306458,0.002521268557757139
Lung_Dx-A0253,0,0.9963071346282959,0.0036928525660187006
Lung_Dx-A0253,0,0.9973477125167847,0.0026522597763687372
Lung_Dx-A0253,0,0.9958174824714661,0.004182493779808283
Lung_Dx-A0253,0,0.9947493672370911,0.005250641144812107
Lung_Dx-A0262,0,0.8210441470146179,0.17895591259002686
Lung_Dx-A0262,0,0.9076402187347412,0.09235979616641998
Lung_Dx-A0262,0,0.9068183302879333,0.09318171441555023
Lung_Dx-A0262,0,0.6290912628173828,0.3709087371826172
Lung_Dx-A0262,0,0.3993430733680725,0.6006569266319275
Lung_Dx-A0262,0,0.17895591259002686,0.8210441470146179
Lung_Dx-A0262,0,0.5262210369110107,0.47377896308898926
Lung_Dx-A0262,0,0.45507752895355225,0.5449224710464478
Lung_Dx-A0262,0,0.9088609218597412,0.09113914519548416
Lung_Dx-A0262,0,0.8674854040145874,0.1325145661830902
Lung_Dx-A0262,0,0.8992984294891357,0.10070161521434784
Lung_Dx-A0262,0,0.4076133966445923,0.5923866033554077
Lung_Dx-A0262,0,0.8497219681739807,0.15027804672718048
Lung_Dx-A0262,0,0.026430636644363403,0.973569393157959
Lung_Dx-A0262,0,0.004736748989671469,0.9952632188796997
Lung_Dx-A0262,0,0.36330798268318176,0.6366919875144958
Lung_Dx-A0262,0,0.09518111497163773,0.9048188328742981
Lung_Dx-A0262,0,0.009250096045434475,0.9907498955726624
Lung_Dx-A0262,0,0.0005658799782395363,0.9994340538978577
Lung_Dx-A0262,0,0.47383981943130493,0.5261601805686951
Lung_Dx-A0262,0,0.0008882304537110031,0.9991117119789124
Lung_Dx-A0262,0,0.9429811239242554,0.057018861174583435
Lung_Dx-A0262,0,0.0023096217773854733,0.9976904392242432
Lung_Dx-A0262,0,0.7936662435531616,0.20633375644683838
Lung_Dx-A0262,0,0.0012424173764884472,0.9987576007843018
Lung_Dx-A0262,0,0.7673413753509521,0.23265865445137024
Lung_Dx-A0262,0,0.00016410437820013613,0.9998358488082886
Lung_Dx-A0262,0,0.9749406576156616,0.02505926974117756
Lung_Dx-A0262,0,0.0005614787223748863,0.999438464641571
Lung_Dx-A0262,0,0.8340692520141602,0.16593071818351746
Lung_Dx-A0262,0,0.001806685351766646,0.9981933236122131
Lung_Dx-A0262,0,0.9670388102531433,0.032961245626211166
Lung_Dx-A0262,0,0.007317397743463516,0.9926826357841492
Lung_Dx-A0262,0,0.9824735522270203,0.01752636395394802
Lung_Dx-A0262,0,0.2645958364009857,0.7354041337966919
Lung_Dx-A0262,0,0.1278158277273178,0.872184157371521
Lung_Dx-A0262,0,0.7225759029388428,0.27742403745651245
Lung_Dx-A0262,0,0.9744347929954529,0.025565212592482567
Lung_Dx-A0262,0,0.9656089544296265,0.03439110517501831
Lung_Dx-A0262,0,0.981788158416748,0.018211819231510162
Lung_Dx-A0262,0,0.9976722598075867,0.0023276936262845993
Lung_Dx-A0262,0,0.9987381100654602,0.0012619579210877419
Lung_Dx-A0262,0,0.9975513815879822,0.002448652870953083
Lung_Dx-A0262,0,0.9947900772094727,0.0052099935710430145
Lung_Dx-A0262,0,0.9982109069824219,0.0017891592578962445
Lung_Dx-A0262,0,0.9988462924957275,0.0011536478996276855
Lung_Dx-A0262,0,0.9989738464355469,0.001026206649839878
Lung_Dx-A0262,0,0.9983091354370117,0.0016908030956983566
Lung_Dx-A0262,0,0.9993857145309448,0.0006142271449789405
Lung_Dx-A0262,0,0.9992749094963074,0.0007250710041262209
Lung_Dx-A0262,0,0.9996904134750366,0.00030955098918639123
Lung_Dx-A0262,0,0.9991340041160583,0.0008659809827804565
Lung_Dx-A0262,0,0.9840936064720154,0.01590639166533947
Lung_Dx-A0262,0,0.9947900772094727,0.0052099935710430145
Lung_Dx-A0262,0,0.999868631362915,0.00013135180051904172
Lung_Dx-A0262,0,0.9952907562255859,0.004709205590188503
Lung_Dx-A0262,0,0.9934230446815491,0.006576998624950647
Lung_Dx-A0262,0,0.949669361114502,0.05033063143491745
Lung_Dx-A0262,0,0.9900250434875488,0.009974921122193336
Lung_Dx-A0262,0,0.9361100196838379,0.0638899877667427
Lung_Dx-A0262,0,0.26151949167251587,0.7384804487228394
Lung_Dx-A0262,0,0.002555886749178171,0.9974441528320312
Lung_Dx-A0262,0,0.0017409836873412132,0.9982590079307556
Lung_Dx-A0262,0,0.032620545476675034,0.9673795104026794
Lung_Dx-G0043,1,0.9976403713226318,0.0023596605751663446
Lung_Dx-G0043,1,0.9945730566978455,0.005426943302154541
Lung_Dx-G0043,1,0.9946046471595764,0.005395408719778061
Lung_Dx-G0043,1,0.9998944997787476,0.00010554686741670594
Lung_Dx-G0043,1,0.999922513961792,7.752413512207568e-05
Lung_Dx-G0043,1,0.9998421669006348,0.00015781863476149738
Lung_Dx-G0043,1,0.9998972415924072,0.00010270019993185997
Lung_Dx-G0043,1,0.9997712969779968,0.0002287133247591555
Lung_Dx-G0043,1,0.9995947480201721,0.0004052719159517437
Lung_Dx-G0043,1,0.9995112419128418,0.0004888105322606862
Lung_Dx-G0043,1,0.9999542236328125,4.575390994432382e-05
Lung_Dx-G0043,1,0.999956488609314,4.348858055891469e-05
Lung_Dx-G0043,1,0.999940037727356,5.9907062677666545e-05
Lung_Dx-G0043,1,0.9997325539588928,0.00026738259475678205
Lung_Dx-G0043,1,0.9999194145202637,8.061209518928081e-05
Lung_Dx-G0043,1,0.9998844861984253,0.0001154674610006623
Lung_Dx-G0043,1,0.9997739195823669,0.00022604932019021362
Lung_Dx-G0043,1,0.9999145269393921,8.547616744181141e-05
Lung_Dx-G0043,1,0.999832034111023,0.00016799535660538822
Lung_Dx-G0043,1,0.9999184608459473,8.156225521815941e-05
Lung_Dx-G0043,1,0.9996423721313477,0.00035766829387284815
Lung_Dx-G0043,1,0.9998205304145813,0.00017952796770259738
Lung_Dx-G0043,1,0.9998421669006348,0.00015781863476149738
Lung_Dx-G0043,1,0.9999364614486694,6.352188938762993e-05
Lung_Dx-G0043,1,0.9998568296432495,0.0001431373821105808
Lung_Dx-G0043,1,0.9997202754020691,0.00027966435300186276
Lung_Dx-G0043,1,0.9997574687004089,0.0002425115235382691
Lung_Dx-G0043,1,0.9984573125839233,0.0015427324688062072
Lung_Dx-G0043,1,0.9994986057281494,0.0005013742484152317
Lung_Dx-G0043,1,0.9998358488082886,0.00016410437820013613
Lung_Dx-G0043,1,0.9998557567596436,0.0001442598586436361
Lung_Dx-G0043,1,0.9998390674591064,0.00016093082376755774
Lung_Dx-G0043,1,0.9998205304145813,0.00017952796770259738
Lung_Dx-G0043,1,0.999913215637207,8.682211046107113e-05
Lung_Dx-G0043,1,0.999840259552002,0.00015967863146215677
Lung_Dx-G0043,1,0.9996678829193115,0.00033209225512109697
Lung_Dx-G0043,1,0.9999011754989624,9.876620606519282e-05
Lung_Dx-G0043,1,0.9996229410171509,0.0003770285693462938
Lung_Dx-G0043,1,0.9991768002510071,0.0008231386309489608
Lung_Dx-G0043,1,0.9997428059577942,0.00025714197545312345
Lung_Dx-G0043,1,0.9994896650314331,0.0005102608120068908
Lung_Dx-G0044,1,0.9917002320289612,0.008299686945974827
Lung_Dx-G0044,1,0.8934024572372437,0.10659755766391754
Lung_Dx-G0044,1,0.9996935129165649,0.00030654369038529694
Lung_Dx-G0044,1,0.9993000030517578,0.0007000407204031944
Lung_Dx-G0044,1,0.9969897270202637,0.0030101987067610025
Lung_Dx-G0044,1,0.9838160872459412,0.016183903440833092
Lung_Dx-G0044,1,0.07159119844436646,0.9284088015556335
Lung_Dx-G0044,1,0.0001590562314959243,0.9998409748077393
Lung_Dx-G0044,1,0.3124224543571472,0.6875775456428528
Lung_Dx-G0044,1,0.22422528266906738,0.7757747173309326
Lung_Dx-G0044,1,0.9724147915840149,0.027585284784436226
Lung_Dx-G0044,1,0.9996471405029297,0.00035281325108371675
Lung_Dx-G0044,1,0.7328308820724487,0.2671690881252289
Lung_Dx-G0044,1,0.9647224545478821,0.03527754545211792
Lung_Dx-G0044,1,0.997036337852478,0.0029636684339493513
Lung_Dx-G0044,1,0.6330133676528931,0.3669866621494293
Lung_Dx-G0044,1,0.4241548180580139,0.5758451819419861
Lung_Dx-G0044,1,0.8265718221664429,0.17342814803123474
Lung_Dx-G0044,1,0.6096585392951965,0.39034149050712585
Lung_Dx-G0044,1,0.043002646416425705,0.9569973349571228
Lung_Dx-G0044,1,0.025130948051810265,0.9748690724372864
Lung_Dx-G0044,1,3.626120133048971e-06,0.9999964237213135
Lung_Dx-G0044,1,0.05818508565425873,0.9418148994445801
Lung_Dx-G0044,1,0.007725534029304981,0.9922744631767273
Lung_Dx-G0044,1,0.0002429855230730027,0.9997569918632507
Lung_Dx-G0044,1,0.1184360682964325,0.8815639615058899
Lung_Dx-G0044,1,0.7951018214225769,0.2048981785774231
Lung_Dx-G0044,1,0.9988051652908325,0.001194878132082522
Lung_Dx-G0044,1,0.9755768775939941,0.024423090741038322
Lung_Dx-G0044,1,0.9904221296310425,0.009577910415828228
Lung_Dx-G0044,1,0.9873018264770508,0.012698198668658733
Lung_Dx-G0044,1,0.9055731296539307,0.09442687779664993
Lung_Dx-G0051,1,0.9369227886199951,0.0630771592259407
Lung_Dx-G0051,1,0.9858549237251282,0.014145104214549065
Lung_Dx-G0051,1,0.9903663396835327,0.009633652865886688
Lung_Dx-G0051,1,0.9213575720787048,0.07864238321781158
Lung_Dx-G0051,1,0.9607680439949036,0.03923192620277405
Lung_Dx-G0051,1,0.6547843813896179,0.34521564841270447
Lung_Dx-G0051,1,0.133584663271904,0.8664153218269348
Lung_Dx-G0051,1,0.7330220937728882,0.2669779658317566
Lung_Dx-G0051,1,0.9584988951683044,0.04150110110640526
Lung_Dx-G0051,1,0.1032954752445221,0.8967044949531555
Lung_Dx-G0051,1,0.001026206649839878,0.9989738464355469
Lung_Dx-G0051,1,0.5550885200500488,0.4449114501476288
Lung_Dx-G0051,1,0.5308369398117065,0.46916303038597107
Lung_Dx-G0051,1,0.000628784007858485,0.9993712306022644
Lung_Dx-G0051,1,1.46815209518536e-05,0.9999853372573853
Lung_Dx-G0051,1,1.4009213373356033e-05,0.999985933303833
Lung_Dx-G0051,1,4.165958671364933e-05,0.9999583959579468
Lung_Dx-G0051,1,0.00912563782185316,0.9908744096755981
Lung_Dx-G0051,1,0.06699522584676743,0.9330047965049744
Lung_Dx-G0051,1,0.01928960345685482,0.9807103276252747
Lung_Dx-G0051,1,0.00019110430730506778,0.9998089671134949
Lung_Dx-G0051,1,0.12907303869724274,0.8709269165992737
Lung_Dx-G0051,1,0.001325022429227829,0.9986749291419983
Lung_Dx-G0051,1,0.0027629986871033907,0.997236967086792
Lung_Dx-G0051,1,0.12352413684129715,0.8764759302139282
Lung_Dx-G0051,1,0.8121978640556335,0.18780207633972168
Lung_Dx-G0051,1,5.6497930927434936e-05,0.9999434947967529
Lung_Dx-G0051,1,0.0029984985012561083,0.9970014691352844
Lung_Dx-G0051,1,0.5515133142471313,0.44848665595054626
Lung_Dx-G0051,1,0.9547740817070007,0.04522590711712837
Lung_Dx-G0051,1,0.8225457668304443,0.17745423316955566
Lung_Dx-G0051,1,0.06650853157043457,0.9334914684295654
Lung_Dx-G0051,1,0.017358997836709023,0.9826410412788391
Lung_Dx-G0051,1,0.9867261648178101,0.013273888267576694
Lung_Dx-G0051,1,0.9233161807060242,0.07668379694223404
Lung_Dx-G0051,1,1.9449762476142496e-05,0.9999805688858032
Lung_Dx-G0051,1,0.07409725338220596,0.9259026646614075
Lung_Dx-G0051,1,0.969353199005127,0.030646776780486107
Lung_Dx-G0051,1,0.999160647392273,0.0008393599418923259
Lung_Dx-G0051,1,0.5156618356704712,0.4843381643295288
Lung_Dx-G0051,1,0.9779677391052246,0.02203226275742054
Lung_Dx-G0051,1,0.7130820751190186,0.28691792488098145
Lung_Dx-G0051,1,0.7412527799606323,0.2587471604347229
Lung_Dx-G0051,1,0.1359187662601471,0.8640812635421753
Lung_Dx-G0051,1,0.8839892745018005,0.11601079255342484
Lung_Dx-G0051,1,0.7373473048210144,0.2626526653766632
Lung_Dx-G0051,1,0.7284586429595947,0.2715413570404053
Lung_Dx-G0051,1,0.15980657935142517,0.8401934504508972
Lung_Dx-G0051,1,0.06284669786691666,0.9371532797813416
Lung_Dx-G0051,1,0.0070254080928862095,0.9929746389389038
Lung_Dx-G0051,1,0.9819965362548828,0.018003465607762337
Lung_Dx-G0051,1,0.9101468920707703,0.08985311537981033
Lung_Dx-G0051,1,0.9411693811416626,0.05883060395717621
Lung_Dx-G0051,1,0.9961829781532288,0.0038170497864484787
Lung_Dx-G0051,1,0.25450897216796875,0.7454910278320312
Lung_Dx-G0051,1,0.7756897807121277,0.2243102341890335
Lung_Dx-G0051,1,0.6323325037956238,0.3676675260066986
Lung_Dx-G0051,1,0.9071478247642517,0.0928521603345871
Lung_Dx-G0051,1,0.20593424141407013,0.7940657734870911
Lung_Dx-G0051,1,0.8303879499435425,0.1696120947599411
Lung_Dx-G0051,1,0.9212159514427185,0.07878401130437851
Lung_Dx-G0051,1,0.9216402173042297,0.07835981249809265
Lung_Dx-G0051,1,0.7387162446975708,0.261283814907074
Lung_Dx-G0051,1,0.994820237159729,0.005179713014513254
Lung_Dx-G0051,1,0.9824568033218384,0.017543187364935875
Lung_Dx-G0051,1,0.5846565961837769,0.41534340381622314
Lung_Dx-G0051,1,0.2417578250169754,0.7582421898841858
Lung_Dx-G0051,1,0.9992006421089172,0.0007993920589797199
Lung_Dx-G0051,1,0.9458513259887695,0.05414869263768196
Lung_Dx-G0051,1,0.3620382845401764,0.6379616856575012
Lung_Dx-G0051,1,0.6110338568687439,0.3889661431312561
Lung_Dx-G0051,1,0.8626412153244019,0.13735881447792053
Lung_Dx-G0051,1,0.842215359210968,0.1577846258878708
Lung_Dx-G0051,1,0.7729593515396118,0.2270405888557434
Lung_Dx-G0051,1,0.9092645049095154,0.09073548763990402
Lung_Dx-G0051,1,0.9745561480522156,0.02544385753571987
Lung_Dx-G0051,1,0.9621431827545166,0.03785684332251549
Lung_Dx-G0051,1,0.9790357351303101,0.020964238792657852
Lung_Dx-G0051,1,0.7990505695343018,0.20094941556453705
Lung_Dx-G0051,1,0.9814534187316895,0.018546564504504204
Lung_Dx-G0051,1,0.9685898423194885,0.03141012415289879
Lung_Dx-G0051,1,0.9646891355514526,0.03531079366803169
Lung_Dx-G0051,1,0.9961829781532288,0.0038170497864484787
Lung_Dx-G0051,1,0.9984573125839233,0.0015427324688062072
Lung_Dx-G0051,1,0.9886682629585266,0.011331754736602306
Lung_Dx-G0051,1,0.0649493932723999,0.9350505471229553
Lung_Dx-G0051,1,0.9498092532157898,0.05019078403711319
Lung_Dx-G0051,1,0.8944211602210999,0.10557884722948074
Lung_Dx-G0051,1,0.7636159658432007,0.23638398945331573
Lung_Dx-G0051,1,0.7019684910774231,0.2980314791202545
Lung_Dx-G0051,1,0.8931697010993958,0.10683029145002365
Lung_Dx-G0051,1,0.7012529373168945,0.2987470328807831
Lung_Dx-G0051,1,0.9968580007553101,0.0031419473234564066
Lung_Dx-G0056,1,0.9940080642700195,0.005991951562464237
Lung_Dx-G0056,1,0.7497290968894958,0.25027090311050415
Lung_Dx-G0056,1,0.9701834917068481,0.02981654182076454
Lung_Dx-G0056,1,0.6125848889350891,0.3874150812625885
Lung_Dx-G0056,1,0.05360114574432373,0.9463988542556763
Lung_Dx-G0056,1,0.007651031482964754,0.9923490285873413
Lung_Dx-G0056,1,0.42934712767601013,0.5706528425216675
Lung_Dx-G0056,1,0.2001665085554123,0.7998334765434265
Lung_Dx-G0056,1,0.945600688457489,0.05439931899309158
Lung_Dx-G0056,1,0.93974769115448,0.06025232374668121
Lung_Dx-G0056,1,0.12469184398651123,0.875308096408844
Lung_Dx-G0056,1,0.0029235430993139744,0.9970765113830566
Lung_Dx-G0056,1,0.039787810295820236,0.960212230682373
Lung_Dx-G0056,1,0.03963884338736534,0.9603611826896667
Lung_Dx-G0056,1,0.057864826172590256,0.942135214805603
Lung_Dx-G0056,1,0.0002387526328675449,0.9997612833976746
Lung_Dx-G0056,1,0.0014021304668858647,0.9985979199409485
Lung_Dx-G0056,1,0.00013873411808162928,0.9998612403869629
Lung_Dx-G0056,1,3.120191104244441e-05,0.9999687671661377
Lung_Dx-G0056,1,0.000460105889942497,0.9995399713516235
Lung_Dx-G0056,1,0.000161560601554811,0.9998384714126587
Lung_Dx-G0056,1,4.0210085217040614e-07,0.9999996423721313
Lung_Dx-G0056,1,0.0006324767600744963,0.9993675351142883
Lung_Dx-G0056,1,3.2504340197192505e-06,0.9999967813491821
Lung_Dx-G0056,1,3.982512680522632e-06,0.9999960660934448
Lung_Dx-G0056,1,0.007815889082849026,0.9921841025352478
Lung_Dx-G0056,1,0.04707418009638786,0.9529258608818054
Lung_Dx-G0056,1,0.00027159214369021356,0.9997283816337585
Lung_Dx-G0056,1,0.00011235327838221565,0.9998875856399536
Lung_Dx-G0056,1,6.949273665668443e-05,0.9999305009841919
Lung_Dx-G0056,1,0.03993731737136841,0.9600626826286316
Lung_Dx-G0056,1,0.00024441309506073594,0.9997555613517761
Lung_Dx-G0056,1,0.0009659749339334667,0.99903404712677
Lung_Dx-G0056,1,0.024869104847311974,0.9751308560371399
Lung_Dx-G0056,1,0.470090389251709,0.529909610748291
Lung_Dx-G0056,1,0.2950267791748047,0.7049732804298401
Lung_Dx-G0056,1,0.0005861161043867469,0.9994138479232788
Lung_Dx-G0056,1,0.15700756013393402,0.8429924845695496
Lung_Dx-G0056,1,0.006863781251013279,0.9931362867355347
Lung_Dx-G0056,1,0.009955651126801968,0.990044355392456
Lung_Dx-G0056,1,0.004038591403514147,0.9959613680839539
Lung_Dx-G0056,1,0.0021074723917990923,0.9978925585746765
Lung_Dx-G0056,1,0.011115012690424919,0.9888849258422852
Lung_Dx-G0056,1,0.06572467088699341,0.9342753291130066
Lung_Dx-G0056,1,0.7322090864181519,0.2677909731864929
Lung_Dx-G0056,1,0.14360755681991577,0.8563924431800842
Lung_Dx-G0056,1,0.6597340106964111,0.3402659296989441
Lung_Dx-G0056,1,0.2731379270553589,0.7268620729446411
Lung_Dx-G0056,1,0.009540924802422523,0.9904590845108032
Lung_Dx-A0171,0,0.9764232039451599,0.023576801642775536
Lung_Dx-A0171,0,0.9998225569725037,0.00017743678472470492
Lung_Dx-A0171,0,0.993854820728302,0.006145091727375984
Lung_Dx-A0171,0,0.9994725584983826,0.0005274784634821117
Lung_Dx-A0171,0,0.9998212456703186,0.00017882819520309567
Lung_Dx-A0171,0,0.9998736381530762,0.00012632041762117296
Lung_Dx-A0171,0,0.9994184970855713,0.0005815576878376305
Lung_Dx-A0171,0,0.9704926013946533,0.029507361352443695
Lung_Dx-A0171,0,0.9979210495948792,0.002078914549201727
Lung_Dx-A0171,0,0.9976586103439331,0.0023413405288010836
Lung_Dx-A0171,0,0.9981288313865662,0.001871210290119052
Lung_Dx-A0171,0,0.9992862343788147,0.0007138378568924963
Lung_Dx-A0171,0,0.9980005621910095,0.001999432221055031
Lung_Dx-A0171,0,0.9953181147575378,0.004681822843849659
Lung_Dx-A0171,0,0.9931760430335999,0.00682395463809371
Lung_Dx-A0171,0,0.9281486868858337,0.07185126841068268
Lung_Dx-A0171,0,0.9876639246940613,0.01233610138297081
Lung_Dx-A0171,0,0.994541347026825,0.00545866135507822
Lung_Dx-A0171,0,0.9980429410934448,0.001957016997039318
Lung_Dx-A0171,0,0.9992606043815613,0.000739361101295799
Lung_Dx-A0171,0,0.9947697520256042,0.005230278242379427
Lung_Dx-A0171,0,0.9995063543319702,0.0004936049808748066
Lung_Dx-A0171,0,0.9983927607536316,0.0016072202706709504
Lung_Dx-A0171,0,0.9991340041160583,0.0008659809827804565
Lung_Dx-A0171,0,0.9989616870880127,0.0010382907930761576
Lung_Dx-A0171,0,0.9867516756057739,0.013248330913484097
Lung_Dx-A0171,0,0.994929850101471,0.005070175509899855
Lung_Dx-A0171,0,0.9900636076927185,0.009936418384313583
Lung_Dx-A0171,0,0.9937950372695923,0.00620502233505249
Lung_Dx-A0171,0,0.998221218585968,0.0017787249526008964
Lung_Dx-A0171,0,0.9966495633125305,0.003350423416122794
Lung_Dx-A0171,0,0.9958821535110474,0.004117917735129595
Lung_Dx-A0171,0,0.9996724128723145,0.0003275842755101621
Lung_Dx-A0171,0,0.9977656602859497,0.002234362531453371
Lung_Dx-A0171,0,0.999808132648468,0.00019185213022865355
Lung_Dx-A0171,0,0.9998562335968018,0.0001436975144315511
Lung_Dx-A0171,0,0.9999299049377441,7.003774226177484e-05
Lung_Dx-A0171,0,0.9998103976249695,0.0001896174217108637
Lung_Dx-A0171,0,0.9983189702033997,0.0016809416702017188
Lung_Dx-A0171,0,0.9998722076416016,0.00012780926772393286
Lung_Dx-A0171,0,0.9998190999031067,0.0001809357781894505
Lung_Dx-A0171,0,0.9999732971191406,2.6688530851970427e-05
Lung_Dx-A0171,0,0.999993085861206,6.908076102263294e-06
Lung_Dx-A0171,0,0.9994946718215942,0.0005053045460954309
Lung_Dx-A0171,0,0.9999889135360718,1.108223386836471e-05
Lung_Dx-A0171,0,0.9997170567512512,0.0002829600707627833
Lung_Dx-A0171,0,0.9999231100082397,7.692087820032611e-05
Lung_Dx-A0171,0,0.999453604221344,0.0005463420529849827
Lung_Dx-A0171,0,0.9998717308044434,0.00012830943160224706
Lung_Dx-A0171,0,0.9993809461593628,0.000619041733443737
Lung_Dx-A0171,0,0.9997842907905579,0.00021569999807979912
Lung_Dx-A0171,0,0.999559223651886,0.0004407629603520036
Lung_Dx-A0171,0,0.9976677298545837,0.0023322340566664934
Lung_Dx-A0171,0,0.9997063279151917,0.000293654651613906
Lung_Dx-A0171,0,0.999127209186554,0.0008727670647203922
Lung_Dx-A0171,0,0.9999885559082031,1.1478769010864198e-05
Lung_Dx-A0171,0,0.9999736547470093,2.637760917423293e-05
Lung_Dx-A0171,0,0.9999371767044067,6.278188084252179e-05
Lung_Dx-A0171,0,0.999819815158844,0.00018023050506599247
Lung_Dx-A0171,0,0.9996395111083984,0.00036047250614501536
Lung_Dx-A0171,0,0.9999552965164185,4.469407213036902e-05
Lung_Dx-A0171,0,0.9997584223747253,0.00024156630388461053
Lung_Dx-A0171,0,0.9999165534973145,8.34962775115855e-05
Lung_Dx-A0171,0,0.9999874830245972,1.2557797163026407e-05
Lung_Dx-A0171,0,0.9997069239616394,0.0002930818300228566
Lung_Dx-A0171,0,0.9999737739562988,2.6172339858021587e-05
Lung_Dx-A0171,0,0.9999274015426636,7.254361844388768e-05
Lung_Dx-A0171,0,0.9995253086090088,0.0004747042548842728
Lung_Dx-A0171,0,0.9920002222061157,0.007999754510819912
Lung_Dx-A0171,0,0.9983674883842468,0.0016324889147654176
Lung_Dx-A0171,0,0.996434211730957,0.003565736347809434
Lung_Dx-A0171,0,0.9997418522834778,0.00025814815307967365
Lung_Dx-A0171,0,0.9996806383132935,0.0003193740267306566
Lung_Dx-A0171,0,0.9992648959159851,0.0007350447704084218
Lung_Dx-A0171,0,0.9984052777290344,0.0015947326319292188
Lung_Dx-A0171,0,0.9992634654045105,0.0007364808116108179
Lung_Dx-A0171,0,0.9982143640518188,0.001785674481652677
Lung_Dx-A0171,0,0.9990206956863403,0.000979259260930121
Lung_Dx-A0171,0,0.9999117851257324,8.818922651698813e-05
Lung_Dx-A0171,0,0.9998960494995117,0.0001039106646203436
Lung_Dx-A0171,0,0.9991030693054199,0.0008969393093138933
Lung_Dx-A0171,0,0.999789297580719,0.00021070436923764646
Lung_Dx-A0199,0,0.9570375084877014,0.04296246916055679
Lung_Dx-A0199,0,0.9861246943473816,0.013875309377908707
Lung_Dx-A0199,0,0.9616780281066895,0.038321975618600845
Lung_Dx-A0199,0,0.9879229664802551,0.012077060528099537
Lung_Dx-A0199,0,0.9955403208732605,0.004459704738110304
Lung_Dx-A0199,0,0.7941456437110901,0.2058544158935547
Lung_Dx-A0199,0,0.5128412842750549,0.48715874552726746
Lung_Dx-A0199,0,0.3709372282028198,0.629062831401825
Lung_Dx-A0199,0,0.879561185836792,0.12043881416320801
Lung_Dx-A0199,0,0.7044143676757812,0.29558563232421875
Lung_Dx-A0199,0,0.9343951344490051,0.06560482829809189
Lung_Dx-A0199,0,0.2888699173927307,0.7111300826072693
Lung_Dx-A0199,0,0.17433996498584747,0.825659990310669
Lung_Dx-A0199,0,0.9503188729286194,0.049681156873703
Lung_Dx-A0199,0,0.2560870945453644,0.7439128756523132
Lung_Dx-A0199,0,0.6509667038917542,0.3490333557128906
Lung_Dx-A0199,0,0.9936116337776184,0.006388320587575436
Lung_Dx-A0199,0,0.24382245540618896,0.756177544593811
Lung_Dx-A0199,0,0.9662834405899048,0.033716537058353424
Lung_Dx-A0199,0,0.9985979199409485,0.0014021304668858647
Lung_Dx-A0199,0,0.996616780757904,0.003383191069588065
Lung_Dx-A0199,0,0.746647298336029,0.25335267186164856
Lung_Dx-A0199,0,0.9991390705108643,0.0008609260548837483
Lung_Dx-A0199,0,0.5175556540489197,0.4824443459510803
Lung_Dx-A0199,0,0.7229183912277222,0.27708160877227783
Lung_Dx-A0199,0,0.9992357492446899,0.0007643033168278635
Lung_Dx-A0199,0,0.9998517036437988,0.0001482583029428497
Lung_Dx-A0199,0,0.9994296431541443,0.0005703156930394471
Lung_Dx-A0199,0,0.9128255248069763,0.08717450499534607
Lung_Dx-A0199,0,0.944587230682373,0.05541279539465904
Lung_Dx-A0199,0,0.43635180592536926,0.5636481642723083
Lung_Dx-A0206,0,0.9965837001800537,0.00341627886518836
Lung_Dx-A0206,0,0.9982073307037354,0.001792650786228478
Lung_Dx-A0206,0,0.9970536231994629,0.0029464049730449915
Lung_Dx-A0206,0,0.9926542043685913,0.007345826365053654
Lung_Dx-A0206,0,0.9194981455802917,0.08050192147493362
Lung_Dx-A0206,0,0.9931495785713196,0.006850480102002621
Lung_Dx-A0206,0,0.9069831967353821,0.09301680326461792
Lung_Dx-A0206,0,0.9976403713226318,0.0023596605751663446
Lung_Dx-A0206,0,0.9948803186416626,0.005119676236063242
Lung_Dx-A0206,0,0.9932156205177307,0.006784358527511358
Lung_Dx-A0206,0,0.9966365098953247,0.003363492665812373
Lung_Dx-A0206,0,0.9846346974372864,0.015365342609584332
Lung_Dx-A0206,0,0.9925249218940735,0.007475120481103659
Lung_Dx-A0206,0,0.9833109378814697,0.016689060255885124
Lung_Dx-A0206,0,0.9694401025772095,0.03055986389517784
Lung_Dx-A0206,0,0.9992296695709229,0.0007702931761741638
Lung_Dx-A0206,0,0.9960927367210388,0.003907214850187302
Lung_Dx-A0212,0,0.9986593723297119,0.0013406203361228108
Lung_Dx-A0212,0,0.9988817572593689,0.0011181936133652925
Lung_Dx-A0212,0,0.9996587038040161,0.000341295002726838
Lung_Dx-A0212,0,0.9984176158905029,0.001582341967150569
Lung_Dx-A0212,0,0.9992145299911499,0.0007854739669710398
Lung_Dx-A0212,0,0.9999905824661255,9.405384844285436e-06
Lung_Dx-A0212,0,0.9990527033805847,0.0009473090176470578
Lung_Dx-A0212,0,0.998121440410614,0.0018785203574225307
Lung_Dx-A0212,0,0.9975466132164001,0.002453428227454424
Lung_Dx-A0212,0,0.9987576007843018,0.0012424173764884472
Lung_Dx-A0212,0,0.9994184970855713,0.0005815576878376305
Lung_Dx-A0212,0,0.9987305998802185,0.0012693643802776933
Lung_Dx-A0212,0,0.9982385635375977,0.001761469873599708
Lung_Dx-A0212,0,0.997945249080658,0.0020547446329146624
Lung_Dx-A0212,0,0.9973785877227783,0.0026214411482214928
Lung_Dx-A0212,0,0.9994557499885559,0.0005442132242023945
Lung_Dx-A0212,0,0.999968409538269,3.156969614792615e-05
Lung_Dx-A0212,0,0.9998902082443237,0.00010975090117426589
Lung_Dx-A0212,0,0.9999535083770752,4.6474400733131915e-05
Lung_Dx-A0212,0,0.9999843835830688,1.5567453374387696e-05
Lung_Dx-A0212,0,0.9999243021011353,7.572842878289521e-05
Lung_Dx-A0212,0,0.999321460723877,0.0006785172154195607
Lung_Dx-A0212,0,0.9999046325683594,9.535461140330881e-05
Lung_Dx-A0212,0,0.9999209642410278,7.905303937150165e-05
Lung_Dx-A0212,0,0.9996236562728882,0.00037629317375831306
Lung_Dx-A0212,0,0.9999557733535767,4.4173393689561635e-05
Lung_Dx-A0212,0,0.9999980926513672,1.933358362293802e-06
Lung_Dx-A0212,0,0.9994058609008789,0.0005941797280684114
Lung_Dx-A0212,0,0.9996330738067627,0.00036686257226392627
Lung_Dx-A0212,0,0.9997989535331726,0.00020105745352339
Lung_Dx-A0212,0,0.9997950196266174,0.000205022151931189
Lung_Dx-A0212,0,0.9839400053024292,0.016059981659054756
Lung_Dx-A0212,0,0.9971827268600464,0.0028173404280096292
Lung_Dx-A0212,0,0.9990130662918091,0.0009869320783764124
Lung_Dx-A0212,0,0.9995054006576538,0.0004945695400238037
Lung_Dx-A0212,0,0.9995187520980835,0.0004812357947230339
Lung_Dx-A0212,0,0.9997051358222961,0.0002948036417365074
Lung_Dx-A0212,0,0.999657392501831,0.00034263040288351476
Lung_Dx-A0212,0,0.9999194145202637,8.061209518928081e-05
Lung_Dx-A0212,0,0.9999011754989624,9.876620606519282e-05
Lung_Dx-A0212,0,0.9998944997787476,0.00010554686741670594
Lung_Dx-A0212,0,0.9997748732566833,0.00022516825993079692
Lung_Dx-A0212,0,0.9998433589935303,0.0001565906568430364
Lung_Dx-A0212,0,0.9997418522834778,0.00025814815307967365
Lung_Dx-A0212,0,0.9998722076416016,0.00012780926772393286
Lung_Dx-A0212,0,0.999943733215332,5.62776840524748e-05
Lung_Dx-A0212,0,0.9997316002845764,0.0002684288483578712
Lung_Dx-A0212,0,0.9995390176773071,0.0004610049945767969
Lung_Dx-A0212,0,0.9999653100967407,3.467241913313046e-05
Lung_Dx-A0212,0,0.9999030828475952,9.68560780165717e-05
Lung_Dx-A0212,0,0.9998706579208374,0.00012931565288454294
Lung_Dx-A0212,0,0.9998992681503296,0.00010071400174638256
Lung_Dx-A0212,0,0.9997147917747498,0.00028517868486233056
Lung_Dx-A0212,0,0.9996743202209473,0.0003256710770074278
Lung_Dx-A0212,0,0.9999697208404541,3.0241957574617118e-05
Lung_Dx-A0212,0,0.9999809265136719,1.9073577277595177e-05
Lung_Dx-A0212,0,0.999924898147583,7.513914897572249e-05
Lung_Dx-A0212,0,0.999695897102356,0.00030415886431001127
Lung_Dx-A0212,0,0.9998618364334106,0.00013819332525599748
Lung_Dx-A0212,0,0.9973008036613464,0.0026991665363311768
Lung_Dx-A0212,0,0.9751308560371399,0.024869104847311974
Lung_Dx-A0212,0,0.9996880292892456,0.0003119780740235001
Lung_Dx-A0212,0,0.9998562335968018,0.0001436975144315511
Lung_Dx-A0212,0,0.999503493309021,0.0004965042462572455
Lung_Dx-A0212,0,0.9991880059242249,0.0008119703852571547
Lung_Dx-A0212,0,0.9983059167861938,0.0016941032372415066
Lung_Dx-A0212,0,0.999464213848114,0.0005357805639505386
Lung_Dx-A0212,0,0.9988883137702942,0.0011116680689156055
Lung_Dx-A0212,0,0.9998936653137207,0.00010637458763085306
Lung_Dx-A0212,0,0.9989956021308899,0.001004416262730956
Lung_Dx-A0212,0,0.9998888969421387,0.0001110444645746611
Lung_Dx-A0212,0,0.996870219707489,0.0031297362875193357
Lung_Dx-A0212,0,0.9976904392242432,0.0023096217773854733
Lung_Dx-A0212,0,0.9996125102043152,0.00038747614598833025
Lung_Dx-A0212,0,0.997236967086792,0.0027629986871033907
Lung_Dx-A0212,0,0.9997695088386536,0.00023050671734381467
Lung_Dx-A0212,0,0.9997826218605042,0.00021739141084253788
Lung_Dx-A0212,0,0.9999605417251587,3.9442587876692414e-05
Lung_Dx-A0212,0,0.9769787192344666,0.023021256551146507
Lung_Dx-A0212,0,0.993320107460022,0.006679879035800695
Lung_Dx-A0212,0,0.9978384375572205,0.0021615505684167147
Lung_Dx-A0212,0,0.8919052481651306,0.10809476673603058
Lung_Dx-A0212,0,0.8738621473312378,0.1261378973722458
Lung_Dx-A0212,0,0.5445289015769958,0.45547106862068176
Lung_Dx-A0213,0,0.8203255534172058,0.17967446148395538
Lung_Dx-A0213,0,0.8203255534172058,0.17967446148395538
Lung_Dx-A0213,0,0.9935992956161499,0.0064007299952209
Lung_Dx-A0213,0,0.9935992956161499,0.0064007299952209
Lung_Dx-A0213,0,0.9978342652320862,0.00216576736420393
Lung_Dx-A0213,0,0.9978342652320862,0.00216576736420393
Lung_Dx-A0213,0,0.9804125428199768,0.019587421789765358
Lung_Dx-A0213,0,0.9804125428199768,0.019587421789765358
Lung_Dx-A0213,0,0.9983189702033997,0.0016809416702017188
Lung_Dx-A0213,0,0.9983189702033997,0.0016809416702017188
Lung_Dx-A0213,0,0.9997708201408386,0.00022916035959497094
Lung_Dx-A0213,0,0.9997708201408386,0.00022916035959497094
Lung_Dx-A0213,0,0.9977872371673584,0.002212696708738804
Lung_Dx-A0213,0,0.9977872371673584,0.002212696708738804
Lung_Dx-A0213,0,0.9983189702033997,0.0016809416702017188
Lung_Dx-A0213,0,0.9983189702033997,0.0016809416702017188
Lung_Dx-A0213,0,0.9994714856147766,0.0005285091465339065
Lung_Dx-A0213,0,0.9994714856147766,0.0005285091465339065
Lung_Dx-A0213,0,0.8459424376487732,0.1540575623512268
Lung_Dx-A0213,0,0.8459424376487732,0.1540575623512268
Lung_Dx-A0213,0,0.875308096408844,0.12469184398651123
Lung_Dx-A0213,0,0.875308096408844,0.12469184398651123
Lung_Dx-A0213,0,0.9998511075973511,0.00014883847325108945
Lung_Dx-A0213,0,0.9998511075973511,0.00014883847325108945
Lung_Dx-A0213,0,0.16817277669906616,0.8318272233009338
Lung_Dx-A0213,0,0.16817277669906616,0.8318272233009338
Lung_Dx-A0213,0,0.5624619126319885,0.4375380873680115
Lung_Dx-A0213,0,0.5624619126319885,0.4375380873680115
Lung_Dx-A0213,0,0.983628511428833,0.016371551901102066
Lung_Dx-A0213,0,0.983628511428833,0.016371551901102066
Lung_Dx-A0213,0,0.42727723717689514,0.5727227926254272
Lung_Dx-A0213,0,0.42727723717689514,0.5727227926254272
Lung_Dx-A0213,0,0.8886622190475464,0.11133779585361481
Lung_Dx-A0213,0,0.8886622190475464,0.11133779585361481
Lung_Dx-A0213,0,0.9680808186531067,0.03191915154457092
Lung_Dx-A0213,0,0.9680808186531067,0.03191915154457092
Lung_Dx-A0213,0,0.42605292797088623,0.5739470720291138
Lung_Dx-A0213,0,0.42605292797088623,0.5739470720291138
Lung_Dx-A0213,0,0.22635580599308014,0.7736441493034363
Lung_Dx-A0213,0,0.22635580599308014,0.7736441493034363
Lung_Dx-A0213,0,0.10567109286785126,0.8943288922309875
Lung_Dx-A0213,0,0.10567109286785126,0.8943288922309875
Lung_Dx-A0213,0,0.13770632445812225,0.8622937202453613
Lung_Dx-A0213,0,0.13770632445812225,0.8622937202453613
Lung_Dx-A0213,0,0.8688268065452576,0.13117322325706482
Lung_Dx-A0213,0,0.8688268065452576,0.13117322325706482
Lung_Dx-A0213,0,0.3127896785736084,0.6872103214263916
Lung_Dx-A0213,0,0.3127896785736084,0.6872103214263916
Lung_Dx-A0213,0,0.023286305367946625,0.9767136573791504
Lung_Dx-A0213,0,0.023286305367946625,0.9767136573791504
Lung_Dx-A0213,0,6.922183092683554e-05,0.999930739402771
Lung_Dx-A0213,0,6.922183092683554e-05,0.999930739402771
Lung_Dx-A0213,0,0.023712068796157837,0.9762879610061646
Lung_Dx-A0213,0,0.023712068796157837,0.9762879610061646
Lung_Dx-A0213,0,0.2707693576812744,0.7292305827140808
Lung_Dx-A0213,0,0.2707693576812744,0.7292305827140808
Lung_Dx-A0213,0,0.9589241147041321,0.04107588902115822
Lung_Dx-A0213,0,0.9589241147041321,0.04107588902115822
Lung_Dx-A0223,0,0.9989616870880127,0.0010382907930761576
Lung_Dx-A0223,0,0.9999138116836548,8.614650869276375e-05
Lung_Dx-A0223,0,0.9999499320983887,5.0054717576131225e-05
Lung_Dx-A0223,0,0.9999011754989624,9.876620606519282e-05
Lung_Dx-A0223,0,0.9997225403785706,0.0002774886379484087
Lung_Dx-A0223,0,0.9996026158332825,0.00039743640809319913
Lung_Dx-A0223,0,0.9998236298561096,0.0001764003245625645
Lung_Dx-A0223,0,0.9993081092834473,0.0006918906001374125
Lung_Dx-A0223,0,0.999879002571106,0.00012100819731131196
Lung_Dx-A0223,0,0.9999030828475952,9.68560780165717e-05
Lung_Dx-A0223,0,0.9996178150177002,0.00038221667637117207
Lung_Dx-A0223,0,0.9970247149467468,0.0029752333648502827
Lung_Dx-A0223,0,0.9961230158805847,0.0038769261445850134
Lung_Dx-A0223,0,0.9987768530845642,0.001223179162479937
Lung_Dx-A0223,0,0.9975892305374146,0.0024107815697789192
Lung_Dx-A0223,0,0.9979129433631897,0.0020870345178991556
Lung_Dx-A0223,0,0.9973785877227783,0.0026214411482214928
Lung_Dx-A0223,0,0.9992160797119141,0.0007839425816200674
Lung_Dx-A0223,0,0.9996273517608643,0.0003726376744452864
Lung_Dx-A0223,0,0.9986006617546082,0.0013993984321132302
Lung_Dx-A0223,0,0.9997672438621521,0.00023276827414520085
Lung_Dx-A0223,0,0.9997681975364685,0.00023186100588645786
Lung_Dx-A0223,0,0.9997809529304504,0.00021909605129621923
Lung_Dx-A0223,0,0.9979332685470581,0.0020667947828769684
Lung_Dx-A0223,0,0.9490590691566467,0.05094091221690178
Lung_Dx-A0223,0,0.9936610460281372,0.006338921375572681
Lung_Dx-A0223,0,0.9962638020515442,0.0037362207658588886
Lung_Dx-A0223,0,0.9987840056419373,0.0012160416226834059
Lung_Dx-A0223,0,0.9954261183738708,0.004573863931000233
Lung_Dx-A0223,0,0.9982826709747314,0.0017173837404698133
Lung_Dx-A0223,0,0.9954791069030762,0.004520817194133997
Lung_Dx-A0223,0,0.9961680769920349,0.0038319320883601904
Lung_Dx-A0225,0,0.8387458324432373,0.16125419735908508
Lung_Dx-A0225,0,0.8945133090019226,0.105486661195755
Lung_Dx-A0225,0,0.9892855286598206,0.010714440606534481
Lung_Dx-A0225,0,0.9934991598129272,0.006500871852040291
Lung_Dx-A0225,0,0.9596865773200989,0.04031343758106232
Lung_Dx-A0225,0,0.8864204287528992,0.11357959359884262
Lung_Dx-A0225,0,0.4027150869369507,0.5972849726676941
Lung_Dx-A0225,0,0.751921534538269,0.24807849526405334
Lung_Dx-A0225,0,0.2018132209777832,0.7981867790222168
Lung_Dx-A0225,0,0.7978719472885132,0.20212800800800323
Lung_Dx-A0225,0,0.2572516202926636,0.7427484393119812
Lung_Dx-A0225,0,0.86910480260849,0.1308952420949936
Lung_Dx-A0225,0,0.9902161359786987,0.009783875197172165
Lung_Dx-A0225,0,0.9999035596847534,9.647852130001411e-05
Lung_Dx-A0225,0,0.9996976852416992,0.0003023824538104236
Lung_Dx-A0225,0,0.9999620914459229,3.7931622500764206e-05
Lung_Dx-A0225,0,0.9864678382873535,0.01353214867413044
Lung_Dx-A0225,0,0.9999575614929199,4.248120603733696e-05
Lung_Dx-A0225,0,0.9993988275527954,0.0006011794903315604
Lung_Dx-A0225,0,0.9981720447540283,0.0018279430223628879
Lung_Dx-A0225,0,0.9325147271156311,0.06748521327972412
Lung_Dx-A0225,0,0.9980199337005615,0.0019800397567451
Lung_Dx-A0225,0,0.9983124732971191,0.0016875095898285508
Lung_Dx-A0225,0,0.9977872371673584,0.002212696708738804
Lung_Dx-A0225,0,0.9913390278816223,0.008660931140184402
Lung_Dx-A0225,0,0.9981933236122131,0.001806685351766646
Lung_Dx-A0225,0,0.9952356219291687,0.004764452576637268
Lung_Dx-A0225,0,0.9934484362602234,0.00655152415856719
Lung_Dx-A0225,0,0.9991065859794617,0.000893445685505867
Lung_Dx-A0225,0,0.9981827735900879,0.001817283220589161
Lung_Dx-A0225,0,0.9986853003501892,0.001314724562689662
Lung_Dx-A0225,0,0.9978677034378052,0.002132261637598276
Lung_Dx-A0225,0,0.9944451451301575,0.005554925184696913
Lung_Dx-A0225,0,0.9323918223381042,0.06760822981595993
Lung_Dx-A0225,0,0.9939963817596436,0.006003595422953367
Lung_Dx-A0225,0,0.9930693507194519,0.006930672097951174
Lung_Dx-A0225,0,0.9962199330329895,0.0037800956051796675
Lung_Dx-A0225,0,0.9379537105560303,0.06204626336693764
Lung_Dx-A0225,0,0.9976677298545837,0.0023322340566664934
Lung_Dx-A0225,0,0.8057851195335388,0.19421495497226715
Lung_Dx-A0226,0,0.17265954613685608,0.8273404240608215
Lung_Dx-A0226,0,0.3233534097671509,0.6766465902328491
Lung_Dx-A0226,0,0.0011786720715463161,0.9988213181495667
Lung_Dx-A0226,0,0.3982308804988861,0.6017690896987915
Lung_Dx-A0226,0,0.7885017395019531,0.2114982306957245
Lung_Dx-A0226,0,0.9973989725112915,0.0026010938454419374
Lung_Dx-A0226,0,0.9997413754463196,0.00025865272618830204
Lung_Dx-A0226,0,0.9901401400566101,0.00985985528677702
Lung_Dx-A0226,0,0.9321451187133789,0.0678548812866211
Lung_Dx-A0226,0,0.9992341995239258,0.0007657963433302939
Lung_Dx-A0226,0,0.9997730851173401,0.00022693384380545467
Lung_Dx-A0226,0,0.9999158382415771,8.415109914494678e-05
Lung_Dx-A0226,0,0.9977568984031677,0.0022430878598243
Lung_Dx-A0226,0,0.9999110698699951,8.888084994396195e-05
Lung_Dx-A0226,0,0.9991638660430908,0.0008360903011634946
Lung_Dx-A0226,0,0.9888418912887573,0.011158030480146408
Lung_Dx-A0226,0,0.9624266624450684,0.037573304027318954
Lung_Dx-A0226,0,0.9489172697067261,0.05108273774385452
Lung_Dx-A0226,0,0.9875922799110413,0.0124076958745718
Lung_Dx-A0226,0,0.9994230270385742,0.0005770345451310277
Lung_Dx-A0226,0,0.9998239874839783,0.00017605620087124407
Lung_Dx-A0226,0,0.9930423498153687,0.00695760827511549
Lung_Dx-A0226,0,0.9966819882392883,0.003317971481010318
Lung_Dx-A0226,0,0.9989637136459351,0.0010362669127061963
Lung_Dx-A0226,0,0.9953272342681885,0.004672730341553688
Lung_Dx-A0226,0,0.9890130758285522,0.01098694372922182
Lung_Dx-A0228,0,0.9955489635467529,0.004451041109859943
Lung_Dx-A0228,0,0.9923933744430542,0.0076066721230745316
Lung_Dx-A0228,0,0.997368335723877,0.0026316740550100803
Lung_Dx-A0228,0,0.9993988275527954,0.0006011794903315604
Lung_Dx-A0228,0,0.9988259673118591,0.0011740823974832892
Lung_Dx-A0228,0,0.9997075200080872,0.000292510143481195
Lung_Dx-A0228,0,0.9995867609977722,0.0004132619360461831
Lung_Dx-A0228,0,0.9989916682243347,0.001008343417197466
Lung_Dx-A0228,0,0.9992175102233887,0.0007824140484444797
Lung_Dx-A0228,0,0.9988969564437866,0.0011030265595763922
Lung_Dx-A0228,0,0.9985104203224182,0.0014895173953846097
Lung_Dx-A0228,0,0.9995531439781189,0.0004468277038540691
Lung_Dx-A0228,0,0.9995131492614746,0.0004869057156611234
Lung_Dx-A0242,0,0.9993663430213928,0.0006337125669233501
Lung_Dx-A0242,0,0.9998812675476074,0.000118667958304286
Lung_Dx-A0242,0,0.9998306035995483,0.00016931271238718182
Lung_Dx-A0242,0,0.9996416568756104,0.0003583672805689275
Lung_Dx-A0242,0,0.9996140599250793,0.0003859660937450826
Lung_Dx-A0242,0,0.9992693066596985,0.0007307537016458809
Lung_Dx-A0242,0,0.9997279047966003,0.0002721229684539139
Lung_Dx-A0242,0,0.9997063279151917,0.000293654651613906
Lung_Dx-A0242,0,0.9997503161430359,0.00024971968377940357
Lung_Dx-A0242,0,0.9998849630355835,0.0001150173629866913
Lung_Dx-A0242,0,0.9997498393058777,0.000250207755016163
Lung_Dx-A0242,0,0.9997993111610413,0.0002006652212003246
Lung_Dx-A0242,0,0.9977038502693176,0.0022961588110774755
Lung_Dx-A0242,0,0.9988418221473694,0.0011581579456105828
Lung_Dx-A0242,0,0.9997351765632629,0.0002647848450578749
Lung_Dx-A0242,0,0.9995253086090088,0.0004747042548842728
Lung_Dx-A0242,0,0.9984782338142395,0.0015218157786875963
Lung_Dx-A0242,0,0.9992819428443909,0.0007180297980085015
Lung_Dx-A0242,0,0.9977612495422363,0.0022387211211025715
Lung_Dx-A0242,0,0.9987280964851379,0.0012718428624793887
Lung_Dx-A0242,0,0.9984899759292603,0.0015099908923730254
Lung_Dx-A0242,0,0.9988686442375183,0.0011313597206026316
Lung_Dx-A0242,0,0.9931228756904602,0.0068771070800721645
Lung_Dx-A0242,0,0.9971771240234375,0.002822832902893424
Lung_Dx-A0242,0,0.9955403208732605,0.004459704738110304
Lung_Dx-A0242,0,0.9947595000267029,0.00524044968187809
Lung_Dx-A0242,0,0.9983417987823486,0.001658154185861349
Lung_Dx-A0242,0,0.9974491000175476,0.0025509123224765062
Lung_Dx-A0242,0,0.9856215119361877,0.014378489926457405
Lung_Dx-A0242,0,0.9114953279495239,0.08850466459989548
Lung_Dx-A0242,0,0.9420285820960999,0.05797139182686806
Lung_Dx-A0242,0,0.9933330416679382,0.006666931789368391
Lung_Dx-A0242,0,0.9910145401954651,0.008985428139567375
Lung_Dx-A0242,0,0.9830688238143921,0.016931161284446716
Lung_Dx-A0242,0,0.9558990597724915,0.044100914150476456
Lung_Dx-A0242,0,0.9404625296592712,0.059537485241889954
Lung_Dx-A0242,0,0.9244834184646606,0.07551658153533936
Lung_Dx-A0242,0,0.9493416547775269,0.05065838247537613
Lung_Dx-A0242,0,0.9962345957756042,0.0037654137704521418
Lung_Dx-A0242,0,0.9718592762947083,0.028140753507614136
Lung_Dx-A0242,0,0.9929060935974121,0.007093861699104309
Lung_Dx-A0242,0,0.9984269142150879,0.0015731120947748423
Lung_Dx-A0242,0,0.9958741068840027,0.004125935025513172
Lung_Dx-A0242,0,0.9937345385551453,0.006265534088015556
Lung_Dx-A0242,0,0.9909447431564331,0.009055264294147491
Lung_Dx-A0242,0,0.9915707111358643,0.008429286070168018
Lung_Dx-A0242,0,0.9825239777565002,0.01747598871588707
Lung_Dx-A0242,0,0.9767802357673645,0.023219766095280647
Lung_Dx-A0242,0,0.9842910766601562,0.015708882361650467
Lung_Dx-A0242,0,0.9884250164031982,0.011574994772672653
Lung_Dx-A0242,0,0.9963570237159729,0.0036428910680115223
Lung_Dx-A0242,0,0.9837537407875061,0.016246216371655464
Lung_Dx-A0242,0,0.9874961376190186,0.01250379253178835
Lung_Dx-A0242,0,0.9959378242492676,0.004062228836119175
Lung_Dx-A0242,0,0.9951889514923096,0.004810982383787632
Lung_Dx-A0242,0,0.9967206120491028,0.0032794431317597628
Lung_Dx-A0242,0,0.9916033148765564,0.008396700024604797
Lung_Dx-A0242,0,0.9779677391052246,0.02203226275742054
Lung_Dx-A0242,0,0.9953181147575378,0.004681822843849659
Lung_Dx-A0242,0,0.9915052056312561,0.008494837209582329
Lung_Dx-A0242,0,0.9934357404708862,0.0065642488189041615
Lung_Dx-A0242,0,0.9916033148765564,0.008396700024604797
Lung_Dx-A0242,0,0.9888418912887573,0.011158030480146408
Lung_Dx-A0242,0,0.9890130758285522,0.01098694372922182
Lung_Dx-A0242,0,0.980205237865448,0.019794780761003494
Lung_Dx-A0242,0,0.9889918565750122,0.0110081871971488
Lung_Dx-A0242,0,0.9890975952148438,0.010902373120188713
Lung_Dx-A0242,0,0.9844264388084412,0.015573563054203987
Lung_Dx-A0242,0,0.9937100410461426,0.006289901677519083
Lung_Dx-A0242,0,0.9889063835144043,0.011093567125499249
Lung_Dx-A0242,0,0.957277774810791,0.0427221953868866
Lung_Dx-A0242,0,0.9930827617645264,0.006917241960763931
Lung_Dx-A0242,0,0.9880620241165161,0.011938040144741535
Lung_Dx-A0242,0,0.9937345385551453,0.006265534088015556
Lung_Dx-A0242,0,0.9962419271469116,0.0037580945063382387
Lung_Dx-A0242,0,0.995718777179718,0.004281254485249519
Lung_Dx-A0242,0,0.9985814094543457,0.001418634899891913
Lung_Dx-A0242,0,0.9965837001800537,0.00341627886518836
Lung_Dx-A0242,0,0.9869040250778198,0.013096004724502563
Lung_Dx-A0242,0,0.9773492217063904,0.022650809958577156
Lung_Dx-A0242,0,0.994830310344696,0.0051696584559977055
Lung_Dx-A0242,0,0.9986329674720764,0.001367025775834918
Lung_Dx-A0242,0,0.9950273633003235,0.004972596652805805
Lung_Dx-A0242,0,0.9872281551361084,0.012771868146955967
Lung_Dx-A0242,0,0.9930423498153687,0.00695760827511549
Lung_Dx-A0242,0,0.9909797310829163,0.00902028102427721
Lung_Dx-A0242,0,0.990767776966095,0.009232214652001858
Lung_Dx-A0242,0,0.9874961376190186,0.01250379253178835
Lung_Dx-A0242,0,0.9829546809196472,0.017045317217707634
Lung_Dx-A0242,0,0.9849563241004944,0.015043660998344421
Lung_Dx-A0242,0,0.993854820728302,0.006145091727375984
Lung_Dx-A0242,0,0.9777776002883911,0.02222243882715702
Lung_Dx-A0242,0,0.9826908707618713,0.017309095710515976
Lung_Dx-A0242,0,0.9926967024803162,0.007303223479539156
Lung_Dx-A0242,0,0.9766023755073547,0.023397620767354965
Lung_Dx-A0242,0,0.9904959201812744,0.009504081681370735
Lung_Dx-A0242,0,0.9777138829231262,0.02228618785738945
Lung_Dx-A0242,0,0.9845902919769287,0.01540972851216793
Lung_Dx-A0242,0,0.9960391521453857,0.003960787318646908
Lung_Dx-A0242,0,0.9955403208732605,0.004459704738110304
Lung_Dx-A0242,0,0.9965969920158386,0.0034030054230242968
Lung_Dx-A0242,0,0.9976904392242432,0.0023096217773854733
Lung_Dx-A0242,0,0.9995651841163635,0.0004347805224824697
Lung_Dx-A0242,0,0.9996416568756104,0.0003583672805689275
Lung_Dx-A0242,0,0.9995112419128418,0.0004888105322606862
Lung_Dx-A0242,0,0.9996294975280762,0.00037046143552288413
Lung_Dx-A0242,0,0.9995307922363281,0.00046917638974264264
Lung_Dx-A0242,0,0.9999556541442871,4.434627408045344e-05
Lung_Dx-A0242,0,0.9999520778656006,4.794958294951357e-05
Lung_Dx-A0242,0,0.9999711513519287,2.8857119104941376e-05
Lung_Dx-A0242,0,0.9999692440032959,3.071818355238065e-05
Lung_Dx-A0242,0,0.9999810457229614,1.8925147742265835e-05
Lung_Dx-A0242,0,0.9999898672103882,1.0090498108183965e-05
Lung_Dx-A0242,0,0.9989718198776245,0.0010282108560204506
Lung_Dx-A0242,0,0.9997459053993225,0.00025414698757231236
Lung_Dx-A0242,0,0.9967333078384399,0.003266699379310012
Lung_Dx-A0242,0,0.9889918565750122,0.0110081871971488
Lung_Dx-A0242,0,0.9940312504768372,0.0059687308967113495
Lung_Dx-A0259,0,0.03659692034125328,0.9634031057357788
Lung_Dx-A0259,0,0.06872475892305374,0.9312752485275269
Lung_Dx-A0259,0,0.006984649691730738,0.9930152893066406
Lung_Dx-A0259,0,0.00020342697098385543,0.9997965693473816
Lung_Dx-A0259,0,7.39743045414798e-05,0.999925971031189
Lung_Dx-A0259,0,0.00035075281630270183,0.9996492862701416
Lung_Dx-A0259,0,0.0027576221618801355,0.9972423315048218
Lung_Dx-A0259,0,0.0002425115235382691,0.9997574687004089
Lung_Dx-A0259,0,0.00026375282322987914,0.9997362494468689
Lung_Dx-A0259,0,0.0005549408961087465,0.9994450211524963
Lung_Dx-A0259,0,0.04646466672420502,0.9535353183746338
Lung_Dx-A0259,0,0.006784358527511358,0.9932156205177307
Lung_Dx-A0259,0,0.1885479837656021,0.8114519715309143
Lung_Dx-A0259,0,0.1870584338903427,0.8129416108131409
Lung_Dx-A0259,0,0.008711383678019047,0.9912885427474976
Lung_Dx-A0259,0,0.03381211310625076,0.9661878347396851
Lung_Dx-A0259,0,8.34962775115855e-05,0.9999165534973145
Lung_Dx-A0259,0,0.0006094501004554331,0.9993904829025269
Lung_Dx-A0259,0,0.00014653129619546235,0.9998534917831421
Lung_Dx-A0259,0,0.00039977103006094694,0.9996002316474915
Lung_Dx-A0259,0,0.0001603035198058933,0.9998396635055542
Lung_Dx-A0259,0,0.00033079797867685556,0.9996691942214966
Lung_Dx-A0259,0,0.0019192374311387539,0.9980807304382324
Lung_Dx-A0259,0,0.0014953383943066,0.998504638671875
Lung_Dx-A0259,0,0.005250641144812107,0.9947493672370911
Lung_Dx-A0259,0,0.0008744718506932259,0.9991255402565002
Lung_Dx-A0259,0,4.3829644710058346e-05,0.9999561309814453
Lung_Dx-A0259,0,5.2868166676489636e-05,0.9999470710754395
Lung_Dx-A0259,0,3.535625000949949e-05,0.9999645948410034
Lung_Dx-A0259,0,1.7778553228708915e-05,0.9999822378158569
Lung_Dx-A0259,0,8.922867709770799e-05,0.9999107122421265
Lung_Dx-A0259,0,3.108026794507168e-05,0.9999688863754272
Lung_Dx-A0259,0,2.3595641778229037e-06,0.999997615814209
Lung_Dx-A0259,0,0.0006487308419309556,0.9993513226509094
Lung_Dx-A0259,0,0.19216008484363556,0.8078399300575256
Lung_Dx-A0259,0,0.008445627987384796,0.9915544390678406
Lung_Dx-A0259,0,0.15591201186180115,0.8440879583358765
Lung_Dx-A0259,0,0.1517806202173233,0.8482193946838379
Lung_Dx-A0259,0,0.2881683111190796,0.7118317484855652
Lung_Dx-A0259,0,0.11651246249675751,0.8834875226020813
Lung_Dx-A0259,0,0.47895529866218567,0.5210446715354919
Lung_Dx-A0259,0,0.6709318161010742,0.32906824350357056
Lung_Dx-A0259,0,0.4055370092391968,0.5944629907608032
Lung_Dx-A0259,0,0.9804874062538147,0.019512545317411423
Lung_Dx-A0259,0,0.6071974039077759,0.39280256628990173
Lung_Dx-A0259,0,0.560087263584137,0.4399127662181854
Lung_Dx-A0259,0,0.7063930630683899,0.2936069965362549
Lung_Dx-A0259,0,0.0004468277038540691,0.9995531439781189
Lung_Dx-A0259,0,0.0026782178319990635,0.9973217844963074
Lung_Dx-A0259,0,0.456947386264801,0.543052613735199
Lung_Dx-A0259,0,0.0004036925674881786,0.9995962977409363
Lung_Dx-A0259,0,0.00932196993380785,0.990678071975708
Lung_Dx-A0259,0,0.0014076103689149022,0.9985923171043396
Lung_Dx-A0259,0,0.19231171905994415,0.807688295841217
Lung_Dx-A0259,0,0.007725534029304981,0.9922744631767273
Lung_Dx-A0259,0,0.002540992572903633,0.9974589943885803
Lung_Dx-A0259,0,0.0064007299952209,0.9935992956161499
Lung_Dx-A0259,0,0.013663132674992085,0.986336886882782
Lung_Dx-A0259,0,0.008728266693651676,0.9912716746330261
Lung_Dx-A0259,0,0.016121823340654373,0.9838781356811523
Lung_Dx-A0259,0,0.11501304805278778,0.884986937046051
Lung_Dx-A0259,0,0.00014036924403626472,0.9998595714569092
Lung_Dx-A0259,0,0.005250641144812107,0.9947493672370911
Lung_Dx-A0259,0,0.08593913912773132,0.9140608906745911
Lung_Dx-A0259,0,0.15329548716545105,0.8467044830322266
Lung_Dx-A0259,0,0.06216002628207207,0.9378399848937988
Lung_Dx-A0259,0,0.0039917281828820705,0.9960082769393921
Lung_Dx-A0259,0,0.010071823373436928,0.9899281859397888
Lung_Dx-A0259,0,0.0006226772093214095,0.9993773102760315
Lung_Dx-A0259,0,0.0007962779491208494,0.9992037415504456
Lung_Dx-A0259,0,5.3491330618271604e-05,0.9999464750289917
Lung_Dx-A0259,0,8.514295041095465e-05,0.9999148845672607
Lung_Dx-A0259,0,0.0008509045583195984,0.9991490840911865
Lung_Dx-A0259,0,4.720623110188171e-05,0.9999527931213379
Lung_Dx-A0259,0,7.874486618675292e-05,0.9999212026596069
Lung_Dx-A0259,0,0.0005431519821286201,0.9994568228721619
Lung_Dx-A0259,0,0.00847840216010809,0.9915215969085693
Lung_Dx-A0259,0,0.24490436911582947,0.7550956010818481
Lung_Dx-A0259,0,0.0020870345178991556,0.9979129433631897
Lung_Dx-A0259,0,0.00042804275290109217,0.9995719790458679
Lung_Dx-A0259,0,0.00014942092821002007,0.9998505115509033
Lung_Dx-A0259,0,0.0023006375413388014,0.9976993203163147
Lung_Dx-A0259,0,1.6378393411287107e-05,0.9999836683273315
Lung_Dx-A0259,0,0.00712142838165164,0.9928786158561707
Lung_Dx-A0259,0,0.00011820537474704906,0.9998817443847656
Lung_Dx-A0259,0,0.00545866135507822,0.994541347026825
Lung_Dx-A0259,0,0.0007466114475391805,0.9992533326148987
Lung_Dx-A0259,0,0.0008693673880770802,0.9991306662559509
Lung_Dx-A0259,0,1.9073577277595177e-05,0.9999809265136719
Lung_Dx-A0259,0,0.000656372809316963,0.9993435740470886
Lung_Dx-A0259,0,9.028039494296536e-05,0.9999097585678101
Lung_Dx-A0259,0,5.124166636960581e-05,0.9999487400054932
Lung_Dx-A0259,0,9.79976830421947e-05,0.9999020099639893
Lung_Dx-A0259,0,0.00011323438229737803,0.9998867511749268
Lung_Dx-A0259,0,0.00038521323585882783,0.9996147155761719
Lung_Dx-A0259,0,0.0002234163403045386,0.9997765421867371
Lung_Dx-A0259,0,0.04161779209971428,0.9583821892738342
Lung_Dx-A0259,0,0.015130728483200073,0.9848692417144775
Lung_Dx-A0259,0,0.007831050083041191,0.9921689629554749
Lung_Dx-A0259,0,0.0014895173953846097,0.9985104203224182
Lung_Dx-A0259,0,4.451983841136098e-05,0.9999555349349976
Lung_Dx-A0259,0,0.014899643138051033,0.9851003289222717
Lung_Dx-A0259,0,0.001050516846589744,0.9989494681358337
Lung_Dx-A0259,0,0.0009271923918277025,0.999072790145874
Lung_Dx-A0259,0,0.0003244018298573792,0.9996756315231323
Lung_Dx-A0259,0,0.004618542734533548,0.9953814744949341
Lung_Dx-A0259,0,0.0005647764774039388,0.9994352459907532
Lung_Dx-A0259,0,0.004022909794002771,0.9959771037101746
Lung_Dx-A0259,0,0.01638728380203247,0.9836126565933228
Lung_Dx-A0259,0,0.011709840036928654,0.9882901906967163
Lung_Dx-A0259,0,0.0031175725162029266,0.996882438659668
Lung_Dx-A0259,0,0.0005003964179195464,0.9994995594024658
Lung_Dx-A0259,0,0.00039743640809319913,0.9996026158332825
Lung_Dx-A0259,0,1.7128611489169998e-06,0.9999983310699463
Lung_Dx-A0259,0,1.975604573090095e-05,0.9999802112579346
Lung_Dx-A0259,0,5.6602816584927496e-06,0.9999943971633911
Lung_Dx-A0259,0,9.24211271922104e-05,0.9999076128005981
Lung_Dx-A0259,0,5.19416880706558e-06,0.9999947547912598
Lung_Dx-A0259,0,2.190781742683612e-06,0.9999978542327881
Lung_Dx-A0259,0,0.0005243984051048756,0.9994756579399109
Lung_Dx-A0259,0,9.061477612704039e-07,0.9999990463256836
Lung_Dx-A0259,0,1.866569732555945e-06,0.9999980926513672
Lung_Dx-A0259,0,6.120221314631635e-06,0.9999939203262329
Lung_Dx-A0259,0,9.312670385952515e-07,0.9999990463256836
Lung_Dx-A0259,0,0.0006130294059403241,0.9993869066238403
Lung_Dx-A0259,0,4.682707128722541e-07,0.9999995231628418
Lung_Dx-A0259,0,2.96490611617628e-07,0.9999997615814209
Lung_Dx-A0259,0,5.473007824718934e-09,1.0
Lung_Dx-A0259,0,2.96490611617628e-07,0.9999997615814209
Lung_Dx-A0259,0,6.25223378847295e-07,0.9999994039535522
Lung_Dx-A0259,0,4.832564445678145e-05,0.9999517202377319
Lung_Dx-A0259,0,5.4546289902646095e-05,0.9999454021453857
Lung_Dx-A0259,0,7.722191367065534e-05,0.9999227523803711
Lung_Dx-A0259,0,0.0019494020380079746,0.9980505704879761
Lung_Dx-A0259,0,0.00012731103925034404,0.9998726844787598
Lung_Dx-A0259,0,0.00214476534165442,0.9978552460670471
Lung_Dx-A0259,0,0.00043818907579407096,0.9995618462562561
Lung_Dx-A0265,0,0.9269014000892639,0.07309852540493011
Lung_Dx-A0265,0,0.15297888219356537,0.8470211625099182
Lung_Dx-A0265,0,0.059701740741729736,0.940298318862915
Lung_Dx-A0265,0,0.2749350070953369,0.7250649929046631
Lung_Dx-A0265,0,0.7999116778373718,0.20008836686611176
Lung_Dx-A0265,0,0.9938309192657471,0.006168994586914778
Lung_Dx-A0265,0,0.9361100196838379,0.0638899877667427
Lung_Dx-A0265,0,0.5708173513412476,0.42918264865875244
Lung_Dx-A0265,0,0.1138748973608017,0.8861251473426819
Lung_Dx-A0265,0,0.27717941999435425,0.7228206396102905
Lung_Dx-A0265,0,0.769946277141571,0.23005375266075134
Lung_Dx-A0265,0,0.9655439257621765,0.03445602208375931
Lung_Dx-A0265,0,0.8646537065505981,0.13534632325172424
Lung_Dx-A0265,0,0.6604188084602356,0.3395811915397644
Lung_Dx-A0265,0,0.57723468542099,0.42276525497436523
Lung_Dx-A0265,0,0.5151625871658325,0.48483744263648987
Lung_Dx-A0265,0,0.9337335228919983,0.06626642495393753
Lung_Dx-A0265,0,0.7923036217689514,0.20769640803337097
Lung_Dx-A0265,0,0.9480584859848022,0.051941562443971634
Lung_Dx-A0265,0,0.9478174448013306,0.05218253284692764
Lung_Dx-A0265,0,0.9977612495422363,0.0022387211211025715
Lung_Dx-A0265,0,0.9968273043632507,0.0031726830638945103
Lung_Dx-A0265,0,0.9971550703048706,0.0028449094388633966
Lung_Dx-A0265,0,0.9985505938529968,0.0014493984635919333
Lung_Dx-A0265,0,0.9993638396263123,0.0006361911655403674
Lung_Dx-A0265,0,0.99903404712677,0.0009659749339334667
Lung_Dx-A0265,0,0.9992461204528809,0.0007539328653365374
Lung_Dx-A0265,0,0.9985590577125549,0.0014409428695216775
Lung_Dx-A0265,0,0.9983256459236145,0.0016743994783610106
Lung_Dx-A0265,0,0.9985619187355042,0.001438135514035821
Lung_Dx-A0265,0,0.9955054521560669,0.004494525026530027
Lung_Dx-A0265,0,0.9706321954727173,0.029367856681346893
Lung_Dx-A0265,0,0.44309958815574646,0.5569004416465759
Lung_Dx-A0265,0,0.21551580727100372,0.7844842076301575
Lung_Dx-A0265,0,0.048136770725250244,0.9518632292747498
Lung_Dx-G0037,1,0.07030384242534637,0.9296960830688477
Lung_Dx-G0037,1,0.6357313990592957,0.36426857113838196
Lung_Dx-G0037,1,0.9983674883842468,0.0016324889147654176
Lung_Dx-G0037,1,0.10158944129943848,0.8984104990959167
Lung_Dx-G0037,1,0.984001636505127,0.015998370945453644
Lung_Dx-G0037,1,0.11521199345588684,0.8847880363464355
Lung_Dx-G0037,1,0.7908535599708557,0.2091464400291443
Lung_Dx-G0037,1,0.9977872371673584,0.002212696708738804
Lung_Dx-G0037,1,0.818156361579895,0.18184365332126617
Lung_Dx-G0037,1,0.9450961351394653,0.054903849959373474
Lung_Dx-G0037,1,0.9137535095214844,0.08624648302793503
Lung_Dx-G0037,1,0.7473394274711609,0.2526605427265167
Lung_Dx-G0037,1,0.9822195768356323,0.01778038963675499
Lung_Dx-G0037,1,0.9985392093658447,0.0014607495395466685
Lung_Dx-G0037,1,0.9958174824714661,0.004182493779808283
Lung_Dx-G0037,1,0.9908213019371033,0.009178773500025272
Lung_Dx-G0037,1,0.8186643719673157,0.1813356876373291
Lung_Dx-G0037,1,0.9776499271392822,0.022350113838911057
Lung_Dx-G0037,1,0.9906600117683411,0.009340024553239346
Lung_Dx-G0037,1,0.9216402173042297,0.07835981249809265
Lung_Dx-G0037,1,0.9895513653755188,0.010448625311255455
Lung_Dx-G0037,1,0.9477207660675049,0.05227921903133392
Lung_Dx-G0037,1,0.994401752948761,0.005598248448222876
Lung_Dx-G0037,1,0.9816126823425293,0.01838725432753563
Lung_Dx-G0037,1,0.9300780892372131,0.0699218362569809
Lung_Dx-G0037,1,0.9900636076927185,0.009936418384313583
Lung_Dx-G0037,1,0.9974139928817749,0.0025859365705400705
Lung_Dx-G0037,1,0.9698140025138855,0.030185984447598457
Lung_Dx-G0037,1,0.9803186058998108,0.019681409001350403
Lung_Dx-G0037,1,0.9974639415740967,0.002536047250032425
Lung_Dx-G0037,1,0.6758180856704712,0.3241819143295288
Lung_Dx-G0037,1,0.824037492275238,0.17596246302127838
Lung_Dx-G0037,1,0.3046102523803711,0.6953898072242737
Lung_Dx-G0037,1,0.09105828404426575,0.9089417457580566
Lung_Dx-G0037,1,0.13039611279964447,0.8696039319038391
Lung_Dx-G0037,1,0.20275872945785522,0.7972412705421448
Lung_Dx-G0037,1,0.075721375644207,0.9242786765098572
Lung_Dx-G0037,1,0.7305783033370972,0.26942169666290283
Lung_Dx-G0037,1,0.995075523853302,0.004924510605633259
Lung_Dx-G0037,1,0.6395672559738159,0.36043277382850647
Lung_Dx-G0037,1,0.5666181445121765,0.4333818256855011
Lung_Dx-G0037,1,0.11056715995073318,0.8894329071044922
Lung_Dx-G0037,1,0.04004979506134987,0.9599501490592957
Lung_Dx-G0037,1,0.18952108919620514,0.8104788661003113
Lung_Dx-G0037,1,0.6276659965515137,0.3723340332508087
Lung_Dx-G0037,1,0.26161378622055054,0.7383862137794495
Lung_Dx-G0037,1,0.4593982398509979,0.5406017303466797
Lung_Dx-G0037,1,0.16458357870578766,0.8354163765907288
Lung_Dx-G0037,1,0.43402644991874695,0.5659735202789307
Lung_Dx-G0052,1,0.0001837845629779622,0.9998162388801575
Lung_Dx-G0052,1,0.0035866156686097383,0.9964134097099304
Lung_Dx-G0052,1,0.00014653129619546235,0.9998534917831421
Lung_Dx-G0052,1,0.00013032974675297737,0.999869704246521
Lung_Dx-G0052,1,0.00014942092821002007,0.9998505115509033
Lung_Dx-G0052,1,0.009250096045434475,0.9907498955726624
Lung_Dx-G0052,1,0.9031234383583069,0.09687653928995132
Lung_Dx-G0052,1,0.9556928277015686,0.04430721700191498
Lung_Dx-G0052,1,0.9812927842140198,0.01870722882449627
Lung_Dx-G0052,1,0.778396725654602,0.22160327434539795
Lung_Dx-G0052,1,0.8082943558692932,0.19170570373535156
Lung_Dx-G0052,1,0.31090354919433594,0.6890964508056641
Lung_Dx-G0052,1,0.009485714137554169,0.9905142784118652
Lung_Dx-G0052,1,0.17981843650341034,0.8201815485954285
Lung_Dx-G0052,1,0.9545204043388367,0.04547959193587303
Lung_Dx-G0052,1,0.9970707893371582,0.00292924209497869
Lung_Dx-G0052,1,0.997036337852478,0.0029636684339493513
Lung_Dx-G0052,1,0.7851439118385315,0.2148561030626297
Lung_Dx-G0052,1,0.9209320545196533,0.07906799018383026
Lung_Dx-G0052,1,0.7576150894165039,0.2423849254846573
Lung_Dx-G0052,1,0.6706622242927551,0.32933780550956726
Lung_Dx-G0052,1,0.09001296758651733,0.9099870324134827
Lung_Dx-G0052,1,0.7279270887374878,0.2720729112625122
Lung_Dx-G0052,1,0.8665847778320312,0.13341520726680756
Lung_Dx-G0052,1,0.36381641030311584,0.6361836194992065
Lung_Dx-G0052,1,0.23458193242549896,0.7654179930686951
Lung_Dx-G0052,1,0.0024871178902685642,0.997512936592102
Lung_Dx-G0052,1,0.5139238834381104,0.48607614636421204
Lung_Dx-G0052,1,0.06847517192363739,0.9315248131752014
Lung_Dx-G0052,1,0.37636521458625793,0.6236347556114197
Lung_Dx-G0052,1,0.3535397946834564,0.646460235118866
Lung_Dx-G0052,1,0.12106089293956757,0.8789390921592712
Lung_Dx-G0052,1,0.3800109028816223,0.6199890971183777
Lung_Dx-G0052,1,0.5919591188430786,0.408040851354599
Lung_Dx-G0052,1,0.03767939284443855,0.9623205661773682
Lung_Dx-G0052,1,5.874842099728994e-05,0.9999412298202515
Lung_Dx-G0052,1,0.0007900861673988402,0.9992098808288574
Lung_Dx-G0052,1,0.00010270019993185997,0.9998972415924072
Lung_Dx-G0052,1,0.00021654403826687485,0.999783456325531
Lung_Dx-G0052,1,8.61281307606987e-07,0.9999991655349731
Lung_Dx-G0052,1,0.0022916889283806086,0.9977083206176758
Lung_Dx-G0052,1,0.0003829635970760137,0.9996169805526733
Lung_Dx-G0052,1,0.14051306247711182,0.8594869375228882
Lung_Dx-G0052,1,0.0007096704212017357,0.9992903470993042
Lung_Dx-G0052,1,0.4287565350532532,0.5712434649467468
Lung_Dx-G0052,1,0.026056304574012756,0.9739436507225037
Lung_Dx-G0052,1,0.039787810295820236,0.960212230682373
Lung_Dx-G0052,1,0.21683958172798157,0.783160388469696
Lung_Dx-G0052,1,0.043936535716056824,0.956063449382782
Lung_Dx-G0052,1,8.766788596403785e-06,0.9999911785125732
Lung_Dx-G0052,1,0.015058137476444244,0.984941840171814
Lung_Dx-G0052,1,0.1782395839691162,0.8217604756355286
Lung_Dx-G0052,1,0.015365342609584332,0.9846346974372864
Lung_Dx-G0052,1,0.07276838272809982,0.9272316098213196
Lung_Dx-G0052,1,0.00015177360910456628,0.9998482465744019
Lung_Dx-G0052,1,4.085384352947585e-05,0.9999591112136841
Lung_Dx-G0052,1,0.0010901900241151452,0.9989098310470581
Lung_Dx-G0052,1,0.17773950099945068,0.8222604990005493
Lung_Dx-G0052,1,2.387378117418848e-06,0.999997615814209
Lung_Dx-G0052,1,5.967351535218768e-05,0.9999402761459351
Lung_Dx-G0052,1,0.0008263575728051364,0.9991735816001892
Lung_Dx-G0052,1,4.451983841136098e-05,0.9999555349349976
Lung_Dx-G0052,1,0.14553989470005035,0.8544600605964661
Lung_Dx-G0052,1,0.3617281913757324,0.6382717490196228
Lung_Dx-G0052,1,0.0001964008843060583,0.9998036026954651
Lung_Dx-G0052,1,0.23035657405853271,0.7696433663368225
Lung_Dx-G0052,1,0.006229157093912363,0.9937708973884583
Lung_Dx-G0052,1,0.0015129382954910398,0.9984869956970215
Lung_Dx-G0052,1,0.0065134987235069275,0.9934865236282349
Lung_Dx-G0052,1,0.0014158706180751324,0.9985841512680054
Lung_Dx-G0052,1,0.0008727670647203922,0.999127209186554
Lung_Dx-G0052,1,5.3491330618271604e-05,0.9999464750289917
Lung_Dx-G0052,1,0.0002965355524793267,0.9997034668922424
Lung_Dx-G0052,1,0.0014837189810350537,0.9985162615776062
Lung_Dx-G0052,1,3.626120133048971e-06,0.9999964237213135
Lung_Dx-G0052,1,2.44399279836216e-06,0.9999974966049194
Lung_Dx-G0052,1,2.309707815584261e-05,0.9999768733978271
Lung_Dx-G0052,1,1.4089614523982164e-06,0.9999985694885254
Lung_Dx-G0052,1,3.942060011752346e-09,1.0
Lung_Dx-G0052,1,3.3465803994658927e-07,0.9999996423721313
Lung_Dx-G0052,1,2.999855155394471e-07,0.9999996423721313
Lung_Dx-G0052,1,2.2738999177818187e-05,0.9999772310256958
Lung_Dx-G0052,1,3.419757376832422e-06,0.999996542930603
Lung_Dx-G0052,1,3.206682958989404e-05,0.9999679327011108
Lung_Dx-G0052,1,0.000414069538237527,0.9995859265327454
Lung_Dx-G0052,1,7.9673009167891e-05,0.9999203681945801
Lung_Dx-G0052,1,1.4453908079303801e-05,0.9999855756759644
Lung_Dx-G0052,1,0.0011424494441598654,0.9988574981689453
Lung_Dx-G0052,1,4.2893334466498345e-06,0.9999957084655762
Lung_Dx-G0052,1,0.0006449432112276554,0.9993550181388855
Lung_Dx-G0052,1,0.00020743839559145272,0.9997926354408264
Lung_Dx-G0052,1,0.0009110512328334153,0.9990890026092529
Lung_Dx-G0058,1,0.9965969920158386,0.0034030054230242968
Lung_Dx-G0058,1,0.9909447431564331,0.009055264294147491
Lung_Dx-G0058,1,0.9969956874847412,0.0030043430160731077
Lung_Dx-G0058,1,0.9963071346282959,0.0036928525660187006
Lung_Dx-G0058,1,0.9994352459907532,0.0005647764774039388
Lung_Dx-G0058,1,0.9992563128471375,0.0007437029271386564
Lung_Dx-G0058,1,0.9986461997032166,0.001353758736513555
Lung_Dx-G0058,1,0.9990872144699097,0.0009128307574428618
Lung_Dx-G0058,1,0.9993435740470886,0.000656372809316963
Lung_Dx-G0058,1,0.9991672039031982,0.0008328334079124033
Lung_Dx-G0058,1,0.9992341995239258,0.0007657963433302939
Lung_Dx-G0058,1,0.999562680721283,0.0004373344127088785
Lung_Dx-G0058,1,0.9986826777458191,0.001317291404120624
Lung_Dx-G0058,1,0.9937950372695923,0.00620502233505249
Lung_Dx-G0058,1,0.9271657466888428,0.07283429801464081
Lung_Dx-G0058,1,0.9996485710144043,0.0003514382697176188
Lung_Dx-G0058,1,0.9958900809288025,0.004109915811568499
Lung_Dx-G0058,1,0.9917961359024048,0.008203785866498947
Lung_Dx-G0058,1,0.9713200926780701,0.0286798607558012
Lung_Dx-G0058,1,0.9807841777801514,0.019215846434235573
Lung_Dx-G0058,1,0.9951796531677246,0.0048203435726463795
Lung_Dx-G0058,1,0.9991374015808105,0.0008626077906228602
Lung_Dx-G0058,1,0.9884026646614075,0.011597362346947193
Lung_Dx-G0058,1,0.98973149061203,0.010268432088196278
Lung_Dx-G0058,1,0.9987887740135193,0.0012113065458834171
Lung_Dx-G0058,1,0.9988259673118591,0.0011740823974832892
Lung_Dx-G0058,1,0.9989141225814819,0.0010859444737434387
Lung_Dx-G0058,1,0.9866877198219299,0.013312315568327904
Lung_Dx-G0058,1,0.9678993225097656,0.03210070729255676
Lung_Dx-G0058,1,0.9151287078857422,0.08487121760845184
Lung_Dx-G0058,1,0.9095059633255005,0.0904940739274025
Lung_Dx-G0058,1,0.9390807151794434,0.06091928482055664
Lung_Dx-G0058,1,0.9850716590881348,0.014928337186574936
Lung_Dx-G0058,1,0.9937829375267029,0.0062170778401196
Lung_Dx-G0058,1,0.9961230158805847,0.0038769261445850134
Lung_Dx-G0058,1,0.9919847846031189,0.008015268482267857
Lung_Dx-G0058,1,0.9920002222061157,0.007999754510819912
Lung_Dx-G0058,1,0.997368335723877,0.0026316740550100803
Lung_Dx-G0058,1,0.9892441034317017,0.010755924507975578
Lung_Dx-G0058,1,0.96518474817276,0.03481519594788551
Lung_Dx-G0058,1,0.9868533611297607,0.013146585784852505
Lung_Dx-G0058,1,0.9579908847808838,0.042009055614471436
Lung_Dx-G0058,1,0.9170058369636536,0.08299414813518524
Lung_Dx-G0058,1,0.756717324256897,0.24328267574310303
Lung_Dx-G0058,1,0.7905707359313965,0.20942926406860352
Lung_Dx-G0058,1,0.765943706035614,0.23405632376670837
Lung_Dx-G0058,1,0.9725714921951294,0.02742854505777359
Lung_Dx-G0058,1,0.49073898792266846,0.5092610716819763
Lung_Dx-G0058,1,0.11721799522638321,0.8827820420265198
Lung_Dx-G0058,1,0.39647701382637024,0.6035230159759521
Lung_Dx-G0058,1,0.732352614402771,0.2676473557949066
Lung_Dx-G0058,1,0.2711069583892822,0.7288930416107178
Lung_Dx-G0058,1,0.7164170145988464,0.2835829555988312
Lung_Dx-G0058,1,0.14977993071079254,0.8502200841903687
Lung_Dx-G0058,1,0.9482983350753784,0.05170163884758949
Lung_Dx-G0058,1,0.8499089479446411,0.15009109675884247
Lung_Dx-G0058,1,0.9854404330253601,0.014559518545866013
Lung_Dx-G0058,1,0.7213999032974243,0.27860015630722046
Lung_Dx-G0058,1,0.9069831967353821,0.09301680326461792
Lung_Dx-G0058,1,0.8966140151023865,0.10338596254587173
Lung_Dx-G0058,1,0.9533619284629822,0.046638038009405136
Lung_Dx-G0058,1,0.9685006141662598,0.031499382108449936
Lung_Dx-G0058,1,0.9985895752906799,0.0014103584690019488
Lung_Dx-G0058,1,0.939581573009491,0.060418423265218735
Lung_Dx-G0058,1,0.9991169571876526,0.0008830458973534405
Lung_Dx-G0058,1,0.9880388379096985,0.01196109876036644
Lung_Dx-G0058,1,0.9950850605964661,0.004914949182420969
Lung_Dx-G0058,1,0.9917643666267395,0.008235630579292774
Lung_Dx-G0058,1,0.9882901906967163,0.011709840036928654
Lung_Dx-G0058,1,0.9874721169471741,0.012527933344244957
Lung_Dx-G0058,1,0.9966102242469788,0.003389783436432481
Lung_Dx-G0058,1,0.9966756105422974,0.003324436955153942
Lung_Dx-G0058,1,0.9922143816947937,0.0077856555581092834
Lung_Dx-G0058,1,0.9991357922554016,0.0008642927859909832
Lung_Dx-G0058,1,0.9982725381851196,0.0017274586716666818
Lung_Dx-G0058,1,0.9986032843589783,0.001396671636030078
Lung_Dx-G0058,1,0.990767776966095,0.009232214652001858
Lung_Dx-G0058,1,0.9899086952209473,0.010091315023601055
Lung_Dx-G0058,1,0.978569746017456,0.02143023908138275
Lung_Dx-G0058,1,0.9908567667007446,0.009143315255641937
Lung_Dx-G0058,1,0.9714558720588684,0.028544152155518532
Lung_Dx-G0058,1,0.9957352876663208,0.004264634568244219
Lung_Dx-G0058,1,0.9766246676445007,0.023375313729047775
Lung_Dx-G0058,1,0.9936733245849609,0.006326630711555481
Lung_Dx-G0058,1,0.9977127313613892,0.002287227427586913
Lung_Dx-G0058,1,0.9983059167861938,0.0016941032372415066
Lung_Dx-G0058,1,0.9929060935974121,0.007093861699104309
Lung_Dx-G0058,1,0.9970130920410156,0.0029868432320654392
Lung_Dx-G0058,1,0.9983579516410828,0.0016420668689534068
Lung_Dx-G0058,1,0.9927532076835632,0.007246801629662514
Lung_Dx-G0058,1,0.9975177049636841,0.0024822766426950693
Lung_Dx-G0058,1,0.9981541037559509,0.0018458481645211577
Lung_Dx-G0058,1,0.996292769908905,0.0037072531413286924
Lung_Dx-G0058,1,0.9984114170074463,0.0015885252505540848
Lung_Dx-G0058,1,0.9994195699691772,0.0005804235697723925
Lung_Dx-G0058,1,0.999595582485199,0.00040448151412419975
Lung_Dx-G0058,1,0.999321460723877,0.0006785172154195607
Lung_Dx-G0058,1,0.999313473701477,0.0006865099421702325
Lung_Dx-G0058,1,0.9991474151611328,0.0008525666780769825
Lung_Dx-G0058,1,0.9989657402038574,0.0010342469904571772
Lung_Dx-G0058,1,0.9990034699440002,0.0009966078214347363
Lung_Dx-G0058,1,0.9989596605300903,0.0010403185151517391
Lung_Dx-G0058,1,0.997654139995575,0.0023459075018763542
Lung_Dx-G0058,1,0.9998326301574707,0.00016734049131628126
Lung_Dx-G0058,1,0.9983674883842468,0.0016324889147654176
Lung_Dx-G0058,1,0.9998761415481567,0.0001238774711964652
Lung_Dx-G0058,1,0.9990527033805847,0.0009473090176470578
Lung_Dx-G0058,1,0.9982073307037354,0.001792650786228478
Lung_Dx-G0058,1,0.9993952512741089,0.0006047102506272495
Lung_Dx-G0058,1,0.9990226030349731,0.0009773503988981247
Lung_Dx-G0058,1,0.9968149065971375,0.0031850605737417936
Lung_Dx-G0058,1,0.9870296716690063,0.012970387935638428
Lung_Dx-G0058,1,0.9896518588066101,0.010348135605454445
Lung_Dx-G0058,1,0.9988574981689453,0.0011424494441598654
Lung_Dx-G0058,1,0.997188150882721,0.0028118586633354425
Lung_Dx-G0058,1,0.9683513641357422,0.03164868429303169
Lung_Dx-G0058,1,0.9876639246940613,0.01233610138297081
Lung_Dx-G0058,1,0.9948902130126953,0.005109737627208233
Lung_Dx-G0058,1,0.9996594190597534,0.0003406293108128011
Lung_Dx-G0058,1,0.9980467557907104,0.001953205792233348
Lung_Dx-G0058,1,0.9959059953689575,0.004093958530575037
Lung_Dx-G0058,1,0.9974983334541321,0.002501696813851595
Lung_Dx-G0062,1,0.9950370192527771,0.004962942097336054
Lung_Dx-G0062,1,0.9976677298545837,0.0023322340566664934
Lung_Dx-G0062,1,0.995372474193573,0.004627529997378588
Lung_Dx-G0062,1,0.9857729077339172,0.014227045699954033
Lung_Dx-G0062,1,0.990767776966095,0.009232214652001858
Lung_Dx-G0062,1,0.911337673664093,0.08866234868764877
Lung_Dx-G0062,1,0.9239361882209778,0.07606381177902222
Lung_Dx-G0062,1,0.9854404330253601,0.014559518545866013
Lung_Dx-G0062,1,0.9962855577468872,0.00371447391808033
Lung_Dx-G0062,1,0.9763104915618896,0.023689471185207367
Lung_Dx-G0062,1,0.9942025542259216,0.0057974006049335
Lung_Dx-G0062,1,0.985042929649353,0.014957087114453316
Lung_Dx-G0062,1,0.9924958944320679,0.007504157721996307
Lung_Dx-G0062,1,0.9994319081306458,0.0005680935573764145
Lung_Dx-G0062,1,0.9996048808097839,0.0003951153776142746
Lung_Dx-G0062,1,0.9898499250411987,0.010150015354156494
Lung_Dx-G0062,1,0.9973374009132385,0.00266261282376945
Lung_Dx-G0062,1,0.8885172009468079,0.11148280650377274
Lung_Dx-G0062,1,0.9893885254859924,0.01061142049729824
Lung_Dx-G0062,1,0.9985505938529968,0.0014493984635919333
Lung_Dx-G0062,1,0.9974290728569031,0.0025708680041134357
Lung_Dx-G0062,1,0.9960159659385681,0.003983970265835524
Lung_Dx-G0062,1,0.9988440275192261,0.0011559006525203586
Lung_Dx-G0062,1,0.9985619187355042,0.001438135514035821
Lung_Dx-G0062,1,0.9911354780197144,0.00886449869722128
Lung_Dx-G0062,1,0.9830037355422974,0.01699630171060562
Lung_Dx-G0062,1,0.9952448010444641,0.004755199886858463
Lung_Dx-G0062,1,0.9980044960975647,0.001995538827031851
Lung_Dx-G0062,1,0.9948000907897949,0.005199880339205265
Lung_Dx-G0062,1,0.995309054851532,0.00469093257561326
Lung_Dx-G0062,1,0.9960545301437378,0.003945406526327133
Lung_Dx-G0062,1,0.9932550191879272,0.0067449901252985
Lung_Dx-G0062,1,0.9788748621940613,0.021125193685293198
Lung_Dx-G0062,1,0.9892232418060303,0.01077672466635704
Lung_Dx-G0062,1,0.9871044158935547,0.012895587831735611
Lung_Dx-G0062,1,0.9890130758285522,0.01098694372922182
Lung_Dx-G0062,1,0.9948102235794067,0.0051897866651415825
Lung_Dx-G0062,1,0.991169810295105,0.008830243721604347
Lung_Dx-G0062,1,0.9961155652999878,0.0038844766095280647
Lung_Dx-G0062,1,0.988711953163147,0.011288074776530266
Lung_Dx-G0062,1,0.9781146049499512,0.021885454654693604
Lung_Dx-G0062,1,0.9936610460281372,0.006338921375572681
Lung_Dx-G0062,1,0.9948704242706299,0.005129634402692318
Lung_Dx-G0062,1,0.9896118640899658,0.010388216935098171
Lung_Dx-G0062,1,0.9876639246940613,0.01233610138297081
Lung_Dx-G0062,1,0.9898499250411987,0.010150015354156494
Lung_Dx-G0062,1,0.9927951693534851,0.007204768247902393
Lung_Dx-G0062,1,0.9898892045021057,0.010110844857990742
Lung_Dx-G0062,1,0.9924227595329285,0.007577240467071533
Lung_Dx-G0062,1,0.9889063835144043,0.011093567125499249
Lung_Dx-G0062,1,0.9963286519050598,0.003671357873827219
Lung_Dx-G0062,1,0.9963924288749695,0.0036076169926673174
Lung_Dx-G0062,1,0.9955576062202454,0.004442394245415926
Lung_Dx-G0062,1,0.9929881691932678,0.007011795416474342
Lung_Dx-G0062,1,0.994455873966217,0.0055441465228796005
Lung_Dx-G0062,1,0.9954082369804382,0.004591683391481638
Lung_Dx-G0062,1,0.9958821535110474,0.004117917735129595
Lung_Dx-G0062,1,0.9965435862541199,0.003456409787759185
Lung_Dx-G0062,1,0.9952540397644043,0.0047459653578698635
Lung_Dx-G0062,1,0.9969897270202637,0.0030101987067610025
Lung_Dx-G0062,1,0.9946980476379395,0.005301894620060921
Lung_Dx-G0062,1,0.9929746389389038,0.0070254080928862095
Lung_Dx-G0062,1,0.9977127313613892,0.002287227427586913
Lung_Dx-G0062,1,0.9950177073478699,0.004982269834727049
Lung_Dx-G0062,1,0.986954391002655,0.013045614585280418
Lung_Dx-G0062,1,0.9910666346549988,0.008933402597904205
Lung_Dx-G0062,1,0.9942697286605835,0.005730246659368277
Lung_Dx-G0062,1,0.9961230158805847,0.0038769261445850134
Lung_Dx-G0062,1,0.9897116422653198,0.01028829999268055
Lung_Dx-G0062,1,0.9919223785400391,0.00807762611657381
Lung_Dx-G0062,1,0.993890643119812,0.006109410431236029
Lung_Dx-G0062,1,0.9965301156044006,0.0034698909148573875
Lung_Dx-G0062,1,0.988949179649353,0.011050795204937458
Lung_Dx-G0062,1,0.9949983358383179,0.0050016725435853004
Lung_Dx-G0062,1,0.9967648983001709,0.0032350558321923018
Lung_Dx-G0062,1,0.9935368895530701,0.006463137920945883
Lung_Dx-G0062,1,0.999656081199646,0.0003439709544181824
Lung_Dx-G0062,1,0.999376118183136,0.0006238938658498228
Lung_Dx-G0062,1,0.9994837045669556,0.0005162725574336946
Lung_Dx-G0062,1,0.999713122844696,0.0002868540759664029
Lung_Dx-G0062,1,0.9999868869781494,1.305803561990615e-05
Lung_Dx-G0062,1,0.9999595880508423,4.037790131405927e-05
Lung_Dx-G0062,1,0.9999979734420776,1.9947297005273867e-06
Lung_Dx-G0062,1,0.9999514818191528,4.8514772061025724e-05
Lung_Dx-G0062,1,0.9999254941940308,7.455446029780433e-05
Lung_Dx-G0062,1,0.9999755620956421,2.4395347281824797e-05
Lung_Dx-G0062,1,0.9998770952224731,0.00012291358143556863
Lung_Dx-G0062,1,0.9997294545173645,0.0002705336082726717
Lung_Dx-G0062,1,0.9986979961395264,0.0013019646285101771
Lung_Dx-G0062,1,0.9999598264694214,4.022049324703403e-05
Lung_Dx-G0062,1,0.9998036026954651,0.0001964008843060583
Lung_Dx-G0062,1,0.9813822507858276,0.018617801368236542
