patient,y,p0,p1
Lung_Dx-A0250,0,0.9981178045272827,0.0018821859266608953
Lung_Dx-A0250,0,0.9998539686203003,0.00014596008986700326
Lung_Dx-A0250,0,0.948441743850708,0.05155818536877632
Lung_Dx-A0250,0,0.999713122844696,0.0002868540759664029
Lung_Dx-A0250,0,0.995643138885498,0.004356845282018185
Lung_Dx-A0250,0,0.9983158111572266,0.0016842224868014455
Lung_Dx-A0250,0,0.9689444899559021,0.031055551022291183
Lung_Dx-A0250,0,0.9846936464309692,0.015306354500353336
Lung_Dx-A0250,0,0.014364656992256641,0.9856352806091309
Lung_Dx-A0250,0,0.9997974038124084,0.00020263406622689217
Lung_Dx-A0250,0,0.008711383678019047,0.9912885427474976
Lung_Dx-A0250,0,0.9918753504753113,0.008124709129333496
Lung_Dx-A0250,0,0.9971827268600464,0.0028173404280096292
Lung_Dx-A0250,0,0.9964411854743958,0.00355880381539464
Lung_Dx-A0250,0,0.2355477213859558,0.7644522786140442
Lung_Dx-A0250,0,0.07263670116662979,0.9273632764816284
Lung_Dx-A0250,0,0.9038048982620239,0.09619516879320145
Lung_Dx-A0250,0,0.974628746509552,0.025371313095092773
Lung_Dx-A0250,0,0.9041016101837158,0.09589841216802597
Lung_Dx-A0250,0,0.9998292922973633,0.00017064041458070278
Lung_Dx-A0250,0,0.32482409477233887,0.6751759052276611
Lung_Dx-A0250,0,0.998809814453125,0.0011902251280844212
Lung_Dx-A0250,0,0.9994115829467773,0.0005884087877348065
Lung_Dx-A0250,0,0.9992068409919739,0.0007931761210784316
Lung_Dx-A0250,0,0.9998239874839783,0.00017605620087124407
Lung_Dx-A0250,0,0.9997909665107727,0.00020906499412376434
Lung_Dx-A0250,0,0.7585999965667725,0.24139997363090515
Lung_Dx-A0250,0,0.15980657935142517,0.8401934504508972
Lung_Dx-A0250,0,0.9998584985733032,0.0001414700091117993
Lung_Dx-A0250,0,0.6527119278907776,0.3472880423069
Lung_Dx-A0250,0,0.004323086701333523,0.9956769347190857
Lung_Dx-A0250,0,0.9989515542984009,0.001048469333909452
Lung_Dx-A0250,0,0.9998345375061035,0.00016539123316761106
Lung_Dx-A0250,0,0.0004416242882143706,0.9995583891868591
Lung_Dx-A0250,0,0.9650533199310303,0.03494669869542122
Lung_Dx-A0250,0,0.9983579516410828,0.0016420668689534068
Lung_Dx-A0250,0,0.9968024492263794,0.0031974867451936007
Lung_Dx-A0250,0,0.004681822843849659,0.9953181147575378
Lung_Dx-A0250,0,0.9881079792976379,0.011892050504684448
Lung_Dx-A0250,0,0.7216451168060303,0.27835485339164734
Lung_Dx-A0250,0,0.9977437257766724,0.002256239764392376
Lung_Dx-A0250,0,0.005260852165520191,0.9947391152381897
Lung_Dx-A0250,0,0.9944666028022766,0.005533387418836355
Lung_Dx-A0250,0,0.9993773102760315,0.0006226772093214095
Lung_Dx-A0250,0,0.11240507662296295,0.8875949382781982
Lung_Dx-A0250,0,0.9993857145309448,0.0006142271449789405
Lung_Dx-A0250,0,0.9994450211524963,0.0005549408961087465
Lung_Dx-A0250,0,7.339867443079129e-05,0.9999265670776367
Lung_Dx-A0250,0,0.9997373223304749,0.00026272484683431685
Lung_Dx-A0250,0,0.05276518687605858,0.9472348093986511
Lung_Dx-A0250,0,0.9994857311248779,0.0005142608424648643
Lung_Dx-A0250,0,0.9971771240234375,0.002822832902893424
Lung_Dx-A0250,0,0.7981867790222168,0.2018132209777832
Lung_Dx-A0250,0,0.052570294588804245,0.9474297165870667
Lung_Dx-A0250,0,0.005774930119514465,0.9942250847816467
Lung_Dx-A0250,0,0.9965301156044006,0.0034698909148573875
Lung_Dx-A0250,0,0.9998339414596558,0.00016603847325313836
Lung_Dx-A0250,0,0.014063626527786255,0.9859364032745361
Lung_Dx-A0250,0,0.999906063079834,9.387641330249608e-05
Lung_Dx-A0250,0,0.9986276626586914,0.001372368773445487
Lung_Dx-A0250,0,0.0013406203361228108,0.9986593723297119
Lung_Dx-A0250,0,0.021594690158963203,0.978405237197876
Lung_Dx-A0250,0,0.9679599404335022,0.032040078192949295
Lung_Dx-A0250,0,0.007246801629662514,0.9927532076835632
Lung_Dx-A0250,0,0.9999107122421265,8.922867709770799e-05
Lung_Dx-A0250,0,0.6197877526283264,0.38021227717399597
Lung_Dx-A0250,0,0.9852288365364075,0.014771190471947193
Lung_Dx-A0250,0,0.07956718653440475,0.9204327464103699
Lung_Dx-A0250,0,0.9980276226997375,0.001972335623577237
Lung_Dx-A0250,0,0.011331754736602306,0.9886682629585266
Lung_Dx-A0250,0,0.07696083933115005,0.9230391979217529
Lung_Dx-A0257,0,0.6071100831031799,0.39288991689682007
Lung_Dx-A0257,0,0.6894102096557617,0.31058982014656067
Lung_Dx-A0257,0,0.21992333233356476,0.7800767421722412
Lung_Dx-A0257,0,0.9124361872673035,0.08756384998559952
Lung_Dx-A0257,0,0.9987004995346069,0.001299427356570959
Lung_Dx-A0257,0,0.13968952000141144,0.8603104948997498
Lung_Dx-A0257,0,0.07751765847206116,0.9224823713302612
Lung_Dx-A0257,0,0.9523086547851562,0.047691281884908676
Lung_Dx-A0257,0,0.11813052743673325,0.8818694949150085
Lung_Dx-A0257,0,0.9412234425544739,0.05877656117081642
Lung_Dx-A0257,0,0.24648800492286682,0.7535120248794556
Lung_Dx-A0257,0,0.024353383108973503,0.9756466746330261
Lung_Dx-A0257,0,0.9999339580535889,6.605214002775028e-05
Lung_Dx-A0257,0,0.3685903251171112,0.6314096450805664
Lung_Dx-A0257,0,0.3265935182571411,0.6734064221382141
Lung_Dx-A0257,0,0.9949592351913452,0.005040702875703573
Lung_Dx-A0257,0,0.7071013450622559,0.29289859533309937
Lung_Dx-A0257,0,0.5434993505477905,0.4565006196498871
Lung_Dx-A0257,0,0.998472273349762,0.0015277628554031253
Lung_Dx-A0257,0,0.8783664107322693,0.12163356691598892
Lung_Dx-A0257,0,0.0026991665363311768,0.9973008036613464
Lung_Dx-A0257,0,0.01966257579624653,0.980337381362915
Lung_Dx-A0257,0,0.2804192900657654,0.7195807099342346
Lung_Dx-A0257,0,0.998095691204071,0.001904330332763493
Lung_Dx-A0257,0,0.20279820263385773,0.7972018122673035
Lung_Dx-A0257,0,0.8653948307037354,0.13460519909858704
Lung_Dx-A0257,0,0.00021194232976995409,0.9997881054878235
Lung_Dx-A0257,0,0.9984083771705627,0.0015916259726509452
Lung_Dx-A0257,0,0.915658175945282,0.08434179425239563
Lung_Dx-A0257,0,0.8164429664611816,0.18355703353881836
Lung_Dx-A0257,0,0.35916391015052795,0.6408360600471497
Lung_Dx-A0257,0,0.10847194492816925,0.8915280699729919
Lung_Dx-A0257,0,0.999595582485199,0.00040448151412419975
Lung_Dx-A0257,0,0.3194928467273712,0.6805071830749512
Lung_Dx-A0257,0,0.9883689880371094,0.011630993336439133
Lung_Dx-A0257,0,0.8334601521492004,0.16653980314731598
Lung_Dx-A0257,0,0.9654788970947266,0.034521058201789856
Lung_Dx-A0257,0,0.6670934557914734,0.3329065442085266
Lung_Dx-A0257,0,0.007755536586046219,0.9922444224357605
Lung_Dx-A0257,0,0.33074134588241577,0.6692585945129395
Lung_Dx-A0257,0,0.0012113065458834171,0.9987887740135193
Lung_Dx-A0257,0,0.9928786158561707,0.00712142838165164
Lung_Dx-A0257,0,0.5699760913848877,0.4300239384174347
Lung_Dx-A0257,0,0.01897803694009781,0.9810219407081604
Lung_Dx-A0257,0,0.9980353713035583,0.0019646615255624056
Lung_Dx-A0257,0,0.9118492007255554,0.08815079182386398
Lung_Dx-A0257,0,0.9662197828292847,0.03378022834658623
Lung_Dx-A0257,0,0.9123581051826477,0.08764190226793289
Lung_Dx-A0257,0,0.04356881603598595,0.9564311504364014
Lung_Dx-A0257,0,0.02595735713839531,0.9740425944328308
Lung_Dx-A0257,0,0.9980161190032959,0.0019839033484458923
Lung_Dx-A0257,0,0.9906418919563293,0.009358113631606102
Lung_Dx-A0257,0,0.037467509508132935,0.9625324606895447
Lung_Dx-A0257,0,0.999854564666748,0.00014539113908540457
Lung_Dx-A0257,0,0.6573460102081299,0.3426540195941925
Lung_Dx-A0257,0,0.9902350902557373,0.009764972142875195
Lung_Dx-A0257,0,0.9991784691810608,0.0008215338457375765
Lung_Dx-A0257,0,0.03649376705288887,0.9635062217712402
Lung_Dx-A0257,0,0.7869504690170288,0.21304954588413239
Lung_Dx-A0257,0,0.5885344743728638,0.4114655554294586
Lung_Dx-A0257,0,0.7750093936920166,0.2249906212091446
Lung_Dx-A0257,0,0.9995915293693542,0.00040844923933036625
Lung_Dx-A0257,0,0.021307704970240593,0.9786922335624695
Lung_Dx-A0257,0,0.929951012134552,0.07004895806312561
Lung_Dx-A0257,0,0.04903962463140488,0.9509603977203369
Lung_Dx-A0257,0,0.23616373538970947,0.7638362646102905
Lung_Dx-A0257,0,0.12640726566314697,0.873592734336853
Lung_Dx-A0257,0,0.9997487664222717,0.00025118677876889706
Lung_Dx-A0257,0,0.9955315589904785,0.00446838466450572
Lung_Dx-A0257,0,0.0009217804181389511,0.9990781545639038
Lung_Dx-A0257,0,0.3100411891937256,0.6899588108062744
Lung_Dx-A0257,0,0.0586685985326767,0.9413313865661621
Lung_Dx-A0257,0,0.976445734500885,0.023554332554340363
Lung_Dx-A0257,0,0.9762653708457947,0.023734688758850098
Lung_Dx-A0257,0,0.9996185302734375,0.0003814711526501924
Lung_Dx-A0257,0,0.9912039041519165,0.00879612099379301
Lung_Dx-A0257,0,0.003794834017753601,0.9962051510810852
Lung_Dx-A0257,0,0.21460913121700287,0.7853909134864807
Lung_Dx-A0257,0,0.2492644488811493,0.7507355809211731
Lung_Dx-A0257,0,0.03792804479598999,0.9620718955993652
Lung_Dx-A0257,0,0.9970707893371582,0.00292924209497869
Lung_Dx-A0257,0,0.007710576057434082,0.9922893643379211
Lung_Dx-A0257,0,0.9977524876594543,0.0022474632132798433
Lung_Dx-A0236,0,0.999789297580719,0.00021070436923764646
Lung_Dx-A0236,0,0.9998722076416016,0.00012780926772393286
Lung_Dx-A0236,0,0.9998849630355835,0.0001150173629866913
Lung_Dx-A0236,0,0.9996273517608643,0.0003726376744452864
Lung_Dx-A0236,0,0.9998365640640259,0.00016346470511052758
Lung_Dx-A0236,0,0.999152421951294,0.000847589981276542
Lung_Dx-A0236,0,0.9993724226951599,0.0006275578052736819
Lung_Dx-A0236,0,0.9995711445808411,0.0004288792551960796
Lung_Dx-A0236,0,0.9999254941940308,7.455446029780433e-05
Lung_Dx-A0236,0,0.99946528673172,0.000534735678229481
Lung_Dx-A0236,0,0.9921537041664124,0.007846239022910595
Lung_Dx-A0236,0,0.9584211707115173,0.04157886654138565
Lung_Dx-A0236,0,0.999937891960144,6.205048703122884e-05
Lung_Dx-A0236,0,0.9998118281364441,0.0001881420612335205
Lung_Dx-A0236,0,0.9986541271209717,0.0013458605390042067
Lung_Dx-A0236,0,0.999933123588562,6.683069659629837e-05
Lung_Dx-A0236,0,0.998977780342102,0.0010222098790109158
Lung_Dx-A0236,0,0.9992461204528809,0.0007539328653365374
Lung_Dx-A0236,0,0.9998409748077393,0.0001590562314959243
Lung_Dx-A0236,0,0.9994274377822876,0.0005725465598516166
Lung_Dx-A0236,0,0.9996199607849121,0.0003799845289904624
Lung_Dx-A0236,0,0.9994407296180725,0.0005592909874394536
Lung_Dx-A0236,0,0.9988927245140076,0.0011073390487581491
Lung_Dx-A0236,0,0.9998260140419006,0.00017400544311385602
Lung_Dx-A0236,0,0.9998691082000732,0.0001308397768298164
Lung_Dx-A0236,0,0.9998859167098999,0.00011412239837227389
Lung_Dx-A0236,0,0.9982926249504089,0.0017073675990104675
Lung_Dx-A0236,0,0.9990655779838562,0.0009344576974399388
Lung_Dx-A0236,0,0.9997079968452454,0.0002919395046774298
Lung_Dx-A0236,0,0.9976449608802795,0.0023550675250589848
Lung_Dx-A0236,0,0.9997658133506775,0.00023413580493070185
Lung_Dx-A0236,0,0.999783456325531,0.00021654403826687485
Lung_Dx-A0236,0,0.9996743202209473,0.0003256710770074278
Lung_Dx-A0236,0,0.9999502897262573,4.966520646121353e-05
Lung_Dx-A0236,0,0.9999394416809082,6.061318708816543e-05
Lung_Dx-A0176,0,0.9998260140419006,0.00017400544311385602
Lung_Dx-A0176,0,0.012895587831735611,0.9871044158935547
Lung_Dx-A0176,0,0.9999512434005737,4.870463817496784e-05
Lung_Dx-A0176,0,0.9548583030700684,0.04514164477586746
Lung_Dx-A0176,0,0.9959535598754883,0.0040464554913342
Lung_Dx-A0176,0,0.998039186000824,0.001960835652425885
Lung_Dx-A0176,0,0.9999397993087769,6.014151585986838e-05
Lung_Dx-A0176,0,0.8980981707572937,0.1019018292427063
Lung_Dx-A0176,0,0.999929666519165,7.031184213701636e-05
Lung_Dx-A0176,0,0.9999454021453857,5.4546289902646095e-05
Lung_Dx-A0176,0,0.9505488872528076,0.04945112764835358
Lung_Dx-A0176,0,0.9628481864929199,0.03715182840824127
Lung_Dx-A0176,0,0.9956936836242676,0.0043063051998615265
Lung_Dx-A0176,0,0.9950467348098755,0.004953306633979082
Lung_Dx-A0176,0,0.9998339414596558,0.00016603847325313836
Lung_Dx-A0176,0,0.9982109069824219,0.0017891592578962445
Lung_Dx-A0176,0,0.9679902195930481,0.032009802758693695
Lung_Dx-A0176,0,0.5281075239181519,0.47189247608184814
Lung_Dx-A0176,0,0.8772666454315186,0.12273333966732025
Lung_Dx-A0176,0,0.9816479682922363,0.01835203729569912
Lung_Dx-A0176,0,0.9990283250808716,0.0009716460481286049
Lung_Dx-A0176,0,0.9992706179618835,0.0007293288363143802
Lung_Dx-A0176,0,0.9972531199455261,0.002746901009231806
Lung_Dx-A0176,0,0.9958256483078003,0.004174367059022188
Lung_Dx-A0176,0,0.9958900809288025,0.004109915811568499
Lung_Dx-A0176,0,0.7096734642982483,0.2903265058994293
Lung_Dx-A0176,0,0.9747971296310425,0.02520282194018364
Lung_Dx-A0176,0,0.9300780892372131,0.0699218362569809
Lung_Dx-A0176,0,0.9244152307510376,0.0755847916007042
Lung_Dx-A0176,0,0.39462369680404663,0.6053762435913086
Lung_Dx-A0176,0,0.9982143640518188,0.001785674481652677
Lung_Dx-A0176,0,0.9997712969779968,0.0002287133247591555
Lung_Dx-A0176,0,0.9996026158332825,0.00039743640809319913
Lung_Dx-A0176,0,0.9999165534973145,8.34962775115855e-05
Lung_Dx-A0176,0,0.9998717308044434,0.00012830943160224706
Lung_Dx-A0176,0,0.9999302625656128,6.976470467634499e-05
Lung_Dx-A0176,0,0.9979047775268555,0.0020951859187334776
Lung_Dx-A0176,0,0.9610980749130249,0.03890198469161987
Lung_Dx-A0176,0,0.999695897102356,0.00030415886431001127
Lung_Dx-A0176,0,0.9962126016616821,0.003787457710132003
Lung_Dx-A0176,0,0.9894090890884399,0.010590936057269573
Lung_Dx-A0176,0,0.9392759799957275,0.06072404235601425
Lung_Dx-A0176,0,0.9993108510971069,0.0006891950615681708
Lung_Dx-A0176,0,0.9999617338180542,3.822911094175652e-05
Lung_Dx-A0176,0,0.7548246383666992,0.24517536163330078
Lung_Dx-A0176,0,0.999983549118042,1.650684862397611e-05
Lung_Dx-A0176,0,0.9987429976463318,0.0012570442631840706
Lung_Dx-A0176,0,0.9996155500411987,0.0003844619495794177
Lung_Dx-A0176,0,0.8168451189994812,0.1831549108028412
Lung_Dx-A0176,0,0.7137808799743652,0.28621912002563477
Lung_Dx-A0176,0,0.9998522996902466,0.00014768038818147033
Lung_Dx-A0176,0,0.9849274158477783,0.015072628855705261
Lung_Dx-A0176,0,0.8995634317398071,0.10043660551309586
Lung_Dx-A0176,0,0.9797065258026123,0.02029348537325859
Lung_Dx-A0176,0,0.9995158910751343,0.00048406238784082234
Lung_Dx-A0176,0,0.7970043420791626,0.20299561321735382
Lung_Dx-A0176,0,0.9996953010559082,0.00030475331004709005
Lung_Dx-A0176,0,0.9999748468399048,2.516971835575532e-05
Lung_Dx-A0176,0,0.9550683498382568,0.04493164271116257
Lung_Dx-A0176,0,0.28135624527931213,0.7186437845230103
Lung_Dx-A0176,0,0.9933330416679382,0.006666931789368391
Lung_Dx-A0176,0,0.8996515870094299,0.10034841299057007
Lung_Dx-A0176,0,0.9995694756507874,0.0004305570910219103
Lung_Dx-A0176,0,0.9997498393058777,0.000250207755016163
Lung_Dx-A0176,0,0.999946117401123,5.3910844144411385e-05
Lung_Dx-A0176,0,0.9998910427093506,0.00010889690747717395
Lung_Dx-A0180,0,0.9994937181472778,0.0005062919808551669
Lung_Dx-A0180,0,0.999616265296936,0.00038371203118003905
Lung_Dx-A0180,0,0.9998260140419006,0.00017400544311385602
Lung_Dx-A0180,0,0.9986302852630615,0.0013696944806724787
Lung_Dx-A0180,0,0.8559114336967468,0.14408864080905914
Lung_Dx-A0180,0,0.9983288645744324,0.0016711377538740635
Lung_Dx-A0180,0,0.9762200117111206,0.023779984563589096
Lung_Dx-A0180,0,0.8684366941452026,0.1315632462501526
Lung_Dx-A0180,0,0.9993175268173218,0.000682501879055053
Lung_Dx-A0180,0,0.9900828003883362,0.009917222894728184
Lung_Dx-A0180,0,0.9996471405029297,0.00035281325108371675
Lung_Dx-A0180,0,0.9788140654563904,0.0211858581751585
Lung_Dx-A0180,0,0.9996566772460938,0.00034329999471083283
Lung_Dx-A0180,0,0.9992749094963074,0.0007250710041262209
Lung_Dx-A0180,0,0.9995802044868469,0.00041976713691838086
Lung_Dx-A0180,0,0.9875683188438416,0.01243165135383606
Lung_Dx-A0180,0,0.9993625283241272,0.0006374341319315135
Lung_Dx-A0180,0,0.9965837001800537,0.00341627886518836
Lung_Dx-A0180,0,0.9995225667953491,0.0004774926055688411
Lung_Dx-A0180,0,0.9997336268424988,0.0002663404738996178
Lung_Dx-A0180,0,0.2358555793762207,0.7641444206237793
Lung_Dx-A0180,0,0.9987719655036926,0.0012279604561626911
Lung_Dx-A0180,0,0.9995408058166504,0.0004592085024341941
Lung_Dx-A0180,0,0.9994450211524963,0.0005549408961087465
Lung_Dx-A0180,0,0.6091028451919556,0.3908971846103668
Lung_Dx-A0180,0,0.9992098808288574,0.0007900861673988402
Lung_Dx-A0180,0,0.8502821922302246,0.1497177630662918
Lung_Dx-A0180,0,0.9997774958610535,0.0002225455391453579
Lung_Dx-A0180,0,0.3907373547554016,0.6092626452445984
Lung_Dx-A0180,0,0.9978510141372681,0.00214894930832088
Lung_Dx-A0180,0,0.9980543851852417,0.00194560585077852
Lung_Dx-A0180,0,0.9994916915893555,0.0005082724965177476
Lung_Dx-A0180,0,0.9993785619735718,0.0006214630557224154
Lung_Dx-A0180,0,0.9997531771659851,0.0002468110469635576
Lung_Dx-A0180,0,0.9994450211524963,0.0005549408961087465
Lung_Dx-A0180,0,0.9997346997261047,0.00026530236937105656
Lung_Dx-A0180,0,0.999742329120636,0.0002576445695012808
Lung_Dx-A0180,0,0.05276518687605858,0.9472348093986511
Lung_Dx-A0180,0,0.9772841930389404,0.022715754806995392
Lung_Dx-A0180,0,0.9998218417167664,0.000178131100255996
Lung_Dx-A0180,0,0.9997522234916687,0.0002477767993696034
Lung_Dx-A0180,0,0.9997507929801941,0.00024923254386521876
Lung_Dx-A0180,0,0.9994340538978577,0.0005658799782395363
Lung_Dx-A0180,0,0.9995443224906921,0.00045563653111457825
Lung_Dx-A0180,0,0.9996520280838013,0.0003480241575744003
Lung_Dx-A0180,0,0.8503443598747253,0.14965559542179108
Lung_Dx-A0180,0,0.6679874658584595,0.3320125639438629
Lung_Dx-A0180,0,0.9995827078819275,0.00041731575038284063
Lung_Dx-A0180,0,0.9991720914840698,0.0008279718458652496
Lung_Dx-A0180,0,0.999339759349823,0.0006602274952456355
Lung_Dx-A0180,0,0.9979129433631897,0.0020870345178991556
Lung_Dx-A0180,0,0.9997120499610901,0.0002879764651879668
Lung_Dx-A0180,0,0.9995531439781189,0.0004468277038540691
Lung_Dx-A0180,0,0.9994450211524963,0.0005549408961087465
Lung_Dx-A0180,0,0.9981030225753784,0.0018969200318679214
Lung_Dx-A0180,0,0.9998058676719666,0.00019411317771300673
Lung_Dx-A0180,0,0.999940037727356,5.9907062677666545e-05
Lung_Dx-A0180,0,0.9892232418060303,0.01077672466635704
Lung_Dx-A0180,0,0.9995908141136169,0.0004092474700883031
Lung_Dx-A0180,0,0.9805620312690735,0.01943795196712017
Lung_Dx-A0180,0,0.9975892305374146,0.0024107815697789192
Lung_Dx-A0180,0,0.9989308714866638,0.001069126301445067
Lung_Dx-A0180,0,0.9989033937454224,0.0010965894907712936
Lung_Dx-A0180,0,0.9991864562034607,0.0008135565440170467
Lung_Dx-A0180,0,0.9997681975364685,0.00023186100588645786
Lung_Dx-A0180,0,0.9982385635375977,0.001761469873599708
Lung_Dx-A0255,0,0.01342825498431921,0.9865716695785522
Lung_Dx-A0255,0,0.0032986511941999197,0.9967013001441956
Lung_Dx-A0255,0,0.9999834299087524,1.6571451851632446e-05
Lung_Dx-A0255,0,0.44036394357681274,0.5596359968185425
Lung_Dx-A0255,0,0.9997809529304504,0.00021909605129621923
Lung_Dx-A0255,0,0.006971116643399,0.9930289387702942
Lung_Dx-A0255,0,0.08921626210212708,0.9107837677001953
Lung_Dx-A0255,0,0.9998670816421509,0.00013289992057252675
Lung_Dx-A0255,0,0.0443899892270565,0.9556099772453308
Lung_Dx-A0255,0,0.2689264118671417,0.7310735583305359
Lung_Dx-A0255,0,0.8911496996879578,0.10885028541088104
Lung_Dx-A0255,0,0.5200393199920654,0.47996068000793457
Lung_Dx-A0255,0,4.264746530679986e-05,0.9999573230743408
Lung_Dx-A0255,0,5.497408710652962e-05,0.9999450445175171
Lung_Dx-A0255,0,0.0073600816540420055,0.9926398992538452
Lung_Dx-A0255,0,0.5060421824455261,0.4939578175544739
Lung_Dx-A0255,0,0.9922294020652771,0.007770581636577845
Lung_Dx-A0255,0,0.008527800440788269,0.9914721846580505
Lung_Dx-A0255,0,0.9969245791435242,0.00307536986656487
Lung_Dx-A0255,0,0.7807461023330688,0.21925389766693115
Lung_Dx-A0255,0,0.9966298937797546,0.0033700461499392986
Lung_Dx-A0255,0,0.0016072202706709504,0.9983927607536316
Lung_Dx-A0255,0,0.001806685351766646,0.9981933236122131
Lung_Dx-A0255,0,0.39376014471054077,0.606239914894104
Lung_Dx-A0255,0,0.10521053522825241,0.894789457321167
Lung_Dx-A0255,0,0.00017882819520309567,0.9998212456703186
Lung_Dx-A0255,0,0.06064055114984512,0.9393594861030579
Lung_Dx-A0255,0,0.001026206649839878,0.9989738464355469
Lung_Dx-A0255,0,0.24513019621372223,0.754869818687439
Lung_Dx-A0255,0,0.00043818907579407096,0.9995618462562561
Lung_Dx-A0255,0,0.0004305570910219103,0.9995694756507874
Lung_Dx-A0255,0,3.0006620363565162e-05,0.9999699592590332
Lung_Dx-A0255,0,0.03132111579179764,0.968678891658783
Lung_Dx-A0255,0,0.9129420518875122,0.08705801516771317
Lung_Dx-A0255,0,0.9997817873954773,0.0002182420575991273
Lung_Dx-A0255,0,0.0003966611984651536,0.9996033310890198
Lung_Dx-A0255,0,0.0011073390487581491,0.9988927245140076
Lung_Dx-A0255,0,0.0024871178902685642,0.997512936592102
Lung_Dx-A0255,0,0.026330305263400078,0.9736696481704712
Lung_Dx-A0255,0,0.16184942424297333,0.8381505608558655
Lung_Dx-A0255,0,0.7498664855957031,0.2501335144042969
Lung_Dx-A0255,0,0.006229157093912363,0.9937708973884583
Lung_Dx-A0255,0,0.0008279718458652496,0.9991720914840698
Lung_Dx-A0255,0,0.00013186583237256855,0.9998681545257568
Lung_Dx-A0255,0,0.507567822933197,0.49243220686912537
Lung_Dx-A0255,0,0.032466817647218704,0.9675332307815552
Lung_Dx-A0255,0,6.327425944618881e-05,0.9999366998672485
Lung_Dx-A0255,0,0.5240902304649353,0.4759097695350647
Lung_Dx-A0255,0,0.06210312247276306,0.9378969073295593
Lung_Dx-A0255,0,0.0008442883845418692,0.9991557598114014
Lung_Dx-A0255,0,0.0016452717827633023,0.9983547329902649
Lung_Dx-A0255,0,0.999972939491272,2.7003115974366665e-05
Lung_Dx-A0255,0,0.9907498955726624,0.009250096045434475
Lung_Dx-A0255,0,0.2283715456724167,0.7716284394264221
Lung_Dx-A0255,0,0.8451133966445923,0.1548866331577301
Lung_Dx-A0255,0,0.0034496886655688286,0.9965503215789795
Lung_Dx-A0255,0,0.11823229491710663,0.8817676901817322
Lung_Dx-A0255,0,0.03413260728120804,0.9658674597740173
Lung_Dx-A0255,0,0.01501474715769291,0.9849852323532104
Lung_Dx-A0255,0,0.6439890265464783,0.35601097345352173
Lung_Dx-A0255,0,0.9955229759216309,0.0044770813547074795
Lung_Dx-A0255,0,0.2918631136417389,0.7081369161605835
Lung_Dx-A0255,0,0.5881500840187073,0.41184988617897034
Lung_Dx-A0255,0,0.9394705891609192,0.06052938848733902
Lung_Dx-A0255,0,0.08540366590023041,0.9145963191986084
Lung_Dx-A0255,0,0.925567090511322,0.07443295419216156
Lung_Dx-A0255,0,0.9714558720588684,0.028544152155518532
Lung_Dx-A0255,0,0.998275876045227,0.0017240936867892742
Lung_Dx-A0255,0,0.06960495561361313,0.9303950071334839
Lung_Dx-A0255,0,0.03534407541155815,0.964655876159668
Lung_Dx-A0255,0,0.0005907104350626469,0.9994093179702759
Lung_Dx-A0255,0,0.9997075200080872,0.000292510143481195
Lung_Dx-A0255,0,0.18454696238040924,0.815453052520752
Lung_Dx-A0255,0,0.18498827517032623,0.815011739730835
Lung_Dx-A0255,0,0.005853960290551186,0.9941459894180298
Lung_Dx-A0255,0,0.24193686246871948,0.7580630779266357
Lung_Dx-A0255,0,0.9997507929801941,0.00024923254386521876
Lung_Dx-A0255,0,0.7439594268798828,0.25604063272476196
Lung_Dx-A0255,0,0.21321330964565277,0.786786675453186
Lung_Dx-A0255,0,0.18937113881111145,0.8106288909912109
Lung_Dx-A0204,0,0.9998273253440857,0.000172651547472924
Lung_Dx-A0204,0,0.9999904632568359,9.553497875458561e-06
Lung_Dx-A0204,0,0.9999604225158691,3.959695459343493e-05
Lung_Dx-A0204,0,0.9993916749954224,0.0006082616746425629
Lung_Dx-A0204,0,0.9994307160377502,0.0005692035192623734
Lung_Dx-A0204,0,0.9997398257255554,0.0002601723244879395
Lung_Dx-A0204,0,0.9998840093612671,0.00011591934162424877
Lung_Dx-A0204,0,0.9999706745147705,2.9311537218745798e-05
Lung_Dx-A0204,0,0.9998339414596558,0.00016603847325313836
Lung_Dx-A0204,0,0.9999030828475952,9.68560780165717e-05
Lung_Dx-A0204,0,0.9995835423469543,0.0004165018326602876
Lung_Dx-A0204,0,0.9998968839645386,0.00010310212383046746
Lung_Dx-A0204,0,0.999983549118042,1.6442494597868063e-05
Lung_Dx-A0204,0,0.9994046688079834,0.0005953406216576695
Lung_Dx-A0204,0,0.99946528673172,0.000534735678229481
Lung_Dx-A0204,0,0.9984452128410339,0.0015548133524134755
Lung_Dx-A0204,0,0.9995390176773071,0.0004610049945767969
Lung_Dx-A0204,0,0.9999194145202637,8.061209518928081e-05
Lung_Dx-A0204,0,0.9998390674591064,0.00016093082376755774
Lung_Dx-A0204,0,0.9985392093658447,0.0014607495395466685
Lung_Dx-A0204,0,0.9999903440475464,9.62842477747472e-06
Lung_Dx-A0204,0,0.9998427629470825,0.00015720343799330294
Lung_Dx-A0204,0,0.9997859597206116,0.00021402176935225725
Lung_Dx-A0204,0,0.9999531507492065,4.683888619183563e-05
Lung_Dx-A0204,0,0.9995908141136169,0.0004092474700883031
Lung_Dx-A0204,0,0.9994252920150757,0.0005747861578129232
Lung_Dx-A0204,0,0.999843955039978,0.00015598026220686734
Lung_Dx-A0204,0,0.9999610185623169,3.898308568750508e-05
Lung_Dx-A0204,0,0.9998505115509033,0.00014942092821002007
Lung_Dx-A0204,0,0.9998482465744019,0.00015177360910456628
Lung_Dx-A0204,0,0.9996309280395508,0.00036901768180541694
Lung_Dx-A0204,0,0.9998923540115356,0.0001076283588190563
Lung_Dx-A0204,0,0.999779999256134,0.000219953348278068
Lung_Dx-A0204,0,0.9993201494216919,0.000679842836689204
Lung_Dx-A0204,0,0.9998675584793091,0.00013238185783848166
Lung_Dx-A0204,0,0.9997527003288269,0.00024729344295337796
Lung_Dx-A0204,0,0.9998936653137207,0.00010637458763085306
Lung_Dx-A0204,0,0.999913215637207,8.682211046107113e-05
Lung_Dx-A0204,0,0.9993663430213928,0.0006337125669233501
Lung_Dx-A0204,0,0.9998936653137207,0.00010637458763085306
Lung_Dx-A0204,0,0.9998345375061035,0.00016539123316761106
Lung_Dx-A0204,0,0.9998169541358948,0.00018306818674318492
Lung_Dx-A0204,0,0.9998923540115356,0.0001076283588190563
Lung_Dx-A0204,0,0.9999580383300781,4.198630995233543e-05
Lung_Dx-A0204,0,0.9992792010307312,0.0007208380266092718
Lung_Dx-A0204,0,0.9998601675033569,0.0001398220774717629
Lung_Dx-A0204,0,0.9998756647109985,0.000124362253700383
Lung_Dx-A0204,0,0.9986032843589783,0.001396671636030078
Lung_Dx-A0204,0,0.9996750354766846,0.00032503585680387914
Lung_Dx-A0190,0,0.9685600996017456,0.031439851969480515
Lung_Dx-A0190,0,0.9995835423469543,0.0004165018326602876
Lung_Dx-A0190,0,0.9993000030517578,0.0007000407204031944
Lung_Dx-A0190,0,0.9996665716171265,0.0003333915665280074
Lung_Dx-A0190,0,0.9984602928161621,0.0015397268580272794
Lung_Dx-A0190,0,0.992452085018158,0.0075479233637452126
Lung_Dx-A0190,0,0.9992190599441528,0.0007808886002749205
Lung_Dx-A0190,0,0.9993108510971069,0.0006891950615681708
Lung_Dx-A0190,0,0.9968024492263794,0.0031974867451936007
Lung_Dx-A0190,0,0.9993904829025269,0.0006094501004554331
Lung_Dx-A0190,0,0.9961305856704712,0.0038693908136337996
Lung_Dx-A0190,0,0.9998972415924072,0.00010270019993185997
Lung_Dx-A0190,0,0.9986853003501892,0.001314724562689662
Lung_Dx-A0190,0,0.9997492432594299,0.00025069675757549703
Lung_Dx-A0190,0,0.9986222982406616,0.001377732609398663
Lung_Dx-A0190,0,0.9974884986877441,0.0025114635936915874
Lung_Dx-A0190,0,0.9997498393058777,0.000250207755016163
Lung_Dx-A0190,0,0.9798226952552795,0.020177319645881653
Lung_Dx-A0190,0,0.9920772910118103,0.007922627963125706
Lung_Dx-A0190,0,0.9998499155044556,0.0001500056532677263
Lung_Dx-A0190,0,0.998504638671875,0.0014953383943066
Lung_Dx-A0190,0,0.9998822212219238,0.00011774458835134283
Lung_Dx-A0190,0,0.9978384375572205,0.0021615505684167147
Lung_Dx-A0190,0,0.9985590577125549,0.0014409428695216775
Lung_Dx-A0190,0,0.9984052777290344,0.0015947326319292188
Lung_Dx-A0190,0,0.9954879879951477,0.0045120371505618095
Lung_Dx-A0190,0,0.9984269142150879,0.0015731120947748423
Lung_Dx-A0190,0,0.996616780757904,0.003383191069588065
Lung_Dx-A0190,0,0.9959059953689575,0.004093958530575037
Lung_Dx-A0190,0,0.9971606731414795,0.002839374355971813
Lung_Dx-A0190,0,0.9960159659385681,0.003983970265835524
Lung_Dx-A0190,0,0.9989266991615295,0.0010733063099905849
Lung_Dx-A0190,0,0.9967899918556213,0.003209961112588644
Lung_Dx-A0190,0,0.9989204406738281,0.0010796068236231804
Lung_Dx-A0190,0,0.9966949224472046,0.003305078949779272
Lung_Dx-A0190,0,0.9992160797119141,0.0007839425816200674
Lung_Dx-A0190,0,0.9963783621788025,0.003621685318648815
Lung_Dx-A0190,0,0.9997268319129944,0.00027318773209117353
Lung_Dx-A0190,0,0.9989718198776245,0.0010282108560204506
Lung_Dx-A0190,0,0.9862046241760254,0.01379536371678114
Lung_Dx-A0190,0,0.9998854398727417,0.00011456900392659009
Lung_Dx-A0190,0,0.9892024397850037,0.01079756673425436
Lung_Dx-A0190,0,0.9930017590522766,0.006998209282755852
Lung_Dx-A0175,0,0.9041438698768616,0.09585607796907425
Lung_Dx-A0175,0,0.02964750863611698,0.9703524708747864
Lung_Dx-A0175,0,0.04193052276968956,0.9580694437026978
Lung_Dx-A0175,0,0.5193689465522766,0.4806310534477234
Lung_Dx-A0175,0,0.9880849719047546,0.011915022507309914
Lung_Dx-A0175,0,0.9941459894180298,0.005853960290551186
Lung_Dx-A0175,0,0.2221933901309967,0.7778065800666809
Lung_Dx-A0175,0,0.9983320832252502,0.0016678821993991733
Lung_Dx-A0175,0,0.22751225531101227,0.7724876999855042
Lung_Dx-A0175,0,0.2743513584136963,0.7256486415863037
Lung_Dx-A0175,0,0.3015162944793701,0.6984837055206299
Lung_Dx-A0175,0,0.7284586429595947,0.2715413570404053
Lung_Dx-A0175,0,0.9592689275741577,0.04073109105229378
Lung_Dx-A0175,0,0.9887987971305847,0.011201214045286179
Lung_Dx-A0175,0,0.06108710914850235,0.9389128684997559
Lung_Dx-A0175,0,0.9493885040283203,0.050611432641744614
Lung_Dx-A0175,0,0.03517797589302063,0.964821994304657
Lung_Dx-A0175,0,0.684659481048584,0.31534048914909363
Lung_Dx-A0175,0,0.9973165392875671,0.002683439524844289
Lung_Dx-A0175,0,0.7238466143608093,0.27615341544151306
Lung_Dx-A0175,0,0.9810037016868591,0.0189962275326252
Lung_Dx-A0175,0,0.9971606731414795,0.002839374355971813
Lung_Dx-A0175,0,0.2526605427265167,0.7473394274711609
Lung_Dx-A0175,0,0.09146321564912796,0.9085367321968079
Lung_Dx-A0175,0,0.936575710773468,0.06342433393001556
Lung_Dx-A0175,0,0.9075583219528198,0.09244169294834137
Lung_Dx-A0175,0,0.0008882304537110031,0.9991117119789124
Lung_Dx-A0175,0,0.3336490988731384,0.6663509607315063
Lung_Dx-A0175,0,0.8244618773460388,0.1755380630493164
Lung_Dx-A0175,0,0.9245515465736389,0.0754484310746193
Lung_Dx-A0175,0,0.5580862164497375,0.4419138431549072
Lung_Dx-A0175,0,0.9969005584716797,0.0030994152184575796
Lung_Dx-A0175,0,0.5305101275444031,0.4694898724555969
Lung_Dx-A0175,0,0.07592666149139404,0.9240732789039612
Lung_Dx-A0175,0,0.9841393232345581,0.015860598534345627
Lung_Dx-A0175,0,0.9963500499725342,0.003649987280368805
Lung_Dx-A0175,0,0.9728049635887146,0.027195056900382042
Lung_Dx-A0175,0,0.39474040269851685,0.6052596569061279
Lung_Dx-A0175,0,0.8918110132217407,0.10818894952535629
Lung_Dx-A0175,0,0.22815649211406708,0.7718434929847717
Lung_Dx-A0175,0,0.02190636657178402,0.9780936241149902
Lung_Dx-A0175,0,0.9985104203224182,0.0014895173953846097
Lung_Dx-A0175,0,0.4459215998649597,0.5540784001350403
Lung_Dx-A0175,0,0.9772841930389404,0.022715754806995392
Lung_Dx-A0175,0,0.7265226244926453,0.27347737550735474
Lung_Dx-A0175,0,0.05921025201678276,0.9407896995544434
Lung_Dx-A0175,0,0.7725735306739807,0.2274264544248581
Lung_Dx-A0175,0,0.9804125428199768,0.019587421789765358
Lung_Dx-A0175,0,0.42893967032432556,0.5710603594779968
Lung_Dx-A0175,0,0.022457055747509003,0.9775429368019104
Lung_Dx-A0175,0,0.006500871852040291,0.9934991598129272
Lung_Dx-A0175,0,0.002580904169008136,0.9974191188812256
Lung_Dx-A0175,0,0.8794577121734619,0.12054230272769928
Lung_Dx-G0047,1,0.08035746961832047,0.9196425676345825
Lung_Dx-G0047,1,0.8442806601524353,0.1557193398475647
Lung_Dx-G0047,1,0.530722975730896,0.469277024269104
Lung_Dx-G0047,1,0.9851861596107483,0.014813887886703014
Lung_Dx-G0047,1,0.9503649473190308,0.04963507130742073
Lung_Dx-G0047,1,5.851939567946829e-05,0.9999414682388306
Lung_Dx-G0047,1,0.5451495051383972,0.4548504948616028
Lung_Dx-G0047,1,0.9952356219291687,0.004764452576637268
Lung_Dx-G0047,1,0.7474777698516846,0.2525222897529602
Lung_Dx-G0047,1,0.9940197467803955,0.005980330053716898
Lung_Dx-G0047,1,0.8352149128913879,0.16478508710861206
Lung_Dx-G0047,1,0.9940080642700195,0.005991951562464237
Lung_Dx-G0047,1,0.38199734687805176,0.6180026531219482
Lung_Dx-G0047,1,0.8028648495674133,0.19713515043258667
Lung_Dx-G0047,1,0.26020142436027527,0.7397985458374023
Lung_Dx-G0047,1,0.9838160872459412,0.016183903440833092
Lung_Dx-G0047,1,0.3866802453994751,0.6133198142051697
Lung_Dx-G0047,1,0.05623634159564972,0.9437636137008667
Lung_Dx-G0047,1,0.8042522072792053,0.19574777781963348
Lung_Dx-G0047,1,0.47268345952033997,0.5273165106773376
Lung_Dx-G0047,1,0.9982143640518188,0.001785674481652677
Lung_Dx-G0047,1,0.005554925184696913,0.9944451451301575
Lung_Dx-G0047,1,0.039453376084566116,0.960546612739563
Lung_Dx-G0047,1,0.7794477939605713,0.2205522209405899
Lung_Dx-G0047,1,0.965217649936676,0.034782394766807556
Lung_Dx-G0047,1,0.7354992032051086,0.26450082659721375
Lung_Dx-G0047,1,0.9973008036613464,0.0026991665363311768
Lung_Dx-G0047,1,0.9959771037101746,0.004022909794002771
Lung_Dx-G0047,1,0.9967206120491028,0.0032794431317597628
Lung_Dx-G0047,1,0.995354413986206,0.004645557142794132
Lung_Dx-G0047,1,0.9451974034309387,0.05480259656906128
Lung_Dx-G0047,1,0.9838781356811523,0.016121823340654373
Lung_Dx-G0047,1,0.9963286519050598,0.003671357873827219
Lung_Dx-G0047,1,0.7587341666221619,0.24126587808132172
Lung_Dx-G0047,1,0.595281183719635,0.404718816280365
Lung_Dx-G0047,1,0.027690257877111435,0.9723097085952759
Lung_Dx-G0047,1,0.9995575547218323,0.00044248730409890413
Lung_Dx-G0047,1,0.9497160315513611,0.050283972173929214
Lung_Dx-G0047,1,0.9921233057975769,0.007876706309616566
Lung_Dx-G0047,1,0.9864417314529419,0.01355824526399374
Lung_Dx-G0047,1,0.8907226920127869,0.10927728563547134
Lung_Dx-G0047,1,0.9927951693534851,0.007204768247902393
Lung_Dx-G0047,1,0.9378399848937988,0.06216002628207207
Lung_Dx-G0047,1,0.014942705631256104,0.9850572943687439
Lung_Dx-G0047,1,0.8591918349266052,0.14080817997455597
Lung_Dx-G0047,1,0.9482983350753784,0.05170163884758949
Lung_Dx-G0047,1,0.41785040497779846,0.5821495652198792
Lung_Dx-G0047,1,0.9947595000267029,0.00524044968187809
Lung_Dx-G0047,1,0.9924813508987427,0.007518718484789133
Lung_Dx-G0047,1,0.05151045694947243,0.9484894871711731
Lung_Dx-G0047,1,0.9126699566841125,0.08733005076646805
Lung_Dx-G0047,1,0.9947900772094727,0.0052099935710430145
Lung_Dx-G0047,1,0.3807409703731537,0.6192590594291687
Lung_Dx-G0047,1,0.9936364889144897,0.0063635739497840405
Lung_Dx-G0047,1,0.024307018145918846,0.9756929278373718
Lung_Dx-G0047,1,0.5603278875350952,0.43967217206954956
Lung_Dx-G0047,1,0.27347737550735474,0.7265226244926453
Lung_Dx-G0047,1,0.9577149748802185,0.042285025119781494
Lung_Dx-G0047,1,0.8431217074394226,0.15687835216522217
Lung_Dx-G0047,1,0.7036004066467285,0.29639965295791626
Lung_Dx-G0047,1,0.1457221657037735,0.8542778491973877
Lung_Dx-G0047,1,0.9997310042381287,0.00026895347400568426
Lung_Dx-G0047,1,0.1860211193561554,0.8139788508415222
Lung_Dx-G0047,1,0.9464978575706482,0.0535021536052227
Lung_Dx-G0047,1,0.11802882701158524,0.8819711804389954
Lung_Dx-G0047,1,0.08949438482522964,0.9105055928230286
Lung_Dx-G0047,1,0.8179746270179749,0.18202532827854156
Lung_Dx-G0047,1,0.9921385645866394,0.007861457765102386
Lung_Dx-G0047,1,0.23519620299339294,0.7648037672042847
Lung_Dx-G0047,1,0.10790660232305527,0.8920933604240417
Lung_Dx-G0047,1,0.13706977665424347,0.8629302382469177
Lung_Dx-G0047,1,0.35236892104148865,0.6476311087608337
Lung_Dx-G0047,1,0.9991490840911865,0.0008509045583195984
Lung_Dx-G0047,1,0.42679932713508606,0.5732006430625916
Lung_Dx-G0047,1,0.0011536478996276855,0.9988462924957275
Lung_Dx-G0047,1,0.24513019621372223,0.754869818687439
Lung_Dx-G0047,1,0.9563905000686646,0.04360952973365784
Lung_Dx-G0047,1,0.054853204637765884,0.9451467990875244
Lung_Dx-G0047,1,0.9654788970947266,0.034521058201789856
Lung_Dx-G0047,1,0.9967586398124695,0.003241359954699874
Lung_Dx-G0047,1,0.8277585506439209,0.1722414493560791
Lung_Dx-G0047,1,0.11797802150249481,0.8820220232009888
Lung_Dx-G0047,1,0.3449397385120392,0.6550602316856384
Lung_Dx-G0047,1,0.9981649518013,0.0018350842874497175
Lung_Dx-G0047,1,0.41765743494033813,0.5823426246643066
Lung_Dx-G0047,1,0.7418844699859619,0.2581155300140381
Lung_Dx-G0047,1,0.00955939944833517,0.9904406070709229
Lung_Dx-G0047,1,0.000124362253700383,0.9998756647109985
Lung_Dx-G0047,1,0.9977830052375793,0.002217013156041503
Lung_Dx-G0047,1,0.9735944867134094,0.026405518874526024
Lung_Dx-G0047,1,0.9981433153152466,0.0018566754879429936
Lung_Dx-G0047,1,0.9290229678153992,0.07097701728343964
Lung_Dx-G0047,1,0.9988440275192261,0.0011559006525203586
Lung_Dx-G0047,1,0.14706452190876007,0.8529354333877563
Lung_Dx-G0047,1,0.9985104203224182,0.0014895173953846097
Lung_Dx-G0047,1,0.30177342891693115,0.6982265710830688
Lung_Dx-G0047,1,0.954562783241272,0.045437220484018326
Lung_Dx-G0047,1,0.8811042904853821,0.11889567226171494
Lung_Dx-G0047,1,0.2751784026622772,0.7248215675354004
Lung_Dx-G0047,1,0.0008215338457375765,0.9991784691810608
Lung_Dx-G0047,1,0.9674410820007324,0.032558973878622055
Lung_Dx-G0047,1,0.16586315631866455,0.8341368436813354
Lung_Dx-G0047,1,0.5629274845123291,0.4370724856853485
Lung_Dx-G0047,1,0.11541124433279037,0.8845887184143066
Lung_Dx-G0047,1,0.4969787895679474,0.5030211806297302
Lung_Dx-G0047,1,0.9968273043632507,0.0031726830638945103
Lung_Dx-G0047,1,0.02539546974003315,0.9746044874191284
Lung_Dx-G0047,1,0.80935138463974,0.19064868986606598
Lung_Dx-G0047,1,0.9974836707115173,0.0025163611862808466
Lung_Dx-G0047,1,0.5180204510688782,0.4819795489311218
Lung_Dx-G0047,1,0.9592307209968567,0.04076926410198212
Lung_Dx-G0047,1,0.9988213181495667,0.0011786720715463161
Lung_Dx-G0047,1,0.001972335623577237,0.9980276226997375
Lung_Dx-G0047,1,0.8177200555801392,0.18227992951869965
Lung_Dx-G0047,1,0.32578861713409424,0.6742113828659058
Lung_Dx-G0047,1,0.014227045699954033,0.9857729077339172
Lung_Dx-G0047,1,0.08108211308717728,0.9189178347587585
Lung_Dx-G0047,1,0.977022647857666,0.022977370768785477
Lung_Dx-G0047,1,0.6860546469688416,0.31394535303115845
Lung_Dx-G0047,1,0.683657169342041,0.31634286046028137
Lung_Dx-G0047,1,0.13341520726680756,0.8665847778320312
Lung_Dx-G0047,1,0.17920713126659393,0.8207928538322449
Lung_Dx-G0047,1,0.3373126983642578,0.662687361240387
Lung_Dx-G0047,1,0.12220857292413712,0.8777913451194763
Lung_Dx-G0047,1,0.5333670973777771,0.4666329324245453
Lung_Dx-G0047,1,0.6519090533256531,0.34809091687202454
Lung_Dx-G0047,1,0.9893782734870911,0.010621678084135056
Lung_Dx-G0047,1,0.9965837001800537,0.00341627886518836
Lung_Dx-G0047,1,0.9860308170318604,0.01396915502846241
Lung_Dx-G0047,1,0.04130730405449867,0.9586926698684692
Lung_Dx-G0047,1,0.0008263575728051364,0.9991735816001892
Lung_Dx-G0047,1,0.01595231518149376,0.9840477108955383
Lung_Dx-G0047,1,0.895248293876648,0.10475174337625504
Lung_Dx-G0047,1,0.9975321292877197,0.002467810409143567
Lung_Dx-G0047,1,0.0023967307060956955,0.9976032376289368
Lung_Dx-G0047,1,0.7577047348022461,0.24229523539543152
Lung_Dx-G0047,1,0.02995811589062214,0.9700418710708618
Lung_Dx-G0047,1,0.9965097308158875,0.003490210510790348
Lung_Dx-G0047,1,0.978425920009613,0.02157406695187092
Lung_Dx-G0047,1,0.48474594950675964,0.5152540802955627
Lung_Dx-G0047,1,0.4287117123603821,0.5712883472442627
Lung_Dx-G0047,1,0.7593147158622742,0.2406853586435318
Lung_Dx-G0047,1,0.8539736866950989,0.1460263580083847
Lung_Dx-G0047,1,0.9865975975990295,0.013402405194938183
Lung_Dx-A0213,0,0.9997603297233582,0.0002396868512732908
Lung_Dx-A0213,0,0.9999545812606812,4.539786823443137e-05
Lung_Dx-A0213,0,0.9880620241165161,0.011938040144741535
Lung_Dx-A0213,0,0.9987719655036926,0.0012279604561626911
Lung_Dx-A0213,0,0.9997989535331726,0.00020105745352339
Lung_Dx-A0213,0,0.9983958601951599,0.0016040891641750932
Lung_Dx-A0213,0,0.9995744824409485,0.00042554308311082423
Lung_Dx-A0213,0,0.997166097164154,0.002833849750459194
Lung_Dx-A0213,0,0.9999575614929199,4.248120603733696e-05
Lung_Dx-A0213,0,0.9970765113830566,0.0029235430993139744
Lung_Dx-A0213,0,0.9999101161956787,8.992846414912492e-05
Lung_Dx-A0213,0,0.9997555613517761,0.00024441309506073594
Lung_Dx-A0213,0,0.9997859597206116,0.00021402176935225725
Lung_Dx-A0213,0,0.9219569563865662,0.07804302126169205
Lung_Dx-A0213,0,0.9950467348098755,0.004953306633979082
Lung_Dx-A0213,0,0.9928370118141174,0.007162978406995535
Lung_Dx-A0213,0,0.9870296716690063,0.012970387935638428
Lung_Dx-A0213,0,0.9998601675033569,0.0001398220774717629
Lung_Dx-A0213,0,0.9999020099639893,9.79976830421947e-05
Lung_Dx-A0213,0,0.9963783621788025,0.003621685318648815
Lung_Dx-A0213,0,0.9997658133506775,0.00023413580493070185
Lung_Dx-A0213,0,0.9995015859603882,0.000498446577694267
Lung_Dx-A0213,0,0.9999779462814331,2.2039412215235643e-05
Lung_Dx-A0213,0,0.999931812286377,6.814871449023485e-05
Lung_Dx-A0213,0,0.9997817873954773,0.0002182420575991273
Lung_Dx-A0213,0,0.9753665924072266,0.02463338151574135
Lung_Dx-A0213,0,0.999957799911499,4.2150626541115344e-05
Lung_Dx-A0213,0,0.9999613761901855,3.867972918669693e-05
Lung_Dx-A0213,0,0.9997974038124084,0.00020263406622689217
Lung_Dx-A0213,0,0.9976949095726013,0.002305125119164586
Lung_Dx-A0213,0,0.99945467710495,0.0005452766199596226
Lung_Dx-A0213,0,0.9998722076416016,0.00012780926772393286
Lung_Dx-A0213,0,0.9999008178710938,9.915272676153108e-05
Lung_Dx-A0213,0,0.9989328980445862,0.0010670424671843648
Lung_Dx-A0213,0,0.9999206066131592,7.936241308925673e-05
Lung_Dx-A0213,0,0.9999654293060303,3.453725003055297e-05
Lung_Dx-A0213,0,0.9982993006706238,0.001700722612440586
Lung_Dx-A0213,0,0.9999866485595703,1.3315579053596593e-05
Lung_Dx-A0213,0,0.9994986057281494,0.0005013742484152317
Lung_Dx-A0213,0,0.9958900809288025,0.004109915811568499
Lung_Dx-A0213,0,0.9998584985733032,0.0001414700091117993
Lung_Dx-A0213,0,0.9999593496322632,4.0694576455280185e-05
Lung_Dx-A0213,0,0.9998169541358948,0.00018306818674318492
Lung_Dx-A0238,0,0.019568676128983498,0.9804313778877258
Lung_Dx-A0238,0,0.7534213066101074,0.24657870829105377
Lung_Dx-A0238,0,0.917376697063446,0.08262329548597336
Lung_Dx-A0238,0,0.8840392827987671,0.11596070975065231
Lung_Dx-A0238,0,0.9666946530342102,0.033305369317531586
Lung_Dx-A0238,0,0.9942920207977295,0.00570803415030241
Lung_Dx-A0238,0,0.6321515440940857,0.3678484559059143
Lung_Dx-A0238,0,0.3106943964958191,0.6893056035041809
Lung_Dx-A0238,0,0.2789437472820282,0.7210562825202942
Lung_Dx-A0238,0,0.9270667433738708,0.07293328642845154
Lung_Dx-A0238,0,0.17009402811527252,0.8299059271812439
Lung_Dx-A0238,0,0.9958256483078003,0.004174367059022188
Lung_Dx-A0238,0,0.9850716590881348,0.014928337186574936
Lung_Dx-A0238,0,0.9589625000953674,0.041037436574697495
Lung_Dx-A0238,0,0.9934865236282349,0.0065134987235069275
Lung_Dx-A0238,0,0.9883801937103271,0.011619770899415016
Lung_Dx-A0238,0,0.06878728419542313,0.9312127232551575
Lung_Dx-A0238,0,0.3419669568538666,0.6580330729484558
Lung_Dx-A0238,0,0.7182486653327942,0.2817513346672058
Lung_Dx-A0238,0,0.33080217242240906,0.6691978573799133
Lung_Dx-A0238,0,0.9621075391769409,0.0378924235701561
Lung_Dx-A0238,0,0.6360422968864441,0.3639576733112335
Lung_Dx-A0238,0,0.8308001160621643,0.1691998690366745
Lung_Dx-A0238,0,0.9934611320495605,0.0065388246439397335
Lung_Dx-A0238,0,0.8565725088119507,0.14342747628688812
Lung_Dx-A0238,0,0.9981791973114014,0.0018208295805379748
Lung_Dx-A0238,0,0.48858842253685,0.5114116072654724
Lung_Dx-A0238,0,0.06359858065843582,0.9364014267921448
Lung_Dx-A0238,0,0.003324436955153942,0.9966756105422974
Lung_Dx-A0238,0,0.057705316692590714,0.942294716835022
Lung_Dx-A0238,0,0.6877807378768921,0.3122192621231079
Lung_Dx-A0238,0,0.00023643295571673661,0.999763548374176
Lung_Dx-A0238,0,0.945600688457489,0.05439931899309158
Lung_Dx-A0238,0,0.7641884088516235,0.23581159114837646
Lung_Dx-A0238,0,0.9980505704879761,0.0019494020380079746
Lung_Dx-A0238,0,0.9036349058151245,0.09636510163545609
Lung_Dx-A0238,0,0.08291985839605331,0.9170801043510437
Lung_Dx-A0238,0,0.6764329075813293,0.32356709241867065
Lung_Dx-A0238,0,0.9954350590705872,0.004564980510622263
Lung_Dx-A0238,0,0.8571115136146545,0.14288842678070068
Lung_Dx-A0238,0,0.013121270574629307,0.9868786931037903
Lung_Dx-A0238,0,0.9682914614677429,0.031708598136901855
Lung_Dx-A0238,0,0.8755743503570557,0.12442562729120255
Lung_Dx-A0238,0,0.5215321183204651,0.4784679412841797
Lung_Dx-A0238,0,0.9967076778411865,0.0032922360114753246
Lung_Dx-A0238,0,0.9771101474761963,0.022889841347932816
Lung_Dx-A0238,0,0.9935992956161499,0.0064007299952209
Lung_Dx-A0238,0,0.9485372304916382,0.05146276578307152
Lung_Dx-A0238,0,0.11757213622331619,0.8824278712272644
Lung_Dx-A0238,0,0.43407142162323,0.56592857837677
Lung_Dx-A0238,0,0.41618478298187256,0.5838152170181274
Lung_Dx-A0238,0,0.09178834408521652,0.9082116484642029
Lung_Dx-A0238,0,0.9776285290718079,0.022371459752321243
Lung_Dx-A0238,0,0.1489114910364151,0.8510885834693909
Lung_Dx-A0238,0,0.8104038834571838,0.18959608674049377
Lung_Dx-A0238,0,0.7125323414802551,0.2874676585197449
Lung_Dx-A0238,0,0.33039018511772156,0.6696098446846008
Lung_Dx-A0238,0,0.9541800618171692,0.045819949358701706
Lung_Dx-A0238,0,0.01024860143661499,0.9897513389587402
Lung_Dx-A0238,0,0.43076086044311523,0.5692391395568848
Lung_Dx-A0238,0,0.9470881819725037,0.05291181057691574
Lung_Dx-A0238,0,0.0012160416226834059,0.9987840056419373
Lung_Dx-A0238,0,0.987794041633606,0.012205901555716991
Lung_Dx-A0238,0,0.961207389831543,0.03879259154200554
Lung_Dx-A0238,0,0.008527800440788269,0.9914721846580505
Lung_Dx-A0238,0,0.010130411945283413,0.9898695349693298
Lung_Dx-A0238,0,0.9755303859710693,0.02446967177093029
Lung_Dx-A0238,0,0.9385759830474854,0.06142403930425644
Lung_Dx-A0238,0,0.7537840008735657,0.2462160289287567
Lung_Dx-A0238,0,0.08137363940477371,0.9186264276504517
Lung_Dx-A0238,0,0.00021696732437703758,0.9997830986976624
Lung_Dx-A0238,0,0.18341074883937836,0.8165892958641052
Lung_Dx-A0238,0,0.528928816318512,0.47107115387916565
Lung_Dx-A0238,0,0.992864727973938,0.0071352520026266575
Lung_Dx-A0238,0,0.9457011222839355,0.05429894104599953
Lung_Dx-A0238,0,0.1885479837656021,0.8114519715309143
Lung_Dx-A0238,0,0.8889035582542419,0.11109647154808044
Lung_Dx-A0238,0,0.06025232374668121,0.93974769115448
Lung_Dx-A0238,0,0.9248914122581482,0.07510852813720703
Lung_Dx-A0238,0,0.2588408291339874,0.7411591410636902
Lung_Dx-A0238,0,0.3754309117794037,0.6245690584182739
Lung_Dx-A0238,0,0.003983970265835524,0.9960159659385681
Lung_Dx-A0238,0,0.8101411461830139,0.1898588240146637
Lung_Dx-A0238,0,0.07446660101413727,0.9255334138870239
Lung_Dx-A0238,0,0.8793022632598877,0.12069767713546753
Lung_Dx-A0238,0,0.8250265121459961,0.17497345805168152
Lung_Dx-A0238,0,0.9374402165412903,0.06255972385406494
Lung_Dx-A0238,0,0.17384850978851318,0.826151430606842
Lung_Dx-A0238,0,0.0063021220266819,0.9936979413032532
Lung_Dx-A0238,0,0.015116182155907154,0.9848837852478027
Lung_Dx-A0238,0,0.978156328201294,0.02184367924928665
Lung_Dx-A0238,0,0.01828179508447647,0.9817181825637817
Lung_Dx-A0238,0,0.9992175102233887,0.0007824140484444797
Lung_Dx-A0238,0,0.9688266515731812,0.031173313036561012
Lung_Dx-G0039,1,0.9828397631645203,0.01716022938489914
Lung_Dx-G0039,1,0.03219186142086983,0.967808187007904
Lung_Dx-G0039,1,0.9995487332344055,0.0004512106243055314
Lung_Dx-G0039,1,0.998498797416687,0.0015011822106316686
Lung_Dx-G0039,1,9.83811987680383e-05,0.9999016523361206
Lung_Dx-G0039,1,0.9932680726051331,0.006731917150318623
Lung_Dx-G0039,1,0.07043161243200302,0.929568350315094
Lung_Dx-G0039,1,0.02080448903143406,0.9791954755783081
Lung_Dx-G0039,1,0.0036146442871540785,0.9963853359222412
Lung_Dx-G0039,1,0.00013499250053428113,0.999864935874939
Lung_Dx-G0039,1,0.9644556045532227,0.035544395446777344
Lung_Dx-G0039,1,0.9997283816337585,0.00027159214369021356
Lung_Dx-G0039,1,1.2805474398192018e-05,0.9999872446060181
Lung_Dx-G0039,1,0.9996057152748108,0.0003943447663914412
Lung_Dx-G0039,1,0.496830016374588,0.5031699538230896
Lung_Dx-G0039,1,0.8308687806129456,0.16913123428821564
Lung_Dx-G0039,1,0.978156328201294,0.02184367924928665
Lung_Dx-G0039,1,0.5224191546440125,0.4775807857513428
Lung_Dx-G0039,1,0.9986114501953125,0.0013885233784094453
Lung_Dx-G0039,1,0.9972955584526062,0.002704429440200329
Lung_Dx-G0039,1,0.9471371173858643,0.052862897515296936
Lung_Dx-G0039,1,1.1039027413062286e-05,0.9999889135360718
Lung_Dx-G0039,1,0.9952356219291687,0.004764452576637268
Lung_Dx-G0039,1,0.6858443021774292,0.3141557574272156
Lung_Dx-G0039,1,0.9939847588539124,0.006015262566506863
Lung_Dx-G0039,1,0.8149381279945374,0.18506190180778503
Lung_Dx-G0039,1,0.3716495931148529,0.6283503770828247
Lung_Dx-G0039,1,0.996570348739624,0.0034296035300940275
Lung_Dx-G0039,1,0.9833749532699585,0.01662507839500904
Lung_Dx-G0039,1,0.9993242025375366,0.0006758737727068365
Lung_Dx-G0039,1,0.5857455134391785,0.41425445675849915
Lung_Dx-G0039,1,0.9932025074958801,0.006797531619668007
Lung_Dx-G0039,1,6.083590733396704e-07,0.9999994039535522
Lung_Dx-G0039,1,0.9961079955101013,0.003892041277140379
Lung_Dx-G0039,1,0.890389621257782,0.1096104308962822
Lung_Dx-G0039,1,2.8078768082195893e-05,0.999971866607666
Lung_Dx-G0039,1,0.9996079802513123,0.0003920417802873999
Lung_Dx-G0039,1,0.9910145401954651,0.008985428139567375
Lung_Dx-G0039,1,0.0001482583029428497,0.9998517036437988
Lung_Dx-G0039,1,0.9563905000686646,0.04360952973365784
Lung_Dx-G0039,1,0.018457891419529915,0.9815420508384705
Lung_Dx-G0039,1,0.9998396635055542,0.0001603035198058933
Lung_Dx-G0039,1,0.693680465221405,0.3063195049762726
Lung_Dx-G0039,1,2.207963916589506e-06,0.9999977350234985
Lung_Dx-G0039,1,5.794510343548609e-06,0.999994158744812
Lung_Dx-G0039,1,0.9926113486289978,0.007388676051050425
Lung_Dx-G0039,1,0.9334611296653748,0.06653884798288345
Lung_Dx-G0039,1,0.998745322227478,0.0012545945355668664
Lung_Dx-G0039,1,0.5664532780647278,0.4335467517375946
Lung_Dx-G0039,1,0.9794721603393555,0.020527787506580353
Lung_Dx-G0039,1,0.9990378618240356,0.0009622125653550029
Lung_Dx-G0039,1,0.003700045868754387,0.9962999224662781
Lung_Dx-G0039,1,1.9108340438833693e-06,0.9999980926513672
Lung_Dx-G0039,1,4.575390994432382e-05,0.9999542236328125
Lung_Dx-G0039,1,0.9794329404830933,0.020567096769809723
Lung_Dx-G0039,1,0.9908389449119568,0.0091610262170434
Lung_Dx-G0039,1,0.0034631439484655857,0.9965368509292603
Lung_Dx-G0039,1,0.07165613025426865,0.9283438920974731
Lung_Dx-G0039,1,0.9726754426956177,0.027324529364705086
Lung_Dx-G0039,1,0.9992591738700867,0.0007408056408166885
Lung_Dx-G0039,1,0.0009735437924973667,0.9990264177322388
Lung_Dx-G0039,1,2.596866943349596e-05,0.9999740123748779
Lung_Dx-G0039,1,0.006157031748443842,0.9938429594039917
Lung_Dx-G0039,1,0.9915870428085327,0.008412977680563927
Lung_Dx-G0039,1,0.9985979199409485,0.0014021304668858647
Lung_Dx-G0039,1,0.9125920534133911,0.0874079167842865
Lung_Dx-G0039,1,0.9985017776489258,0.0014982576249167323
Lung_Dx-G0039,1,0.9970536231994629,0.0029464049730449915
Lung_Dx-G0039,1,4.702220030594617e-05,0.999953031539917
Lung_Dx-G0039,1,0.9952999353408813,0.004700060468167067
Lung_Dx-G0039,1,0.16981850564479828,0.8301814794540405
Lung_Dx-G0039,1,0.88373863697052,0.11626138538122177
Lung_Dx-G0039,1,0.0008778914343565702,0.9991220831871033
Lung_Dx-G0039,1,0.9872894883155823,0.012710447423160076
Lung_Dx-G0039,1,0.9545204043388367,0.04547959193587303
Lung_Dx-G0039,1,0.005199880339205265,0.9948000907897949
Lung_Dx-G0039,1,0.007246801629662514,0.9927532076835632
Lung_Dx-G0039,1,0.9992387294769287,0.0007613258785568178
Lung_Dx-G0039,1,0.9891186952590942,0.010881332680583
Lung_Dx-G0039,1,0.9994837045669556,0.0005162725574336946
Lung_Dx-G0039,1,5.104190859128721e-05,0.9999489784240723
Lung_Dx-G0039,1,0.9902727007865906,0.00972727220505476
Lung_Dx-G0039,1,0.33296075463294983,0.6670392155647278
Lung_Dx-G0039,1,0.9998247027397156,0.00017536996165290475
Lung_Dx-G0039,1,0.957912266254425,0.042087726294994354
Lung_Dx-G0039,1,0.5960511565208435,0.40394890308380127
Lung_Dx-G0039,1,0.9995187520980835,0.0004812357947230339
Lung_Dx-G0039,1,0.9974139928817749,0.0025859365705400705
Lung_Dx-G0039,1,0.16586315631866455,0.8341368436813354
Lung_Dx-G0039,1,0.9581479430198669,0.041852131485939026
Lung_Dx-G0039,1,0.4012258052825928,0.5987741351127625
Lung_Dx-G0039,1,0.9815420508384705,0.018457891419529915
Lung_Dx-G0039,1,0.9679599404335022,0.032040078192949295
Lung_Dx-G0039,1,0.9994995594024658,0.0005003964179195464
Lung_Dx-G0039,1,0.9952724575996399,0.004727549850940704
Lung_Dx-G0039,1,0.9855103492736816,0.014489628374576569
Lung_Dx-G0039,1,0.0007717980188317597,0.9992282390594482
Lung_Dx-G0039,1,0.9998358488082886,0.00016410437820013613
Lung_Dx-G0039,1,1.0887614507737453e-06,0.999998927116394
Lung_Dx-G0039,1,0.9995187520980835,0.0004812357947230339
Lung_Dx-G0039,1,0.08042966574430466,0.91957026720047
Lung_Dx-G0039,1,0.9926256537437439,0.0073743658140301704
Lung_Dx-A0213,0,0.9997603297233582,0.0002396868512732908
Lung_Dx-A0213,0,0.9999545812606812,4.539786823443137e-05
Lung_Dx-A0213,0,0.9880620241165161,0.011938040144741535
Lung_Dx-A0213,0,0.9987719655036926,0.0012279604561626911
Lung_Dx-A0213,0,0.9997989535331726,0.00020105745352339
Lung_Dx-A0213,0,0.9983958601951599,0.0016040891641750932
Lung_Dx-A0213,0,0.9995744824409485,0.00042554308311082423
Lung_Dx-A0213,0,0.997166097164154,0.002833849750459194
Lung_Dx-A0213,0,0.9999575614929199,4.248120603733696e-05
Lung_Dx-A0213,0,0.9970765113830566,0.0029235430993139744
Lung_Dx-A0213,0,0.9999101161956787,8.992846414912492e-05
Lung_Dx-A0213,0,0.9997555613517761,0.00024441309506073594
Lung_Dx-A0213,0,0.9997859597206116,0.00021402176935225725
Lung_Dx-A0213,0,0.9219569563865662,0.07804302126169205
Lung_Dx-A0213,0,0.9950467348098755,0.004953306633979082
Lung_Dx-A0213,0,0.9928370118141174,0.007162978406995535
Lung_Dx-A0213,0,0.9870296716690063,0.012970387935638428
Lung_Dx-A0213,0,0.9998601675033569,0.0001398220774717629
Lung_Dx-A0213,0,0.9999020099639893,9.79976830421947e-05
Lung_Dx-A0213,0,0.9963783621788025,0.003621685318648815
Lung_Dx-A0213,0,0.9997658133506775,0.00023413580493070185
Lung_Dx-A0213,0,0.9995015859603882,0.000498446577694267
Lung_Dx-A0213,0,0.9999779462814331,2.2039412215235643e-05
Lung_Dx-A0213,0,0.999931812286377,6.814871449023485e-05
Lung_Dx-A0213,0,0.9997817873954773,0.0002182420575991273
Lung_Dx-A0213,0,0.9753665924072266,0.02463338151574135
Lung_Dx-A0213,0,0.999957799911499,4.2150626541115344e-05
Lung_Dx-A0213,0,0.9999613761901855,3.867972918669693e-05
Lung_Dx-A0213,0,0.9997974038124084,0.00020263406622689217
Lung_Dx-A0213,0,0.9976949095726013,0.002305125119164586
Lung_Dx-A0213,0,0.99945467710495,0.0005452766199596226
Lung_Dx-A0213,0,0.9998722076416016,0.00012780926772393286
Lung_Dx-A0213,0,0.9999008178710938,9.915272676153108e-05
Lung_Dx-A0213,0,0.9989328980445862,0.0010670424671843648
Lung_Dx-A0213,0,0.9999206066131592,7.936241308925673e-05
Lung_Dx-A0213,0,0.9999654293060303,3.453725003055297e-05
Lung_Dx-A0213,0,0.9982993006706238,0.001700722612440586
Lung_Dx-A0213,0,0.9999866485595703,1.3315579053596593e-05
Lung_Dx-A0213,0,0.9994986057281494,0.0005013742484152317
Lung_Dx-A0213,0,0.9958900809288025,0.004109915811568499
Lung_Dx-A0213,0,0.9998584985733032,0.0001414700091117993
Lung_Dx-A0213,0,0.9999593496322632,4.0694576455280185e-05
Lung_Dx-A0213,0,0.9998169541358948,0.00018306818674318492
Lung_Dx-G0041,1,0.7579735517501831,0.2420264482498169
Lung_Dx-G0041,1,0.5780388116836548,0.4219611585140228
Lung_Dx-G0041,1,0.8094642758369446,0.19053567945957184
Lung_Dx-G0041,1,0.0010859444737434387,0.9989141225814819
Lung_Dx-G0041,1,0.9429811239242554,0.057018861174583435
Lung_Dx-G0041,1,0.8155999779701233,0.1844000667333603
Lung_Dx-G0041,1,0.10636527091264725,0.8936347365379333
Lung_Dx-G0041,1,0.8265368938446045,0.1734631508588791
Lung_Dx-G0041,1,0.904902994632721,0.09509705752134323
Lung_Dx-G0041,1,0.881665825843811,0.11833414435386658
Lung_Dx-G0041,1,0.008172065019607544,0.9918279647827148
Lung_Dx-G0041,1,0.027637720108032227,0.972362220287323
Lung_Dx-G0041,1,0.46942904591560364,0.5305709838867188
Lung_Dx-G0041,1,0.9865199327468872,0.013480104506015778
Lung_Dx-G0041,1,0.7327831387519836,0.26721692085266113
Lung_Dx-G0041,1,0.7878496050834656,0.21215039491653442
Lung_Dx-G0041,1,0.9988817572593689,0.0011181936133652925
Lung_Dx-G0041,1,0.9914224743843079,0.008577484637498856
Lung_Dx-G0041,1,0.6120125651359558,0.3879873752593994
Lung_Dx-G0041,1,0.011755132116377354,0.988244891166687
Lung_Dx-G0041,1,0.7580183744430542,0.2419816553592682
Lung_Dx-G0041,1,0.1252257525920868,0.8747742176055908
Lung_Dx-G0041,1,0.30772197246551514,0.6922780275344849
Lung_Dx-G0041,1,0.5918264389038086,0.408173531293869
Lung_Dx-G0041,1,0.15902139246463776,0.8409785628318787
Lung_Dx-G0041,1,0.9666946530342102,0.033305369317531586
Lung_Dx-G0041,1,1.6766787666711025e-05,0.9999831914901733
Lung_Dx-G0041,1,0.9745076894760132,0.025492332875728607
Lung_Dx-G0041,1,0.9912208914756775,0.00877910852432251
Lung_Dx-G0041,1,0.9939378499984741,0.006062155123800039
Lung_Dx-G0041,1,0.018124720081686974,0.9818752408027649
Lung_Dx-G0041,1,0.7530582547187805,0.2469417154788971
Lung_Dx-G0041,1,0.8128301501274109,0.18716982007026672
Lung_Dx-G0041,1,0.9947799444198608,0.005220125894993544
Lung_Dx-G0041,1,0.6537489295005798,0.34625113010406494
Lung_Dx-G0041,1,0.9882676005363464,0.011732465587556362
Lung_Dx-G0041,1,0.5780016183853149,0.42199838161468506
Lung_Dx-G0041,1,0.9879695177078247,0.012030543759465218
Lung_Dx-G0041,1,0.0009946650825440884,0.9990053772926331
Lung_Dx-G0041,1,0.9471371173858643,0.052862897515296936
Lung_Dx-G0041,1,0.04352813959121704,0.9564718008041382
Lung_Dx-G0041,1,0.8859772682189941,0.11402277648448944
Lung_Dx-G0041,1,0.9995583891868591,0.0004416242882143706
Lung_Dx-G0041,1,0.3901272714138031,0.6098727583885193
Lung_Dx-G0041,1,0.6931614875793457,0.3068385124206543
Lung_Dx-G0041,1,0.07709969580173492,0.9229002594947815
Lung_Dx-G0041,1,0.3156832158565521,0.6843167543411255
Lung_Dx-G0041,1,0.00014596008986700326,0.9998539686203003
Lung_Dx-G0041,1,0.9934484362602234,0.00655152415856719
Lung_Dx-G0041,1,0.9369227886199951,0.0630771592259407
Lung_Dx-G0041,1,0.7949426770210266,0.2050573229789734
Lung_Dx-G0041,1,0.9953904151916504,0.004609572701156139
Lung_Dx-G0041,1,0.4516892731189728,0.5483106970787048
Lung_Dx-G0041,1,0.8702667951583862,0.129733145236969
Lung_Dx-G0041,1,0.057705316692590714,0.942294716835022
Lung_Dx-G0041,1,0.005332885775715113,0.9946671724319458
Lung_Dx-G0041,1,0.9156204462051392,0.08437950909137726
Lung_Dx-G0041,1,0.07692614942789078,0.9230738282203674
Lung_Dx-G0041,1,0.4820024073123932,0.5179976224899292
Lung_Dx-G0041,1,0.9293122291564941,0.07068779319524765
Lung_Dx-G0041,1,0.008172065019607544,0.9918279647827148
Lung_Dx-G0041,1,0.0005410355515778065,0.9994589686393738
Lung_Dx-G0041,1,0.19521024823188782,0.8047897815704346
Lung_Dx-G0041,1,0.5182719230651855,0.48172810673713684
Lung_Dx-G0041,1,0.9899281859397888,0.010071823373436928
Lung_Dx-G0041,1,0.826151430606842,0.17384850978851318
Lung_Dx-G0041,1,0.5197041630744934,0.480295866727829
Lung_Dx-G0041,1,0.9755768775939941,0.024423090741038322
Lung_Dx-G0041,1,0.9989055395126343,0.0010944521054625511
Lung_Dx-G0041,1,0.5998954176902771,0.4001045823097229
Lung_Dx-G0041,1,0.8557305932044983,0.14426937699317932
Lung_Dx-G0041,1,0.9828891754150391,0.01711089164018631
Lung_Dx-G0041,1,0.7169622778892517,0.2830376625061035
Lung_Dx-G0041,1,0.4532315731048584,0.5467683672904968
Lung_Dx-G0041,1,0.852506160736084,0.14749377965927124
Lung_Dx-G0041,1,0.0024343819823116064,0.9975656270980835
Lung_Dx-G0041,1,0.018653521314263344,0.9813465476036072
Lung_Dx-G0041,1,0.9981720447540283,0.0018279430223628879
Lung_Dx-G0041,1,0.22601395845413208,0.7739860415458679
Lung_Dx-G0041,1,0.0002046221779892221,0.9997953772544861
Lung_Dx-G0041,1,0.13857834041118622,0.8614217042922974
Lung_Dx-G0041,1,0.13273923099040985,0.867260754108429
Lung_Dx-G0041,1,0.6855022311210632,0.31449776887893677
Lung_Dx-G0041,1,0.8353492617607117,0.16465073823928833
Lung_Dx-G0041,1,0.1350608617067337,0.8649391531944275
Lung_Dx-G0041,1,0.9433475732803345,0.05665242671966553
Lung_Dx-G0041,1,0.0002396868512732908,0.9997603297233582
Lung_Dx-G0041,1,0.6091155409812927,0.39088448882102966
Lung_Dx-G0041,1,0.04054073989391327,0.9594592452049255
Lung_Dx-G0041,1,0.3917003870010376,0.6082996129989624
Lung_Dx-G0041,1,0.0023231625091284513,0.9976769089698792
Lung_Dx-G0041,1,0.706519603729248,0.29348042607307434
Lung_Dx-G0041,1,0.7729165554046631,0.22708342969417572
Lung_Dx-G0041,1,0.8703770637512207,0.1296229213476181
Lung_Dx-G0041,1,0.20545557141304016,0.7945444583892822
Lung_Dx-A0242,0,0.9862311482429504,0.0137688172981143
Lung_Dx-A0242,0,6.80097718941397e-06,0.9999932050704956
Lung_Dx-A0242,0,3.633632877608761e-05,0.999963641166687
Lung_Dx-A0242,0,0.9868786931037903,0.013121270574629307
Lung_Dx-A0242,0,0.9807657599449158,0.01923426054418087
Lung_Dx-A0242,0,0.9643549919128418,0.03564496710896492
Lung_Dx-A0242,0,0.9872035384178162,0.01279651839286089
Lung_Dx-A0242,0,3.982512680522632e-06,0.9999960660934448
Lung_Dx-A0242,0,7.996726480996585e-07,0.9999991655349731
Lung_Dx-A0242,0,0.02995811589062214,0.9700418710708618
Lung_Dx-A0242,0,3.890257630700944e-06,0.9999960660934448
Lung_Dx-A0242,0,0.1630452573299408,0.8369547128677368
Lung_Dx-A0242,0,0.00018306818674318492,0.9998169541358948
Lung_Dx-A0242,0,0.9991100430488586,0.0008899655076675117
Lung_Dx-A0242,0,0.000161560601554811,0.9998384714126587
Lung_Dx-A0242,0,0.9475268721580505,0.052473098039627075
Lung_Dx-A0242,0,0.00036259007174521685,0.9996373653411865
Lung_Dx-A0242,0,0.9951984286308289,0.004801641218364239
Lung_Dx-A0242,0,0.851706326007843,0.14829371869564056
Lung_Dx-A0242,0,2.1030173229519278e-05,0.9999790191650391
Lung_Dx-A0242,0,8.630873708170839e-06,0.9999914169311523
Lung_Dx-A0242,0,0.06187598407268524,0.9381240010261536
Lung_Dx-A0242,0,9.096943358599674e-07,0.9999990463256836
Lung_Dx-A0242,0,0.027690257877111435,0.9723097085952759
Lung_Dx-A0242,0,0.9996048808097839,0.0003951153776142746
Lung_Dx-A0242,0,9.042453541496798e-08,0.9999998807907104
Lung_Dx-A0242,0,0.9201462268829346,0.07985372841358185
Lung_Dx-A0242,0,0.9983547329902649,0.0016452717827633023
Lung_Dx-A0242,0,0.9959535598754883,0.0040464554913342
Lung_Dx-A0242,0,1.6119918200274697e-07,0.9999998807907104
Lung_Dx-A0242,0,0.8682134747505188,0.13178656995296478
Lung_Dx-A0242,0,0.9995015859603882,0.000498446577694267
Lung_Dx-A0242,0,0.9992068409919739,0.0007931761210784316
Lung_Dx-A0242,0,0.9940890073776245,0.005911068990826607
Lung_Dx-A0242,0,7.690377969993278e-07,0.9999992847442627
Lung_Dx-A0242,0,0.9986169338226318,0.001383117400109768
Lung_Dx-A0242,0,9.610241977497935e-05,0.9999039173126221
Lung_Dx-A0242,0,0.9978552460670471,0.00214476534165442
Lung_Dx-A0242,0,0.9805992841720581,0.019400762394070625
Lung_Dx-A0242,0,6.949273665668443e-05,0.9999305009841919
Lung_Dx-A0242,0,1.387117663398385e-06,0.9999985694885254
Lung_Dx-A0242,0,0.35987013578414917,0.640129804611206
Lung_Dx-A0242,0,0.9994034767150879,0.0005965038435533643
Lung_Dx-A0242,0,0.013875309377908707,0.9861246943473816
Lung_Dx-A0242,0,0.004264634568244219,0.9957352876663208
Lung_Dx-A0242,0,0.8943750262260437,0.1056249588727951
Lung_Dx-A0242,0,0.00024156630388461053,0.9997584223747253
Lung_Dx-A0242,0,0.988646388053894,0.011353656649589539
Lung_Dx-A0242,0,0.4121899902820587,0.5878099799156189
Lung_Dx-A0242,0,0.9834862947463989,0.01651368848979473
Lung_Dx-A0242,0,1.6187581422855146e-05,0.9999837875366211
Lung_Dx-A0242,0,0.9966365098953247,0.003363492665812373
Lung_Dx-A0242,0,2.857316076187999e-06,0.9999971389770508
Lung_Dx-A0242,0,2.9303643600542273e-07,0.9999997615814209
Lung_Dx-A0242,0,6.947677775315242e-07,0.9999992847442627
Lung_Dx-A0242,0,1.2314911145949736e-05,0.9999877214431763
Lung_Dx-A0242,0,2.033469215234618e-08,1.0
Lung_Dx-A0242,0,0.9997283816337585,0.00027159214369021356
Lung_Dx-A0242,0,0.95163893699646,0.04836099222302437
Lung_Dx-A0242,0,0.9955229759216309,0.0044770813547074795
Lung_Dx-A0242,0,0.9807841777801514,0.019215846434235573
Lung_Dx-A0242,0,0.9708817005157471,0.029118353500962257
Lung_Dx-A0242,0,1.2460071957320906e-05,0.9999874830245972
Lung_Dx-A0242,0,0.9859769344329834,0.014023063704371452
Lung_Dx-A0242,0,0.9995686411857605,0.000431398453656584
Lung_Dx-A0242,0,6.427061452995986e-05,0.9999357461929321
Lung_Dx-A0242,0,0.011441684328019619,0.988558292388916
Lung_Dx-A0242,0,1.1321327519908664e-06,0.999998927116394
Lung_Dx-A0242,0,0.9968149065971375,0.0031850605737417936
Lung_Dx-A0242,0,0.9991204142570496,0.000879606232047081
Lung_Dx-A0242,0,2.521573378544417e-06,0.9999974966049194
Lung_Dx-A0242,0,1.7534802054797183e-06,0.9999982118606567
Lung_Dx-A0242,0,0.00019035942386835814,0.9998096823692322
Lung_Dx-A0242,0,0.05019078403711319,0.9498092532157898
Lung_Dx-A0242,0,0.8451772928237915,0.15482273697853088
Lung_Dx-A0242,0,8.139691999531351e-06,0.9999918937683105
Lung_Dx-A0242,0,0.5688350200653076,0.43116500973701477
Lung_Dx-A0242,0,3.3465803994658927e-07,0.9999996423721313
Lung_Dx-A0242,0,0.9558990597724915,0.044100914150476456
Lung_Dx-A0242,0,0.2768860161304474,0.7231139540672302
Lung_Dx-A0242,0,0.9990818500518799,0.0009181901696138084
Lung_Dx-A0242,0,0.018743114545941353,0.9812568426132202
Lung_Dx-A0242,0,0.8639090657234192,0.13609088957309723
Lung_Dx-A0242,0,0.8190988302230835,0.1809011697769165
Lung_Dx-A0242,0,0.46638986468315125,0.5336101055145264
Lung_Dx-A0242,0,0.997231662273407,0.0027683856897056103
Lung_Dx-A0242,0,0.14620910584926605,0.8537908792495728
Lung_Dx-A0242,0,0.0006986756925471127,0.9993013143539429
Lung_Dx-A0242,0,0.8539127111434937,0.14608724415302277
Lung_Dx-A0242,0,2.3638293100702867e-07,0.9999997615814209
Lung_Dx-A0242,0,0.9927109479904175,0.0072890776209533215
Lung_Dx-A0242,0,0.8602518439292908,0.139748215675354
Lung_Dx-A0242,0,0.8580061793327332,0.14199377596378326
Lung_Dx-A0242,0,1.5115948599486728e-06,0.9999984502792358
Lung_Dx-A0242,0,0.9783847332000732,0.02161533385515213
Lung_Dx-A0242,0,0.1467585414648056,0.853241503238678
Lung_Dx-A0242,0,0.9985619187355042,0.001438135514035821
Lung_Dx-A0242,0,0.7951813340187073,0.20481865108013153
Lung_Dx-A0242,0,0.5413785576820374,0.45862147212028503
Lung_Dx-A0242,0,0.43091052770614624,0.5690894722938538
Lung_Dx-A0242,0,3.41258612479578e-07,0.9999996423721313
Lung_Dx-A0242,0,0.022158870473504066,0.9778411984443665
Lung_Dx-A0242,0,3.473610604487476e-06,0.999996542930603
Lung_Dx-A0242,0,0.895613968372345,0.10438597947359085
Lung_Dx-A0242,0,0.3281794488430023,0.6718205213546753
Lung_Dx-A0242,0,0.6352224349975586,0.3647775948047638
Lung_Dx-A0242,0,1.544630686112214e-05,0.9999845027923584
Lung_Dx-A0242,0,0.9974737763404846,0.0025261850096285343
Lung_Dx-A0242,0,0.6575384140014648,0.34246155619621277
Lung_Dx-A0242,0,0.9824399948120117,0.01756002940237522
Lung_Dx-A0242,0,0.9291195869445801,0.07088049501180649
Lung_Dx-A0242,0,0.9657707214355469,0.03422932326793671
Lung_Dx-A0242,0,0.58650803565979,0.41349196434020996
Lung_Dx-A0242,0,0.9997079968452454,0.0002919395046774298
Lung_Dx-A0242,0,0.9678689241409302,0.03213106095790863
Lung_Dx-A0242,0,0.00014091856428422034,0.999859094619751
Lung_Dx-A0242,0,0.9777350425720215,0.022264916449785233
Lung_Dx-A0242,0,7.998482033144683e-05,0.9999200105667114
Lung_Dx-A0242,0,0.9840936064720154,0.01590639166533947
Lung_Dx-A0242,0,0.9401335716247559,0.059866417199373245
Lung_Dx-A0242,0,8.648363291285932e-05,0.9999134540557861
Lung_Dx-A0242,0,7.614510622033777e-08,0.9999998807907104
Lung_Dx-A0242,0,8.34962775115855e-05,0.9999165534973145
Lung_Dx-A0242,0,0.7847729921340942,0.21522700786590576
Lung_Dx-A0242,0,0.7434009909629822,0.2565990686416626
Lung_Dx-A0242,0,9.79779315457563e-07,0.9999990463256836
Lung_Dx-A0242,0,0.9944342970848083,0.0055657243356108665
Lung_Dx-A0242,0,0.9992237091064453,0.0007763300091028214
Lung_Dx-A0242,0,5.3478197514778e-07,0.9999995231628418
Lung_Dx-A0242,0,1.5234503507599584e-06,0.9999984502792358
Lung_Dx-A0242,0,0.9799382090568542,0.020061802119016647
Lung_Dx-A0242,0,0.9599877595901489,0.04001227021217346
Lung_Dx-A0242,0,0.766992449760437,0.2330075204372406
Lung_Dx-A0242,0,1.431149371455831e-06,0.9999985694885254
Lung_Dx-A0242,0,0.9785287380218506,0.021471237763762474
Lung_Dx-A0242,0,0.0002425115235382691,0.9997574687004089
Lung_Dx-A0242,0,0.9920157194137573,0.007984270341694355
Lung_Dx-A0242,0,4.189971605228493e-06,0.9999958276748657
Lung_Dx-A0242,0,0.0014325366355478764,0.9985674619674683
Lung_Dx-A0242,0,0.9986698627471924,0.0013302016304805875
Lung_Dx-A0242,0,0.8897685408592224,0.11023147404193878
Lung_Dx-G0033,1,0.9999263286590576,7.368592923739925e-05
Lung_Dx-G0033,1,0.01890544779598713,0.9810945987701416
Lung_Dx-G0033,1,0.9713200926780701,0.0286798607558012
Lung_Dx-G0033,1,0.7844842076301575,0.21551580727100372
Lung_Dx-G0033,1,0.9999148845672607,8.514295041095465e-05
Lung_Dx-G0033,1,0.9997034668922424,0.0002965355524793267
Lung_Dx-G0033,1,0.9724932312965393,0.02750680409371853
Lung_Dx-G0033,1,0.9231084585189819,0.07689148187637329
Lung_Dx-G0033,1,0.9976769089698792,0.0023231625091284513
Lung_Dx-G0033,1,0.9991474151611328,0.0008525666780769825
Lung_Dx-G0033,1,0.9586926698684692,0.04130730405449867
Lung_Dx-G0033,1,0.9039745330810547,0.0960254967212677
Lung_Dx-G0033,1,0.9998618364334106,0.00013819332525599748
Lung_Dx-G0033,1,0.9990907907485962,0.0009092752588912845
Lung_Dx-G0033,1,0.9992944002151489,0.000705527258105576
Lung_Dx-G0033,1,0.5737978219985962,0.4262021780014038
Lung_Dx-G0033,1,3.206682958989404e-05,0.9999679327011108
Lung_Dx-G0033,1,0.40401870012283325,0.5959812998771667
Lung_Dx-G0033,1,0.996271014213562,0.0037289573810994625
Lung_Dx-G0033,1,0.004206969402730465,0.9957929849624634
Lung_Dx-G0033,1,0.9960082769393921,0.0039917281828820705
Lung_Dx-G0033,1,0.9997654557228088,0.00023459347721654922
Lung_Dx-G0033,1,0.03381211310625076,0.9661878347396851
Lung_Dx-G0033,1,7.086326513672248e-05,0.9999291896820068
Lung_Dx-G0033,1,0.7934662699699402,0.206533744931221
Lung_Dx-G0033,1,0.999127209186554,0.0008727670647203922
Lung_Dx-G0033,1,0.15746048092842102,0.8425394892692566
Lung_Dx-G0033,1,0.6826795339584351,0.31732049584388733
Lung_Dx-G0033,1,0.9930289387702942,0.006971116643399
Lung_Dx-G0033,1,0.586226761341095,0.41377320885658264
Lung_Dx-G0033,1,0.00020582439901772887,0.9997941851615906
Lung_Dx-G0033,1,0.999559223651886,0.0004407629603520036
Lung_Dx-G0033,1,0.984708309173584,0.015291642397642136
Lung_Dx-G0033,1,0.0064882696606218815,0.9935117363929749
Lung_Dx-G0033,1,0.9995390176773071,0.0004610049945767969
Lung_Dx-G0033,1,0.0010342469904571772,0.9989657402038574
Lung_Dx-G0033,1,0.9026095867156982,0.09739039838314056
Lung_Dx-G0033,1,0.02498779445886612,0.9750121831893921
Lung_Dx-G0033,1,0.0833665132522583,0.9166334867477417
Lung_Dx-G0033,1,0.881665825843811,0.11833414435386658
Lung_Dx-G0033,1,0.9992548823356628,0.0007451557903550565
Lung_Dx-G0033,1,0.8928898572921753,0.1071101501584053
Lung_Dx-G0033,1,0.9995810389518738,0.00041894835885614157
Lung_Dx-G0033,1,1.29059080791194e-05,0.9999871253967285
Lung_Dx-G0033,1,0.9127866625785828,0.08721336722373962
Lung_Dx-G0033,1,1.9449762476142496e-05,0.9999805688858032
Lung_Dx-G0033,1,0.9977216124534607,0.002278330735862255
Lung_Dx-G0033,1,0.9916033148765564,0.008396700024604797
Lung_Dx-G0033,1,0.08064661920070648,0.9193534255027771
Lung_Dx-G0033,1,0.07613248378038406,0.9238675236701965
Lung_Dx-G0033,1,0.9996192455291748,0.000380727113224566
Lung_Dx-G0033,1,0.9986302852630615,0.0013696944806724787
Lung_Dx-G0033,1,0.9094254970550537,0.0905744731426239
Lung_Dx-G0033,1,0.9558579325675964,0.04414209723472595
Lung_Dx-G0033,1,0.26293647289276123,0.7370635271072388
Lung_Dx-G0033,1,0.001582341967150569,0.9984176158905029
Lung_Dx-G0033,1,0.7950222492218018,0.20497773587703705
Lung_Dx-G0033,1,0.9996911287307739,0.00030894720111973584
Lung_Dx-G0033,1,0.9872527718544006,0.012747266329824924
Lung_Dx-G0033,1,0.9972044825553894,0.0027954771649092436
Lung_Dx-G0033,1,0.7781860828399658,0.22181390225887299
Lung_Dx-G0033,1,0.9998464584350586,0.00015356240328401327
Lung_Dx-G0033,1,0.9543505907058716,0.04564947262406349
Lung_Dx-G0033,1,0.31204235553741455,0.6879576444625854
Lung_Dx-G0033,1,0.9851003289222717,0.014899643138051033
Lung_Dx-G0033,1,0.6840002536773682,0.3159997761249542
Lung_Dx-G0033,1,0.5477060079574585,0.4522939622402191
Lung_Dx-G0033,1,0.9986329674720764,0.001367025775834918
Lung_Dx-G0033,1,0.936168372631073,0.06383161246776581
Lung_Dx-G0033,1,0.013402405194938183,0.9865975975990295
Lung_Dx-G0033,1,0.9988190531730652,0.0011809737188741565
Lung_Dx-G0033,1,0.9679296612739563,0.032070379704236984
Lung_Dx-G0033,1,0.9996970891952515,0.0003029734070878476
Lung_Dx-G0033,1,1.8414684745948762e-05,0.9999816417694092
Lung_Dx-G0033,1,0.9952448010444641,0.004755199886858463
Lung_Dx-G0033,1,0.0002531563804950565,0.9997468590736389
Lung_Dx-G0033,1,0.22751225531101227,0.7724876999855042
Lung_Dx-G0033,1,0.00010229985491605476,0.9998977184295654
Lung_Dx-G0033,1,0.9988620281219482,0.001138000632636249
Lung_Dx-G0033,1,7.267934051924385e-06,0.9999927282333374
Lung_Dx-G0033,1,0.9967142343521118,0.003285833401605487
Lung_Dx-A0181,0,0.0037507889792323112,0.996249258518219
Lung_Dx-A0181,0,0.03403615579009056,0.9659639000892639
Lung_Dx-A0181,0,1.2902219737043197e-07,0.9999998807907104
Lung_Dx-A0181,0,0.9941800832748413,0.005819959565997124
Lung_Dx-A0181,0,0.9704926013946533,0.029507361352443695
Lung_Dx-A0181,0,0.908048689365387,0.09195128828287125
Lung_Dx-A0181,0,0.0025114635936915874,0.9974884986877441
Lung_Dx-A0181,0,0.9924227595329285,0.007577240467071533
Lung_Dx-A0181,0,0.00041813126881606877,0.9995818734169006
Lung_Dx-A0181,0,0.0017683517653495073,0.9982317090034485
Lung_Dx-A0181,0,0.9951702952384949,0.004829722456634045
Lung_Dx-A0181,0,1.2878952020400902e-06,0.9999986886978149
Lung_Dx-A0181,0,0.489686518907547,0.5103134512901306
Lung_Dx-A0181,0,0.0003733659686986357,0.999626636505127
Lung_Dx-A0181,0,0.004289588890969753,0.9957103729248047
Lung_Dx-A0181,0,0.8533636927604675,0.14663630723953247
Lung_Dx-A0181,0,6.6175330175610725e-06,0.9999933242797852
Lung_Dx-A0181,0,0.16892549395561218,0.8310745358467102
Lung_Dx-A0181,0,1.4510476830764674e-05,0.9999854564666748
Lung_Dx-A0181,0,0.0025459476746618748,0.9974541068077087
Lung_Dx-A0181,0,0.8761053681373596,0.12389464676380157
Lung_Dx-A0181,0,0.7197039127349854,0.2802961468696594
Lung_Dx-A0181,0,0.08188609778881073,0.9181138277053833
Lung_Dx-A0181,0,0.9983189702033997,0.0016809416702017188
Lung_Dx-A0181,0,3.334418579470366e-05,0.9999666213989258
Lung_Dx-A0181,0,0.982355535030365,0.01764446310698986
Lung_Dx-A0181,0,6.501294365079957e-07,0.9999994039535522
Lung_Dx-A0181,0,1.0887614507737453e-06,0.999998927116394
Lung_Dx-A0181,0,0.0011740823974832892,0.9988259673118591
Lung_Dx-A0181,0,0.0002868540759664029,0.999713122844696
Lung_Dx-A0181,0,0.9954082369804382,0.004591683391481638
Lung_Dx-A0181,0,0.9139072895050049,0.08609268069267273
Lung_Dx-A0181,0,0.0005162725574336946,0.9994837045669556
Lung_Dx-A0181,0,0.954094648361206,0.045905422419309616
Lung_Dx-A0181,0,0.0013484881492331624,0.9986515641212463
Lung_Dx-A0181,0,6.786734161323693e-07,0.9999992847442627
Lung_Dx-A0181,0,0.007011795416474342,0.9929881691932678
Lung_Dx-A0181,0,0.5595307350158691,0.44046926498413086
Lung_Dx-A0181,0,0.81967693567276,0.18032306432724
Lung_Dx-A0181,0,0.9944666028022766,0.005533387418836355
Lung_Dx-A0181,0,0.9848546981811523,0.015145286917686462
Lung_Dx-A0181,0,0.9411153197288513,0.05888470262289047
Lung_Dx-A0181,0,7.706508768023923e-06,0.9999922513961792
Lung_Dx-A0181,0,0.1137271597981453,0.8862728476524353
Lung_Dx-A0181,0,0.4079376757144928,0.5920623540878296
Lung_Dx-A0181,0,0.14169660210609436,0.858303427696228
Lung_Dx-A0181,0,0.9910492897033691,0.008950711227953434
Lung_Dx-A0181,0,0.0011225653579458594,0.9988774657249451
Lung_Dx-A0181,0,0.0016324889147654176,0.9983674883842468
Lung_Dx-A0181,0,0.9975844621658325,0.0024154833517968655
Lung_Dx-A0181,0,0.939024806022644,0.06097518280148506
Lung_Dx-A0181,0,0.001232760725542903,0.9987672567367554
Lung_Dx-A0181,0,0.9752018451690674,0.024798160418868065
Lung_Dx-A0181,0,0.9990053772926331,0.0009946650825440884
Lung_Dx-A0181,0,0.020508162677288055,0.9794918298721313
Lung_Dx-A0181,0,1.130080818256829e-05,0.9999886751174927
Lung_Dx-A0181,0,0.9887987971305847,0.011201214045286179
Lung_Dx-A0181,0,0.9971272349357605,0.0028727480676025152
Lung_Dx-A0181,0,0.44399213790893555,0.5560078024864197
Lung_Dx-A0181,0,0.003809629939496517,0.9961903095245361
Lung_Dx-A0181,0,1.9827835728847276e-07,0.9999997615814209
Lung_Dx-A0181,0,0.9947697520256042,0.005230278242379427
Lung_Dx-A0181,0,0.17016297578811646,0.8298369646072388
Lung_Dx-A0181,0,9.461262379772961e-05,0.9999053478240967
Lung_Dx-A0181,0,0.10729708522558212,0.8927029371261597
Lung_Dx-A0181,0,0.3674298822879791,0.6325701475143433
Lung_Dx-A0181,0,1.016963960864814e-05,0.9999898672103882
Lung_Dx-A0181,0,0.9536217451095581,0.046378206461668015
Lung_Dx-A0181,0,0.00021235659369267523,0.9997876286506653
Lung_Dx-A0181,0,0.0016356752021238208,0.998364269733429
Lung_Dx-A0181,0,0.7535120248794556,0.24648800492286682
Lung_Dx-A0181,0,0.00292924209497869,0.9970707893371582
Lung_Dx-A0181,0,0.00036329866270534694,0.9996366500854492
Lung_Dx-A0181,0,0.002420194214209914,0.9975798726081848
Lung_Dx-A0181,0,3.5633544030133635e-05,0.9999643564224243
Lung_Dx-A0181,0,0.004857966210693121,0.9951419830322266
Lung_Dx-A0181,0,0.0110081871971488,0.9889918565750122
Lung_Dx-A0181,0,7.78275280026719e-05,0.9999221563339233
Lung_Dx-A0181,0,0.0071352520026266575,0.992864727973938
Lung_Dx-A0181,0,0.9975751042366028,0.0024249141570180655
Lung_Dx-A0181,0,0.9913892149925232,0.008610767312347889
Lung_Dx-A0181,0,0.487856388092041,0.512143611907959
Lung_Dx-A0181,0,0.05556634068489075,0.9444336295127869
Lung_Dx-A0181,0,0.08471965044736862,0.915280282497406
Lung_Dx-A0181,0,0.9961004257202148,0.0038996210787445307
Lung_Dx-A0181,0,0.9794721603393555,0.020527787506580353
Lung_Dx-A0181,0,3.3474687370471656e-05,0.9999665021896362
Lung_Dx-A0181,0,2.0942367484622082e-07,0.9999997615814209
Lung_Dx-A0181,0,0.3399645686149597,0.6600354313850403
Lung_Dx-A0181,0,1.26562872537761e-05,0.9999873638153076
Lung_Dx-A0223,0,0.9606574773788452,0.03934250399470329
Lung_Dx-A0223,0,0.9826076626777649,0.017392344772815704
Lung_Dx-A0223,0,0.9912039041519165,0.00879612099379301
Lung_Dx-A0223,0,0.796609103679657,0.2033909112215042
Lung_Dx-A0223,0,0.7618929743766785,0.23810699582099915
Lung_Dx-A0223,0,0.943295419216156,0.05670464038848877
Lung_Dx-A0223,0,0.9196425676345825,0.08035746961832047
Lung_Dx-A0223,0,0.9974290728569031,0.0025708680041134357
Lung_Dx-A0223,0,0.9820137619972229,0.01798621006309986
Lung_Dx-A0223,0,0.9774355292320251,0.022564494982361794
Lung_Dx-A0223,0,0.937325656414032,0.06267436593770981
Lung_Dx-A0223,0,0.8885655403137207,0.1114344522356987
Lung_Dx-A0223,0,0.9540517926216125,0.04594820365309715
Lung_Dx-A0223,0,0.7159207463264465,0.2840792238712311
Lung_Dx-A0223,0,0.9967396855354309,0.0032603461295366287
Lung_Dx-A0223,0,0.7457688450813293,0.25423115491867065
Lung_Dx-A0223,0,0.9146726131439209,0.08532742410898209
Lung_Dx-A0223,0,0.776114284992218,0.22388571500778198
Lung_Dx-A0223,0,0.9422415494918823,0.05775843933224678
Lung_Dx-A0223,0,0.9285385012626648,0.07146149128675461
Lung_Dx-A0223,0,0.9884026646614075,0.011597362346947193
Lung_Dx-A0223,0,0.9714287519454956,0.028571246191859245
Lung_Dx-A0223,0,0.9709919095039368,0.029008125886321068
Lung_Dx-A0223,0,0.9546896815299988,0.04531031847000122
Lung_Dx-A0223,0,0.9696707129478455,0.030329259112477303
Lung_Dx-A0223,0,0.9964619278907776,0.0035380860790610313
Lung_Dx-A0223,0,0.998586893081665,0.0014131119241937995
Lung_Dx-A0223,0,0.8460060954093933,0.15399393439292908
Lung_Dx-A0223,0,0.9896518588066101,0.010348135605454445
Lung_Dx-A0223,0,0.9694111943244934,0.03058881126344204
Lung_Dx-A0223,0,0.9951136708259583,0.004886374808847904
Lung_Dx-A0223,0,0.8384153246879578,0.16158466041088104
Lung_Dx-A0223,0,0.9966036081314087,0.00339638814330101
Lung_Dx-A0223,0,0.9858821630477905,0.014117893762886524
Lung_Dx-A0199,0,0.16858302056789398,0.8314169645309448
Lung_Dx-A0199,0,0.9998077750205994,0.00019222713308408856
Lung_Dx-A0199,0,0.9998133778572083,0.00018667822587303817
Lung_Dx-A0199,0,0.4822157323360443,0.5177842378616333
Lung_Dx-A0199,0,0.9999011754989624,9.876620606519282e-05
Lung_Dx-A0199,0,0.9992620348930359,0.000737919588573277
Lung_Dx-A0199,0,0.9999068975448608,9.314593626186252e-05
Lung_Dx-A0199,0,0.9943799376487732,0.00562003580853343
Lung_Dx-A0199,0,0.999985933303833,1.4009213373356033e-05
Lung_Dx-A0199,0,0.986610472202301,0.013389497064054012
Lung_Dx-A0199,0,0.9999527931213379,4.720623110188171e-05
Lung_Dx-A0199,0,0.9998893737792969,0.00011061159602832049
Lung_Dx-A0199,0,0.9999701976776123,2.9773113055853173e-05
Lung_Dx-A0199,0,0.9998162388801575,0.0001837845629779622
Lung_Dx-A0199,0,0.9999927282333374,7.324937087105354e-06
Lung_Dx-A0199,0,0.9999035596847534,9.647852130001411e-05
Lung_Dx-A0199,0,0.8145695924758911,0.1854303777217865
Lung_Dx-A0199,0,0.9995549321174622,0.0004450864507816732
Lung_Dx-A0199,0,0.9429286122322083,0.05707140266895294
Lung_Dx-A0199,0,0.9982624650001526,0.0017375927418470383
Lung_Dx-A0199,0,0.999887228012085,0.00011279297177679837
Lung_Dx-A0199,0,0.9751782417297363,0.02482178807258606
Lung_Dx-A0199,0,0.9999315738677979,6.841542926849797e-05
Lung_Dx-A0199,0,0.9999879598617554,1.202963903779164e-05
Lung_Dx-A0199,0,0.9505947232246399,0.04940524697303772
Lung_Dx-A0199,0,0.9999810457229614,1.8925147742265835e-05
Lung_Dx-A0199,0,0.19482697546482086,0.8051729798316956
Lung_Dx-A0199,0,0.999854564666748,0.00014539113908540457
Lung_Dx-A0199,0,0.9999701976776123,2.9773113055853173e-05
Lung_Dx-A0199,0,0.9988774657249451,0.0011225653579458594
Lung_Dx-A0199,0,0.9979531764984131,0.002046750159934163
Lung_Dx-A0199,0,0.5393471717834473,0.46065282821655273
Lung_Dx-A0199,0,0.5821793079376221,0.4178207218647003
Lung_Dx-A0199,0,0.9987599849700928,0.0012399960542097688
Lung_Dx-A0199,0,0.9999023675918579,9.7615658887662e-05
Lung_Dx-A0199,0,0.9999485015869141,5.144221358932555e-05
Lung_Dx-A0199,0,0.5732287168502808,0.426771342754364
Lung_Dx-A0199,0,0.997977077960968,0.002022953238338232
Lung_Dx-A0199,0,0.999652624130249,0.000347345310728997
Lung_Dx-A0199,0,0.9995778203010559,0.0004222329007461667
Lung_Dx-A0199,0,0.9998433589935303,0.0001565906568430364
Lung_Dx-A0199,0,0.999887228012085,0.00011279297177679837
Lung_Dx-A0199,0,0.9999392032623291,6.085040877223946e-05
Lung_Dx-A0199,0,0.5006103515625,0.4993896484375
Lung_Dx-A0202,0,0.9948403239250183,0.005159622523933649
Lung_Dx-A0202,0,0.49017462134361267,0.5098254084587097
Lung_Dx-A0202,0,0.9569571614265442,0.043042849749326706
Lung_Dx-A0202,0,0.8230441212654114,0.17695587873458862
Lung_Dx-A0202,0,0.9871044158935547,0.012895587831735611
Lung_Dx-A0202,0,0.4366220533847809,0.5633779764175415
Lung_Dx-A0202,0,0.9937222599983215,0.006277706474065781
Lung_Dx-A0202,0,0.6786465048789978,0.3213534951210022
Lung_Dx-A0202,0,0.0012594986474141479,0.9987404942512512
Lung_Dx-A0202,0,0.9972903728485107,0.002709702355787158
Lung_Dx-A0202,0,0.1057172492146492,0.8942826986312866
Lung_Dx-A0202,0,0.9997851252555847,0.00021485923207364976
Lung_Dx-A0202,0,3.5494620533427224e-05,0.9999644756317139
Lung_Dx-A0202,0,0.9959378242492676,0.004062228836119175
Lung_Dx-A0202,0,0.9997809529304504,0.00021909605129621923
Lung_Dx-A0202,0,0.16191568970680237,0.83808434009552
Lung_Dx-A0202,0,0.5116251111030579,0.48837488889694214
Lung_Dx-A0202,0,0.04480608552694321,0.9551938772201538
Lung_Dx-A0202,0,0.9840323328971863,0.015967654064297676
Lung_Dx-A0202,0,0.9999632835388184,3.6764631659025326e-05
Lung_Dx-A0202,0,0.999983549118042,1.650684862397611e-05
Lung_Dx-A0202,0,0.9977612495422363,0.0022387211211025715
Lung_Dx-A0202,0,0.9077220559120178,0.09227796643972397
Lung_Dx-A0202,0,0.9993687272071838,0.0006312434561550617
Lung_Dx-A0202,0,0.9848109483718872,0.015189049765467644
Lung_Dx-A0202,0,0.6056241393089294,0.39437589049339294
Lung_Dx-A0202,0,0.9996613264083862,0.00033863994758576155
Lung_Dx-A0202,0,0.41987094283103943,0.5801290273666382
Lung_Dx-A0202,0,0.010849845595657825,0.9891502261161804
Lung_Dx-A0202,0,0.9977172613143921,0.00228277500718832
Lung_Dx-A0202,0,0.9998522996902466,0.00014768038818147033
Lung_Dx-A0202,0,0.9808942675590515,0.01910572685301304
Lung_Dx-A0202,0,0.9999114274978638,8.853436156641692e-05
Lung_Dx-A0202,0,0.9999934434890747,6.5917347455979325e-06
Lung_Dx-A0202,0,0.9999793767929077,2.0623421733034775e-05
Lung_Dx-A0202,0,0.4186375141143799,0.5813624858856201
Lung_Dx-A0202,0,0.9999873638153076,1.2606945347215515e-05
Lung_Dx-A0202,0,0.9999905824661255,9.368716746394057e-06
Lung_Dx-A0202,0,0.9931228756904602,0.0068771070800721645
Lung_Dx-A0202,0,0.07483763247728348,0.9251623749732971
Lung_Dx-A0202,0,0.996160626411438,0.003839395008981228
Lung_Dx-A0202,0,0.6978148818016052,0.3021851181983948
Lung_Dx-A0202,0,0.9999874830245972,1.2508839972724672e-05
Lung_Dx-A0202,0,0.725600004196167,0.2743999660015106
Lung_Dx-A0202,0,0.035544395446777344,0.9644556045532227
Lung_Dx-A0202,0,0.3863726556301117,0.6136273145675659
Lung_Dx-A0202,0,0.04922211915254593,0.9507778882980347
Lung_Dx-A0202,0,0.9999843835830688,1.5567453374387696e-05
Lung_Dx-A0202,0,0.9832789301872253,0.016721144318580627
Lung_Dx-A0202,0,0.2904271185398102,0.7095728516578674
Lung_Dx-A0202,0,0.31009340286254883,0.6899065971374512
Lung_Dx-A0202,0,0.9100669622421265,0.08993301540613174
Lung_Dx-A0202,0,0.9990655779838562,0.0009344576974399388
Lung_Dx-A0202,0,0.7622028589248657,0.2377970963716507
Lung_Dx-A0202,0,0.9999920129776001,7.982258466654457e-06
Lung_Dx-A0202,0,0.9396369457244873,0.060363005846738815
Lung_Dx-A0202,0,0.5000152587890625,0.4999847412109375
Lung_Dx-A0202,0,0.9948000907897949,0.005199880339205265
Lung_Dx-A0202,0,0.999160647392273,0.0008393599418923259
Lung_Dx-A0202,0,0.04899410158395767,0.9510058760643005
Lung_Dx-A0202,0,0.4846239984035492,0.5153759717941284
Lung_Dx-A0202,0,0.9159970283508301,0.0840030387043953
Lung_Dx-A0202,0,0.9945835471153259,0.005416411440819502
Lung_Dx-A0202,0,0.9757624268531799,0.024237636476755142
Lung_Dx-A0202,0,0.9954527616500854,0.00454726442694664
Lung_Dx-A0202,0,0.9997796416282654,0.0002203832846134901
Lung_Dx-A0202,0,0.9999860525131226,1.3900194971938618e-05
Lung_Dx-A0202,0,0.9999243021011353,7.572842878289521e-05
Lung_Dx-A0202,0,0.9961230158805847,0.0038769261445850134
Lung_Dx-A0202,0,0.4527476131916046,0.547252357006073
Lung_Dx-A0202,0,0.9999823570251465,1.7640200894675218e-05
Lung_Dx-G0062,1,0.999099612236023,0.0009004466701298952
Lung_Dx-G0062,1,0.9706043004989624,0.029395703226327896
Lung_Dx-G0062,1,0.9200026392936707,0.07999736815690994
Lung_Dx-G0062,1,0.9548583030700684,0.04514164477586746
Lung_Dx-G0062,1,0.9950273633003235,0.004972596652805805
Lung_Dx-G0062,1,0.03188898786902428,0.968110978603363
Lung_Dx-G0062,1,0.9214990139007568,0.07850097864866257
Lung_Dx-G0062,1,0.9999434947967529,5.6497930927434936e-05
Lung_Dx-G0062,1,0.005774930119514465,0.9942250847816467
Lung_Dx-G0062,1,0.9924227595329285,0.007577240467071533
Lung_Dx-G0062,1,0.8000679016113281,0.19993211328983307
Lung_Dx-G0062,1,0.9982282519340515,0.001771802781149745
Lung_Dx-G0062,1,0.9967206120491028,0.0032794431317597628
Lung_Dx-G0062,1,0.0572819747030735,0.9427180886268616
Lung_Dx-G0062,1,0.9707155227661133,0.029284456744790077
Lung_Dx-G0062,1,0.6324247121810913,0.3675752878189087
Lung_Dx-G0062,1,0.9996471405029297,0.00035281325108371675
Lung_Dx-G0062,1,0.9999121427536011,8.784544479567558e-05
Lung_Dx-G0062,1,0.9999845027923584,1.544630686112214e-05
Lung_Dx-G0062,1,0.9713745713233948,0.028625505045056343
Lung_Dx-G0062,1,0.9995354413986206,0.0004646190209314227
Lung_Dx-G0062,1,0.9284088015556335,0.07159119844436646
Lung_Dx-G0062,1,0.9016179442405701,0.09838209301233292
Lung_Dx-G0062,1,0.8679898381233215,0.13201020658016205
Lung_Dx-G0062,1,0.41730114817619324,0.5826988220214844
Lung_Dx-G0062,1,0.9472348093986511,0.05276518687605858
Lung_Dx-G0062,1,0.934155285358429,0.06584470719099045
Lung_Dx-G0062,1,0.9031661152839661,0.09683381766080856
Lung_Dx-G0062,1,0.7448883652687073,0.25511160492897034
Lung_Dx-G0062,1,0.5919001698493958,0.40809983015060425
Lung_Dx-G0062,1,0.767384946346283,0.23261506855487823
Lung_Dx-G0062,1,0.2622745931148529,0.7377254366874695
Lung_Dx-G0062,1,0.24432921409606934,0.7556707859039307
Lung_Dx-G0062,1,0.9372395277023315,0.06276047974824905
Lung_Dx-G0062,1,0.9696707129478455,0.030329259112477303
Lung_Dx-G0062,1,0.9979731440544128,0.0020269001834094524
Lung_Dx-G0062,1,0.9945307374000549,0.005469274707138538
Lung_Dx-G0062,1,0.9997507929801941,0.00024923254386521876
Lung_Dx-G0062,1,0.6152973771095276,0.3847026228904724
Lung_Dx-G0062,1,0.9859499335289001,0.014050093479454517
Lung_Dx-G0062,1,0.9486324787139893,0.05136751011013985
Lung_Dx-G0062,1,0.03534407541155815,0.964655876159668
Lung_Dx-G0062,1,0.447581022977829,0.5524189472198486
Lung_Dx-G0062,1,0.9940774440765381,0.005922556854784489
Lung_Dx-G0062,1,0.9930961728096008,0.006903838366270065
Lung_Dx-G0062,1,0.0333683118224144,0.9666317105293274
Lung_Dx-G0062,1,0.009774419479072094,0.990225613117218
Lung_Dx-G0062,1,0.999640941619873,0.0003590676642488688
Lung_Dx-G0062,1,0.9887987971305847,0.011201214045286179
Lung_Dx-G0062,1,0.9513686299324036,0.04863136634230614
Lung_Dx-G0062,1,0.9981968998908997,0.0018031664658337831
Lung_Dx-G0062,1,0.9923341274261475,0.007665874436497688
Lung_Dx-G0062,1,0.9999887943267822,1.1212865501875058e-05
Lung_Dx-G0062,1,0.9930289387702942,0.006971116643399
Lung_Dx-G0062,1,0.9932942390441895,0.006705848500132561
Lung_Dx-G0062,1,0.002917855279520154,0.9970821738243103
Lung_Dx-G0062,1,0.9999426603317261,5.7387598644709215e-05
Lung_Dx-G0062,1,0.36721351742744446,0.6327864527702332
Lung_Dx-G0062,1,0.9164093732833862,0.08359067142009735
Lung_Dx-G0062,1,0.9765130281448364,0.023487046360969543
Lung_Dx-G0062,1,0.9831660985946655,0.01683390699326992
Lung_Dx-G0062,1,0.9999352693557739,6.477467104559764e-05
Lung_Dx-G0062,1,0.9450454711914062,0.05495454743504524
Lung_Dx-G0062,1,0.005598248448222876,0.994401752948761
Lung_Dx-G0062,1,0.21027937531471252,0.7897205948829651
Lung_Dx-G0062,1,0.24967585504055023,0.7503241300582886
Lung_Dx-G0062,1,0.6696098446846008,0.33039018511772156
Lung_Dx-G0062,1,0.9929198622703552,0.0070801181718707085
Lung_Dx-G0062,1,0.3380497992038727,0.6619502305984497
Lung_Dx-G0062,1,0.9896917939186096,0.01030820794403553
Lung_Dx-G0062,1,0.6319350600242615,0.36806491017341614
Lung_Dx-G0062,1,0.14810879528522491,0.8518912196159363
Lung_Dx-G0062,1,0.2852226197719574,0.7147773504257202
Lung_Dx-G0062,1,0.7135064601898193,0.28649353981018066
Lung_Dx-G0062,1,0.999843955039978,0.00015598026220686734
Lung_Dx-G0062,1,0.9987527132034302,0.0012472739908844233
Lung_Dx-G0062,1,0.00220838887616992,0.9977916479110718
Lung_Dx-G0062,1,0.9992160797119141,0.0007839425816200674
Lung_Dx-G0062,1,0.0006399274570867419,0.9993600249290466
Lung_Dx-G0062,1,0.9998107552528381,0.00018924748292192817
Lung_Dx-G0062,1,0.9953904151916504,0.004609572701156139
Lung_Dx-G0062,1,0.9647224545478821,0.03527754545211792
Lung_Dx-G0062,1,0.9964687824249268,0.003531206864863634
Lung_Dx-G0062,1,0.9824735522270203,0.01752636395394802
Lung_Dx-G0062,1,0.05807814374566078,0.9419218301773071
Lung_Dx-G0062,1,0.9996672868728638,0.0003327412996441126
Lung_Dx-G0062,1,0.9897116422653198,0.01028829999268055
Lung_Dx-G0062,1,0.9998144507408142,0.00018558779265731573
Lung_Dx-G0062,1,0.8335957527160645,0.16640429198741913
Lung_Dx-G0062,1,0.0039917281828820705,0.9960082769393921
Lung_Dx-G0062,1,0.5632278323173523,0.4367721974849701
Lung_Dx-G0062,1,0.2671213150024414,0.7328786849975586
Lung_Dx-G0062,1,0.03173859044909477,0.9682613611221313
Lung_Dx-G0062,1,0.9904035329818726,0.009596454910933971
Lung_Dx-G0062,1,0.9928923845291138,0.007107631769031286
Lung_Dx-G0062,1,0.6201903820037842,0.37980958819389343
Lung_Dx-G0062,1,0.7387633323669434,0.26123666763305664
Lung_Dx-G0062,1,0.9945835471153259,0.005416411440819502
Lung_Dx-G0062,1,0.9930827617645264,0.006917241960763931
Lung_Dx-G0062,1,0.025809621438384056,0.974190354347229
Lung_Dx-G0062,1,0.9861780405044556,0.013821961358189583
Lung_Dx-G0062,1,0.9961977601051331,0.0038022249937057495
Lung_Dx-G0062,1,0.9906237721443176,0.009376238100230694
Lung_Dx-G0062,1,0.5928876399993896,0.4071124196052551
Lung_Dx-G0062,1,0.999140739440918,0.0008592476369813085
Lung_Dx-G0062,1,0.8377527594566345,0.16224725544452667
Lung_Dx-G0062,1,0.39453259110450745,0.6054673790931702
Lung_Dx-G0062,1,0.9986955523490906,0.00130450667347759
Lung_Dx-G0062,1,0.01357131265103817,0.9864286780357361
Lung_Dx-G0062,1,0.2158462107181549,0.7841538190841675
Lung_Dx-G0062,1,0.2607187032699585,0.7392812371253967
Lung_Dx-G0062,1,0.9902350902557373,0.009764972142875195
Lung_Dx-G0062,1,0.9994418025016785,0.000558200292289257
Lung_Dx-G0062,1,0.9987305998802185,0.0012693643802776933
Lung_Dx-G0062,1,0.9546896815299988,0.04531031847000122
Lung_Dx-G0062,1,0.9618934392929077,0.03810662403702736
Lung_Dx-G0062,1,0.9774138927459717,0.022586042061448097
Lung_Dx-G0062,1,0.9998225569725037,0.00017743678472470492
Lung_Dx-G0062,1,0.9420285820960999,0.05797139182686806
Lung_Dx-G0062,1,0.9521309733390808,0.0478690080344677
Lung_Dx-G0062,1,0.9647555947303772,0.03524432331323624
Lung_Dx-G0062,1,0.995866060256958,0.004133968148380518
Lung_Dx-G0062,1,0.9750121831893921,0.02498779445886612
Lung_Dx-G0062,1,0.8698804974555969,0.13011953234672546
Lung_Dx-G0062,1,0.9969005584716797,0.0030994152184575796
Lung_Dx-G0062,1,0.9655764698982239,0.034423548728227615
Lung_Dx-G0062,1,0.9959613680839539,0.004038591403514147
Lung_Dx-G0062,1,0.9984330534934998,0.0015669888816773891
Lung_Dx-G0062,1,0.9995583891868591,0.0004416242882143706
Lung_Dx-G0062,1,0.9987257122993469,0.0012743263505399227
Lung_Dx-G0062,1,0.1991911381483078,0.800808846950531
Lung_Dx-G0062,1,0.9997468590736389,0.0002531563804950565
Lung_Dx-G0062,1,0.9856629967689514,0.014337031170725822
Lung_Dx-G0062,1,0.9459512829780579,0.054048750549554825
Lung_Dx-G0062,1,0.9998551607131958,0.00014482441474683583
Lung_Dx-G0062,1,0.9996678829193115,0.00033209225512109697
Lung_Dx-G0062,1,0.8772666454315186,0.12273333966732025
Lung_Dx-G0062,1,0.00035419364576227963,0.9996458292007446
Lung_Dx-G0062,1,0.00038672040682286024,0.999613344669342
Lung_Dx-G0062,1,0.03534407541155815,0.964655876159668
Lung_Dx-G0062,1,0.9997305274009705,0.0002694791473913938
Lung_Dx-G0062,1,0.6114943623542786,0.38850563764572144
Lung_Dx-G0062,1,0.9972477555274963,0.002752256579697132
Lung_Dx-G0062,1,0.9889171123504639,0.01108285877853632
Lung_Dx-G0062,1,0.925567090511322,0.07443295419216156
Lung_Dx-G0062,1,0.005405900068581104,0.994594156742096
Lung_Dx-G0062,1,0.9125920534133911,0.0874079167842865
Lung_Dx-G0062,1,0.9994022846221924,0.0005976693355478346
Lung_Dx-G0062,1,0.7999507188796997,0.2000492811203003
Lung_Dx-G0062,1,0.994213879108429,0.005786154884845018
Lung_Dx-G0062,1,0.09846875816583633,0.9015312790870667
Lung_Dx-G0062,1,0.9814712405204773,0.01852879673242569
Lung_Dx-G0062,1,0.9998666048049927,0.0001334200205747038
Lung_Dx-G0062,1,0.9957767128944397,0.004223365802317858
Lung_Dx-G0062,1,0.9926256537437439,0.0073743658140301704
Lung_Dx-G0062,1,0.5345214009284973,0.4654786288738251
Lung_Dx-G0062,1,0.9985505938529968,0.0014493984635919333
Lung_Dx-G0062,1,0.9998822212219238,0.00011774458835134283
Lung_Dx-G0062,1,0.991635799407959,0.008364237844944
Lung_Dx-G0062,1,0.8686597347259521,0.13134026527404785
Lung_Dx-G0062,1,0.9942025542259216,0.0057974006049335
Lung_Dx-G0062,1,0.9997695088386536,0.00023050671734381467
Lung_Dx-G0062,1,0.9395261406898499,0.060473889112472534
Lung_Dx-G0062,1,0.9068183302879333,0.09318171441555023
Lung_Dx-G0062,1,0.9999860525131226,1.3900194971938618e-05
Lung_Dx-G0062,1,0.9608049392700195,0.03919513151049614
Lung_Dx-G0062,1,0.998472273349762,0.0015277628554031253
Lung_Dx-A0248,0,0.9933974742889404,0.0066025699488818645
Lung_Dx-A0248,0,0.9999970197677612,3.006161250596051e-06
Lung_Dx-A0248,0,0.9999936819076538,6.364021828630939e-06
Lung_Dx-A0248,0,0.9998623132705688,0.0001376546424580738
Lung_Dx-A0248,0,0.9999349117279053,6.502816540887579e-05
Lung_Dx-A0248,0,0.9999682903289795,3.1693256460130215e-05
Lung_Dx-A0248,0,0.999464213848114,0.0005357805639505386
Lung_Dx-A0248,0,0.9986169338226318,0.001383117400109768
Lung_Dx-A0248,0,0.9999125003814697,8.750300185056403e-05
Lung_Dx-A0248,0,0.9999791383743286,2.086652057187166e-05
Lung_Dx-A0248,0,0.9998044371604919,0.00019563533714972436
Lung_Dx-A0248,0,0.9992903470993042,0.0007096704212017357
Lung_Dx-A0248,0,0.9963143467903137,0.0036856739316135645
Lung_Dx-A0248,0,0.9999697208404541,3.0241957574617118e-05
Lung_Dx-A0248,0,0.9997057318687439,0.00029422855004668236
Lung_Dx-A0248,0,0.9992563128471375,0.0007437029271386564
Lung_Dx-A0248,0,0.9997603297233582,0.0002396868512732908
Lung_Dx-A0248,0,0.9998989105224609,0.0001011081476463005
Lung_Dx-A0248,0,0.9999899864196777,1.0011975064116996e-05
Lung_Dx-A0248,0,0.9999302625656128,6.976470467634499e-05
Lung_Dx-A0248,0,0.9999841451644897,1.5874491509748623e-05
Lung_Dx-A0248,0,0.9999196529388428,8.029783930396661e-05
Lung_Dx-A0248,0,0.9992678761482239,0.0007321813027374446
Lung_Dx-A0248,0,0.9967142343521118,0.003285833401605487
Lung_Dx-A0248,0,0.9997574687004089,0.0002425115235382691
Lung_Dx-A0248,0,0.9998880624771118,0.00011191529483767226
Lung_Dx-A0248,0,0.9999585151672363,4.149717642576434e-05
Lung_Dx-A0248,0,0.9994986057281494,0.0005013742484152317
Lung_Dx-A0248,0,0.9990471005439758,0.0009528705268166959
Lung_Dx-A0248,0,0.9980353713035583,0.0019646615255624056
Lung_Dx-A0248,0,0.9999955892562866,4.442811587068718e-06
Lung_Dx-A0248,0,0.9963071346282959,0.0036928525660187006
Lung_Dx-A0248,0,0.99997878074646,2.127806692442391e-05
Lung_Dx-A0248,0,0.999994158744812,5.862814305146458e-06
Lung_Dx-A0248,0,0.9998880624771118,0.00011191529483767226
Lung_Dx-A0206,0,0.998945415019989,0.001054624211974442
Lung_Dx-A0206,0,0.9996026158332825,0.00039743640809319913
Lung_Dx-A0206,0,0.9998292922973633,0.00017064041458070278
Lung_Dx-A0206,0,0.9991306662559509,0.0008693673880770802
Lung_Dx-A0206,0,0.9996243715286255,0.0003755592042580247
Lung_Dx-A0206,0,0.999891996383667,0.00010804955672938377
Lung_Dx-A0206,0,0.9999914169311523,8.597226042184047e-06
Lung_Dx-A0206,0,0.9997630715370178,0.00023689508088864386
Lung_Dx-A0206,0,0.9997791647911072,0.00022081405040808022
Lung_Dx-A0206,0,0.9998306035995483,0.00016931271238718182
Lung_Dx-A0206,0,0.9996048808097839,0.0003951153776142746
Lung_Dx-A0206,0,0.9999849796295166,1.4971082237025257e-05
Lung_Dx-A0206,0,0.9999254941940308,7.455446029780433e-05
Lung_Dx-A0206,0,0.9999237060546875,7.632232882315293e-05
Lung_Dx-A0206,0,0.9999237060546875,7.632232882315293e-05
Lung_Dx-A0206,0,0.9999849796295166,1.4971082237025257e-05
Lung_Dx-A0206,0,0.9993513226509094,0.0006487308419309556
Lung_Dx-A0206,0,0.999058187007904,0.0009417797555215657
Lung_Dx-A0206,0,0.9999738931655884,2.607030728540849e-05
Lung_Dx-A0206,0,0.9996395111083984,0.00036047250614501536
Lung_Dx-A0206,0,0.9995618462562561,0.00043818907579407096
Lung_Dx-A0206,0,0.9993461966514587,0.0006538155721500516
Lung_Dx-A0206,0,0.9973836541175842,0.002616339363157749
Lung_Dx-A0206,0,0.9991012811660767,0.0008986912434920669
Lung_Dx-A0206,0,0.9993563294410706,0.00064368563471362
Lung_Dx-A0206,0,0.9995635151863098,0.00043648143764585257
Lung_Dx-A0206,0,0.9998013377189636,0.00019871552649419755
Lung_Dx-A0206,0,0.9999970197677612,2.9250750230858102e-06
Lung_Dx-A0206,0,0.9996199607849121,0.0003799845289904624
Lung_Dx-A0206,0,0.9974139928817749,0.0025859365705400705
Lung_Dx-A0206,0,0.9998940229415894,0.00010595991625450552
Lung_Dx-G0040,1,0.38179561495780945,0.6182043552398682
Lung_Dx-G0040,1,0.7566723227500916,0.24332764744758606
Lung_Dx-G0040,1,0.8962967395782471,0.10370323061943054
Lung_Dx-G0040,1,0.0035380860790610313,0.9964619278907776
Lung_Dx-G0040,1,0.00034196206252090633,0.9996579885482788
Lung_Dx-G0040,1,0.8645393252372742,0.13546064496040344
Lung_Dx-G0040,1,0.018617801368236542,0.9813822507858276
Lung_Dx-G0040,1,0.05165378749370575,0.9483462572097778
Lung_Dx-G0040,1,0.00015843621804378927,0.999841570854187
Lung_Dx-G0040,1,0.8514594435691833,0.14854055643081665
Lung_Dx-G0040,1,0.9618934392929077,0.03810662403702736
Lung_Dx-G0040,1,0.1289084553718567,0.8710915446281433
Lung_Dx-G0040,1,0.1420532613992691,0.8579466938972473
Lung_Dx-G0040,1,0.7093715667724609,0.2906284034252167
Lung_Dx-G0040,1,0.9991169571876526,0.0008830458973534405
Lung_Dx-G0040,1,0.9984421133995056,0.0015578481834381819
Lung_Dx-G0040,1,0.9997230172157288,0.00027694733580574393
Lung_Dx-G0040,1,0.09065494686365128,0.9093450307846069
Lung_Dx-G0040,1,0.0014837189810350537,0.9985162615776062
Lung_Dx-G0040,1,0.9481064677238464,0.05189348757266998
Lung_Dx-G0040,1,0.3801259398460388,0.6198740601539612
Lung_Dx-G0040,1,0.04514164477586746,0.9548583030700684
Lung_Dx-G0040,1,0.8428955078125,0.1571045219898224
Lung_Dx-G0040,1,0.998513400554657,0.0014866153942421079
Lung_Dx-G0040,1,0.00013873411808162928,0.9998612403869629
Lung_Dx-G0040,1,0.999503493309021,0.0004965042462572455
Lung_Dx-G0040,1,0.8621777296066284,0.13782231509685516
Lung_Dx-G0040,1,0.970687747001648,0.02931223064661026
Lung_Dx-G0040,1,0.7778909802436829,0.22210901975631714
Lung_Dx-G0040,1,0.2872177064418793,0.7127823233604431
Lung_Dx-G0040,1,0.15746048092842102,0.8425394892692566
Lung_Dx-G0040,1,0.00483911857008934,0.9951608777046204
Lung_Dx-G0040,1,0.9751308560371399,0.024869104847311974
Lung_Dx-G0040,1,0.8088988661766052,0.19110114872455597
Lung_Dx-G0040,1,0.016561338678002357,0.9834386706352234
Lung_Dx-G0040,1,0.0024968276266008615,0.9975032210350037
Lung_Dx-G0040,1,8.992846414912492e-05,0.9999101161956787
Lung_Dx-G0040,1,0.00214894930832088,0.9978510141372681
Lung_Dx-G0040,1,0.14457103610038757,0.85542893409729
Lung_Dx-G0040,1,0.0024391296319663525,0.9975608587265015
Lung_Dx-G0040,1,0.9810945987701416,0.01890544779598713
Lung_Dx-G0040,1,0.3838145136833191,0.6161855459213257
Lung_Dx-G0040,1,0.0001621928095119074,0.9998377561569214
Lung_Dx-G0040,1,9.99303229036741e-05,0.9999001026153564
Lung_Dx-G0040,1,0.9987792372703552,0.001220795325934887
Lung_Dx-G0040,1,0.8862728476524353,0.1137271597981453
Lung_Dx-G0040,1,0.01849331147968769,0.9815067052841187
Lung_Dx-G0040,1,0.33266258239746094,0.6673374176025391
Lung_Dx-G0040,1,0.006015262566506863,0.9939847588539124
Lung_Dx-G0040,1,0.6977633833885193,0.3022366464138031
Lung_Dx-G0040,1,0.8666412234306335,0.13335877656936646
Lung_Dx-G0040,1,0.9475268721580505,0.052473098039627075
Lung_Dx-G0040,1,0.017797453328967094,0.9822025299072266
Lung_Dx-G0040,1,0.37419021129608154,0.6258097290992737
Lung_Dx-G0040,1,0.07094482332468033,0.9290551543235779
Lung_Dx-G0040,1,0.8919052481651306,0.10809476673603058
Lung_Dx-G0040,1,0.9564718008041382,0.04352813959121704
Lung_Dx-G0040,1,0.9998013377189636,0.00019871552649419755
Lung_Dx-G0040,1,0.890246570110321,0.10975347459316254
Lung_Dx-G0040,1,0.8475897312164307,0.1524103283882141
Lung_Dx-G0040,1,0.00010229985491605476,0.9998977184295654
Lung_Dx-G0040,1,0.8194603323936462,0.18053969740867615
Lung_Dx-G0040,1,0.19019703567028046,0.8098029494285583
Lung_Dx-G0040,1,0.9776925444602966,0.02230747602880001
Lung_Dx-G0040,1,0.007431773468852043,0.9925682544708252
Lung_Dx-G0040,1,0.08057423681020737,0.9194257855415344
Lung_Dx-G0040,1,0.7862127423286438,0.2137872576713562
Lung_Dx-G0040,1,0.7638362646102905,0.23616373538970947
Lung_Dx-G0040,1,0.05165378749370575,0.9483462572097778
Lung_Dx-G0040,1,0.055005282163619995,0.9449946880340576
Lung_Dx-G0040,1,0.7371344566345215,0.26286548376083374
Lung_Dx-G0040,1,0.8970657587051392,0.10293421894311905
Lung_Dx-G0040,1,0.6777940392494202,0.3222059905529022
Lung_Dx-G0040,1,0.5787457823753357,0.4212541878223419
Lung_Dx-G0040,1,0.5708996057510376,0.4291003942489624
Lung_Dx-G0040,1,0.922062337398529,0.07793769240379333
Lung_Dx-G0040,1,6.156764720799401e-05,0.9999384880065918
Lung_Dx-G0040,1,0.060418423265218735,0.939581573009491
Lung_Dx-G0040,1,0.9770445227622986,0.022955454885959625
Lung_Dx-G0040,1,0.8925625681877136,0.10743747651576996
Lung_Dx-G0040,1,0.7927050590515137,0.20729495584964752
Lung_Dx-G0040,1,0.017358997836709023,0.9826410412788391
Lung_Dx-G0040,1,0.009002837352454662,0.9909971952438354
Lung_Dx-G0040,1,0.020626194775104523,0.9793738126754761
Lung_Dx-G0040,1,0.9923933744430542,0.0076066721230745316
Lung_Dx-G0040,1,0.9902161359786987,0.009783875197172165
Lung_Dx-G0040,1,0.00023413580493070185,0.9997658133506775
Lung_Dx-G0040,1,0.8499089479446411,0.15009109675884247
Lung_Dx-G0040,1,0.9943909049034119,0.005609131883829832
Lung_Dx-G0040,1,0.9894090890884399,0.010590936057269573
Lung_Dx-G0040,1,4.013747002318269e-06,0.9999959468841553
Lung_Dx-G0040,1,0.5019683241844177,0.4980316162109375
Lung_Dx-G0040,1,0.0013643618440255523,0.9986355900764465
Lung_Dx-G0040,1,0.11061517894268036,0.8893848061561584
Lung_Dx-G0040,1,0.642993152141571,0.35700690746307373
Lung_Dx-G0040,1,0.5054013729095459,0.4945985972881317
Lung_Dx-G0040,1,0.9141375422477722,0.08586245775222778
Lung_Dx-G0040,1,0.0022518474142998457,0.9977481961250305
Lung_Dx-G0040,1,0.0921553373336792,0.9078446626663208
Lung_Dx-G0040,1,0.05141511559486389,0.9485848546028137
Lung_Dx-G0040,1,0.6968874335289001,0.30311259627342224
Lung_Dx-G0040,1,0.6997419595718384,0.300258070230484
Lung_Dx-G0040,1,0.10908732563257217,0.890912652015686
Lung_Dx-G0040,1,0.9629179239273071,0.037082020193338394
Lung_Dx-G0040,1,0.8401278853416443,0.1598721593618393
Lung_Dx-G0040,1,0.9967206120491028,0.0032794431317597628
Lung_Dx-G0040,1,0.19517187774181366,0.8048281073570251
Lung_Dx-G0040,1,0.26621416211128235,0.7337858080863953
Lung_Dx-G0040,1,0.00029827762045897543,0.9997016787528992
Lung_Dx-G0040,1,0.9771537780761719,0.022846197709441185
Lung_Dx-G0040,1,0.9237300753593445,0.0762699693441391
Lung_Dx-G0040,1,0.7892336845397949,0.21076630055904388
Lung_Dx-G0040,1,0.9428234100341797,0.05717659369111061
Lung_Dx-G0040,1,0.9370958209037781,0.0629042461514473
Lung_Dx-G0040,1,0.15021571516990662,0.849784255027771
Lung_Dx-G0040,1,0.8825291395187378,0.11747086048126221
Lung_Dx-G0040,1,0.02313133515417576,0.9768686890602112
Lung_Dx-G0040,1,0.0034698909148573875,0.9965301156044006
Lung_Dx-G0040,1,0.7484902143478394,0.25150978565216064
Lung_Dx-G0040,1,0.021512310951948166,0.9784876704216003
Lung_Dx-G0040,1,0.0005389273865148425,0.9994611144065857
Lung_Dx-G0040,1,0.9838472008705139,0.01615283451974392
Lung_Dx-G0040,1,0.027742892503738403,0.9722570776939392
Lung_Dx-G0040,1,0.09679113328456879,0.90320885181427
Lung_Dx-G0040,1,0.004331502132117748,0.9956685304641724
Lung_Dx-G0040,1,0.30790403485298157,0.6920959949493408
Lung_Dx-G0040,1,0.356572687625885,0.643427312374115
Lung_Dx-G0040,1,0.7156227827072144,0.28437724709510803
Lung_Dx-G0040,1,0.9893269538879395,0.010673115029931068
Lung_Dx-G0040,1,0.14175599813461304,0.858244001865387
Lung_Dx-G0040,1,0.0016293087974190712,0.9983707070350647
Lung_Dx-G0040,1,0.8095019459724426,0.19049803912639618
Lung_Dx-G0040,1,0.39208221435546875,0.6079177856445312
Lung_Dx-G0040,1,0.8063956499099731,0.19360436499118805
Lung_Dx-G0040,1,0.024869104847311974,0.9751308560371399
Lung_Dx-G0040,1,0.65071702003479,0.34928300976753235
Lung_Dx-G0040,1,0.8378190398216248,0.16218090057373047
Lung_Dx-A0249,0,0.9939496517181396,0.0060503981076180935
Lung_Dx-A0249,0,0.08479540795087814,0.9152045845985413
Lung_Dx-A0249,0,0.09351230412721634,0.9064877033233643
Lung_Dx-A0249,0,0.9949396848678589,0.005060331895947456
Lung_Dx-A0249,0,0.9998898506164551,0.00011018042278010398
Lung_Dx-A0249,0,0.0015218157786875963,0.9984782338142395
Lung_Dx-A0249,0,0.9982826709747314,0.0017173837404698133
Lung_Dx-A0249,0,0.019032660871744156,0.9809673428535461
Lung_Dx-A0249,0,0.18491466343402863,0.8150853514671326
Lung_Dx-A0249,0,0.9694111943244934,0.03058881126344204
Lung_Dx-A0249,0,0.9547740817070007,0.04522590711712837
Lung_Dx-A0249,0,0.9819446802139282,0.01805533654987812
Lung_Dx-A0249,0,0.9720190763473511,0.027980946004390717
Lung_Dx-A0249,0,0.8060905337333679,0.19390948116779327
Lung_Dx-A0249,0,0.9996102452278137,0.00038975226925686
Lung_Dx-A0249,0,0.9718592762947083,0.028140753507614136
Lung_Dx-A0249,0,0.9767802357673645,0.023219766095280647
Lung_Dx-A0249,0,0.23647215962409973,0.7635278701782227
Lung_Dx-A0249,0,0.9978510141372681,0.00214894930832088
Lung_Dx-A0249,0,0.9954082369804382,0.004591683391481638
Lung_Dx-A0249,0,0.9990321397781372,0.000967861560638994
Lung_Dx-A0249,0,0.6457903385162354,0.35420966148376465
Lung_Dx-A0249,0,0.9619649052619934,0.03803509473800659
Lung_Dx-A0249,0,0.6552808284759521,0.3447191119194031
Lung_Dx-A0249,0,0.7078592777252197,0.2921407222747803
Lung_Dx-A0249,0,0.9918753504753113,0.008124709129333496
Lung_Dx-A0249,0,0.9860174059867859,0.013982612639665604
Lung_Dx-A0249,0,0.9470391869544983,0.052960772067308426
Lung_Dx-A0249,0,0.9835969805717468,0.01640303246676922
Lung_Dx-A0249,0,0.9996380805969238,0.00036188281956128776
Lung_Dx-A0249,0,0.9387446641921997,0.06125536188483238
Lung_Dx-A0249,0,0.4005112051963806,0.5994887948036194
Lung_Dx-A0249,0,0.9087799787521362,0.09122006595134735
Lung_Dx-A0249,0,0.8095019459724426,0.19049803912639618
Lung_Dx-A0249,0,0.9930693507194519,0.006930672097951174
Lung_Dx-A0249,0,0.9618217349052429,0.038178276270627975
Lung_Dx-A0249,0,0.99871826171875,0.0012818054528906941
Lung_Dx-A0249,0,0.9997645020484924,0.0002355114120291546
Lung_Dx-A0249,0,0.9788546562194824,0.021145395934581757
Lung_Dx-A0249,0,0.9201462268829346,0.07985372841358185
Lung_Dx-A0249,0,0.9654788970947266,0.034521058201789856
Lung_Dx-A0249,0,0.8663023114204407,0.1336977332830429
Lung_Dx-A0249,0,0.7641444206237793,0.2358555793762207
Lung_Dx-A0249,0,0.8393393158912659,0.16066069900989532
Lung_Dx-A0249,0,0.9726495146751404,0.027350498363375664
Lung_Dx-A0249,0,0.9998499155044556,0.0001500056532677263
Lung_Dx-A0249,0,0.9904590845108032,0.009540924802422523
Lung_Dx-A0249,0,0.8472108244895935,0.1527891606092453
Lung_Dx-A0249,0,0.9998176693916321,0.00018235458992421627
Lung_Dx-A0249,0,0.8563323616981506,0.14366760849952698
Lung_Dx-A0249,0,0.9845160245895386,0.015483987517654896
Lung_Dx-A0249,0,0.8793541789054871,0.12064587324857712
Lung_Dx-A0249,0,0.9661878347396851,0.03381211310625076
Lung_Dx-A0249,0,0.7594038844108582,0.24059613049030304
Lung_Dx-A0249,0,0.9684111475944519,0.03158888220787048
Lung_Dx-A0249,0,0.9996215105056763,0.0003785036678891629
Lung_Dx-A0249,0,0.9919223785400391,0.00807762611657381
Lung_Dx-A0249,0,0.9860039353370667,0.013996084220707417
Lung_Dx-A0249,0,0.9822537302970886,0.01774631254374981
Lung_Dx-A0249,0,0.8352821469306946,0.1647179126739502
Lung_Dx-A0249,0,0.9350505471229553,0.0649493932723999
Lung_Dx-A0249,0,0.9662834405899048,0.033716537058353424
Lung_Dx-A0249,0,0.9998279809951782,0.0001719785650493577
Lung_Dx-A0249,0,0.23074638843536377,0.769253671169281
Lung_Dx-A0249,0,0.9999392032623291,6.085040877223946e-05
Lung_Dx-A0249,0,0.7503699064254761,0.2496301233768463
Lung_Dx-A0249,0,0.9707155227661133,0.029284456744790077
Lung_Dx-A0249,0,0.8757338523864746,0.1242661252617836
Lung_Dx-A0249,0,0.9996849298477173,0.0003150386910419911
Lung_Dx-A0249,0,0.8329852819442749,0.16701479256153107
Lung_Dx-A0249,0,0.9992221593856812,0.0007778466097079217
Lung_Dx-A0249,0,0.9127477407455444,0.08725224435329437
Lung_Dx-A0249,0,0.9989245533943176,0.0010754023678600788
Lung_Dx-A0249,0,0.7177543640136719,0.2822456657886505
Lung_Dx-A0249,0,0.995075523853302,0.004924510605633259
Lung_Dx-A0249,0,0.9959140419960022,0.004086002707481384
Lung_Dx-A0249,0,0.9600251913070679,0.039974771440029144
Lung_Dx-A0249,0,0.09920809417963028,0.9007918834686279
Lung_Dx-A0249,0,0.9640178084373474,0.03598218038678169
Lung_Dx-A0249,0,0.9903476238250732,0.009652304463088512
Lung_Dx-A0249,0,0.966092050075531,0.03390795737504959
Lung_Dx-A0249,0,0.9947595000267029,0.00524044968187809
Lung_Dx-A0249,0,0.9991340041160583,0.0008659809827804565
Lung_Dx-A0249,0,0.6742382049560547,0.3257618248462677
Lung_Dx-A0249,0,0.9936979413032532,0.0063021220266819
Lung_Dx-A0249,0,0.9844114184379578,0.015588540583848953
Lung_Dx-A0249,0,0.9739684462547302,0.026031531393527985
Lung_Dx-A0249,0,0.9916195869445801,0.008380454033613205
Lung_Dx-A0249,0,0.873592734336853,0.12640726566314697
Lung_Dx-A0249,0,0.07198163121938705,0.9280183911323547
Lung_Dx-A0249,0,0.9995158910751343,0.00048406238784082234
Lung_Dx-A0249,0,0.09560247510671616,0.9043974876403809
Lung_Dx-A0249,0,0.9928091764450073,0.007190811913460493
Lung_Dx-A0249,0,0.9997418522834778,0.00025814815307967365
Lung_Dx-A0249,0,0.03531079366803169,0.9646891355514526
Lung_Dx-A0249,0,0.9900057911872864,0.009994227439165115
Lung_Dx-A0249,0,0.9793540239334106,0.020645931363105774
Lung_Dx-A0249,0,0.6611028909683228,0.33889710903167725
Lung_Dx-A0249,0,0.9701834917068481,0.02981654182076454
Lung_Dx-A0249,0,0.7205649614334106,0.27943506836891174
Lung_Dx-A0249,0,0.9999790191650391,2.1030173229519278e-05
Lung_Dx-A0249,0,0.35089388489723206,0.6491061449050903
Lung_Dx-A0249,0,0.9826576113700867,0.017342347651720047
Lung_Dx-A0249,0,0.8772666454315186,0.12273333966732025
Lung_Dx-A0249,0,0.8193157911300659,0.18068422377109528
Lung_Dx-A0249,0,0.9659317135810852,0.0340682715177536
Lung_Dx-A0249,0,0.5556462407112122,0.44435378909111023
Lung_Dx-A0249,0,0.999127209186554,0.0008727670647203922
Lung_Dx-A0249,0,0.7751796245574951,0.22482040524482727
Lung_Dx-A0249,0,0.18140818178653717,0.818591833114624
Lung_Dx-A0222,0,0.9228308200836182,0.07716921716928482
Lung_Dx-A0222,0,0.9989287257194519,0.001071214210242033
Lung_Dx-A0222,0,0.9944234490394592,0.0055765449069440365
Lung_Dx-A0222,0,0.999891996383667,0.00010804955672938377
Lung_Dx-A0222,0,0.42872291803359985,0.5712771415710449
Lung_Dx-A0222,0,0.944587230682373,0.05541279539465904
Lung_Dx-A0222,0,0.9984176158905029,0.001582341967150569
Lung_Dx-A0222,0,0.9996345043182373,0.00036543281748890877
Lung_Dx-A0222,0,0.9650862812995911,0.03491378203034401
Lung_Dx-A0222,0,0.9875563979148865,0.012443645857274532
Lung_Dx-A0222,0,0.980262041091919,0.01973801478743553
Lung_Dx-A0222,0,0.5328505635261536,0.4671494662761688
Lung_Dx-A0222,0,0.9998058676719666,0.00019411317771300673
Lung_Dx-A0222,0,0.999771773815155,0.00022826716303825378
Lung_Dx-A0222,0,0.6715244054794312,0.32847559452056885
Lung_Dx-A0222,0,0.9779677391052246,0.02203226275742054
Lung_Dx-A0222,0,0.9993663430213928,0.0006337125669233501
Lung_Dx-A0222,0,0.9997630715370178,0.00023689508088864386
Lung_Dx-A0222,0,0.9975417852401733,0.002458212897181511
Lung_Dx-A0222,0,0.6998189091682434,0.300181120634079
Lung_Dx-A0222,0,0.9997598528862,0.0002401553647359833
Lung_Dx-A0222,0,0.9996178150177002,0.00038221667637117207
Lung_Dx-A0222,0,0.1108555942773819,0.8891444206237793
Lung_Dx-A0222,0,0.9996309280395508,0.00036901768180541694
Lung_Dx-A0222,0,0.9997075200080872,0.000292510143481195
Lung_Dx-A0222,0,0.9998390674591064,0.00016093082376755774
Lung_Dx-A0222,0,0.1942913681268692,0.805708646774292
Lung_Dx-A0222,0,3.569902446542983e-06,0.9999964237213135
Lung_Dx-A0222,0,0.9958418011665344,0.00415816018357873
Lung_Dx-A0222,0,0.9989055395126343,0.0010944521054625511
Lung_Dx-A0222,0,0.9981067180633545,0.0018932257080450654
Lung_Dx-A0222,0,0.8175016045570374,0.18249836564064026
Lung_Dx-A0222,0,0.998586893081665,0.0014131119241937995
Lung_Dx-A0222,0,0.997231662273407,0.0027683856897056103
Lung_Dx-A0222,0,0.9869669079780579,0.013033045455813408
Lung_Dx-A0222,0,0.942294716835022,0.057705316692590714
Lung_Dx-A0222,0,0.9993384480476379,0.000661517377011478
Lung_Dx-A0222,0,0.9727790951728821,0.02722090296447277
Lung_Dx-A0222,0,0.9364014267921448,0.06359858065843582
Lung_Dx-A0222,0,0.9981862902641296,0.001813743612729013
Lung_Dx-A0222,0,0.08993301540613174,0.9100669622421265
Lung_Dx-A0222,0,0.9988213181495667,0.0011786720715463161
Lung_Dx-A0222,0,0.9989266991615295,0.0010733063099905849
Lung_Dx-A0222,0,0.999721348285675,0.0002785743272397667
Lung_Dx-A0222,0,0.9989308714866638,0.001069126301445067
Lung_Dx-A0222,0,0.910027027130127,0.08997298032045364
Lung_Dx-A0222,0,0.9996110796928406,0.00038899207720533013
Lung_Dx-A0222,0,0.029063189402222633,0.9709368348121643
Lung_Dx-A0222,0,0.9330658316612244,0.06693421304225922
Lung_Dx-A0222,0,0.9998239874839783,0.00017605620087124407
Lung_Dx-A0222,0,0.9930152893066406,0.006984649691730738
Lung_Dx-A0222,0,0.6663610935211182,0.33363890647888184
Lung_Dx-A0222,0,0.8850862979888916,0.11491367220878601
Lung_Dx-A0222,0,0.6729230880737305,0.3270769417285919
Lung_Dx-A0222,0,0.6790456771850586,0.3209543228149414
Lung_Dx-A0222,0,0.9952356219291687,0.004764452576637268
Lung_Dx-A0222,0,0.9968273043632507,0.0031726830638945103
Lung_Dx-A0222,0,0.9501341581344604,0.04986590892076492
Lung_Dx-A0222,0,0.9998488426208496,0.00015118200099095702
Lung_Dx-A0222,0,0.9743616580963135,0.02563829906284809
Lung_Dx-A0222,0,0.9974787831306458,0.002521268557757139
Lung_Dx-A0222,0,0.9966102242469788,0.003389783436432481
Lung_Dx-A0222,0,0.9926967024803162,0.007303223479539156
Lung_Dx-A0222,0,0.9987056255340576,0.0012943679466843605
Lung_Dx-A0222,0,0.9998557567596436,0.0001442598586436361
Lung_Dx-A0222,0,0.9999094009399414,9.063370816875249e-05
Lung_Dx-A0222,0,0.5318173170089722,0.46818268299102783
Lung_Dx-A0222,0,0.9592307209968567,0.04076926410198212
Lung_Dx-A0222,0,0.14104463160037994,0.8589553833007812
Lung_Dx-A0222,0,0.999913215637207,8.682211046107113e-05
Lung_Dx-A0222,0,0.9964550733566284,0.0035449787974357605
Lung_Dx-A0222,0,0.3260568082332611,0.6739432215690613
Lung_Dx-A0222,0,0.06910072267055511,0.9308992624282837
Lung_Dx-A0222,0,0.9794132709503174,0.020586779341101646
Lung_Dx-A0222,0,0.2776688039302826,0.722331166267395
Lung_Dx-A0222,0,0.5311485528945923,0.4688514173030853
Lung_Dx-A0222,0,0.999783456325531,0.00021654403826687485
Lung_Dx-A0222,0,0.9997382760047913,0.0002617008285596967
Lung_Dx-A0222,0,0.9962051510810852,0.003794834017753601
Lung_Dx-A0222,0,0.5108625292778015,0.4891374409198761
Lung_Dx-A0222,0,0.6390324234962463,0.36096760630607605
Lung_Dx-A0222,0,0.8344069123268127,0.16559311747550964
Lung_Dx-A0222,0,0.9721779823303223,0.02782202512025833
Lung_Dx-A0222,0,0.9986006617546082,0.0013993984321132302
Lung_Dx-A0222,0,0.999647855758667,0.0003521250910125673
Lung_Dx-A0222,0,0.975272536277771,0.024727409705519676
Lung_Dx-A0222,0,0.999922513961792,7.752413512207568e-05
Lung_Dx-A0222,0,0.9996672868728638,0.0003327412996441126
Lung_Dx-A0222,0,0.9961004257202148,0.0038996210787445307
Lung_Dx-A0222,0,0.9999107122421265,8.922867709770799e-05
Lung_Dx-A0222,0,0.9984145164489746,0.0015854306984692812
Lung_Dx-A0222,0,0.9997403025627136,0.00025966475368477404
Lung_Dx-A0222,0,0.9491062164306641,0.050893720239400864
Lung_Dx-A0222,0,0.9762879610061646,0.023712068796157837
Lung_Dx-A0222,0,0.999957799911499,4.2150626541115344e-05
Lung_Dx-A0222,0,0.9521309733390808,0.0478690080344677
Lung_Dx-A0222,0,0.9986698627471924,0.0013302016304805875
Lung_Dx-A0222,0,0.9998148083686829,0.00018522574100643396
Lung_Dx-A0222,0,0.9469411373138428,0.053058817982673645
Lung_Dx-A0222,0,0.9998252987861633,0.00017468635633122176
Lung_Dx-A0222,0,0.9216048717498779,0.07839507609605789
Lung_Dx-A0222,0,0.9996898174285889,0.00031015597051009536
Lung_Dx-A0222,0,0.9973477125167847,0.0026522597763687372
Lung_Dx-A0222,0,0.9969897270202637,0.0030101987067610025
Lung_Dx-A0222,0,0.13134026527404785,0.8686597347259521
Lung_Dx-A0222,0,0.9973113536834717,0.0026886719278991222
Lung_Dx-A0222,0,0.12215621769428253,0.8778437376022339
Lung_Dx-A0222,0,0.999906063079834,9.387641330249608e-05
Lung_Dx-A0222,0,0.014104307629168034,0.9858956933021545
Lung_Dx-A0222,0,0.769686758518219,0.23031330108642578
Lung_Dx-A0222,0,0.9990395903587341,0.0009603368234820664
Lung_Dx-A0222,0,0.9996147155761719,0.00038521323585882783
Lung_Dx-A0222,0,0.9199306964874268,0.08006925880908966
Lung_Dx-A0222,0,0.9997546076774597,0.0002453695051372051
Lung_Dx-A0222,0,0.9998996257781982,0.00010032139107352123
Lung_Dx-A0222,0,0.9464978575706482,0.0535021536052227
Lung_Dx-A0222,0,0.8807970285415649,0.11920291930437088
Lung_Dx-A0222,0,0.9866363406181335,0.013363722711801529
Lung_Dx-A0222,0,0.8081050515174866,0.19189491868019104
Lung_Dx-A0222,0,0.9064049124717712,0.09359513223171234
Lung_Dx-A0222,0,0.8907226920127869,0.10927728563547134
Lung_Dx-A0222,0,0.998879611492157,0.0011203773319721222
Lung_Dx-A0222,0,0.9991357922554016,0.0008642927859909832
Lung_Dx-A0222,0,0.848846971988678,0.1511530578136444
Lung_Dx-A0222,0,0.9961079955101013,0.003892041277140379
Lung_Dx-A0222,0,0.9999117851257324,8.818922651698813e-05
Lung_Dx-A0222,0,0.9977916479110718,0.00220838887616992
Lung_Dx-A0222,0,0.9471859931945801,0.052814025431871414
Lung_Dx-A0222,0,0.9997463822364807,0.00025365117471665144
Lung_Dx-A0222,0,0.968020498752594,0.03197956085205078
Lung_Dx-A0222,0,0.9977699518203735,0.0022300120908766985
Lung_Dx-A0222,0,0.9998100399971008,0.0001899880589917302
Lung_Dx-A0222,0,0.985496461391449,0.014503580518066883
Lung_Dx-A0222,0,0.948441743850708,0.05155818536877632
Lung_Dx-A0222,0,0.999127209186554,0.0008727670647203922
Lung_Dx-A0222,0,0.9438154101371765,0.05618453770875931
Lung_Dx-A0222,0,0.999503493309021,0.0004965042462572455
Lung_Dx-A0222,0,0.9998915195465088,0.00010847241355804726
Lung_Dx-A0222,0,0.9996533393859863,0.00034666777355596423
Lung_Dx-A0222,0,0.9993880987167358,0.0006118339952081442
Lung_Dx-A0222,0,0.7979507446289062,0.20204928517341614
Lung_Dx-A0222,0,0.999679446220398,0.0003206236578989774
Lung_Dx-A0222,0,0.1284157931804657,0.8715841770172119
Lung_Dx-A0222,0,0.32854288816452026,0.671457052230835
Lung_Dx-A0222,0,0.9917803406715393,0.00821969285607338
Lung_Dx-A0222,0,0.9939261078834534,0.006073934491723776
Lung_Dx-A0222,0,0.9996273517608643,0.0003726376744452864
Lung_Dx-A0222,0,0.936575710773468,0.06342433393001556
Lung_Dx-A0222,0,0.9996236562728882,0.00037629317375831306
Lung_Dx-A0222,0,0.9814000129699707,0.018599968403577805
Lung_Dx-A0222,0,0.9794918298721313,0.020508162677288055
Lung_Dx-A0222,0,0.9998458623886108,0.0001541633391752839
Lung_Dx-A0222,0,0.8641386032104492,0.13586142659187317
Lung_Dx-A0222,0,0.9997645020484924,0.0002355114120291546
Lung_Dx-A0222,0,0.9981251358985901,0.0018748617731034756
Lung_Dx-A0222,0,0.20894461870193481,0.79105544090271
Lung_Dx-A0222,0,0.9202179908752441,0.07978201657533646
Lung_Dx-A0222,0,0.8903418779373169,0.10965808480978012
Lung_Dx-A0222,0,0.9937950372695923,0.00620502233505249
Lung_Dx-A0222,0,0.998745322227478,0.0012545945355668664
Lung_Dx-A0222,0,0.928958535194397,0.07104143500328064
Lung_Dx-A0222,0,0.9979089498519897,0.0020911062601953745
Lung_Dx-A0222,0,0.9982109069824219,0.0017891592578962445
Lung_Dx-A0222,0,0.9999065399169922,9.351046901429072e-05
Lung_Dx-A0222,0,0.9990149736404419,0.0009850083151832223
Lung_Dx-A0222,0,0.9997492432594299,0.00025069675757549703
Lung_Dx-A0222,0,0.6461742520332336,0.35382580757141113
Lung_Dx-A0222,0,0.21605288982391357,0.7839471101760864
Lung_Dx-A0222,0,0.11899800598621368,0.8810019493103027
Lung_Dx-A0222,0,0.9998332262039185,0.00016668821626808494
Lung_Dx-A0222,0,0.9918910264968872,0.008108983747661114
Lung_Dx-A0222,0,0.9671630263328552,0.03283695504069328
Lung_Dx-A0222,0,0.5930975079536438,0.4069024920463562
Lung_Dx-A0222,0,0.9998352527618408,0.00016474656877107918
Lung_Dx-A0222,0,0.008124709129333496,0.9918753504753113
Lung_Dx-A0222,0,0.9895413517951965,0.010458728298544884
Lung_Dx-A0222,0,0.9997690320014954,0.0002309572446392849
Lung_Dx-A0222,0,0.9995827078819275,0.00041731575038284063
Lung_Dx-A0222,0,0.999523401260376,0.0004765612829942256
Lung_Dx-A0222,0,0.013273888267576694,0.9867261648178101
Lung_Dx-A0222,0,0.9754835963249207,0.024516336619853973
Lung_Dx-A0222,0,0.07647661864757538,0.9235233068466187
Lung_Dx-A0222,0,0.12116485834121704,0.878835141658783
Lung_Dx-A0226,0,0.9999860525131226,1.3900194971938618e-05
Lung_Dx-A0226,0,0.9992916584014893,0.0007082866504788399
Lung_Dx-A0226,0,0.9984691739082336,0.001530744950287044
Lung_Dx-A0226,0,0.9989012479782104,0.001098731067031622
Lung_Dx-A0226,0,0.9947084188461304,0.005291604902595282
Lung_Dx-A0226,0,0.9997941851615906,0.00020582439901772887
Lung_Dx-A0226,0,0.9999212026596069,7.874486618675292e-05
Lung_Dx-A0226,0,0.9982692003250122,0.0017308302922174335
Lung_Dx-A0226,0,0.9999023675918579,9.7615658887662e-05
Lung_Dx-A0226,0,0.9998741149902344,0.00012582799536176026
Lung_Dx-A0226,0,0.998095691204071,0.001904330332763493
Lung_Dx-A0226,0,0.9993475079536438,0.0006525407079607248
Lung_Dx-A0226,0,0.999873161315918,0.00012681477528531104
Lung_Dx-A0226,0,0.999626636505127,0.0003733659686986357
Lung_Dx-A0226,0,0.9999904632568359,9.516251338936854e-06
Lung_Dx-A0226,0,0.9975751042366028,0.0024249141570180655
Lung_Dx-A0226,0,0.9999860525131226,1.3954598216514569e-05
Lung_Dx-A0226,0,0.9987331032752991,0.0012668906711041927
Lung_Dx-A0226,0,0.999869704246521,0.00013032974675297737
Lung_Dx-A0226,0,0.9990872144699097,0.0009128307574428618
Lung_Dx-A0226,0,0.9919067621231079,0.008093290962278843
Lung_Dx-A0226,0,0.9954615235328674,0.0045384312979876995
Lung_Dx-A0226,0,0.9997102618217468,0.0002896682999562472
Lung_Dx-A0208,0,0.9954879879951477,0.0045120371505618095
Lung_Dx-A0208,0,0.9974241256713867,0.002575881080701947
Lung_Dx-A0208,0,0.9961456060409546,0.003854363691061735
Lung_Dx-A0208,0,0.9883127808570862,0.011687257327139378
Lung_Dx-A0208,0,0.9943360686302185,0.005663864780217409
Lung_Dx-A0208,0,0.994820237159729,0.005179713014513254
Lung_Dx-A0208,0,0.9934357404708862,0.0065642488189041615
Lung_Dx-A0208,0,0.9656736254692078,0.034326303750276566
Lung_Dx-G0053,1,0.9984207153320312,0.0015792594058439136
Lung_Dx-G0053,1,0.9999533891677856,4.665628875955008e-05
Lung_Dx-G0053,1,0.9976125955581665,0.002387409331277013
Lung_Dx-G0053,1,0.9999810457229614,1.8999216990778223e-05
Lung_Dx-G0053,1,0.3346981406211853,0.6653018593788147
Lung_Dx-G0053,1,0.9995736479759216,0.0004263746668584645
Lung_Dx-G0053,1,0.9124751687049866,0.08752483874559402
Lung_Dx-G0053,1,0.0028504556976258755,0.9971495270729065
Lung_Dx-G0053,1,0.9997153878211975,0.000284622423350811
Lung_Dx-G0053,1,0.999695897102356,0.00030415886431001127
Lung_Dx-G0053,1,0.9839862585067749,0.016013750806450844
Lung_Dx-G0053,1,0.9948503375053406,0.005149607080966234
Lung_Dx-G0053,1,0.1330205351114273,0.8669794797897339
Lung_Dx-G0053,1,0.9524857997894287,0.0475141815841198
Lung_Dx-G0053,1,0.013299493119120598,0.9867004752159119
Lung_Dx-G0053,1,0.395535409450531,0.6044645309448242
Lung_Dx-G0053,1,0.9987887740135193,0.0012113065458834171
Lung_Dx-G0053,1,0.9990691542625427,0.0009308178559876978
Lung_Dx-G0053,1,0.9998013377189636,0.00019871552649419755
Lung_Dx-G0053,1,0.9986646175384521,0.0013354007387533784
Lung_Dx-G0053,1,0.6991516947746277,0.3008482754230499
Lung_Dx-G0053,1,0.9999983310699463,1.7195651480506058e-06
Lung_Dx-G0053,1,0.9644556045532227,0.035544395446777344
Lung_Dx-G0053,1,0.9998794794082642,0.00012053648970322683
Lung_Dx-G0053,1,0.9867772459983826,0.013222822919487953
Lung_Dx-G0053,1,0.9987599849700928,0.0012399960542097688
Lung_Dx-G0053,1,0.9989738464355469,0.001026206649839878
Lung_Dx-G0053,1,0.9757854342460632,0.024214550852775574
Lung_Dx-G0053,1,0.6443579792976379,0.35564202070236206
Lung_Dx-G0053,1,0.9865069389343262,0.013493098318576813
Lung_Dx-G0053,1,0.999555766582489,0.0004442183708306402
Lung_Dx-G0053,1,0.9976310729980469,0.0023688741493970156
Lung_Dx-G0053,1,0.8677658438682556,0.13223415613174438
Lung_Dx-G0053,1,0.9995883107185364,0.0004116513882763684
Lung_Dx-G0053,1,0.9995793700218201,0.0004205874283798039
Lung_Dx-G0053,1,0.7616714835166931,0.23832853138446808
Lung_Dx-G0053,1,0.9393037557601929,0.06069619953632355
Lung_Dx-G0053,1,0.9987305998802185,0.0012693643802776933
Lung_Dx-G0053,1,0.9984021782875061,0.001597845577634871
Lung_Dx-G0053,1,0.9966495633125305,0.003350423416122794
Lung_Dx-G0053,1,0.5881500840187073,0.41184988617897034
Lung_Dx-G0053,1,0.9999983310699463,1.7262952951568877e-06
Lung_Dx-G0053,1,0.9330658316612244,0.06693421304225922
Lung_Dx-G0053,1,0.9995566010475159,0.0004433519789017737
Lung_Dx-G0053,1,0.9981827735900879,0.001817283220589161
Lung_Dx-G0053,1,0.34701141715049744,0.652988612651825
Lung_Dx-G0053,1,0.8694931268692017,0.13050690293312073
Lung_Dx-G0053,1,0.9993988275527954,0.0006011794903315604
Lung_Dx-G0053,1,0.9052385687828064,0.0947614461183548
Lung_Dx-G0053,1,0.780662477016449,0.21933749318122864
Lung_Dx-G0053,1,0.9695268273353577,0.030473187565803528
Lung_Dx-G0053,1,0.9990836381912231,0.0009164002258330584
Lung_Dx-G0053,1,0.5874402523040771,0.41255971789360046
Lung_Dx-G0053,1,0.9386322498321533,0.06136776879429817
Lung_Dx-G0053,1,0.9996849298477173,0.0003150386910419911
Lung_Dx-G0053,1,0.9968273043632507,0.0031726830638945103
Lung_Dx-G0053,1,0.9998499155044556,0.0001500056532677263
Lung_Dx-G0053,1,0.999376118183136,0.0006238938658498228
Lung_Dx-G0053,1,0.972933828830719,0.027066176757216454
Lung_Dx-G0053,1,0.17085357010364532,0.8291464447975159
Lung_Dx-G0053,1,0.4763360321521759,0.5236639380455017
Lung_Dx-G0053,1,0.9244834184646606,0.07551658153533936
Lung_Dx-G0053,1,0.9960082769393921,0.0039917281828820705
Lung_Dx-G0053,1,0.9815244078636169,0.018475593999028206
Lung_Dx-G0053,1,0.9960159659385681,0.003983970265835524
Lung_Dx-G0053,1,0.9964273571968079,0.0035726833157241344
Lung_Dx-G0053,1,0.9999951124191284,4.86044837089139e-06
Lung_Dx-G0053,1,0.38123396039009094,0.6187660098075867
Lung_Dx-G0053,1,0.9956936836242676,0.0043063051998615265
Lung_Dx-G0053,1,0.9902633428573608,0.009736685082316399
Lung_Dx-G0053,1,0.9999874830245972,1.2508839972724672e-05
Lung_Dx-G0053,1,0.9999984502792358,1.5718098893557908e-06
Lung_Dx-G0053,1,0.9998751878738403,0.00012484894250519574
Lung_Dx-G0053,1,0.9981862902641296,0.001813743612729013
Lung_Dx-G0053,1,0.9999407529830933,5.920916373725049e-05
Lung_Dx-G0053,1,0.1138748973608017,0.8861251473426819
Lung_Dx-G0053,1,0.9998799562454224,0.0001200666229124181
Lung_Dx-G0053,1,0.9994373917579651,0.0005625758785754442
Lung_Dx-G0053,1,0.8632187843322754,0.136781245470047
Lung_Dx-G0053,1,0.001941816764883697,0.9980581402778625
Lung_Dx-G0053,1,0.9997555613517761,0.00024441309506073594
Lung_Dx-G0053,1,0.9999964237213135,3.597901468310738e-06
Lung_Dx-G0053,1,0.9881079792976379,0.011892050504684448
Lung_Dx-G0053,1,0.9903942942619324,0.009605742059648037
Lung_Dx-G0053,1,0.0038170497864484787,0.9961829781532288
Lung_Dx-G0053,1,0.9912378191947937,0.00876212865114212
Lung_Dx-G0053,1,0.3431628942489624,0.6568371057510376
Lung_Dx-G0053,1,0.8807970285415649,0.11920291930437088
Lung_Dx-G0053,1,0.9460510015487671,0.05394897609949112
Lung_Dx-G0053,1,0.994401752948761,0.005598248448222876
Lung_Dx-G0053,1,0.975669801235199,0.02433018945157528
Lung_Dx-G0053,1,0.9997063279151917,0.000293654651613906
Lung_Dx-G0053,1,0.9205756783485413,0.07942426204681396
Lung_Dx-G0053,1,0.9441254138946533,0.05587463453412056
Lung_Dx-G0053,1,0.9992145299911499,0.0007854739669710398
Lung_Dx-G0053,1,0.9936116337776184,0.006388320587575436
Lung_Dx-G0053,1,0.9941118359565735,0.005888159386813641
Lung_Dx-G0053,1,0.8366881012916565,0.16331195831298828
Lung_Dx-G0053,1,0.8790429830551147,0.12095702439546585
Lung_Dx-G0053,1,0.9999749660491943,2.4973849576781504e-05
Lung_Dx-G0053,1,0.9762200117111206,0.023779984563589096
Lung_Dx-G0053,1,0.9991720914840698,0.0008279718458652496
Lung_Dx-G0053,1,0.9999349117279053,6.502816540887579e-05
Lung_Dx-G0053,1,0.9999971389770508,2.8130175451224204e-06
Lung_Dx-G0053,1,0.9991507530212402,0.0008492456981912255
Lung_Dx-G0053,1,0.9997443556785583,0.0002556400722824037
Lung_Dx-G0053,1,0.9930558800697327,0.006944127380847931
Lung_Dx-G0053,1,0.9946774244308472,0.005322535056620836
Lung_Dx-G0053,1,0.9950177073478699,0.004982269834727049
Lung_Dx-G0053,1,0.11124120652675629,0.8887587189674377
Lung_Dx-G0053,1,0.8221533894538879,0.17784656584262848
Lung_Dx-G0053,1,0.9542653560638428,0.04573463648557663
Lung_Dx-G0053,1,0.29331591725349426,0.7066841125488281
Lung_Dx-G0053,1,0.8959330916404724,0.1040668711066246
Lung_Dx-G0053,1,0.9998722076416016,0.00012780926772393286
Lung_Dx-G0053,1,0.9997051358222961,0.0002948036417365074
Lung_Dx-G0053,1,0.984941840171814,0.015058137476444244
Lung_Dx-G0053,1,0.9876639246940613,0.01233610138297081
Lung_Dx-G0053,1,0.347537100315094,0.6524628400802612
Lung_Dx-G0053,1,0.9997757077217102,0.00022429059026762843
Lung_Dx-G0053,1,0.6923040747642517,0.30769598484039307
Lung_Dx-G0053,1,0.999992847442627,7.183260549936676e-06
Lung_Dx-G0053,1,0.9966691136360168,0.0033309145364910364
Lung_Dx-G0053,1,0.19721242785453796,0.8027875423431396
Lung_Dx-G0044,1,0.9999490976333618,5.0842922064475715e-05
Lung_Dx-G0044,1,0.765812337398529,0.23418764770030975
Lung_Dx-G0044,1,0.4987030029296875,0.5012969970703125
Lung_Dx-G0044,1,0.9992341995239258,0.0007657963433302939
Lung_Dx-G0044,1,0.9543930292129517,0.04560694471001625
Lung_Dx-G0044,1,0.9482505321502686,0.05174954608082771
Lung_Dx-G0044,1,0.9978044629096985,0.00219551520422101
Lung_Dx-G0044,1,0.937325656414032,0.06267436593770981
Lung_Dx-G0044,1,0.859545886516571,0.14045409858226776
Lung_Dx-G0044,1,0.9998893737792969,0.00011061159602832049
Lung_Dx-G0044,1,0.9239361882209778,0.07606381177902222
Lung_Dx-G0044,1,0.9975177049636841,0.0024822766426950693
Lung_Dx-G0044,1,0.9999781847000122,2.1867905161343515e-05
Lung_Dx-G0044,1,0.9667260646820068,0.03327393904328346
Lung_Dx-G0044,1,0.9999412298202515,5.874842099728994e-05
Lung_Dx-G0044,1,0.9999257326126099,7.426381489494815e-05
Lung_Dx-G0044,1,0.9996993541717529,0.0003006163169629872
Lung_Dx-G0044,1,0.9997268319129944,0.00027318773209117353
Lung_Dx-G0044,1,0.9984869956970215,0.0015129382954910398
Lung_Dx-G0044,1,0.9981756210327148,0.0018243828089907765
Lung_Dx-G0044,1,0.979841947555542,0.02015801891684532
Lung_Dx-G0044,1,0.9942362904548645,0.005763726774603128
Lung_Dx-G0044,1,0.9999520778656006,4.794958294951357e-05
Lung_Dx-G0044,1,0.9992862343788147,0.0007138378568924963
Lung_Dx-G0044,1,0.9989975094795227,0.0010024583898484707
Lung_Dx-G0044,1,0.999373733997345,0.000626334163825959
Lung_Dx-G0044,1,0.9997331500053406,0.0002668610541149974
Lung_Dx-G0044,1,0.7669052481651306,0.23309479653835297
Lung_Dx-G0044,1,0.9993700385093689,0.0006300125969573855
Lung_Dx-G0044,1,0.9995678067207336,0.0004322415334172547
Lung_Dx-G0044,1,0.9950273633003235,0.004972596652805805
Lung_Dx-G0044,1,0.9999797344207764,2.030369250860531e-05
Lung_Dx-G0044,1,0.991305410861969,0.008694533258676529
Lung_Dx-G0044,1,0.9800339937210083,0.019966036081314087
Lung_Dx-G0044,1,0.9999141693115234,8.581068686908111e-05
Lung_Dx-G0044,1,0.9994937181472778,0.0005062919808551669
Lung_Dx-G0044,1,0.9997164607048035,0.0002835130726452917
Lung_Dx-G0044,1,0.9881537556648254,0.011846235953271389
Lung_Dx-G0044,1,0.9998292922973633,0.00017064041458070278
Lung_Dx-G0044,1,0.9904959201812744,0.009504081681370735
Lung_Dx-G0044,1,0.9997373223304749,0.00026272484683431685
Lung_Dx-G0044,1,0.9999475479125977,5.245676948106848e-05
Lung_Dx-G0044,1,0.9995908141136169,0.0004092474700883031
Lung_Dx-G0044,1,0.9996665716171265,0.0003333915665280074
Lung_Dx-G0044,1,0.9061145186424255,0.09388549625873566
Lung_Dx-G0044,1,0.9997617602348328,0.000238286898820661
Lung_Dx-G0044,1,0.9997342228889465,0.00026582094142213464
Lung_Dx-G0044,1,0.9983288645744324,0.0016711377538740635
Lung_Dx-G0044,1,0.9849128127098083,0.015087132342159748
Lung_Dx-G0044,1,0.9985392093658447,0.0014607495395466685
Lung_Dx-G0044,1,0.9998928308486938,0.00010720881255110726
Lung_Dx-G0044,1,0.9906418919563293,0.009358113631606102
Lung_Dx-G0044,1,0.9994663596153259,0.0005336928297765553
Lung_Dx-G0044,1,0.9998675584793091,0.00013238185783848166
Lung_Dx-G0044,1,0.9925393462181091,0.007460643537342548
Lung_Dx-G0044,1,0.9995005130767822,0.0004994205082766712
Lung_Dx-G0044,1,0.9992037415504456,0.0007962779491208494
Lung_Dx-G0044,1,0.9995408058166504,0.0004592085024341941
Lung_Dx-G0044,1,0.9980429410934448,0.001957016997039318
Lung_Dx-G0044,1,0.9991784691810608,0.0008215338457375765
Lung_Dx-G0044,1,0.9852572083473206,0.014742792584002018
Lung_Dx-G0044,1,0.9992972612380981,0.0007027786923572421
Lung_Dx-G0044,1,0.9761064648628235,0.023893602192401886
Lung_Dx-G0044,1,0.995354413986206,0.004645557142794132
Lung_Dx-G0044,1,0.9996178150177002,0.00038221667637117207
Lung_Dx-G0044,1,0.7363057732582092,0.263694167137146
Lung_Dx-G0044,1,0.9992341995239258,0.0007657963433302939
Lung_Dx-G0044,1,0.9999016523361206,9.83811987680383e-05
Lung_Dx-G0044,1,0.9903290271759033,0.009670993313193321
Lung_Dx-G0044,1,0.9998936653137207,0.00010637458763085306
Lung_Dx-G0044,1,0.9974787831306458,0.002521268557757139
Lung_Dx-G0044,1,0.87103670835495,0.12896330654621124
Lung_Dx-A0241,0,0.04138471558690071,0.958615243434906
Lung_Dx-A0241,0,0.35780590772628784,0.6421940922737122
Lung_Dx-A0241,0,0.9953634738922119,0.004636535421013832
Lung_Dx-A0241,0,0.9789151549339294,0.021084841340780258
Lung_Dx-A0241,0,0.9857866764068604,0.014213357120752335
Lung_Dx-A0241,0,0.953665018081665,0.04633503779768944
Lung_Dx-A0241,0,0.06371499598026276,0.9362850189208984
Lung_Dx-A0241,0,0.1696120947599411,0.8303879499435425
Lung_Dx-A0241,0,0.010159831494092941,0.9898401498794556
Lung_Dx-A0241,0,0.9928508996963501,0.007149101700633764
Lung_Dx-A0241,0,0.012491741217672825,0.987508237361908
Lung_Dx-A0241,0,3.822911094175652e-05,0.9999617338180542
Lung_Dx-A0241,0,0.9870920181274414,0.012908024713397026
Lung_Dx-A0241,0,0.2580687999725342,0.7419312000274658
Lung_Dx-A0241,0,0.9999771118164062,2.2917343812878244e-05
Lung_Dx-A0241,0,0.9979007244110107,0.002099273493513465
Lung_Dx-A0241,0,0.9959535598754883,0.0040464554913342
Lung_Dx-A0241,0,0.9865846633911133,0.013415323570370674
Lung_Dx-A0241,0,0.9979007244110107,0.002099273493513465
Lung_Dx-A0241,0,0.1557193398475647,0.8442806601524353
Lung_Dx-A0241,0,0.2746674418449402,0.7253326177597046
Lung_Dx-A0241,0,0.9995778203010559,0.0004222329007461667
Lung_Dx-A0241,0,0.692173957824707,0.3078260123729706
Lung_Dx-A0241,0,0.9978718757629395,0.002128110034391284
Lung_Dx-A0241,0,0.9996579885482788,0.00034196206252090633
Lung_Dx-A0241,0,0.7100757956504822,0.2899242639541626
Lung_Dx-A0241,0,0.9873262047767639,0.012673734687268734
Lung_Dx-A0241,0,0.9981649518013,0.0018350842874497175
Lung_Dx-A0241,0,0.8754147291183472,0.12458530813455582
Lung_Dx-A0241,0,0.004109915811568499,0.9958900809288025
Lung_Dx-A0241,0,0.3248508870601654,0.675149142742157
Lung_Dx-A0241,0,0.024539699777960777,0.9754602313041687
Lung_Dx-A0241,0,0.9433475732803345,0.05665242671966553
Lung_Dx-A0241,0,0.855549693107605,0.1444503217935562
Lung_Dx-A0241,0,0.8752548694610596,0.12474516779184341
Lung_Dx-A0241,0,0.9956516623497009,0.004348380956798792
Lung_Dx-A0241,0,0.9999786615371704,2.1361343897297047e-05
Lung_Dx-A0241,0,0.9979848861694336,0.0020150821655988693
Lung_Dx-A0241,0,0.954094648361206,0.045905422419309616
Lung_Dx-A0241,0,0.29675614833831787,0.7032438516616821
Lung_Dx-A0241,0,0.9996533393859863,0.00034666777355596423
Lung_Dx-A0241,0,0.9969722032546997,0.0030278353951871395
Lung_Dx-A0241,0,0.9936116337776184,0.006388320587575436
Lung_Dx-A0241,0,0.996616780757904,0.003383191069588065
Lung_Dx-A0241,0,0.8285229802131653,0.17147701978683472
Lung_Dx-A0241,0,0.9980314373970032,0.001968494849279523
Lung_Dx-A0241,0,0.32434239983558655,0.6756575703620911
Lung_Dx-A0241,0,0.9987672567367554,0.001232760725542903
Lung_Dx-A0241,0,0.02922898717224598,0.9707710146903992
Lung_Dx-A0241,0,0.9967963099479675,0.003203718224540353
Lung_Dx-A0241,0,0.0060386634431779385,0.9939613342285156
Lung_Dx-A0241,0,0.997607946395874,0.0023920657113194466
Lung_Dx-A0241,0,0.04001227021217346,0.9599877595901489
Lung_Dx-A0241,0,0.8553685545921326,0.14463144540786743
Lung_Dx-A0241,0,0.2818007469177246,0.7181993126869202
Lung_Dx-A0241,0,0.9998148083686829,0.00018522574100643396
Lung_Dx-A0241,0,0.9023948311805725,0.09760522842407227
Lung_Dx-A0241,0,0.988646388053894,0.011353656649589539
Lung_Dx-A0241,0,0.9998205304145813,0.00017952796770259738
Lung_Dx-A0241,0,0.9994907379150391,0.0005092656938359141
Lung_Dx-A0241,0,0.7817891240119934,0.2182108759880066
Lung_Dx-A0241,0,0.9999648332595825,3.5218417906435207e-05
Lung_Dx-A0241,0,0.9063634872436523,0.09363655745983124
Lung_Dx-A0241,0,0.9906237721443176,0.009376238100230694
Lung_Dx-A0241,0,0.9999591112136841,4.085384352947585e-05
Lung_Dx-A0241,0,0.6414328813552856,0.3585670590400696
Lung_Dx-A0241,0,0.8744529485702515,0.12554703652858734
Lung_Dx-A0241,0,0.9972637891769409,0.0027362213004380465
Lung_Dx-A0241,0,0.4605921506881714,0.5394078493118286
Lung_Dx-A0241,0,0.050470851361751556,0.9495291709899902
Lung_Dx-A0241,0,0.9995859265327454,0.000414069538237527
Lung_Dx-A0241,0,0.8890480995178223,0.11095188558101654
Lung_Dx-A0241,0,0.9990907907485962,0.0009092752588912845
Lung_Dx-A0241,0,0.25206175446510315,0.7479382753372192
Lung_Dx-A0241,0,0.9906418919563293,0.009358113631606102
Lung_Dx-A0241,0,0.7073794007301331,0.29262056946754456
Lung_Dx-A0241,0,0.46830424666404724,0.5316957235336304
Lung_Dx-A0241,0,0.008881675079464912,0.9911182522773743
Lung_Dx-A0241,0,0.9996309280395508,0.00036901768180541694
Lung_Dx-A0241,0,0.8062049746513367,0.19379501044750214
Lung_Dx-A0241,0,0.9218515157699585,0.0781484842300415
Lung_Dx-A0191,0,0.9999856948852539,1.4285516954259947e-05
Lung_Dx-A0191,0,0.9999643564224243,3.5633544030133635e-05
Lung_Dx-A0191,0,0.999971866607666,2.818866414600052e-05
Lung_Dx-A0191,0,0.9996800422668457,0.0003199982747901231
Lung_Dx-A0191,0,0.9996147155761719,0.00038521323585882783
Lung_Dx-A0191,0,0.9997108578681946,0.0002891032490879297
Lung_Dx-A0191,0,0.9999867677688599,1.32636678245035e-05
Lung_Dx-A0191,0,0.999962568283081,3.748972449102439e-05
Lung_Dx-A0191,0,0.9998534917831421,0.00014653129619546235
Lung_Dx-A0191,0,0.999974250793457,2.576658698671963e-05
Lung_Dx-A0191,0,0.9997699856758118,0.00023005707771517336
Lung_Dx-A0191,0,0.9999833106994629,1.6701422282494605e-05
Lung_Dx-A0191,0,0.999929666519165,7.031184213701636e-05
Lung_Dx-A0191,0,0.9999804496765137,1.960230656550266e-05
Lung_Dx-A0191,0,0.9995785355567932,0.0004214093496557325
Lung_Dx-A0191,0,0.9992833733558655,0.0007166297873482108
Lung_Dx-A0191,0,0.9999743700027466,2.5666136934887618e-05
Lung_Dx-A0191,0,0.9999929666519165,7.044324775051791e-06
Lung_Dx-A0191,0,0.9999755620956421,2.4395347281824797e-05
Lung_Dx-A0191,0,0.9999886751174927,1.130080818256829e-05
Lung_Dx-A0191,0,0.9999819993972778,1.8058517525787465e-05
Lung_Dx-A0191,0,0.9999879598617554,1.207672175951302e-05
Lung_Dx-A0191,0,0.9974933862686157,0.0025065753143280745
Lung_Dx-A0191,0,0.9998612403869629,0.00013873411808162928
Lung_Dx-A0191,0,0.9999475479125977,5.245676948106848e-05
Lung_Dx-A0191,0,0.9998267292976379,0.0001733271637931466
Lung_Dx-A0191,0,0.9999961853027344,3.7705674458266003e-06
Lung_Dx-A0191,0,0.999981164932251,1.877787508419715e-05
Lung_Dx-A0191,0,0.9983483552932739,0.0016517005860805511
Lung_Dx-A0191,0,0.9999537467956543,4.629321847460233e-05
Lung_Dx-A0191,0,0.9999068975448608,9.314593626186252e-05
Lung_Dx-A0243,0,0.9999924898147583,7.557453500339761e-06
Lung_Dx-A0243,0,0.9999600648880005,3.99075033783447e-05
Lung_Dx-A0243,0,0.9999334812164307,6.65701663820073e-05
Lung_Dx-A0243,0,0.9999966621398926,3.393145107111195e-06
Lung_Dx-A0243,0,0.9999996423721313,3.807014365975192e-07
Lung_Dx-A0243,0,0.999559223651886,0.0004407629603520036
Lung_Dx-A0243,0,1.0,1.8806513679692216e-08
Lung_Dx-A0243,0,0.9992160797119141,0.0007839425816200674
Lung_Dx-A0243,0,0.9999996423721313,3.6185159046908666e-07
Lung_Dx-A0243,0,0.9999983310699463,1.6217043139477028e-06
Lung_Dx-A0243,0,0.9999982118606567,1.7741496094458853e-06
Lung_Dx-A0243,0,0.9999994039535522,5.36874949830235e-07
Lung_Dx-A0243,0,0.9999985694885254,1.4480192476185039e-06
Lung_Dx-A0243,0,0.9999651908874512,3.4808123018592596e-05
Lung_Dx-A0243,0,0.9999978542327881,2.190781742683612e-06
Lung_Dx-A0243,0,0.9999434947967529,5.6497930927434936e-05
Lung_Dx-A0243,0,0.9999998807907104,1.2311383557062072e-07
Lung_Dx-A0243,0,0.9989033937454224,0.0010965894907712936
Lung_Dx-A0243,0,0.9999616146087646,3.837873009615578e-05
Lung_Dx-A0192,0,0.999997615814209,2.387378117418848e-06
Lung_Dx-A0192,0,0.9992519021034241,0.0007480700733140111
Lung_Dx-A0192,0,0.9999854564666748,1.4567271136911586e-05
Lung_Dx-A0192,0,0.9980161190032959,0.0019839033484458923
Lung_Dx-A0192,0,0.9998859167098999,0.00011412239837227389
Lung_Dx-A0192,0,0.9999215602874756,7.84378862590529e-05
Lung_Dx-A0192,0,0.9996646642684937,0.00033535013790242374
Lung_Dx-A0192,0,0.9999097585678101,9.028039494296536e-05
Lung_Dx-A0192,0,0.9998666048049927,0.0001334200205747038
Lung_Dx-A0192,0,0.999647855758667,0.0003521250910125673
Lung_Dx-A0192,0,0.9999334812164307,6.65701663820073e-05
Lung_Dx-A0192,0,0.9794132709503174,0.020586779341101646
Lung_Dx-A0192,0,0.9999344348907471,6.553815182996914e-05
Lung_Dx-A0192,0,0.9999926090240479,7.353604814852588e-06
Lung_Dx-A0192,0,0.9996856451034546,0.0003144242218695581
Lung_Dx-A0192,0,0.9861112833023071,0.013888676650822163
Lung_Dx-A0192,0,0.9998326301574707,0.00016734049131628126
Lung_Dx-A0192,0,0.9922744631767273,0.007725534029304981
Lung_Dx-A0192,0,0.9999898672103882,1.0090498108183965e-05
Lung_Dx-A0192,0,0.9997612833976746,0.0002387526328675449
Lung_Dx-A0192,0,0.9999366998672485,6.327425944618881e-05
Lung_Dx-A0183,0,0.9688562154769897,0.031143832951784134
Lung_Dx-A0183,0,0.994551956653595,0.005448068026453257
Lung_Dx-A0183,0,0.9947084188461304,0.005291604902595282
Lung_Dx-A0183,0,0.7521491646766663,0.24785086512565613
Lung_Dx-A0183,0,0.9932680726051331,0.006731917150318623
Lung_Dx-A0183,0,0.972908079624176,0.02709190361201763
Lung_Dx-A0183,0,0.8879354596138,0.11206452548503876
Lung_Dx-A0183,0,0.9599877595901489,0.04001227021217346
Lung_Dx-A0183,0,0.9934484362602234,0.00655152415856719
Lung_Dx-A0183,0,0.9399133324623108,0.06008664518594742
Lung_Dx-A0183,0,0.9976859092712402,0.0023141265846788883
Lung_Dx-A0183,0,0.9977699518203735,0.0022300120908766985
Lung_Dx-A0183,0,0.9376689791679382,0.06233103945851326
Lung_Dx-A0183,0,0.9896718263626099,0.010328153148293495
Lung_Dx-A0183,0,0.9965435862541199,0.003456409787759185
Lung_Dx-A0183,0,0.9977172613143921,0.00228277500718832
Lung_Dx-A0183,0,0.9947697520256042,0.005230278242379427
Lung_Dx-A0183,0,0.9927532076835632,0.007246801629662514
Lung_Dx-A0183,0,0.9952448010444641,0.004755199886858463
Lung_Dx-A0183,0,0.9977216124534607,0.002278330735862255
Lung_Dx-A0183,0,0.9965029954910278,0.0034970100969076157
Lung_Dx-A0183,0,0.9996215105056763,0.0003785036678891629
Lung_Dx-A0183,0,0.6847648620605469,0.31523507833480835
Lung_Dx-A0183,0,0.9986749291419983,0.001325022429227829
Lung_Dx-A0183,0,0.9951040744781494,0.004895880818367004
Lung_Dx-A0183,0,0.9780727028846741,0.021927302703261375
Lung_Dx-A0183,0,0.9972531199455261,0.002746901009231806
Lung_Dx-A0183,0,0.9962638020515442,0.0037362207658588886
Lung_Dx-A0183,0,0.9638139605522156,0.03618597984313965
Lung_Dx-A0183,0,0.9812209606170654,0.018779069185256958
Lung_Dx-A0183,0,0.904902994632721,0.09509705752134323
Lung_Dx-A0183,0,0.9974139928817749,0.0025859365705400705
Lung_Dx-A0183,0,0.9997040629386902,0.0002959571429528296
Lung_Dx-A0183,0,0.9982522130012512,0.0017477857181802392
Lung_Dx-A0183,0,0.9756466746330261,0.024353383108973503
Lung_Dx-A0183,0,0.9884250164031982,0.011574994772672653
Lung_Dx-A0183,0,0.9876639246940613,0.01233610138297081
Lung_Dx-A0183,0,0.9977916479110718,0.00220838887616992
Lung_Dx-A0183,0,0.9994557499885559,0.0005442132242023945
Lung_Dx-A0183,0,0.9917163252830505,0.008283626288175583
Lung_Dx-A0183,0,0.46034952998161316,0.5396504402160645
Lung_Dx-A0183,0,0.9997721314430237,0.00022782183077652007
Lung_Dx-A0183,0,0.995216965675354,0.004783010575920343
Lung_Dx-A0183,0,0.9976494908332825,0.0023504828568547964
Lung_Dx-A0183,0,0.9995092153549194,0.0004907225957140326
Lung_Dx-A0183,0,0.9986302852630615,0.0013696944806724787
Lung_Dx-A0183,0,0.9975321292877197,0.002467810409143567
Lung_Dx-A0183,0,0.9994683861732483,0.0005316133028827608
Lung_Dx-A0183,0,0.997368335723877,0.0026316740550100803
Lung_Dx-A0183,0,0.9552773833274841,0.04472257196903229
Lung_Dx-A0183,0,0.9968087077140808,0.003191267838701606
Lung_Dx-A0183,0,0.9922893643379211,0.007710576057434082
Lung_Dx-A0183,0,0.9965903759002686,0.003409635741263628
Lung_Dx-A0183,0,0.9992341995239258,0.0007657963433302939
Lung_Dx-A0183,0,0.9966885447502136,0.0033115192782133818
Lung_Dx-A0183,0,0.991635799407959,0.008364237844944
Lung_Dx-A0183,0,0.9997125267982483,0.00028741470305249095
Lung_Dx-A0183,0,0.9367494583129883,0.06325051933526993
Lung_Dx-A0183,0,0.9927532076835632,0.007246801629662514
Lung_Dx-A0183,0,0.9965903759002686,0.003409635741263628
Lung_Dx-A0183,0,0.9994896650314331,0.0005102608120068908
Lung_Dx-A0183,0,0.9994274377822876,0.0005725465598516166
Lung_Dx-A0183,0,0.9950079917907715,0.004991961643099785
Lung_Dx-A0183,0,0.9899086952209473,0.010091315023601055
Lung_Dx-A0183,0,0.9915052056312561,0.008494837209582329
Lung_Dx-A0183,0,0.9973836541175842,0.002616339363157749
Lung_Dx-A0183,0,0.9997574687004089,0.0002425115235382691
Lung_Dx-A0183,0,0.9990149736404419,0.0009850083151832223
Lung_Dx-A0183,0,0.9979129433631897,0.0020870345178991556
Lung_Dx-A0183,0,0.932637631893158,0.06736240535974503
Lung_Dx-A0183,0,0.9998612403869629,0.00013873411808162928
Lung_Dx-A0183,0,0.9988817572593689,0.0011181936133652925
Lung_Dx-A0183,0,0.928732693195343,0.07126733660697937
Lung_Dx-A0183,0,0.9957270622253418,0.004272936377674341
Lung_Dx-A0183,0,0.9855243563652039,0.014475690200924873
Lung_Dx-A0183,0,0.9973113536834717,0.0026886719278991222
Lung_Dx-A0183,0,0.9996756315231323,0.0003244018298573792
Lung_Dx-A0183,0,0.9960004687309265,0.003999501001089811
Lung_Dx-A0183,0,0.9740425944328308,0.02595735713839531
Lung_Dx-A0183,0,0.9849128127098083,0.015087132342159748
Lung_Dx-A0183,0,0.9976677298545837,0.0023322340566664934
Lung_Dx-A0183,0,0.9189906120300293,0.0810093805193901
Lung_Dx-A0183,0,0.9991927742958069,0.000807230535428971
Lung_Dx-A0183,0,0.9995112419128418,0.0004888105322606862
Lung_Dx-A0183,0,0.9997057318687439,0.00029422855004668236
Lung_Dx-A0171,0,0.9996639490127563,0.00033600549795664847
Lung_Dx-A0171,0,0.996870219707489,0.0031297362875193357
Lung_Dx-A0171,0,0.9993345141410828,0.0006654022727161646
Lung_Dx-A0171,0,0.9999419450759888,5.8064022596227005e-05
Lung_Dx-A0171,0,0.9997817873954773,0.0002182420575991273
Lung_Dx-A0171,0,0.9995461106300354,0.00045386102283373475
Lung_Dx-A0171,0,0.9986801743507385,0.0013198636006563902
Lung_Dx-A0171,0,0.9998190999031067,0.0001809357781894505
Lung_Dx-A0171,0,0.9985646605491638,0.0014353332808241248
Lung_Dx-A0171,0,0.9970878958702087,0.0029121784027665854
Lung_Dx-A0171,0,0.9996147155761719,0.00038521323585882783
Lung_Dx-A0171,0,0.9989677667617798,0.0010322310263291001
Lung_Dx-A0171,0,0.9997187256813049,0.00028130740975029767
Lung_Dx-A0171,0,0.9843664169311523,0.015633562579751015
Lung_Dx-A0171,0,0.9999016523361206,9.83811987680383e-05
Lung_Dx-A0171,0,0.9999299049377441,7.003774226177484e-05
Lung_Dx-A0171,0,0.9997730851173401,0.00022693384380545467
Lung_Dx-A0171,0,0.9995372295379639,0.0004628084716387093
Lung_Dx-A0171,0,0.9984052777290344,0.0015947326319292188
Lung_Dx-A0171,0,0.9994663596153259,0.0005336928297765553
Lung_Dx-A0171,0,0.9996775388717651,0.00032250722870230675
Lung_Dx-A0171,0,0.9994296431541443,0.0005703156930394471
Lung_Dx-A0171,0,0.9944773316383362,0.005522650200873613
Lung_Dx-A0171,0,0.9984360337257385,0.0015639361226931214
Lung_Dx-A0171,0,0.9989535808563232,0.0010464256629347801
Lung_Dx-A0171,0,0.9914058446884155,0.008594110608100891
Lung_Dx-A0171,0,0.9998574256896973,0.00014257943257689476
Lung_Dx-A0171,0,0.9998915195465088,0.00010847241355804726
Lung_Dx-A0171,0,0.9992792010307312,0.0007208380266092718
Lung_Dx-A0171,0,0.9976769089698792,0.0023231625091284513
Lung_Dx-A0171,0,0.9992445707321167,0.000755405577365309
Lung_Dx-A0171,0,0.9989697933197021,0.0010302190203219652
Lung_Dx-A0171,0,0.9926113486289978,0.007388676051050425
Lung_Dx-A0171,0,0.9860174059867859,0.013982612639665604
Lung_Dx-A0171,0,0.9998005032539368,0.00019949312263634056
Lung_Dx-A0171,0,0.9967899918556213,0.003209961112588644
Lung_Dx-A0171,0,0.9997783303260803,0.00022167809947859496
Lung_Dx-A0171,0,0.9969425797462463,0.0030574577394872904
Lung_Dx-A0171,0,0.9957601428031921,0.004239825066179037
Lung_Dx-A0171,0,0.9999774694442749,2.2562051526620053e-05
Lung_Dx-A0171,0,0.9950177073478699,0.004982269834727049
Lung_Dx-A0171,0,0.9969245791435242,0.00307536986656487
Lung_Dx-A0171,0,0.9942474365234375,0.005752545315772295
Lung_Dx-A0171,0,0.9998183846473694,0.0001816438016248867
Lung_Dx-A0171,0,0.9878761768341064,0.012123755179345608
Lung_Dx-A0171,0,0.9997965693473816,0.00020342697098385543
Lung_Dx-A0171,0,0.9999384880065918,6.156764720799401e-05
Lung_Dx-A0171,0,0.9997703433036804,0.00022960825299378484
Lung_Dx-A0171,0,0.9998517036437988,0.0001482583029428497
Lung_Dx-A0171,0,0.998091995716095,0.001908046193420887
Lung_Dx-A0171,0,0.9918279647827148,0.008172065019607544
Lung_Dx-A0171,0,0.9992944002151489,0.000705527258105576
Lung_Dx-A0171,0,0.9971216320991516,0.002878348110243678
Lung_Dx-A0171,0,0.9949001669883728,0.005099818110466003
Lung_Dx-A0171,0,0.998217761516571,0.001782196224667132
Lung_Dx-A0171,0,0.9992678761482239,0.0007321813027374446
Lung_Dx-A0171,0,0.9989857077598572,0.0010142631363123655
Lung_Dx-A0171,0,0.99871826171875,0.0012818054528906941
Lung_Dx-A0171,0,0.9993026256561279,0.000697313342243433
Lung_Dx-A0171,0,0.9995668530464172,0.00043308615568093956
Lung_Dx-A0171,0,0.9941800832748413,0.005819959565997124
Lung_Dx-A0171,0,0.9992678761482239,0.0007321813027374446
Lung_Dx-A0171,0,0.9999141693115234,8.581068686908111e-05
Lung_Dx-A0171,0,0.9989350438117981,0.0010649627074599266
Lung_Dx-A0171,0,0.9967837333679199,0.0032162165734916925
Lung_Dx-A0171,0,0.9929472208023071,0.007052709814161062
Lung_Dx-A0171,0,0.9995149374008179,0.0004850083205383271
Lung_Dx-A0171,0,0.9965165853500366,0.0034834244288504124
Lung_Dx-A0171,0,0.9973734617233276,0.002626552479341626
Lung_Dx-A0171,0,0.9959927201271057,0.004007288720458746
Lung_Dx-A0171,0,0.9982725381851196,0.0017274586716666818
Lung_Dx-A0171,0,0.9929060935974121,0.007093861699104309
Lung_Dx-A0171,0,0.988863468170166,0.011136502958834171
Lung_Dx-A0171,0,0.9993675351142883,0.0006324767600744963
Lung_Dx-A0171,0,0.9988642930984497,0.0011357826879248023
Lung_Dx-A0171,0,0.9999514818191528,4.8514772061025724e-05
Lung_Dx-A0171,0,0.9995859265327454,0.000414069538237527
Lung_Dx-A0171,0,0.9983611702919006,0.0016388678923249245
Lung_Dx-A0171,0,0.9994837045669556,0.0005162725574336946
Lung_Dx-A0171,0,0.997285008430481,0.0027149852830916643
Lung_Dx-A0171,0,0.9941913485527039,0.005808669608086348
Lung_Dx-A0171,0,0.9997108578681946,0.0002891032490879297
Lung_Dx-A0171,0,0.9888849258422852,0.011115012690424919
Lung_Dx-A0171,0,0.9998840093612671,0.00011591934162424877
Lung_Dx-A0171,0,0.9883578419685364,0.011642225086688995
Lung_Dx-A0171,0,0.9961305856704712,0.0038693908136337996
Lung_Dx-A0171,0,0.999832034111023,0.00016799535660538822
Lung_Dx-A0171,0,0.999464213848114,0.0005357805639505386
Lung_Dx-A0171,0,0.9997487664222717,0.00025118677876889706
Lung_Dx-A0171,0,0.9986087679862976,0.0013912341091781855
Lung_Dx-A0171,0,0.9990187883377075,0.0009811718482524157
Lung_Dx-A0171,0,0.9585376977920532,0.04146227240562439
Lung_Dx-A0171,0,0.9967142343521118,0.003285833401605487
Lung_Dx-A0171,0,0.9910838603973389,0.008916126564145088
Lung_Dx-A0201,0,0.9276915192604065,0.0723084807395935
Lung_Dx-A0201,0,0.9993345141410828,0.0006654022727161646
Lung_Dx-A0201,0,0.99891197681427,0.00108806521166116
Lung_Dx-A0201,0,0.9997120499610901,0.0002879764651879668
Lung_Dx-A0201,0,0.9952999353408813,0.004700060468167067
Lung_Dx-A0201,0,0.998492956161499,0.0015070488443598151
Lung_Dx-A0201,0,0.9759693741798401,0.024030638858675957
Lung_Dx-A0201,0,0.9962638020515442,0.0037362207658588886
Lung_Dx-A0201,0,0.9964411854743958,0.00355880381539464
Lung_Dx-A0201,0,0.9900636076927185,0.009936418384313583
Lung_Dx-A0201,0,0.9894702434539795,0.010529711842536926
Lung_Dx-A0201,0,0.993320107460022,0.006679879035800695
Lung_Dx-A0201,0,0.9994986057281494,0.0005013742484152317
Lung_Dx-A0201,0,0.9850141406059265,0.014985890127718449
Lung_Dx-A0201,0,0.9926256537437439,0.0073743658140301704
Lung_Dx-A0201,0,0.9978843331336975,0.0021157036535441875
Lung_Dx-A0201,0,0.9904590845108032,0.009540924802422523
Lung_Dx-A0201,0,0.9987503290176392,0.0012497093994170427
Lung_Dx-A0201,0,0.9947084188461304,0.005291604902595282
Lung_Dx-A0201,0,0.9987550973892212,0.0012448433553799987
Lung_Dx-A0201,0,0.9920312166213989,0.007968815043568611
Lung_Dx-A0201,0,0.9996505975723267,0.00034938580938614905
Lung_Dx-A0201,0,0.9966625571250916,0.003337404690682888
Lung_Dx-A0201,0,0.9936487078666687,0.006351235322654247
Lung_Dx-A0201,0,0.9977568984031677,0.0022430878598243
Lung_Dx-A0201,0,0.9993797540664673,0.0006202511722221971
Lung_Dx-A0201,0,0.825659990310669,0.17433996498584747
Lung_Dx-A0201,0,0.9965165853500366,0.0034834244288504124
Lung_Dx-A0201,0,0.9785082340240479,0.02149176597595215
Lung_Dx-A0201,0,0.9958337545394897,0.004166256170719862
Lung_Dx-A0201,0,0.9988051652908325,0.001194878132082522
Lung_Dx-A0201,0,0.995354413986206,0.004645557142794132
Lung_Dx-A0170,0,0.1536126583814621,0.8463873863220215
Lung_Dx-A0170,0,0.8275495767593384,0.17245040833950043
Lung_Dx-A0170,0,0.1921979784965515,0.8078020215034485
Lung_Dx-A0170,0,0.9920926690101624,0.007907291874289513
Lung_Dx-A0170,0,0.8285923004150391,0.17140765488147736
Lung_Dx-A0170,0,0.7325440049171448,0.2674559950828552
Lung_Dx-A0170,0,0.9105454087257385,0.08945459872484207
Lung_Dx-A0170,0,0.5684906840324402,0.4315093159675598
Lung_Dx-A0170,0,0.9425595998764038,0.057440385222435
Lung_Dx-A0170,0,0.9389128684997559,0.06108710914850235
Lung_Dx-A0170,0,0.49514785408973694,0.5048521161079407
Lung_Dx-A0170,0,0.9685898423194885,0.03141012415289879
Lung_Dx-A0170,0,0.003671357873827219,0.9963286519050598
Lung_Dx-A0170,0,0.9690617918968201,0.030938226729631424
Lung_Dx-A0170,0,0.4550926685333252,0.5449073910713196
Lung_Dx-A0170,0,0.34630638360977173,0.6536936163902283
Lung_Dx-A0170,0,0.9736195802688599,0.026380425319075584
Lung_Dx-A0170,0,0.9689444899559021,0.031055551022291183
Lung_Dx-A0170,0,0.9625676870346069,0.03743230178952217
Lung_Dx-A0170,0,0.9865458011627197,0.013454154133796692
Lung_Dx-A0170,0,0.9914224743843079,0.008577484637498856
Lung_Dx-A0170,0,0.3929882049560547,0.6070117950439453
Lung_Dx-A0170,0,0.9982420206069946,0.0017580388812348247
Lung_Dx-A0170,0,0.9077220559120178,0.09227796643972397
Lung_Dx-A0170,0,0.9814534187316895,0.018546564504504204
Lung_Dx-A0170,0,0.9780936241149902,0.02190636657178402
Lung_Dx-A0170,0,0.000317508791340515,0.9996825456619263
Lung_Dx-A0170,0,0.7992857098579407,0.20071429014205933
Lung_Dx-A0170,0,0.9701834917068481,0.02981654182076454
Lung_Dx-A0170,0,0.34879761934280396,0.651202380657196
Lung_Dx-A0170,0,0.9816479682922363,0.01835203729569912
Lung_Dx-A0170,0,0.9918910264968872,0.008108983747661114
Lung_Dx-A0170,0,0.7194821834564209,0.2805178165435791
Lung_Dx-A0170,0,1.8520440789870918e-06,0.9999980926513672
Lung_Dx-A0170,0,0.4374179244041443,0.5625820159912109
Lung_Dx-A0170,0,0.9749168753623962,0.025083141401410103
Lung_Dx-A0170,0,0.9684410095214844,0.03155902028083801
Lung_Dx-A0170,0,0.9478174448013306,0.05218253284692764
Lung_Dx-A0170,0,0.6927978992462158,0.30720213055610657
Lung_Dx-A0170,0,7.296379408217035e-06,0.9999927282333374
Lung_Dx-A0170,0,0.9853842854499817,0.014615669846534729
Lung_Dx-A0170,0,0.9980353713035583,0.0019646615255624056
Lung_Dx-A0170,0,0.9310247898101807,0.06897519528865814
Lung_Dx-A0170,0,0.9024378061294556,0.09756223112344742
Lung_Dx-A0170,0,0.9761745929718018,0.02382536605000496
Lung_Dx-A0170,0,0.8780007362365723,0.12199921905994415
Lung_Dx-A0170,0,0.022933565080165863,0.9770664572715759
Lung_Dx-A0170,0,0.0002212456747656688,0.9997788071632385
Lung_Dx-A0170,0,6.70922381686978e-05,0.9999328851699829
Lung_Dx-A0170,0,0.06441766023635864,0.9355823397636414
Lung_Dx-A0170,0,0.9912716746330261,0.008728266693651676
Lung_Dx-A0170,0,0.8514594435691833,0.14854055643081665
Lung_Dx-A0170,0,0.9982959628105164,0.0017040417296811938
Lung_Dx-A0170,0,0.6703386306762695,0.32966142892837524
Lung_Dx-A0170,0,0.5471087098121643,0.4528913199901581
Lung_Dx-A0170,0,0.5454673171043396,0.4545326828956604
Lung_Dx-A0170,0,0.8414351940155029,0.15856483578681946
Lung_Dx-A0170,0,0.1652560532093048,0.8347439169883728
Lung_Dx-A0170,0,0.9700134992599487,0.029986508190631866
Lung_Dx-A0170,0,0.45842447876930237,0.54157555103302
Lung_Dx-A0170,0,0.9669140577316284,0.03308597952127457
Lung_Dx-A0170,0,0.9968273043632507,0.0031726830638945103
Lung_Dx-A0170,0,0.0350126251578331,0.9649873375892639
Lung_Dx-A0170,0,0.9634374976158142,0.03656250610947609
Lung_Dx-A0170,0,0.9972477555274963,0.002752256579697132
Lung_Dx-A0170,0,0.5327897667884827,0.46721023321151733
Lung_Dx-A0170,0,0.9556514620780945,0.0443485826253891
Lung_Dx-A0170,0,0.9883578419685364,0.011642225086688995
Lung_Dx-A0170,0,0.6983036994934082,0.3016962707042694
Lung_Dx-A0170,0,1.5936620911816135e-05,0.9999840259552002
Lung_Dx-A0170,0,0.89638751745224,0.1036124974489212
Lung_Dx-A0170,0,0.9448931217193604,0.05510690435767174
Lung_Dx-A0170,0,0.8214741349220276,0.17852582037448883
Lung_Dx-A0170,0,0.9885804057121277,0.01141961570829153
Lung_Dx-A0170,0,0.9925826787948608,0.007417380344122648
Lung_Dx-A0170,0,0.9928370118141174,0.007162978406995535
Lung_Dx-A0170,0,0.939581573009491,0.060418423265218735
Lung_Dx-A0170,0,0.9984899759292603,0.0015099908923730254
Lung_Dx-A0170,0,0.03268224000930786,0.9673178195953369
Lung_Dx-A0170,0,0.7200731039047241,0.2799268960952759
Lung_Dx-A0170,0,0.000679842836689204,0.9993201494216919
Lung_Dx-A0170,0,0.9350505471229553,0.0649493932723999
Lung_Dx-A0170,0,0.6798433065414429,0.3201567232608795
Lung_Dx-A0170,0,0.8889035582542419,0.11109647154808044
Lung_Dx-A0170,0,0.6728693246841431,0.32713067531585693
Lung_Dx-A0170,0,0.9421884417533875,0.057811614125967026
Lung_Dx-A0170,0,0.9779467582702637,0.022053318098187447
Lung_Dx-A0170,0,0.9991255402565002,0.0008744718506932259
Lung_Dx-A0170,0,0.3441678583621979,0.6558321714401245
Lung_Dx-A0170,0,0.10842473804950714,0.891575276851654
Lung_Dx-A0170,0,0.9358759522438049,0.06412401050329208
Lung_Dx-A0170,0,0.9816831350326538,0.018316883593797684
Lung_Dx-A0170,0,0.9950659275054932,0.004934090655297041
Lung_Dx-A0170,0,0.8299059271812439,0.17009402811527252
Lung_Dx-A0170,0,0.9928370118141174,0.007162978406995535
Lung_Dx-A0170,0,0.9302051067352295,0.0697949230670929
Lung_Dx-A0170,0,0.9511421918869019,0.04885777831077576
Lung_Dx-A0170,0,0.9383503198623657,0.0616496205329895
Lung_Dx-A0170,0,0.4057871997356415,0.5942128300666809
Lung_Dx-A0170,0,0.9596487283706665,0.04035123810172081
Lung_Dx-A0170,0,0.5682585835456848,0.4317413866519928
Lung_Dx-A0170,0,0.0028560124337673187,0.9971439242362976
Lung_Dx-A0170,0,0.7386690378189087,0.2613309323787689
Lung_Dx-A0170,0,0.9220271706581116,0.07797278463840485
Lung_Dx-A0170,0,0.9993600249290466,0.0006399274570867419
Lung_Dx-A0170,0,0.9459512829780579,0.054048750549554825
Lung_Dx-A0170,0,0.9439190030097961,0.05608106032013893
Lung_Dx-A0170,0,0.9731642603874207,0.026835685595870018
Lung_Dx-A0170,0,0.6154924035072327,0.38450759649276733
Lung_Dx-A0170,0,0.5490362048149109,0.4509637951850891
Lung_Dx-A0170,0,0.9874479174613953,0.012552118860185146
Lung_Dx-A0170,0,0.8648250102996826,0.13517498970031738
Lung_Dx-A0170,0,0.8701013326644897,0.12989860773086548
Lung_Dx-A0170,0,0.9048188328742981,0.09518111497163773
Lung_Dx-A0170,0,0.007725534029304981,0.9922744631767273
Lung_Dx-A0170,0,0.9700418710708618,0.02995811589062214
Lung_Dx-A0170,0,0.17575016617774963,0.824249804019928
Lung_Dx-A0170,0,0.9980199337005615,0.0019800397567451
Lung_Dx-A0170,0,0.9932287931442261,0.006771210115402937
Lung_Dx-A0170,0,0.13626320660114288,0.8637367486953735
Lung_Dx-A0170,0,0.9905142784118652,0.009485714137554169
Lung_Dx-A0170,0,0.9966885447502136,0.0033115192782133818
Lung_Dx-A0170,0,0.9919379353523254,0.00806199200451374
Lung_Dx-A0170,0,0.8768981695175171,0.12310183793306351
Lung_Dx-A0170,0,0.5467683672904968,0.4532315731048584
Lung_Dx-A0170,0,0.907312273979187,0.09268777817487717
Lung_Dx-A0170,0,0.4554370045661926,0.5445629358291626
Lung_Dx-A0170,0,0.0014158706180751324,0.9985841512680054
Lung_Dx-A0170,0,0.9856491684913635,0.014350838027894497
Lung_Dx-A0170,0,0.8946054577827454,0.10539454966783524
Lung_Dx-A0170,0,0.01046883873641491,0.9895311594009399
Lung_Dx-A0170,0,0.9593832492828369,0.040616780519485474
Lung_Dx-A0170,0,0.7359263896942139,0.26407361030578613
Lung_Dx-A0170,0,0.9763556718826294,0.0236443430185318
Lung_Dx-A0170,0,0.9679902195930481,0.032009802758693695
Lung_Dx-A0170,0,1.4567271136911586e-05,0.9999854564666748
Lung_Dx-A0170,0,0.9570375084877014,0.04296246916055679
Lung_Dx-A0170,0,0.9622142910957336,0.037785764783620834
Lung_Dx-A0170,0,0.9401335716247559,0.059866417199373245
Lung_Dx-A0170,0,0.7532851696014404,0.246714785695076
Lung_Dx-A0177,0,0.993320107460022,0.006679879035800695
Lung_Dx-A0177,0,0.988447368144989,0.011552671901881695
Lung_Dx-A0177,0,0.9955403208732605,0.004459704738110304
Lung_Dx-A0177,0,0.9962782263755798,0.003721708431839943
Lung_Dx-A0177,0,0.988949179649353,0.011050795204937458
Lung_Dx-A0177,0,0.9864678382873535,0.01353214867413044
Lung_Dx-A0177,0,0.9915052056312561,0.008494837209582329
Lung_Dx-A0177,0,0.9917803406715393,0.00821969285607338
Lung_Dx-A0177,0,0.9846936464309692,0.015306354500353336
Lung_Dx-A0177,0,0.9894702434539795,0.010529711842536926
Lung_Dx-A0177,0,0.9849274158477783,0.015072628855705261
Lung_Dx-A0177,0,0.9818925857543945,0.018107349053025246
Lung_Dx-A0177,0,0.9972477555274963,0.002752256579697132
Lung_Dx-A0177,0,0.9965301156044006,0.0034698909148573875
Lung_Dx-A0177,0,0.9963215589523315,0.003678509034216404
Lung_Dx-A0177,0,0.9305844902992249,0.06941547244787216
Lung_Dx-A0177,0,0.9891186952590942,0.010881332680583
Lung_Dx-A0177,0,0.9953814744949341,0.004618542734533548
Lung_Dx-A0177,0,0.9810764789581299,0.018923569470643997
Lung_Dx-A0177,0,0.9857317805290222,0.01426819246262312
Lung_Dx-A0177,0,0.9722570776939392,0.027742892503738403
Lung_Dx-A0177,0,0.9852997064590454,0.014700298197567463
Lung_Dx-A0177,0,0.9910492897033691,0.008950711227953434
Lung_Dx-A0177,0,0.9914058446884155,0.008594110608100891
Lung_Dx-A0177,0,0.9946358799934387,0.0053640566766262054
Lung_Dx-A0177,0,0.9958499670028687,0.00415008096024394
Lung_Dx-A0177,0,0.9955576062202454,0.004442394245415926
Lung_Dx-A0177,0,0.9958093166351318,0.004190636798739433
Lung_Dx-A0177,0,0.9687380790710449,0.03126191347837448
Lung_Dx-A0177,0,0.9911354780197144,0.00886449869722128
Lung_Dx-A0177,0,0.991305410861969,0.008694533258676529
Lung_Dx-A0177,0,0.9836912155151367,0.01630876585841179
Lung_Dx-A0177,0,0.9843363761901855,0.015663649886846542
Lung_Dx-A0177,0,0.996292769908905,0.0037072531413286924
Lung_Dx-A0177,0,0.9973734617233276,0.002626552479341626
Lung_Dx-A0177,0,0.9913725852966309,0.008627457544207573
Lung_Dx-A0177,0,0.9898892045021057,0.010110844857990742
Lung_Dx-A0177,0,0.9933974742889404,0.0066025699488818645
Lung_Dx-A0177,0,0.9771101474761963,0.022889841347932816
Lung_Dx-A0177,0,0.9958174824714661,0.004182493779808283
Lung_Dx-A0177,0,0.9831013083457947,0.016898682340979576
Lung_Dx-A0177,0,0.9961903095245361,0.003809629939496517
Lung_Dx-A0177,0,0.9929881691932678,0.007011795416474342
Lung_Dx-G0058,1,0.6612054705619812,0.3387945592403412
Lung_Dx-G0058,1,0.0032922360114753246,0.9967076778411865
Lung_Dx-G0058,1,0.862061619758606,0.13793841004371643
Lung_Dx-G0058,1,0.7420480251312256,0.257951945066452
Lung_Dx-G0058,1,0.988469660282135,0.011530389077961445
Lung_Dx-G0058,1,0.7222822308540344,0.2777177691459656
Lung_Dx-G0058,1,0.035611413419246674,0.9643886089324951
Lung_Dx-G0058,1,0.9475754499435425,0.05242456495761871
Lung_Dx-G0058,1,0.14599590003490448,0.8540040850639343
Lung_Dx-G0058,1,0.9940197467803955,0.005980330053716898
Lung_Dx-G0058,1,0.977022647857666,0.022977370768785477
Lung_Dx-G0058,1,0.9970707893371582,0.00292924209497869
Lung_Dx-G0058,1,0.9828562140464783,0.017143767327070236
Lung_Dx-G0058,1,0.7648037672042847,0.23519620299339294
Lung_Dx-G0058,1,0.9963428378105164,0.003657096764072776
Lung_Dx-G0058,1,0.007937993854284286,0.992061972618103
Lung_Dx-G0058,1,0.9968211650848389,0.0031788661144673824
Lung_Dx-G0058,1,0.9501341581344604,0.04986590892076492
Lung_Dx-G0058,1,0.9323301911354065,0.0676698088645935
Lung_Dx-G0058,1,0.05037733167409897,0.9496226906776428
Lung_Dx-G0058,1,0.9984782338142395,0.0015218157786875963
Lung_Dx-G0058,1,0.7353566884994507,0.2646433413028717
Lung_Dx-G0058,1,0.9689150452613831,0.031084952875971794
Lung_Dx-G0058,1,0.99703049659729,0.0029694451950490475
Lung_Dx-G0058,1,0.7284586429595947,0.2715413570404053
Lung_Dx-G0058,1,0.8115267157554626,0.18847329914569855
Lung_Dx-G0058,1,0.8677658438682556,0.13223415613174438
Lung_Dx-G0058,1,0.9958093166351318,0.004190636798739433
Lung_Dx-G0058,1,0.7733447551727295,0.22665521502494812
Lung_Dx-G0058,1,0.08374040573835373,0.9162596464157104
Lung_Dx-G0058,1,0.23841717839241028,0.7615828514099121
Lung_Dx-G0058,1,0.8530579209327698,0.14694206416606903
Lung_Dx-G0058,1,0.9973165392875671,0.002683439524844289
Lung_Dx-G0058,1,0.9358173608779907,0.06418264657258987
Lung_Dx-G0058,1,0.835013210773468,0.16498680412769318
Lung_Dx-G0058,1,0.9951136708259583,0.004886374808847904
Lung_Dx-G0058,1,0.8048664331436157,0.19513355195522308
Lung_Dx-G0058,1,0.3738687038421631,0.6261312961578369
Lung_Dx-G0058,1,0.9696707129478455,0.030329259112477303
Lung_Dx-G0058,1,0.9272316098213196,0.07276838272809982
Lung_Dx-G0058,1,0.803289532661438,0.19671043753623962
Lung_Dx-G0058,1,0.6220002174377441,0.37799975275993347
Lung_Dx-G0058,1,0.03445602208375931,0.9655439257621765
Lung_Dx-G0058,1,0.9021795392036438,0.0978204756975174
Lung_Dx-G0058,1,0.9739684462547302,0.026031531393527985
Lung_Dx-G0058,1,0.7242368459701538,0.2757631540298462
Lung_Dx-G0058,1,0.3344264030456543,0.6655735969543457
Lung_Dx-G0058,1,0.843766450881958,0.15623359382152557
Lung_Dx-G0058,1,0.819604754447937,0.18039526045322418
Lung_Dx-G0058,1,0.9923933744430542,0.0076066721230745316
Lung_Dx-G0058,1,0.005554925184696913,0.9944451451301575
Lung_Dx-G0058,1,0.3319989740848541,0.6680009961128235
Lung_Dx-G0058,1,0.9536217451095581,0.046378206461668015
Lung_Dx-G0058,1,0.9724147915840149,0.027585284784436226
Lung_Dx-G0058,1,0.9986904263496399,0.0013096057809889317
Lung_Dx-G0058,1,0.5448997616767883,0.45510023832321167
Lung_Dx-G0058,1,0.9915052056312561,0.008494837209582329
Lung_Dx-G0058,1,0.9982351064682007,0.0017649073852226138
Lung_Dx-G0058,1,0.02054743468761444,0.9794526100158691
Lung_Dx-G0058,1,0.6714975237846375,0.32850250601768494
Lung_Dx-G0058,1,0.995354413986206,0.004645557142794132
Lung_Dx-G0058,1,0.35405609011650085,0.6459439396858215
Lung_Dx-G0058,1,0.4791381061077118,0.5208619236946106
Lung_Dx-G0058,1,0.8992099165916443,0.10079008340835571
Lung_Dx-G0058,1,0.9865587949752808,0.013441198505461216
Lung_Dx-G0058,1,0.7871550917625427,0.21284495294094086
Lung_Dx-G0058,1,0.0007598414667882025,0.9992401599884033
Lung_Dx-G0058,1,0.9978001713752747,0.0021997978910803795
Lung_Dx-G0058,1,0.9969005584716797,0.0030994152184575796
Lung_Dx-G0058,1,0.0004116513882763684,0.9995883107185364
Lung_Dx-G0058,1,0.9345147609710693,0.06548520922660828
Lung_Dx-G0058,1,0.003922447562217712,0.9960775971412659
Lung_Dx-G0058,1,0.8982321619987488,0.10176784545183182
Lung_Dx-G0058,1,0.9664104580879211,0.03358950465917587
Lung_Dx-G0058,1,0.44830551743507385,0.5516945123672485
Lung_Dx-G0058,1,0.8799227476119995,0.12007720023393631
Lung_Dx-G0058,1,0.7698380947113037,0.2301618605852127
Lung_Dx-G0058,1,0.5179976224899292,0.4820024073123932
Lung_Dx-G0058,1,0.95707768201828,0.04292234033346176
Lung_Dx-G0058,1,0.8669230937957764,0.13307686150074005
Lung_Dx-G0058,1,0.9933846592903137,0.006615392863750458
Lung_Dx-G0058,1,0.7545986771583557,0.24540133774280548
Lung_Dx-G0058,1,0.8374870419502258,0.1625128984451294
Lung_Dx-G0058,1,0.960546612739563,0.039453376084566116
Lung_Dx-G0058,1,0.9982725381851196,0.0017274586716666818
Lung_Dx-G0058,1,0.2137872576713562,0.7862127423286438
Lung_Dx-G0058,1,0.7542368173599243,0.24576321244239807
Lung_Dx-G0058,1,0.1530105173587799,0.8469895124435425
Lung_Dx-G0058,1,0.7727879881858826,0.22721201181411743
Lung_Dx-G0058,1,0.6932393312454224,0.30676060914993286
Lung_Dx-G0058,1,0.36494728922843933,0.6350526809692383
Lung_Dx-G0058,1,0.998121440410614,0.0018785203574225307
Lung_Dx-G0058,1,0.9945201277732849,0.005479908548295498
Lung_Dx-G0058,1,0.9977216124534607,0.002278330735862255
Lung_Dx-G0058,1,0.5638583302497864,0.43614163994789124
Lung_Dx-G0058,1,0.9939378499984741,0.006062155123800039
Lung_Dx-G0058,1,0.9968396425247192,0.0031603528186678886
Lung_Dx-G0058,1,0.99405437707901,0.00594559870660305
Lung_Dx-G0058,1,0.9183704853057861,0.08162949979305267
Lung_Dx-G0058,1,0.9985191226005554,0.0014808280393481255
Lung_Dx-G0058,1,0.08494710177183151,0.9150528311729431
Lung_Dx-G0058,1,0.6470180153846741,0.3529820144176483
Lung_Dx-G0058,1,0.9963570237159729,0.0036428910680115223
Lung_Dx-G0058,1,0.9559813141822815,0.04401865229010582
Lung_Dx-G0058,1,0.8160401582717896,0.18395984172821045
Lung_Dx-G0058,1,0.9640854597091675,0.03591449558734894
Lung_Dx-G0058,1,0.9603239297866821,0.03967602923512459
Lung_Dx-G0058,1,0.9975844621658325,0.0024154833517968655
Lung_Dx-G0058,1,0.09526525437831879,0.90473473072052
Lung_Dx-G0058,1,0.8026329278945923,0.1973671019077301
Lung_Dx-G0058,1,0.13454832136631012,0.8654516339302063
Lung_Dx-G0058,1,0.6092917323112488,0.3907082974910736
Lung_Dx-G0058,1,0.9928508996963501,0.007149101700633764
Lung_Dx-G0058,1,0.9645559191703796,0.03544410318136215
Lung_Dx-G0058,1,0.9678993225097656,0.03210070729255676
Lung_Dx-G0058,1,0.6550050973892212,0.3449949324131012
Lung_Dx-G0058,1,0.9988003969192505,0.0011995489476248622
Lung_Dx-G0058,1,0.8724561333656311,0.12754392623901367
Lung_Dx-G0058,1,0.4356314241886139,0.5643686056137085
Lung_Dx-G0058,1,0.9960468411445618,0.003953089471906424
Lung_Dx-G0058,1,0.8116759657859802,0.188323974609375
Lung_Dx-G0058,1,0.7974779009819031,0.20252203941345215
Lung_Dx-G0058,1,0.9223425984382629,0.07765743881464005
Lung_Dx-G0058,1,0.7852262258529663,0.2147737443447113
Lung_Dx-G0058,1,0.9229697585105896,0.0770302340388298
Lung_Dx-G0058,1,0.9682013392448425,0.03179866820573807
Lung_Dx-G0058,1,0.022521456703543663,0.9774785041809082
Lung_Dx-G0058,1,0.9910145401954651,0.008985428139567375
Lung_Dx-G0058,1,0.7536479830741882,0.24635198712348938
Lung_Dx-G0058,1,0.9826576113700867,0.017342347651720047
Lung_Dx-G0058,1,0.6135549545288086,0.386445015668869
Lung_Dx-G0058,1,0.029986508190631866,0.9700134992599487
Lung_Dx-G0058,1,0.025419652462005615,0.9745803475379944
Lung_Dx-G0058,1,0.6737285852432251,0.3262714743614197
Lung_Dx-G0058,1,0.9703524708747864,0.02964750863611698
Lung_Dx-G0058,1,0.9014878869056702,0.09851210564374924
Lung_Dx-G0058,1,0.988469660282135,0.011530389077961445
Lung_Dx-G0058,1,0.7816641926765442,0.2183358520269394
Lung_Dx-G0058,1,0.08913692831993103,0.9108630418777466
Lung_Dx-G0058,1,0.9725454449653625,0.02745460718870163
Lung_Dx-G0058,1,0.42471393942832947,0.5752860307693481
Lung_Dx-G0058,1,0.9972903728485107,0.002709702355787158
Lung_Dx-G0058,1,0.9784466028213501,0.021553464233875275
Lung_Dx-G0058,1,0.17258979380130768,0.8274101614952087
Lung_Dx-G0058,1,0.9298873543739319,0.07011259347200394
Lung_Dx-G0058,1,0.9974933862686157,0.0025065753143280745
Lung_Dx-G0058,1,0.4223259389400482,0.5776740908622742
Lung_Dx-G0058,1,0.8402590155601501,0.15974101424217224
Lung_Dx-G0058,1,0.7749242186546326,0.22507576644420624
Lung_Dx-G0058,1,0.9599501490592957,0.04004979506134987
Lung_Dx-G0058,1,0.7561324834823608,0.24386745691299438
Lung_Dx-G0058,1,0.9820826053619385,0.017917344346642494
Lung_Dx-G0058,1,0.9983189702033997,0.0016809416702017188
Lung_Dx-G0058,1,0.06998537480831146,0.9300146102905273
Lung_Dx-G0058,1,0.7819139957427979,0.21808594465255737
Lung_Dx-G0058,1,0.9943251013755798,0.005674875341355801
Lung_Dx-G0058,1,0.9124361872673035,0.08756384998559952
Lung_Dx-G0058,1,0.9806919097900391,0.01930808648467064
Lung_Dx-G0058,1,0.8371545076370239,0.1628454476594925
Lung_Dx-G0058,1,0.9699281454086304,0.030071841552853584
Lung_Dx-G0058,1,0.06221698224544525,0.9377830028533936
Lung_Dx-G0058,1,0.00022429059026762843,0.9997757077217102
Lung_Dx-G0058,1,0.9905142784118652,0.009485714137554169
Lung_Dx-G0058,1,0.23559167981147766,0.7644083499908447
Lung_Dx-G0058,1,0.995075523853302,0.004924510605633259
Lung_Dx-G0058,1,0.706974983215332,0.29302501678466797
Lung_Dx-G0058,1,0.8894329071044922,0.11056715995073318
Lung_Dx-G0058,1,0.33352017402648926,0.6664798259735107
Lung_Dx-G0058,1,0.8599580526351929,0.14004197716712952
Lung_Dx-G0058,1,0.986929178237915,0.013070784509181976
Lung_Dx-G0058,1,0.7276127338409424,0.27238729596138
Lung_Dx-G0058,1,0.9977172613143921,0.00228277500718832
Lung_Dx-G0058,1,0.5742157101631165,0.42578426003456116
Lung_Dx-G0058,1,0.6569196581840515,0.3430803418159485
Lung_Dx-G0058,1,0.5982975363731384,0.40170249342918396
Lung_Dx-G0058,1,0.7834919095039368,0.21650807559490204
Lung_Dx-G0058,1,0.9312752485275269,0.06872475892305374
Lung_Dx-G0058,1,0.9979210495948792,0.002078914549201727
Lung_Dx-G0058,1,0.1605619490146637,0.8394380211830139
Lung_Dx-G0058,1,0.9994714856147766,0.0005285091465339065
Lung_Dx-G0058,1,0.9968273043632507,0.0031726830638945103
Lung_Dx-G0058,1,0.9896317720413208,0.010368156246840954
Lung_Dx-G0058,1,0.8013535141944885,0.19864650070667267
Lung_Dx-G0058,1,0.9422415494918823,0.05775843933224678
Lung_Dx-G0058,1,0.09248266369104385,0.9075173139572144
Lung_Dx-G0058,1,0.08251233398914337,0.9174876809120178
Lung_Dx-G0058,1,0.9973580241203308,0.0026419467758387327
Lung_Dx-G0058,1,0.8369547128677368,0.1630452573299408
Lung_Dx-G0058,1,0.0009830882772803307,0.9990168809890747
Lung_Dx-G0058,1,0.5419694781303406,0.4580305218696594
Lung_Dx-G0058,1,0.7823300957679749,0.21766994893550873
Lung_Dx-G0058,1,0.05170163884758949,0.9482983350753784
Lung_Dx-G0058,1,0.9253649115562439,0.07463504374027252
Lung_Dx-G0058,1,0.9926113486289978,0.007388676051050425
Lung_Dx-G0058,1,0.8958876132965088,0.1041124165058136
Lung_Dx-G0058,1,0.9710468649864197,0.02895316481590271
Lung_Dx-G0058,1,0.9965233206748962,0.003476650919765234
Lung_Dx-G0058,1,0.06342433393001556,0.936575710773468
Lung_Dx-G0058,1,0.9950177073478699,0.004982269834727049
Lung_Dx-G0058,1,0.7799091339111328,0.22009089589118958
Lung_Dx-G0058,1,0.5209532976150513,0.4790467321872711
Lung_Dx-G0058,1,0.9836912155151367,0.01630876585841179
Lung_Dx-G0058,1,0.879974365234375,0.1200256273150444
Lung_Dx-G0058,1,0.9928091764450073,0.007190811913460493
Lung_Dx-G0058,1,0.8458787798881531,0.15412120521068573
Lung_Dx-G0058,1,0.934035062789917,0.06596493721008301
Lung_Dx-G0058,1,0.9887554049491882,0.011244560591876507
Lung_Dx-G0058,1,0.9821169972419739,0.01788301020860672
Lung_Dx-G0058,1,0.4108596742153168,0.5891403555870056
Lung_Dx-G0058,1,0.8881781101226807,0.11182182282209396
Lung_Dx-G0058,1,0.08024928718805313,0.9197507500648499
Lung_Dx-G0058,1,0.018923569470643997,0.9810764789581299
Lung_Dx-G0058,1,0.9308364987373352,0.06916356831789017
Lung_Dx-G0058,1,0.7542141675949097,0.24578581750392914
Lung_Dx-G0058,1,0.9791954755783081,0.02080448903143406
Lung_Dx-G0058,1,0.049085184931755066,0.9509148001670837
Lung_Dx-G0058,1,0.951323390007019,0.048676569014787674
Lung_Dx-G0058,1,0.04505753517150879,0.9549424648284912
Lung_Dx-G0058,1,0.23898282647132874,0.7610172033309937
Lung_Dx-G0058,1,0.9646891355514526,0.03531079366803169
Lung_Dx-G0058,1,0.9584988951683044,0.04150110110640526
Lung_Dx-G0058,1,0.8962059617042542,0.10379403829574585
Lung_Dx-G0058,1,0.9468429088592529,0.05315703526139259
Lung_Dx-G0058,1,0.03488088771700859,0.9651191234588623
Lung_Dx-G0058,1,0.9282788634300232,0.07172112166881561
Lung_Dx-G0058,1,0.9896317720413208,0.010368156246840954
Lung_Dx-G0058,1,0.21333619952201843,0.7866637706756592
Lung_Dx-G0058,1,0.955026388168335,0.04497356340289116
Lung_Dx-G0058,1,0.7995206117630005,0.2004794031381607
Lung_Dx-G0058,1,0.14922116696834564,0.8507788777351379
Lung_Dx-G0058,1,0.7661187648773193,0.23388129472732544
Lung_Dx-G0058,1,0.9794526100158691,0.02054743468761444
Lung_Dx-G0058,1,9.461262379772961e-05,0.9999053478240967
Lung_Dx-G0058,1,0.33244583010673523,0.6675541400909424
Lung_Dx-G0058,1,0.7544630169868469,0.24553699791431427
Lung_Dx-G0058,1,0.9987550973892212,0.0012448433553799987
Lung_Dx-G0058,1,0.8905800580978394,0.10941995680332184
Lung_Dx-G0058,1,0.8274101614952087,0.17258979380130768
Lung_Dx-G0058,1,0.9951796531677246,0.0048203435726463795
Lung_Dx-G0058,1,0.24229523539543152,0.7577047348022461
Lung_Dx-G0058,1,0.3428877592086792,0.6571122407913208
Lung_Dx-G0058,1,0.9544354677200317,0.045564454048871994
Lung_Dx-G0058,1,0.730770468711853,0.26922956109046936
Lung_Dx-G0058,1,0.9801673293113708,0.019832711666822433
Lung_Dx-G0058,1,0.9119276404380798,0.08807232230901718
Lung_Dx-G0058,1,0.5780909061431885,0.42190903425216675
Lung_Dx-G0058,1,0.8356177806854248,0.16438227891921997
Lung_Dx-G0058,1,0.9731387495994568,0.026861201971769333
Lung_Dx-G0058,1,0.996870219707489,0.0031297362875193357
Lung_Dx-G0058,1,0.9986541271209717,0.0013458605390042067
Lung_Dx-G0058,1,0.6792584657669067,0.32074153423309326
Lung_Dx-G0058,1,0.0020667947828769684,0.9979332685470581
Lung_Dx-G0058,1,0.9955403208732605,0.004459704738110304
Lung_Dx-G0058,1,0.9989412426948547,0.0010587475262582302
Lung_Dx-G0058,1,0.04073109105229378,0.9592689275741577
Lung_Dx-A0203,0,0.85500568151474,0.14499424397945404
Lung_Dx-A0203,0,0.9914058446884155,0.008594110608100891
Lung_Dx-A0203,0,0.28397995233535767,0.7160201072692871
Lung_Dx-A0203,0,0.9950467348098755,0.004953306633979082
Lung_Dx-A0203,0,0.9751071333885193,0.02489280141890049
Lung_Dx-A0203,0,0.9199306964874268,0.08006925880908966
Lung_Dx-A0203,0,0.9921689629554749,0.007831050083041191
Lung_Dx-A0203,0,0.9775643944740295,0.0224356260150671
Lung_Dx-A0203,0,0.9792551398277283,0.020744889974594116
Lung_Dx-A0203,0,0.9336731433868408,0.06632687151432037
Lung_Dx-A0203,0,0.9582651257514954,0.041734807193279266
Lung_Dx-A0203,0,0.998672366142273,0.0013276094105094671
Lung_Dx-A0203,0,0.7850614786148071,0.21493849158287048
Lung_Dx-A0203,0,0.9993797540664673,0.0006202511722221971
Lung_Dx-A0203,0,0.9438672661781311,0.05613277852535248
Lung_Dx-A0203,0,0.8211875557899475,0.1788124442100525
Lung_Dx-A0203,0,0.9870545864105225,0.012945407070219517
Lung_Dx-A0203,0,0.24332764744758606,0.7566723227500916
Lung_Dx-A0203,0,0.991859495639801,0.008140463382005692
Lung_Dx-A0203,0,0.9945095181465149,0.005490563809871674
Lung_Dx-A0203,0,0.9525741338729858,0.04742587357759476
Lung_Dx-A0203,0,0.9993201494216919,0.000679842836689204
Lung_Dx-A0203,0,0.9980005621910095,0.001999432221055031
Lung_Dx-A0203,0,0.07613248378038406,0.9238675236701965
Lung_Dx-A0203,0,0.8252379298210144,0.17476211488246918
Lung_Dx-A0203,0,0.997654139995575,0.0023459075018763542
Lung_Dx-A0203,0,0.9917961359024048,0.008203785866498947
Lung_Dx-A0203,0,0.8699357509613037,0.13006427884101868
Lung_Dx-A0203,0,0.9831175804138184,0.01688246615231037
Lung_Dx-A0203,0,0.27245986461639404,0.727540135383606
Lung_Dx-A0203,0,0.005490563809871674,0.9945095181465149
Lung_Dx-A0203,0,0.995685338973999,0.00431468803435564
Lung_Dx-A0203,0,0.9990490078926086,0.0009510131203569472
Lung_Dx-A0203,0,0.016106342896819115,0.983893632888794
Lung_Dx-A0203,0,0.6175018548965454,0.38249820470809937
Lung_Dx-A0203,0,0.9532750844955444,0.04672496020793915
Lung_Dx-A0203,0,0.9814888834953308,0.01851104386150837
Lung_Dx-A0203,0,0.998661994934082,0.0013380079763010144
Lung_Dx-A0203,0,0.9954350590705872,0.004564980510622263
Lung_Dx-A0203,0,0.9836441874504089,0.016355833038687706
Lung_Dx-A0203,0,0.9957020878791809,0.004297938663512468
Lung_Dx-A0203,0,0.896975576877594,0.1030244305729866
Lung_Dx-A0203,0,0.9851289987564087,0.014871004037559032
Lung_Dx-A0203,0,0.9781146049499512,0.021885454654693604
Lung_Dx-A0203,0,0.9633687138557434,0.03663136810064316
Lung_Dx-A0203,0,0.9931362867355347,0.006863781251013279
Lung_Dx-A0203,0,0.9995280504226685,0.00047193223144859076
Lung_Dx-A0203,0,0.9971383810043335,0.00286157988011837
Lung_Dx-A0203,0,0.9944773316383362,0.005522650200873613
Lung_Dx-A0203,0,0.9918753504753113,0.008124709129333496
Lung_Dx-A0203,0,0.9756929278373718,0.024307018145918846
Lung_Dx-A0203,0,0.9492946267127991,0.05070536211133003
Lung_Dx-A0203,0,0.9163345098495483,0.08366550505161285
Lung_Dx-A0203,0,0.997188150882721,0.0028118586633354425
Lung_Dx-A0203,0,0.9792749285697937,0.020725062116980553
Lung_Dx-A0203,0,0.9973529577255249,0.0026470983866602182
Lung_Dx-A0203,0,0.997821569442749,0.002178466646000743
Lung_Dx-A0203,0,0.9946358799934387,0.0053640566766262054
Lung_Dx-A0203,0,0.9976949095726013,0.002305125119164586
Lung_Dx-A0203,0,0.2492644488811493,0.7507355809211731
Lung_Dx-A0203,0,0.9123190641403198,0.08768095076084137
Lung_Dx-A0203,0,0.9936487078666687,0.006351235322654247
Lung_Dx-A0203,0,0.6095241904258728,0.3904758393764496
Lung_Dx-A0203,0,0.9920002222061157,0.007999754510819912
Lung_Dx-A0203,0,0.996870219707489,0.0031297362875193357
Lung_Dx-A0203,0,0.9883578419685364,0.011642225086688995
Lung_Dx-A0203,0,0.7082630395889282,0.29173699021339417
Lung_Dx-A0203,0,0.9988440275192261,0.0011559006525203586
Lung_Dx-A0203,0,0.9974983334541321,0.002501696813851595
Lung_Dx-A0203,0,0.9989474415779114,0.001052568550221622
Lung_Dx-A0203,0,0.91957026720047,0.08042966574430466
Lung_Dx-A0203,0,0.9442282915115356,0.05577168986201286
Lung_Dx-A0203,0,0.9902538657188416,0.009746103547513485
Lung_Dx-A0203,0,0.8315537571907043,0.16844618320465088
Lung_Dx-A0203,0,0.9978925585746765,0.0021074723917990923
Lung_Dx-A0203,0,0.9988707900047302,0.0011291545815765858
Lung_Dx-A0203,0,0.9983483552932739,0.0016517005860805511
Lung_Dx-A0203,0,0.975669801235199,0.02433018945157528
Lung_Dx-A0203,0,0.9707987308502197,0.029201293364167213
Lung_Dx-A0203,0,0.9933459758758545,0.006654009222984314
Lung_Dx-A0203,0,0.9973887801170349,0.0026112478226423264
Lung_Dx-A0203,0,0.9724147915840149,0.027585284784436226
Lung_Dx-A0203,0,0.5011482238769531,0.49885180592536926
Lung_Dx-A0203,0,0.9990091323852539,0.0009907908970490098
Lung_Dx-A0203,0,0.15450352430343628,0.845496416091919
Lung_Dx-A0203,0,0.8400622606277466,0.15993772447109222
Lung_Dx-A0203,0,0.9851289987564087,0.014871004037559032
Lung_Dx-A0203,0,0.6011838316917419,0.3988161087036133
Lung_Dx-A0203,0,0.9825239777565002,0.01747598871588707
Lung_Dx-A0203,0,0.9949100613594055,0.005089918151497841
Lung_Dx-A0203,0,0.626388430595398,0.37361153960227966
Lung_Dx-A0203,0,0.9828891754150391,0.01711089164018631
Lung_Dx-A0203,0,0.9771320223808289,0.02286800742149353
Lung_Dx-A0203,0,0.9621431827545166,0.03785684332251549
Lung_Dx-A0203,0,0.9824568033218384,0.017543187364935875
Lung_Dx-A0203,0,0.9297599792480469,0.07024005055427551
Lung_Dx-A0203,0,0.9951040744781494,0.004895880818367004
Lung_Dx-A0203,0,0.9942250847816467,0.005774930119514465
Lung_Dx-A0203,0,0.9989161491394043,0.0010838276939466596
Lung_Dx-A0203,0,0.9968944787979126,0.0031054560095071793
Lung_Dx-A0203,0,0.996160626411438,0.003839395008981228
Lung_Dx-A0203,0,0.9923638105392456,0.007636216469109058
Lung_Dx-A0203,0,0.9979332685470581,0.0020667947828769684
Lung_Dx-A0203,0,0.9943581223487854,0.005641908850520849
Lung_Dx-A0203,0,0.9589241147041321,0.04107588902115822
Lung_Dx-A0203,0,0.9980657696723938,0.0019342610612511635
Lung_Dx-A0203,0,0.8477157950401306,0.15228421986103058
Lung_Dx-A0203,0,0.9985306262969971,0.001469321083277464
Lung_Dx-A0203,0,0.9024807214736938,0.09751924872398376
Lung_Dx-A0203,0,0.3443607687950134,0.6556392908096313
Lung_Dx-A0203,0,0.05198967084288597,0.9480103254318237
Lung_Dx-A0203,0,0.9979652166366577,0.002034817123785615
Lung_Dx-A0203,0,0.10927728563547134,0.8907226920127869
Lung_Dx-A0203,0,0.41914263367652893,0.5808573365211487
Lung_Dx-A0203,0,0.9814355969429016,0.018564347177743912
Lung_Dx-A0203,0,0.8996515870094299,0.10034841299057007
Lung_Dx-A0203,0,0.9992620348930359,0.000737919588573277
Lung_Dx-A0185,0,0.9849563241004944,0.015043660998344421
Lung_Dx-A0185,0,0.9978883862495422,0.002111583948135376
Lung_Dx-A0185,0,0.9658352136611938,0.03416481614112854
Lung_Dx-A0185,0,0.952530026435852,0.047470010817050934
Lung_Dx-A0185,0,0.9905691146850586,0.00943081732839346
Lung_Dx-A0185,0,0.9970478415489197,0.002952147973701358
Lung_Dx-A0185,0,0.99664306640625,0.0033569515217095613
Lung_Dx-A0185,0,0.9877113699913025,0.012288596481084824
Lung_Dx-A0185,0,0.9963357448577881,0.003664220217615366
Lung_Dx-A0185,0,0.9965435862541199,0.003456409787759185
Lung_Dx-A0185,0,0.9859634041786194,0.014036569744348526
Lung_Dx-A0185,0,0.9939963817596436,0.006003595422953367
Lung_Dx-A0185,0,0.9951230883598328,0.004876886960119009
Lung_Dx-A0185,0,0.9048188328742981,0.09518111497163773
Lung_Dx-A0185,0,0.9910145401954651,0.008985428139567375
Lung_Dx-A0185,0,0.9937708973884583,0.006229157093912363
Lung_Dx-A0185,0,0.9215696454048157,0.07843036204576492
Lung_Dx-A0185,0,0.9976859092712402,0.0023141265846788883
Lung_Dx-A0185,0,0.9799956679344177,0.020004287362098694
Lung_Dx-A0185,0,0.9887337684631348,0.011266296729445457
Lung_Dx-A0185,0,0.9852997064590454,0.014700298197567463
Lung_Dx-A0185,0,0.9815951585769653,0.018404891714453697
Lung_Dx-A0185,0,0.998084545135498,0.0019154998008161783
Lung_Dx-A0185,0,0.9990264177322388,0.0009735437924973667
Lung_Dx-A0185,0,0.996656060218811,0.0033439078833907843
Lung_Dx-A0185,0,0.9091436266899109,0.0908564105629921
Lung_Dx-A0185,0,0.9924666285514832,0.007533306255936623
Lung_Dx-A0185,0,0.9903663396835327,0.009633652865886688
Lung_Dx-A0185,0,0.9950946569442749,0.004905405919998884
Lung_Dx-A0185,0,0.9984512329101562,0.0015487611526623368
Lung_Dx-A0185,0,0.9708540439605713,0.029145972803235054
Lung_Dx-A0185,0,0.9901401400566101,0.00985985528677702
Lung_Dx-A0185,0,0.9957352876663208,0.004264634568244219
Lung_Dx-A0185,0,0.725356936454773,0.27464309334754944
Lung_Dx-A0185,0,0.9974689483642578,0.0025311114732176065
Lung_Dx-A0185,0,0.9957601428031921,0.004239825066179037
Lung_Dx-A0185,0,0.8773192167282104,0.12268078327178955
Lung_Dx-A0185,0,0.8841893672943115,0.11581064015626907
Lung_Dx-A0185,0,0.9790157079696655,0.020984293892979622
Lung_Dx-A0185,0,0.8664717674255371,0.13352815806865692
Lung_Dx-A0189,0,0.9989556074142456,0.0010443859500810504
Lung_Dx-A0189,0,0.9983124732971191,0.0016875095898285508
Lung_Dx-A0189,0,0.8254490494728088,0.17455095052719116
Lung_Dx-A0189,0,0.9985249638557434,0.0014750633854418993
Lung_Dx-A0189,0,0.9755069613456726,0.024492992088198662
Lung_Dx-A0189,0,0.9996485710144043,0.0003514382697176188
Lung_Dx-A0189,0,0.9997294545173645,0.0002705336082726717
Lung_Dx-A0189,0,0.9981791973114014,0.0018208295805379748
Lung_Dx-A0189,0,0.9961903095245361,0.003809629939496517
Lung_Dx-A0189,0,0.9999181032180786,8.188144420273602e-05
Lung_Dx-A0189,0,0.998095691204071,0.001904330332763493
Lung_Dx-A0189,0,0.9845606088638306,0.015439390204846859
Lung_Dx-A0189,0,0.35533085465431213,0.6446691751480103
Lung_Dx-A0189,0,0.9980238676071167,0.001976184081286192
Lung_Dx-A0189,0,0.9817706942558289,0.01822929084300995
Lung_Dx-A0189,0,0.9984330534934998,0.0015669888816773891
Lung_Dx-A0189,0,0.8107787370681763,0.18922127783298492
Lung_Dx-A0189,0,0.7651110291481018,0.2348889410495758
Lung_Dx-A0189,0,0.9975274205207825,0.0024726232513785362
Lung_Dx-A0189,0,0.9981397390365601,0.0018602986820042133
Lung_Dx-A0189,0,0.9995835423469543,0.0004165018326602876
Lung_Dx-A0189,0,0.988949179649353,0.011050795204937458
Lung_Dx-A0189,0,0.9983354210853577,0.0016646332805976272
Lung_Dx-A0189,0,0.9954967498779297,0.004503272473812103
Lung_Dx-A0189,0,0.7326396107673645,0.2673603594303131
Lung_Dx-A0189,0,0.9989616870880127,0.0010382907930761576
Lung_Dx-A0189,0,0.9995299577713013,0.0004700932477135211
Lung_Dx-A0189,0,0.8286617398262024,0.17133831977844238
Lung_Dx-A0189,0,0.9998745918273926,0.00012533750850707293
Lung_Dx-A0189,0,0.9514138102531433,0.04858620837330818
Lung_Dx-A0189,0,0.929568350315094,0.07043161243200302
Lung_Dx-A0189,0,0.9994046688079834,0.0005953406216576695
Lung_Dx-A0189,0,0.997880220413208,0.002119830809533596
Lung_Dx-A0189,0,0.9997357726097107,0.00026426833937875926
Lung_Dx-A0189,0,0.03213106095790863,0.9678689241409302
Lung_Dx-A0189,0,0.9996185302734375,0.0003814711526501924
Lung_Dx-A0189,0,0.9982959628105164,0.0017040417296811938
Lung_Dx-A0189,0,0.9785493016242981,0.02145073190331459
Lung_Dx-A0189,0,0.42923498153686523,0.5707650184631348
Lung_Dx-A0189,0,0.9800339937210083,0.019966036081314087
Lung_Dx-A0189,0,0.7280963063240051,0.27190372347831726
Lung_Dx-A0189,0,0.9992519021034241,0.0007480700733140111
Lung_Dx-A0189,0,0.9850572943687439,0.014942705631256104
Lung_Dx-A0189,0,0.9781979322433472,0.021801987662911415
Lung_Dx-A0189,0,0.9993255138397217,0.0006745559512637556
Lung_Dx-A0189,0,0.7217677235603333,0.27823227643966675
Lung_Dx-A0189,0,0.39406976103782654,0.6059302091598511
Lung_Dx-A0189,0,0.998091995716095,0.001908046193420887
Lung_Dx-A0189,0,0.6036689877510071,0.3963310122489929
Lung_Dx-A0189,0,0.9970536231994629,0.0029464049730449915
Lung_Dx-A0189,0,0.6827059388160706,0.31729403138160706
Lung_Dx-A0189,0,0.9924666285514832,0.007533306255936623
Lung_Dx-A0189,0,0.999208390712738,0.0007916296017356217
Lung_Dx-A0189,0,0.9980695843696594,0.0019304943270981312
Lung_Dx-A0189,0,0.16371268033981323,0.8362873792648315
Lung_Dx-A0189,0,0.9877469539642334,0.012253089807927608
Lung_Dx-A0189,0,0.999695897102356,0.00030415886431001127
Lung_Dx-A0189,0,0.9959298968315125,0.004070138093084097
Lung_Dx-A0189,0,0.9938309192657471,0.006168994586914778
Lung_Dx-A0189,0,0.9993988275527954,0.0006011794903315604
Lung_Dx-A0189,0,0.9980770349502563,0.0019229825120419264
Lung_Dx-A0189,0,0.9808025360107422,0.019197450950741768
Lung_Dx-A0189,0,0.9912885427474976,0.008711383678019047
Lung_Dx-A0189,0,0.9955834746360779,0.0044165560975670815
Lung_Dx-A0189,0,0.9992792010307312,0.0007208380266092718
Lung_Dx-A0189,0,0.9964273571968079,0.0035726833157241344
Lung_Dx-A0189,0,0.9961381554603577,0.003861870151013136
Lung_Dx-A0189,0,0.9887337684631348,0.011266296729445457
Lung_Dx-A0189,0,0.8936347365379333,0.10636527091264725
Lung_Dx-A0189,0,0.9970536231994629,0.0029464049730449915
Lung_Dx-A0189,0,0.9969722032546997,0.0030278353951871395
Lung_Dx-A0189,0,0.9968273043632507,0.0031726830638945103
Lung_Dx-A0189,0,0.9988642930984497,0.0011357826879248023
Lung_Dx-A0189,0,0.9990507960319519,0.0009491591481491923
Lung_Dx-A0189,0,0.9802431464195251,0.019756920635700226
Lung_Dx-A0189,0,0.9960314631462097,0.003968500066548586
Lung_Dx-A0189,0,0.9985392093658447,0.0014607495395466685
Lung_Dx-A0189,0,0.9993638396263123,0.0006361911655403674
Lung_Dx-A0189,0,0.9995299577713013,0.0004700932477135211
Lung_Dx-A0189,0,0.9723359942436218,0.027663977816700935
Lung_Dx-A0189,0,0.9951984286308289,0.004801641218364239
Lung_Dx-A0189,0,0.991169810295105,0.008830243721604347
Lung_Dx-A0189,0,0.9997208714485168,0.00027911883080378175
Lung_Dx-A0189,0,0.8170641660690308,0.18293586373329163
Lung_Dx-A0189,0,0.9967268705368042,0.0032730645034462214
Lung_Dx-A0189,0,0.06714798510074615,0.9328519701957703
Lung_Dx-A0189,0,0.9943251013755798,0.005674875341355801
Lung_Dx-A0189,0,0.9842154383659363,0.01578456163406372
Lung_Dx-A0189,0,0.995566189289093,0.004433765076100826
Lung_Dx-A0189,0,0.9991012811660767,0.0008986912434920669
Lung_Dx-A0189,0,0.9993904829025269,0.0006094501004554331
Lung_Dx-A0189,0,0.99826580286026,0.001734208082780242
Lung_Dx-A0189,0,0.9938309192657471,0.006168994586914778
Lung_Dx-A0189,0,0.9995513558387756,0.000448575709015131
Lung_Dx-A0189,0,0.9983738660812378,0.0016261349665001035
Lung_Dx-A0189,0,0.9994611144065857,0.0005389273865148425
Lung_Dx-A0189,0,0.9959456324577332,0.0040543340146541595
Lung_Dx-A0189,0,0.9951040744781494,0.004895880818367004
Lung_Dx-A0189,0,0.9994340538978577,0.0005658799782395363
Lung_Dx-A0189,0,0.9940658807754517,0.005934066604822874
Lung_Dx-A0234,0,0.987129271030426,0.01287075038999319
Lung_Dx-A0234,0,0.9888203740119934,0.011179601773619652
Lung_Dx-A0234,0,0.997730553150177,0.002269468503072858
Lung_Dx-A0234,0,0.9980695843696594,0.0019304943270981312
Lung_Dx-A0234,0,0.9983450174331665,0.001654924126341939
Lung_Dx-A0234,0,0.98973149061203,0.010268432088196278
Lung_Dx-A0234,0,0.9989896416664124,0.0010103128151968122
Lung_Dx-A0234,0,0.9988120794296265,0.0011879054363816977
Lung_Dx-A0234,0,0.9908213019371033,0.009178773500025272
Lung_Dx-A0234,0,0.9993988275527954,0.0006011794903315604
Lung_Dx-A0234,0,0.9971550703048706,0.0028449094388633966
Lung_Dx-A0234,0,0.9956685304641724,0.004331502132117748
Lung_Dx-A0234,0,0.9960237741470337,0.003976228181272745
Lung_Dx-A0234,0,0.9952724575996399,0.004727549850940704
Lung_Dx-A0234,0,0.9974441528320312,0.002555886749178171
Lung_Dx-A0234,0,0.9939143061637878,0.006085737142711878
Lung_Dx-A0234,0,0.9981141090393066,0.0018858587136492133
Lung_Dx-A0234,0,0.9985449314117432,0.0014550627674907446
Lung_Dx-A0234,0,0.9966233968734741,0.003376612439751625
Lung_Dx-A0234,0,0.9931893348693848,0.006810730788856745
Lung_Dx-A0234,0,0.9991390705108643,0.0008609260548837483
Lung_Dx-A0234,0,0.9975225329399109,0.002477445174008608
Lung_Dx-A0234,0,0.9817706942558289,0.01822929084300995
Lung_Dx-A0234,0,0.9966625571250916,0.003337404690682888
Lung_Dx-A0234,0,0.9978594183921814,0.002140589291229844
Lung_Dx-A0234,0,0.9978594183921814,0.002140589291229844
Lung_Dx-A0234,0,0.9982624650001526,0.0017375927418470383
Lung_Dx-A0234,0,0.995470404624939,0.004529616795480251
Lung_Dx-A0234,0,0.9981613755226135,0.0018386653391644359
Lung_Dx-A0234,0,0.9976949095726013,0.002305125119164586
Lung_Dx-A0234,0,0.9917643666267395,0.008235630579292774
Lung_Dx-A0234,0,0.9998644590377808,0.00013552079326473176
Lung_Dx-A0234,0,0.988469660282135,0.011530389077961445
Lung_Dx-A0234,0,0.9852997064590454,0.014700298197567463
Lung_Dx-A0234,0,0.9877586960792542,0.012241275981068611
Lung_Dx-A0234,0,0.9986801743507385,0.0013198636006563902
Lung_Dx-A0234,0,0.9971160888671875,0.0028839593287557364
Lung_Dx-A0234,0,0.9990890026092529,0.0009110512328334153
Lung_Dx-A0234,0,0.998848557472229,0.001151399570517242
Lung_Dx-A0234,0,0.9955315589904785,0.00446838466450572
Lung_Dx-A0234,0,0.9904959201812744,0.009504081681370735
Lung_Dx-A0234,0,0.9895715713500977,0.01042845007032156
Lung_Dx-A0234,0,0.9917803406715393,0.00821969285607338
Lung_Dx-A0234,0,0.9951419830322266,0.004857966210693121
Lung_Dx-A0234,0,0.9960082769393921,0.0039917281828820705
Lung_Dx-A0234,0,0.9984602928161621,0.0015397268580272794
Lung_Dx-A0234,0,0.9974341988563538,0.0025658647064119577
Lung_Dx-A0234,0,0.9829219579696655,0.01707807369530201
Lung_Dx-A0234,0,0.9980083107948303,0.001991652650758624
Lung_Dx-A0234,0,0.996570348739624,0.0034296035300940275
Lung_Dx-A0234,0,0.9967899918556213,0.003209961112588644
Lung_Dx-A0234,0,0.9919847846031189,0.008015268482267857
Lung_Dx-A0234,0,0.9985702037811279,0.001429745345376432
Lung_Dx-A0234,0,0.9989657402038574,0.0010342469904571772
Lung_Dx-A0234,0,0.9994857311248779,0.0005142608424648643
Lung_Dx-A0234,0,0.9933589100837708,0.006641112733632326
Lung_Dx-A0234,0,0.9989033937454224,0.0010965894907712936
Lung_Dx-A0234,0,0.9990034699440002,0.0009966078214347363
Lung_Dx-A0234,0,0.9987792372703552,0.001220795325934887
Lung_Dx-A0234,0,0.9930693507194519,0.006930672097951174
Lung_Dx-A0234,0,0.9978843331336975,0.0021157036535441875
Lung_Dx-A0234,0,0.9998666048049927,0.0001334200205747038
Lung_Dx-A0234,0,0.9984176158905029,0.001582341967150569
Lung_Dx-A0234,0,0.9944880604743958,0.005511933472007513
Lung_Dx-A0234,0,0.9890342950820923,0.01096574030816555
Lung_Dx-A0234,0,0.9950177073478699,0.004982269834727049
Lung_Dx-A0234,0,0.9984083771705627,0.0015916259726509452
Lung_Dx-A0234,0,0.9973580241203308,0.0026419467758387327
Lung_Dx-A0234,0,0.9917323589324951,0.008267596364021301
Lung_Dx-A0234,0,0.9973631501197815,0.0026368051767349243
Lung_Dx-A0234,0,0.9989738464355469,0.001026206649839878
Lung_Dx-A0234,0,0.9966233968734741,0.003376612439751625
Lung_Dx-A0234,0,0.9962051510810852,0.003794834017753601
Lung_Dx-A0234,0,0.9975513815879822,0.002448652870953083
Lung_Dx-A0234,0,0.9963215589523315,0.003678509034216404
Lung_Dx-A0234,0,0.9986006617546082,0.0013993984321132302
Lung_Dx-A0234,0,0.998507559299469,0.001492425100877881
Lung_Dx-A0234,0,0.9899281859397888,0.010071823373436928
Lung_Dx-A0234,0,0.9986801743507385,0.0013198636006563902
Lung_Dx-A0234,0,0.999189555644989,0.000810387369710952
Lung_Dx-A0234,0,0.9974491000175476,0.0025509123224765062
Lung_Dx-A0234,0,0.9998812675476074,0.000118667958304286
Lung_Dx-A0234,0,0.9826908707618713,0.017309095710515976
Lung_Dx-A0234,0,0.9987305998802185,0.0012693643802776933
Lung_Dx-A0234,0,0.9942362904548645,0.005763726774603128
Lung_Dx-A0234,0,0.9983611702919006,0.0016388678923249245
Lung_Dx-A0234,0,0.9980543851852417,0.00194560585077852
Lung_Dx-A0234,0,0.9991151690483093,0.0008847707067616284
Lung_Dx-A0234,0,0.9897116422653198,0.01028829999268055
Lung_Dx-A0234,0,0.9998960494995117,0.0001039106646203436
Lung_Dx-A0234,0,0.9966949224472046,0.003305078949779272
Lung_Dx-G0052,1,0.9280183911323547,0.07198163121938705
Lung_Dx-G0052,1,0.001761469873599708,0.9982385635375977
Lung_Dx-G0052,1,0.9624266624450684,0.037573304027318954
Lung_Dx-G0052,1,0.9527063369750977,0.04729370027780533
Lung_Dx-G0052,1,0.0038769261445850134,0.9961230158805847
Lung_Dx-G0052,1,0.9955315589904785,0.00446838466450572
Lung_Dx-G0052,1,0.9917803406715393,0.00821969285607338
Lung_Dx-G0052,1,0.799089789390564,0.20091019570827484
Lung_Dx-G0052,1,0.6631783843040466,0.33682167530059814
Lung_Dx-G0052,1,0.986954391002655,0.013045614585280418
Lung_Dx-G0052,1,0.7929456830024719,0.20705434679985046
Lung_Dx-G0052,1,0.9051128029823303,0.09488716721534729
Lung_Dx-G0052,1,0.9971103668212891,0.002889581024646759
Lung_Dx-G0052,1,0.9984662532806396,0.0015337332151830196
Lung_Dx-G0052,1,0.0753123089671135,0.9246877431869507
Lung_Dx-G0052,1,0.9776071906089783,0.02239282988011837
Lung_Dx-G0052,1,0.036356665194034576,0.9636433720588684
Lung_Dx-G0052,1,0.016898682340979576,0.9831013083457947
Lung_Dx-G0052,1,0.9967076778411865,0.0032922360114753246
Lung_Dx-G0052,1,0.9959771037101746,0.004022909794002771
Lung_Dx-G0052,1,0.1675589233636856,0.8324410915374756
Lung_Dx-G0052,1,0.9455505013465881,0.054449573159217834
Lung_Dx-G0052,1,3.1504291655437555e-06,0.9999969005584717
Lung_Dx-G0052,1,0.9343352913856506,0.06566473096609116
Lung_Dx-G0052,1,0.9986114501953125,0.0013885233784094453
Lung_Dx-G0052,1,0.9994207620620728,0.0005792917218059301
Lung_Dx-G0052,1,0.9759464263916016,0.024053553119301796
Lung_Dx-G0052,1,0.9064462184906006,0.09355370700359344
Lung_Dx-G0052,1,0.38623881340026855,0.6137611865997314
Lung_Dx-G0052,1,9.68560780165717e-05,0.9999030828475952
Lung_Dx-G0052,1,0.940298318862915,0.059701740741729736
Lung_Dx-G0052,1,0.33945798873901367,0.6605420112609863
Lung_Dx-G0052,1,0.5183023810386658,0.4816976487636566
Lung_Dx-G0052,1,0.9873506426811218,0.012649319134652615
Lung_Dx-G0052,1,0.010881332680583,0.9891186952590942
Lung_Dx-G0052,1,0.9880388379096985,0.01196109876036644
Lung_Dx-G0052,1,0.9375547766685486,0.06244529038667679
Lung_Dx-G0052,1,0.9913222789764404,0.008677717298269272
Lung_Dx-G0052,1,0.9809308648109436,0.019069157540798187
Lung_Dx-G0052,1,0.9683812260627747,0.031618766486644745
Lung_Dx-G0052,1,0.9920772910118103,0.007922627963125706
Lung_Dx-G0052,1,0.988711953163147,0.011288074776530266
Lung_Dx-G0052,1,0.9975703358650208,0.002429643413051963
Lung_Dx-G0052,1,0.9828232526779175,0.017176710069179535
Lung_Dx-G0052,1,0.9821512699127197,0.01784873753786087
Lung_Dx-G0052,1,0.9992475509643555,0.0007524627144448459
Lung_Dx-G0052,1,0.9999128580093384,8.716189040569589e-05
Lung_Dx-G0052,1,0.9847670197486877,0.0152329346165061
Lung_Dx-G0052,1,1.7026027876454464e-07,0.9999998807907104
Lung_Dx-G0052,1,0.9529695510864258,0.047030385583639145
Lung_Dx-G0052,1,0.0003012038941960782,0.9996988773345947
Lung_Dx-G0052,1,0.9738940596580505,0.026105916127562523
Lung_Dx-G0052,1,0.0908564105629921,0.9091436266899109
Lung_Dx-G0052,1,0.9906237721443176,0.009376238100230694
Lung_Dx-G0052,1,7.411280421365518e-06,0.9999926090240479
Lung_Dx-G0052,1,0.7389988303184509,0.2610011696815491
Lung_Dx-G0052,1,0.28806814551353455,0.7119318842887878
Lung_Dx-G0052,1,0.8088611364364624,0.19113889336585999
Lung_Dx-G0052,1,0.7757322788238525,0.22426775097846985
Lung_Dx-G0052,1,0.9965368509292603,0.0034631439484655857
Lung_Dx-G0052,1,0.009072806686162949,0.9909272193908691
Lung_Dx-G0052,1,0.026912305504083633,0.973087728023529
Lung_Dx-G0052,1,0.9963500499725342,0.003649987280368805
Lung_Dx-G0052,1,0.02145073190331459,0.9785493016242981
Lung_Dx-G0052,1,0.997166097164154,0.002833849750459194
Lung_Dx-G0052,1,0.04858620837330818,0.9514138102531433
Lung_Dx-G0052,1,0.29818472266197205,0.7018152475357056
Lung_Dx-G0052,1,0.9924958944320679,0.007504157721996307
Lung_Dx-G0052,1,0.9942586421966553,0.005741385277360678
Lung_Dx-G0052,1,0.9879229664802551,0.012077060528099537
Lung_Dx-G0052,1,0.9231084585189819,0.07689148187637329
Lung_Dx-G0052,1,0.27342885732650757,0.7265711426734924
Lung_Dx-G0052,1,0.9961079955101013,0.003892041277140379
Lung_Dx-G0052,1,0.9915544390678406,0.008445627987384796
Lung_Dx-G0052,1,0.997188150882721,0.0028118586633354425
Lung_Dx-G0052,1,0.9954791069030762,0.004520817194133997
Lung_Dx-G0052,1,0.0030994152184575796,0.9969005584716797
Lung_Dx-G0052,1,0.9792153835296631,0.02078460343182087
Lung_Dx-G0052,1,0.04443143308162689,0.9555686116218567
Lung_Dx-G0052,1,0.19632494449615479,0.8036749958992004
Lung_Dx-G0052,1,0.009376238100230694,0.9906237721443176
Lung_Dx-G0052,1,0.951323390007019,0.048676569014787674
Lung_Dx-G0052,1,0.08659343421459198,0.9134065508842468
Lung_Dx-G0052,1,0.9910320043563843,0.008968053385615349
Lung_Dx-G0052,1,0.961533784866333,0.0384661927819252
Lung_Dx-G0052,1,0.9968519806861877,0.0031480705365538597
Lung_Dx-G0052,1,0.9565531015396118,0.043446894735097885
Lung_Dx-G0052,1,0.981577455997467,0.01842254213988781
Lung_Dx-G0052,1,0.9868533611297607,0.013146585784852505
Lung_Dx-G0052,1,0.9975703358650208,0.002429643413051963
Lung_Dx-G0052,1,0.9358759522438049,0.06412401050329208
Lung_Dx-G0052,1,0.8419556617736816,0.15804436802864075
Lung_Dx-G0052,1,0.9682914614677429,0.031708598136901855
Lung_Dx-G0052,1,0.9955142140388489,0.004485794808715582
Lung_Dx-G0052,1,0.9782395958900452,0.021760374307632446
Lung_Dx-G0052,1,0.988863468170166,0.011136502958834171
Lung_Dx-G0052,1,0.9025237560272217,0.0974762812256813
Lung_Dx-G0052,1,0.7215470671653748,0.27845296263694763
Lung_Dx-G0052,1,0.5548925995826721,0.44510743021965027
Lung_Dx-G0052,1,0.005312204826623201,0.9946877956390381
Lung_Dx-G0052,1,0.11611096560955048,0.8838890194892883
Lung_Dx-G0052,1,0.9968457818031311,0.003154205624014139
Lung_Dx-G0052,1,0.852506160736084,0.14749377965927124
Lung_Dx-G0052,1,0.0010005044750869274,0.9989995360374451
Lung_Dx-G0052,1,0.9987527132034302,0.0012472739908844233
Lung_Dx-G0052,1,0.07602950930595398,0.9239705204963684
Lung_Dx-G0052,1,0.9798805117607117,0.020119478926062584
Lung_Dx-G0052,1,0.00355880381539464,0.9964411854743958
Lung_Dx-G0052,1,0.20145951211452484,0.798540472984314
Lung_Dx-G0052,1,0.030530942603945732,0.9694690108299255
Lung_Dx-G0052,1,0.5875604748725891,0.4124395549297333
Lung_Dx-G0052,1,0.019032660871744156,0.9809673428535461
Lung_Dx-G0052,1,0.9937587976455688,0.006241259630769491
Lung_Dx-G0052,1,0.634423017501831,0.36557701230049133
Lung_Dx-G0052,1,0.00902028102427721,0.9909797310829163
Lung_Dx-G0052,1,0.9621075391769409,0.0378924235701561
Lung_Dx-G0052,1,0.6889395117759705,0.31106051802635193
Lung_Dx-G0052,1,0.9974639415740967,0.002536047250032425
Lung_Dx-G0052,1,0.9551102519035339,0.04488975182175636
Lung_Dx-G0052,1,4.5304377636057325e-06,0.9999954700469971
Lung_Dx-G0052,1,0.7588682174682617,0.24113182723522186
Lung_Dx-G0052,1,0.9993423819541931,0.0006576552405022085
Lung_Dx-G0052,1,7.543320680269971e-05,0.9999245405197144
Lung_Dx-G0052,1,0.07049557566642761,0.92950439453125
Lung_Dx-G0052,1,0.9529695510864258,0.047030385583639145
Lung_Dx-G0052,1,1.9833367332466878e-05,0.9999802112579346
Lung_Dx-G0052,1,0.9769567847251892,0.023043233901262283
Lung_Dx-G0052,1,0.10899246484041214,0.8910075426101685
Lung_Dx-G0052,1,0.9918753504753113,0.008124709129333496
Lung_Dx-G0052,1,0.9978883862495422,0.002111583948135376
Lung_Dx-G0052,1,0.13992440700531006,0.8600755929946899
Lung_Dx-G0052,1,0.9946463704109192,0.005353646818548441
Lung_Dx-G0052,1,0.6317079067230225,0.36829209327697754
Lung_Dx-A0244,0,0.9976722598075867,0.0023276936262845993
Lung_Dx-A0244,0,0.999944806098938,5.518923353520222e-05
Lung_Dx-A0244,0,0.9997091889381409,0.00029080171952955425
Lung_Dx-A0244,0,0.9996259212493896,0.00037409563083201647
Lung_Dx-A0244,0,0.9992958307266235,0.0007041516364552081
Lung_Dx-A0244,0,0.9989076852798462,0.0010923190275207162
Lung_Dx-A0244,0,0.9999001026153564,9.99303229036741e-05
Lung_Dx-A0244,0,0.9996287822723389,0.00037118542240932584
Lung_Dx-A0244,0,0.9997826218605042,0.00021739141084253788
Lung_Dx-A0244,0,0.9970130920410156,0.0029868432320654392
Lung_Dx-A0244,0,0.9994837045669556,0.0005162725574336946
Lung_Dx-A0244,0,0.9969306588172913,0.003069387748837471
Lung_Dx-A0244,0,0.9993188381195068,0.0006811710773035884
Lung_Dx-A0244,0,0.9985785484313965,0.0014214043039828539
Lung_Dx-A0244,0,0.9993638396263123,0.0006361911655403674
Lung_Dx-A0244,0,0.9978426694869995,0.0021573419217020273
Lung_Dx-A0244,0,0.9984145164489746,0.0015854306984692812
Lung_Dx-A0244,0,0.9993094205856323,0.0006905414629727602
Lung_Dx-A0244,0,0.9980199337005615,0.0019800397567451
Lung_Dx-A0244,0,0.9984021782875061,0.001597845577634871
Lung_Dx-A0244,0,0.9986567497253418,0.0013432379346340895
Lung_Dx-A0244,0,0.9981470108032227,0.0018530595116317272
Lung_Dx-A0244,0,0.999956488609314,4.348858055891469e-05
Lung_Dx-A0244,0,0.9993410706520081,0.0006589401164092124
Lung_Dx-A0244,0,0.9994837045669556,0.0005162725574336946
Lung_Dx-A0244,0,0.9998051524162292,0.00019487277313601226
Lung_Dx-A0244,0,0.9973477125167847,0.0026522597763687372
Lung_Dx-A0244,0,0.9981288313865662,0.001871210290119052
Lung_Dx-A0244,0,0.9998915195465088,0.00010847241355804726
Lung_Dx-A0244,0,0.9997225403785706,0.0002774886379484087
Lung_Dx-A0244,0,0.9983354210853577,0.0016646332805976272
Lung_Dx-A0244,0,0.9998084902763367,0.00019147784041706473
Lung_Dx-A0244,0,0.9993108510971069,0.0006891950615681708
Lung_Dx-A0173,0,0.9987719655036926,0.0012279604561626911
Lung_Dx-A0173,0,0.9991880059242249,0.0008119703852571547
Lung_Dx-A0173,0,0.9915052056312561,0.008494837209582329
Lung_Dx-A0173,0,0.9982522130012512,0.0017477857181802392
Lung_Dx-A0173,0,0.9947493672370911,0.005250641144812107
Lung_Dx-A0173,0,0.9957020878791809,0.004297938663512468
Lung_Dx-A0173,0,0.9960391521453857,0.003960787318646908
Lung_Dx-A0173,0,0.9941913485527039,0.005808669608086348
Lung_Dx-A0173,0,0.9901971817016602,0.009802816435694695
Lung_Dx-A0173,0,0.9948704242706299,0.005129634402692318
Lung_Dx-A0173,0,0.999552309513092,0.00044770087697543204
Lung_Dx-A0173,0,0.9891397356987,0.010860332287847996
Lung_Dx-A0173,0,0.9996416568756104,0.0003583672805689275
Lung_Dx-A0173,0,0.9921992421150208,0.007800757884979248
Lung_Dx-A0173,0,0.9921080470085144,0.007891984656453133
Lung_Dx-A0173,0,0.997607946395874,0.0023920657113194466
Lung_Dx-A0173,0,0.994820237159729,0.005179713014513254
Lung_Dx-A0173,0,0.9978760480880737,0.002123966347426176
Lung_Dx-A0173,0,0.9973425269126892,0.0026574311777949333
Lung_Dx-A0173,0,0.9989738464355469,0.001026206649839878
Lung_Dx-A0173,0,0.9957767128944397,0.004223365802317858
Lung_Dx-A0173,0,0.9972477555274963,0.002752256579697132
Lung_Dx-A0173,0,0.9995643496513367,0.0004356301506049931
Lung_Dx-A0173,0,0.998248815536499,0.0017511966871097684
Lung_Dx-A0173,0,0.9978001713752747,0.0021997978910803795
Lung_Dx-A0173,0,0.994401752948761,0.005598248448222876
Lung_Dx-A0173,0,0.9894090890884399,0.010590936057269573
Lung_Dx-A0173,0,0.9976032376289368,0.0023967307060956955
Lung_Dx-A0173,0,0.9971827268600464,0.0028173404280096292
Lung_Dx-A0173,0,0.9740179777145386,0.02598206140100956
Lung_Dx-A0173,0,0.9932680726051331,0.006731917150318623
Lung_Dx-A0173,0,0.9982859492301941,0.0017140384297817945
Lung_Dx-A0173,0,0.9970130920410156,0.0029868432320654392
Lung_Dx-A0173,0,0.998121440410614,0.0018785203574225307
Lung_Dx-A0173,0,0.9956176280975342,0.004382336977869272
Lung_Dx-A0173,0,0.9990745782852173,0.0009253848693333566
Lung_Dx-A0173,0,0.9964893460273743,0.0035106490831822157
Lung_Dx-A0173,0,0.9979007244110107,0.002099273493513465
Lung_Dx-A0173,0,0.9928370118141174,0.007162978406995535
Lung_Dx-A0173,0,0.9897909760475159,0.010209054686129093
Lung_Dx-A0173,0,0.9896317720413208,0.010368156246840954
Lung_Dx-A0173,0,0.9880620241165161,0.011938040144741535
Lung_Dx-A0173,0,0.9951889514923096,0.004810982383787632
Lung_Dx-A0173,0,0.9969425797462463,0.0030574577394872904
Lung_Dx-A0173,0,0.9924813508987427,0.007518718484789133
Lung_Dx-A0173,0,0.9940197467803955,0.005980330053716898
Lung_Dx-A0173,0,0.9986955523490906,0.00130450667347759
Lung_Dx-A0173,0,0.9838472008705139,0.01615283451974392
Lung_Dx-A0173,0,0.991859495639801,0.008140463382005692
Lung_Dx-A0173,0,0.9960159659385681,0.003983970265835524
Lung_Dx-A0173,0,0.994213879108429,0.005786154884845018
Lung_Dx-A0173,0,0.9884026646614075,0.011597362346947193
Lung_Dx-A0173,0,0.9756466746330261,0.024353383108973503
Lung_Dx-A0173,0,0.9967837333679199,0.0032162165734916925
Lung_Dx-A0173,0,0.9975751042366028,0.0024249141570180655
Lung_Dx-A0173,0,0.9812927842140198,0.01870722882449627
Lung_Dx-A0173,0,0.9790357351303101,0.020964238792657852
Lung_Dx-A0173,0,0.9971160888671875,0.0028839593287557364
Lung_Dx-A0173,0,0.9889278411865234,0.011072160676121712
Lung_Dx-A0173,0,0.9982926249504089,0.0017073675990104675
Lung_Dx-A0173,0,0.9986435770988464,0.001356401713564992
Lung_Dx-A0173,0,0.9970190525054932,0.002981032943353057
Lung_Dx-A0173,0,0.9910838603973389,0.008916126564145088
Lung_Dx-A0173,0,0.9943690896034241,0.005630961619317532
Lung_Dx-A0173,0,0.9944773316383362,0.005522650200873613
Lung_Dx-A0173,0,0.9995678067207336,0.0004322415334172547
Lung_Dx-A0173,0,0.9968149065971375,0.0031850605737417936
Lung_Dx-A0173,0,0.9955229759216309,0.0044770813547074795
Lung_Dx-A0173,0,0.9956769347190857,0.004323086701333523
Lung_Dx-A0173,0,0.997368335723877,0.0026316740550100803
Lung_Dx-A0173,0,0.9965097308158875,0.003490210510790348
Lung_Dx-A0173,0,0.9970073103904724,0.0029926651623100042
Lung_Dx-A0173,0,0.9984662532806396,0.0015337332151830196
Lung_Dx-A0173,0,0.9976993203163147,0.0023006375413388014
Lung_Dx-A0173,0,0.9939143061637878,0.006085737142711878
Lung_Dx-A0173,0,0.9862577319145203,0.01374232117086649
Lung_Dx-A0184,0,0.9909622073173523,0.009037754498422146
Lung_Dx-A0184,0,0.9996302127838135,0.00036973884562030435
Lung_Dx-A0184,0,0.9984145164489746,0.0015854306984692812
Lung_Dx-A0184,0,0.9911182522773743,0.008881675079464912
Lung_Dx-A0184,0,0.9546896815299988,0.04531031847000122
Lung_Dx-A0184,0,0.9893062710762024,0.010693758726119995
Lung_Dx-A0184,0,0.9939261078834534,0.006073934491723776
Lung_Dx-A0184,0,0.9995531439781189,0.0004468277038540691
Lung_Dx-A0184,0,0.9963215589523315,0.003678509034216404
Lung_Dx-A0184,0,0.25996652245521545,0.7400334477424622
Lung_Dx-A0184,0,0.9990978240966797,0.0009022055310197175
Lung_Dx-A0184,0,0.9752489924430847,0.0247509703040123
Lung_Dx-A0184,0,0.999072790145874,0.0009271923918277025
Lung_Dx-A0184,0,0.9983059167861938,0.0016941032372415066
Lung_Dx-A0184,0,0.9733675122261047,0.026632411405444145
Lung_Dx-A0184,0,0.9933846592903137,0.006615392863750458
Lung_Dx-A0184,0,0.9992114305496216,0.0007885457598604262
Lung_Dx-A0184,0,0.9840323328971863,0.015967654064297676
Lung_Dx-A0184,0,0.9711838364601135,0.02881619706749916
Lung_Dx-A0184,0,0.8320320844650269,0.16796797513961792
Lung_Dx-A0184,0,0.9771755933761597,0.022824406623840332
Lung_Dx-A0184,0,0.9767136573791504,0.023286305367946625
Lung_Dx-A0184,0,0.9273632764816284,0.07263670116662979
Lung_Dx-A0184,0,0.9986801743507385,0.0013198636006563902
Lung_Dx-A0184,0,0.9697281122207642,0.030271871015429497
Lung_Dx-A0184,0,0.9931362867355347,0.006863781251013279
Lung_Dx-A0184,0,0.9970934391021729,0.0029065124690532684
Lung_Dx-A0184,0,0.9996423721313477,0.00035766829387284815
Lung_Dx-A0184,0,0.9983059167861938,0.0016941032372415066
Lung_Dx-A0184,0,0.9997867941856384,0.0002131875662598759
Lung_Dx-A0184,0,0.9995986819267273,0.00040133504080586135
Lung_Dx-A0184,0,0.9977830052375793,0.002217013156041503
Lung_Dx-A0184,0,0.9968641400337219,0.00313583598472178
Lung_Dx-A0184,0,0.3484511077404022,0.6515489220619202
Lung_Dx-A0184,0,0.9505488872528076,0.04945112764835358
Lung_Dx-A0184,0,0.9978468418121338,0.002153141424059868
Lung_Dx-A0184,0,0.1243724524974823,0.8756275177001953
Lung_Dx-A0184,0,0.9744347929954529,0.025565212592482567
Lung_Dx-A0184,0,0.9993550181388855,0.0006449432112276554
Lung_Dx-A0184,0,0.9991975426673889,0.0008025182760320604
Lung_Dx-A0184,0,0.9786311388015747,0.021368887275457382
Lung_Dx-A0184,0,0.9997016787528992,0.00029827762045897543
Lung_Dx-A0184,0,0.9937222599983215,0.006277706474065781
Lung_Dx-A0184,0,0.9992606043815613,0.000739361101295799
Lung_Dx-A0184,0,0.9944342970848083,0.0055657243356108665
Lung_Dx-A0184,0,0.9988620281219482,0.001138000632636249
Lung_Dx-A0184,0,0.9999409914016724,5.8978344895876944e-05
Lung_Dx-A0184,0,0.999808132648468,0.00019185213022865355
Lung_Dx-A0184,0,0.9976859092712402,0.0023141265846788883
Lung_Dx-A0184,0,0.9998140931129456,0.00018595057190395892
Lung_Dx-A0184,0,0.9981030225753784,0.0018969200318679214
Lung_Dx-A0184,0,0.9997498393058777,0.000250207755016163
Lung_Dx-A0184,0,0.9997774958610535,0.0002225455391453579
Lung_Dx-A0184,0,0.9803562164306641,0.019643759354948997
Lung_Dx-A0184,0,0.018194368109107018,0.9818056225776672
Lung_Dx-A0184,0,0.39460915327072144,0.6053908467292786
Lung_Dx-A0184,0,0.28839370608329773,0.7116063237190247
Lung_Dx-A0184,0,0.9996505975723267,0.00034938580938614905
Lung_Dx-A0184,0,0.9926113486289978,0.007388676051050425
Lung_Dx-A0184,0,0.9994093179702759,0.0005907104350626469
Lung_Dx-A0184,0,0.9991490840911865,0.0008509045583195984
Lung_Dx-A0184,0,0.9916841983795166,0.008315779268741608
Lung_Dx-A0184,0,0.9961680769920349,0.0038319320883601904
Lung_Dx-A0184,0,0.9995262622833252,0.0004737784620374441
Lung_Dx-A0184,0,0.9812568426132202,0.018743114545941353
Lung_Dx-A0184,0,0.9870795607566833,0.012920473702251911
Lung_Dx-A0184,0,0.9110215306282043,0.08897848427295685
Lung_Dx-A0184,0,0.999552309513092,0.00044770087697543204
Lung_Dx-A0184,0,0.9700985550880432,0.029901403933763504
Lung_Dx-A0184,0,0.9987280964851379,0.0012718428624793887
Lung_Dx-A0184,0,0.9998522996902466,0.00014768038818147033
Lung_Dx-A0184,0,0.20673386752605438,0.7932661771774292
Lung_Dx-A0184,0,0.9990359544754028,0.0009640919743105769
Lung_Dx-A0184,0,0.9996862411499023,0.00031381085864268243
Lung_Dx-A0184,0,0.9991474151611328,0.0008525666780769825
Lung_Dx-A0184,0,0.983628511428833,0.016371551901102066
Lung_Dx-A0184,0,0.9954791069030762,0.004520817194133997
Lung_Dx-A0184,0,0.9810037016868591,0.0189962275326252
Lung_Dx-A0184,0,0.9942250847816467,0.005774930119514465
Lung_Dx-G0051,1,0.9069831967353821,0.09301680326461792
Lung_Dx-G0051,1,0.8106288909912109,0.18937113881111145
Lung_Dx-G0051,1,0.8704321384429932,0.12956786155700684
Lung_Dx-G0051,1,0.9945095181465149,0.005490563809871674
Lung_Dx-G0051,1,0.9994046688079834,0.0005953406216576695
Lung_Dx-G0051,1,0.9936610460281372,0.006338921375572681
Lung_Dx-G0051,1,0.9942474365234375,0.005752545315772295
Lung_Dx-G0051,1,0.9957020878791809,0.004297938663512468
Lung_Dx-G0051,1,0.9735442399978638,0.026455776765942574
Lung_Dx-G0051,1,0.9966691136360168,0.0033309145364910364
Lung_Dx-G0051,1,0.9986169338226318,0.001383117400109768
Lung_Dx-G0051,1,0.7662498950958252,0.23375006020069122
Lung_Dx-G0051,1,0.004783010575920343,0.995216965675354
Lung_Dx-G0051,1,0.9097468256950378,0.09025324136018753
Lung_Dx-G0051,1,0.9983990788459778,0.0016009644605219364
Lung_Dx-G0051,1,0.9984021782875061,0.001597845577634871
Lung_Dx-G0051,1,0.7988937497138977,0.20110628008842468
Lung_Dx-G0051,1,0.9776285290718079,0.022371459752321243
Lung_Dx-G0051,1,0.9987768530845642,0.001223179162479937
Lung_Dx-G0051,1,0.9984691739082336,0.001530744950287044
Lung_Dx-G0051,1,0.7355466485023499,0.26445335149765015
Lung_Dx-G0051,1,0.9969125986099243,0.0030873692594468594
Lung_Dx-G0051,1,0.970687747001648,0.02931223064661026
Lung_Dx-G0051,1,0.9998644590377808,0.00013552079326473176
Lung_Dx-G0051,1,0.13741666078567505,0.8625832796096802
Lung_Dx-G0051,1,0.7954992651939392,0.2045007199048996
Lung_Dx-G0051,1,0.051941562443971634,0.9480584859848022
Lung_Dx-G0051,1,0.8082186579704285,0.19178137183189392
Lung_Dx-G0051,1,0.9916841983795166,0.008315779268741608
Lung_Dx-G0051,1,0.9995694756507874,0.0004305570910219103
Lung_Dx-G0051,1,0.965217649936676,0.034782394766807556
Lung_Dx-G0051,1,0.9990053772926331,0.0009946650825440884
Lung_Dx-G0051,1,0.6039902567863464,0.39600977301597595
Lung_Dx-G0051,1,0.9790357351303101,0.020964238792657852
Lung_Dx-G0051,1,0.9989328980445862,0.0010670424671843648
Lung_Dx-G0051,1,0.9824735522270203,0.01752636395394802
Lung_Dx-G0051,1,0.676993727684021,0.323006272315979
Lung_Dx-G0051,1,0.7251136898994446,0.2748863399028778
Lung_Dx-G0051,1,0.9983738660812378,0.0016261349665001035
Lung_Dx-G0051,1,0.9527063369750977,0.04729370027780533
Lung_Dx-G0051,1,0.9970190525054932,0.002981032943353057
Lung_Dx-G0051,1,0.9883801937103271,0.011619770899415016
Lung_Dx-G0051,1,0.8337988257408142,0.16620120406150818
Lung_Dx-G0051,1,0.9984021782875061,0.001597845577634871
Lung_Dx-G0051,1,0.2682938873767853,0.7317060828208923
Lung_Dx-G0051,1,0.9991752505302429,0.0008247465593740344
Lung_Dx-G0051,1,0.9655115008354187,0.03448852524161339
Lung_Dx-G0051,1,0.9998332262039185,0.00016668821626808494
Lung_Dx-G0051,1,0.6941990256309509,0.3058009743690491
Lung_Dx-G0051,1,0.7097992897033691,0.29020076990127563
Lung_Dx-G0051,1,0.973993182182312,0.026006782427430153
Lung_Dx-G0051,1,0.973036527633667,0.026963500306010246
Lung_Dx-G0051,1,0.975669801235199,0.02433018945157528
Lung_Dx-G0051,1,0.898944079875946,0.10105591267347336
Lung_Dx-G0051,1,0.9357587099075317,0.06424132734537125
Lung_Dx-G0051,1,0.9986141920089722,0.0013858178863301873
Lung_Dx-G0051,1,0.5349465608596802,0.46505340933799744
Lung_Dx-G0051,1,0.8392075896263123,0.16079244017601013
Lung_Dx-G0051,1,0.9848109483718872,0.015189049765467644
Lung_Dx-G0051,1,0.9953904151916504,0.004609572701156139
Lung_Dx-G0051,1,0.9973113536834717,0.0026886719278991222
Lung_Dx-G0051,1,0.9704086184501648,0.02959137223660946
Lung_Dx-G0051,1,0.7741567492485046,0.2258431762456894
Lung_Dx-G0051,1,0.999808132648468,0.00019185213022865355
Lung_Dx-G0051,1,0.9993067979812622,0.000693242356646806
Lung_Dx-G0051,1,0.9893165826797485,0.010683431290090084
Lung_Dx-G0051,1,0.9984691739082336,0.001530744950287044
Lung_Dx-G0051,1,0.9991238713264465,0.0008761799545027316
Lung_Dx-G0051,1,0.9870045781135559,0.012995414435863495
Lung_Dx-G0051,1,0.572181224822998,0.42781874537467957
Lung_Dx-G0051,1,0.9574770927429199,0.04252295196056366
Lung_Dx-G0051,1,0.9191721677780151,0.08082780987024307
Lung_Dx-G0051,1,0.9966495633125305,0.003350423416122794
Lung_Dx-G0051,1,0.9934101700782776,0.006589771248400211
Lung_Dx-G0051,1,0.23445047438144684,0.7655495405197144
Lung_Dx-G0051,1,0.9987404942512512,0.0012594986474141479
Lung_Dx-G0051,1,0.8768981695175171,0.12310183793306351
Lung_Dx-G0051,1,0.9813822507858276,0.018617801368236542
Lung_Dx-G0051,1,0.9915870428085327,0.008412977680563927
Lung_Dx-G0051,1,0.9846199154853821,0.015380123630166054
Lung_Dx-G0051,1,0.9886024594306946,0.01139758713543415
Lung_Dx-G0051,1,0.9969544410705566,0.0030455742962658405
Lung_Dx-G0051,1,0.9972531199455261,0.002746901009231806
Lung_Dx-G0051,1,0.9963215589523315,0.003678509034216404
Lung_Dx-G0051,1,0.8571115136146545,0.14288842678070068
Lung_Dx-G0051,1,0.9982555508613586,0.0017443812685087323
Lung_Dx-G0051,1,0.9969956874847412,0.0030043430160731077
Lung_Dx-G0051,1,0.6572635173797607,0.34273651242256165
Lung_Dx-G0051,1,0.4576214551925659,0.5423785448074341
Lung_Dx-G0051,1,0.9323301911354065,0.0676698088645935
Lung_Dx-G0051,1,0.6699540615081787,0.3300459384918213
Lung_Dx-G0051,1,0.85930997133255,0.14069007337093353
Lung_Dx-G0051,1,0.9994766116142273,0.0005233756965026259
Lung_Dx-G0051,1,0.9872773289680481,0.012722709216177464
Lung_Dx-G0051,1,0.9991507530212402,0.0008492456981912255
Lung_Dx-G0051,1,0.999963641166687,3.633632877608761e-05
Lung_Dx-G0051,1,0.9853278994560242,0.014672034420073032
Lung_Dx-G0051,1,0.9992021918296814,0.0007978334906511009
Lung_Dx-G0051,1,0.9897712469100952,0.010228808969259262
Lung_Dx-G0051,1,0.5144917964935303,0.4855082035064697
Lung_Dx-G0051,1,0.9339146018028259,0.06608537584543228
Lung_Dx-G0051,1,0.9835811853408813,0.01641879603266716
Lung_Dx-G0051,1,0.9996705055236816,0.0003295087371952832
Lung_Dx-G0042,1,0.7981867790222168,0.2018132209777832
Lung_Dx-G0042,1,0.9881537556648254,0.011846235953271389
Lung_Dx-G0042,1,0.987829327583313,0.01217062957584858
Lung_Dx-G0042,1,0.021287351846694946,0.9787126779556274
Lung_Dx-G0042,1,0.9974341988563538,0.0025658647064119577
Lung_Dx-G0042,1,0.9987624883651733,0.001237579737789929
Lung_Dx-G0042,1,0.2728956639766693,0.7271043658256531
Lung_Dx-G0042,1,0.994168758392334,0.005831271409988403
Lung_Dx-G0042,1,0.47458553314208984,0.5254144668579102
Lung_Dx-G0042,1,0.9932025074958801,0.006797531619668007
Lung_Dx-G0042,1,0.9895513653755188,0.010448625311255455
Lung_Dx-G0042,1,0.987794041633606,0.012205901555716991
Lung_Dx-G0042,1,0.988863468170166,0.011136502958834171
Lung_Dx-G0042,1,0.9968396425247192,0.0031603528186678886
Lung_Dx-G0042,1,0.9412234425544739,0.05877656117081642
Lung_Dx-G0042,1,0.9979047775268555,0.0020951859187334776
Lung_Dx-G0042,1,0.9930961728096008,0.006903838366270065
Lung_Dx-G0042,1,0.9848692417144775,0.015130728483200073
Lung_Dx-G0042,1,0.9609882831573486,0.03901166468858719
Lung_Dx-G0042,1,0.9932418465614319,0.00675808684900403
Lung_Dx-G0042,1,0.9935117363929749,0.0064882696606218815
Lung_Dx-G0042,1,0.9942809343338013,0.005719129927456379
Lung_Dx-G0042,1,0.9876281023025513,0.012371846474707127
Lung_Dx-G0042,1,0.010159831494092941,0.9898401498794556
Lung_Dx-G0042,1,0.8550662994384766,0.14493373036384583
Lung_Dx-G0042,1,0.9961755275726318,0.003824483836069703
Lung_Dx-G0042,1,0.8745601773262024,0.12543988227844238
Lung_Dx-G0042,1,0.10311470925807953,0.896885335445404
Lung_Dx-G0042,1,0.007800757884979248,0.9921992421150208
Lung_Dx-G0042,1,0.8068526387214661,0.19314737617969513
Lung_Dx-G0042,1,0.9429286122322083,0.05707140266895294
Lung_Dx-G0042,1,0.05546393245458603,0.9445360898971558
Lung_Dx-G0042,1,0.952530026435852,0.047470010817050934
Lung_Dx-G0042,1,0.9904775619506836,0.009522486478090286
Lung_Dx-G0042,1,0.9963143467903137,0.0036856739316135645
Lung_Dx-G0042,1,0.9985785484313965,0.0014214043039828539
Lung_Dx-G0042,1,0.8794577121734619,0.12054230272769928
Lung_Dx-G0042,1,0.9617859125137329,0.038214150816202164
Lung_Dx-G0042,1,0.972362220287323,0.027637720108032227
Lung_Dx-G0042,1,0.23961614072322845,0.7603838443756104
Lung_Dx-G0042,1,0.9946980476379395,0.005301894620060921
Lung_Dx-G0042,1,0.9971272349357605,0.0028727480676025152
Lung_Dx-G0042,1,0.8856809139251709,0.11431907117366791
Lung_Dx-G0042,1,0.9990034699440002,0.0009966078214347363
Lung_Dx-G0042,1,0.0016875095898285508,0.9983124732971191
Lung_Dx-G0042,1,0.9976859092712402,0.0023141265846788883
Lung_Dx-G0042,1,0.9927672147750854,0.007232763338834047
Lung_Dx-G0042,1,0.8328492641448975,0.16715067625045776
Lung_Dx-G0042,1,0.7964508533477783,0.20354917645454407
Lung_Dx-G0042,1,0.996434211730957,0.003565736347809434
Lung_Dx-G0042,1,0.5603428483009338,0.4396571218967438
Lung_Dx-G0042,1,0.988469660282135,0.011530389077961445
Lung_Dx-G0042,1,0.9787330031394958,0.021267015486955643
Lung_Dx-G0042,1,0.9962051510810852,0.003794834017753601
Lung_Dx-G0042,1,0.9997181296348572,0.0002818572102114558
Lung_Dx-G0042,1,0.9928508996963501,0.007149101700633764
Lung_Dx-G0042,1,0.42700839042663574,0.5729915499687195
Lung_Dx-G0042,1,0.9961456060409546,0.003854363691061735
Lung_Dx-G0042,1,0.8470844030380249,0.15291562676429749
Lung_Dx-G0042,1,0.9944342970848083,0.0055657243356108665
Lung_Dx-G0042,1,0.7632191181182861,0.23678085207939148
Lung_Dx-G0042,1,0.9468920826911926,0.05310790240764618
Lung_Dx-G0042,1,0.2639786899089813,0.7360212802886963
Lung_Dx-G0042,1,0.995969295501709,0.004030743148177862
Lung_Dx-G0042,1,0.9879695177078247,0.012030543759465218
Lung_Dx-G0042,1,0.9737446904182434,0.026255300268530846
Lung_Dx-G0042,1,0.9975225329399109,0.002477445174008608
Lung_Dx-G0042,1,0.9897116422653198,0.01028829999268055
Lung_Dx-G0042,1,0.9762653708457947,0.023734688758850098
Lung_Dx-G0042,1,0.9972903728485107,0.002709702355787158
Lung_Dx-G0042,1,0.9965097308158875,0.003490210510790348
Lung_Dx-G0042,1,0.6933691501617432,0.30663084983825684
Lung_Dx-G0042,1,0.998553454875946,0.0014465744607150555
Lung_Dx-G0042,1,0.9975844621658325,0.0024154833517968655
Lung_Dx-G0042,1,0.9860979318618774,0.013902058824896812
Lung_Dx-G0042,1,0.9929198622703552,0.0070801181718707085
Lung_Dx-G0042,1,0.13992440700531006,0.8600755929946899
Lung_Dx-G0042,1,0.9914721846580505,0.008527800440788269
Lung_Dx-G0042,1,0.9984959363937378,0.001504112733528018
Lung_Dx-G0042,1,0.9799189567565918,0.020081009715795517
Lung_Dx-G0042,1,0.005501238163560629,0.9944987893104553
Lung_Dx-G0042,1,0.9875203371047974,0.012479700148105621
Lung_Dx-G0042,1,0.9863631129264832,0.013636834919452667
Lung_Dx-G0042,1,0.514705240726471,0.48529478907585144
Lung_Dx-G0042,1,0.4229961633682251,0.5770038962364197
Lung_Dx-G0042,1,0.9951984286308289,0.004801641218364239
Lung_Dx-G0042,1,0.0026522597763687372,0.9973477125167847
Lung_Dx-G0042,1,0.9909096360206604,0.009090383537113667
Lung_Dx-A0225,0,0.9985392093658447,0.0014607495395466685
Lung_Dx-A0225,0,0.9975274205207825,0.0024726232513785362
Lung_Dx-A0225,0,0.9888849258422852,0.011115012690424919
Lung_Dx-A0225,0,0.9904775619506836,0.009522486478090286
Lung_Dx-A0225,0,0.9863631129264832,0.013636834919452667
Lung_Dx-A0225,0,0.9890975952148438,0.010902373120188713
Lung_Dx-A0225,0,0.9985249638557434,0.0014750633854418993
Lung_Dx-A0225,0,0.826151430606842,0.17384850978851318
Lung_Dx-A0225,0,0.9990072846412659,0.000992726068943739
Lung_Dx-A0225,0,0.9993613362312317,0.000638679601252079
Lung_Dx-A0225,0,0.985496461391449,0.014503580518066883
Lung_Dx-A0225,0,0.9997164607048035,0.0002835130726452917
Lung_Dx-A0225,0,0.9902727007865906,0.00972727220505476
Lung_Dx-A0225,0,0.9968024492263794,0.0031974867451936007
Lung_Dx-A0225,0,0.9813465476036072,0.018653521314263344
Lung_Dx-A0225,0,0.9875922799110413,0.0124076958745718
Lung_Dx-A0225,0,0.9959613680839539,0.004038591403514147
Lung_Dx-A0225,0,0.998553454875946,0.0014465744607150555
Lung_Dx-A0225,0,0.9904590845108032,0.009540924802422523
Lung_Dx-A0225,0,0.9526622891426086,0.047337718307971954
Lung_Dx-A0225,0,0.9986749291419983,0.001325022429227829
Lung_Dx-A0225,0,0.9982926249504089,0.0017073675990104675
Lung_Dx-A0225,0,0.9623913168907166,0.03760863468050957
Lung_Dx-A0225,0,0.9976218342781067,0.002378123579546809
Lung_Dx-A0225,0,0.995075523853302,0.004924510605633259
Lung_Dx-A0225,0,0.9978468418121338,0.002153141424059868
Lung_Dx-A0225,0,0.9865328073501587,0.013467121869325638
Lung_Dx-A0225,0,0.9798805117607117,0.020119478926062584
Lung_Dx-A0225,0,0.9447402954101562,0.055259641259908676
Lung_Dx-A0225,0,0.9962999224662781,0.003700045868754387
Lung_Dx-A0225,0,0.970436692237854,0.02956334501504898
Lung_Dx-A0225,0,0.9978258013725281,0.002174225402995944
Lung_Dx-A0225,0,0.9959059953689575,0.004093958530575037
Lung_Dx-A0225,0,0.9997045397758484,0.0002953798102680594
Lung_Dx-A0225,0,0.9918910264968872,0.008108983747661114
Lung_Dx-A0225,0,0.9092645049095154,0.09073548763990402
Lung_Dx-A0225,0,0.9684708714485168,0.03152918815612793
Lung_Dx-A0225,0,0.9871044158935547,0.012895587831735611
Lung_Dx-A0225,0,0.9964961409568787,0.003503822721540928
Lung_Dx-A0225,0,0.9951608777046204,0.00483911857008934
Lung_Dx-A0225,0,0.9672868847846985,0.03271312639117241
Lung_Dx-A0225,0,0.9532750844955444,0.04672496020793915
Lung_Dx-A0225,0,0.9954615235328674,0.0045384312979876995
Lung_Dx-A0225,0,0.9915380477905273,0.008461998775601387
Lung_Dx-A0225,0,0.9934738278388977,0.0065261488780379295
Lung_Dx-A0225,0,0.9872773289680481,0.012722709216177464
Lung_Dx-A0225,0,0.98046875,0.019531236961483955
Lung_Dx-A0225,0,0.9827572107315063,0.017242776229977608
Lung_Dx-A0225,0,0.9881765246391296,0.01182339433580637
Lung_Dx-A0225,0,0.9987305998802185,0.0012693643802776933
Lung_Dx-A0225,0,0.9976218342781067,0.002378123579546809
Lung_Dx-A0225,0,0.8773717880249023,0.12262824177742004
Lung_Dx-A0225,0,0.9990673661231995,0.00093263597227633
Lung_Dx-A0225,0,0.9864417314529419,0.01355824526399374
Lung_Dx-A0225,0,0.9964203834533691,0.0035796426236629486
Lung_Dx-A0225,0,0.9989098310470581,0.0010901900241151452
Lung_Dx-A0225,0,0.9984421133995056,0.0015578481834381819
Lung_Dx-G0055,1,0.9962999224662781,0.003700045868754387
Lung_Dx-G0055,1,0.9565936326980591,0.04340633004903793
Lung_Dx-G0055,1,0.826151430606842,0.17384850978851318
Lung_Dx-G0055,1,0.998217761516571,0.001782196224667132
Lung_Dx-G0055,1,0.7416740655899048,0.25832599401474
Lung_Dx-G0055,1,0.9901401400566101,0.00985985528677702
Lung_Dx-G0055,1,0.9303317666053772,0.0696682333946228
Lung_Dx-G0055,1,0.9997407793998718,0.00025915823061950505
Lung_Dx-G0055,1,0.8556100726127625,0.14438998699188232
Lung_Dx-G0055,1,0.996434211730957,0.003565736347809434
Lung_Dx-G0055,1,0.9995326995849609,0.00046734808711335063
Lung_Dx-G0055,1,0.930962085723877,0.06903792917728424
Lung_Dx-G0055,1,0.9820482730865479,0.01795174367725849
Lung_Dx-G0055,1,0.9805060625076294,0.019493870437145233
Lung_Dx-G0055,1,0.8809507489204407,0.11904920637607574
Lung_Dx-G0055,1,0.9534053802490234,0.04659464210271835
Lung_Dx-G0055,1,0.9181506633758545,0.08184940367937088
Lung_Dx-G0055,1,0.9229002594947815,0.07709969580173492
Lung_Dx-G0055,1,0.8571115136146545,0.14288842678070068
Lung_Dx-G0055,1,0.9923043847084045,0.007695647422224283
Lung_Dx-G0055,1,0.8929365277290344,0.10706345736980438
Lung_Dx-G0055,1,0.46632909774780273,0.5336708426475525
Lung_Dx-G0055,1,0.18061193823814392,0.8193880319595337
Lung_Dx-G0055,1,0.9548162817955017,0.045183755457401276
Lung_Dx-G0055,1,0.9995005130767822,0.0004994205082766712
Lung_Dx-G0055,1,0.6492728590965271,0.3507271111011505
Lung_Dx-G0055,1,0.8419880867004395,0.15801186859607697
Lung_Dx-G0055,1,0.9766246676445007,0.023375313729047775
Lung_Dx-G0055,1,0.5700920224189758,0.42990800738334656
Lung_Dx-G0055,1,0.9592307209968567,0.04076926410198212
Lung_Dx-G0055,1,0.9930017590522766,0.006998209282755852
Lung_Dx-G0055,1,0.9587313532829285,0.04126864671707153
Lung_Dx-G0055,1,0.9878996014595032,0.012100385501980782
Lung_Dx-G0055,1,0.9980429410934448,0.001957016997039318
Lung_Dx-G0055,1,0.9996874332427979,0.0003125878283753991
Lung_Dx-G0055,1,0.9594592452049255,0.04054073989391327
Lung_Dx-G0055,1,0.9434518814086914,0.056548137217760086
Lung_Dx-G0055,1,0.933612585067749,0.06638737767934799
Lung_Dx-G0055,1,0.9967013001441956,0.0032986511941999197
Lung_Dx-G0055,1,0.9145963191986084,0.08540366590023041
Lung_Dx-G0055,1,0.9816831350326538,0.018316883593797684
Lung_Dx-G0055,1,0.9997463822364807,0.00025365117471665144
Lung_Dx-G0055,1,0.8047897815704346,0.19521024823188782
Lung_Dx-G0055,1,0.5470935702323914,0.45290642976760864
Lung_Dx-G0055,1,0.9933846592903137,0.006615392863750458
Lung_Dx-G0055,1,0.9099870324134827,0.09001296758651733
Lung_Dx-G0055,1,0.9647224545478821,0.03527754545211792
Lung_Dx-G0055,1,0.9284736514091492,0.07152631133794785
Lung_Dx-G0055,1,0.8001459836959839,0.1998540163040161
Lung_Dx-G0055,1,0.2230384349822998,0.7769615650177002
Lung_Dx-G0055,1,0.9974884986877441,0.0025114635936915874
Lung_Dx-G0055,1,0.3736329674720764,0.6263670325279236
Lung_Dx-G0055,1,0.9305214285850525,0.0694785863161087
Lung_Dx-G0055,1,0.7945444583892822,0.20545557141304016
Lung_Dx-G0055,1,0.9984360337257385,0.0015639361226931214
Lung_Dx-G0055,1,0.9221324920654297,0.0778675451874733
Lung_Dx-G0055,1,0.01835203729569912,0.9816479682922363
Lung_Dx-G0055,1,0.9870545864105225,0.012945407070219517
Lung_Dx-G0055,1,0.9959298968315125,0.004070138093084097
Lung_Dx-G0055,1,0.9992648959159851,0.0007350447704084218
Lung_Dx-G0055,1,0.9963286519050598,0.003671357873827219
Lung_Dx-G0055,1,0.9983769655227661,0.001622966956347227
Lung_Dx-G0055,1,0.9999445676803589,5.540522397495806e-05
Lung_Dx-G0055,1,0.9845902919769287,0.01540972851216793
Lung_Dx-G0055,1,0.998454213142395,0.0015457437839359045
Lung_Dx-G0055,1,0.6958549618721008,0.3041450083255768
Lung_Dx-G0055,1,0.4769146144390106,0.523085355758667
Lung_Dx-G0055,1,0.9934738278388977,0.0065261488780379295
Lung_Dx-G0055,1,0.7793218493461609,0.2206781655550003
Lung_Dx-G0055,1,0.9919535517692566,0.008046386763453484
Lung_Dx-G0055,1,0.9935992956161499,0.0064007299952209
Lung_Dx-G0055,1,0.9643886089324951,0.035611413419246674
Lung_Dx-G0055,1,0.10493505746126175,0.8950649499893188
Lung_Dx-G0055,1,0.9706599116325378,0.029340026900172234
Lung_Dx-G0055,1,0.9916681051254272,0.008331900462508202
Lung_Dx-G0055,1,0.9999454021453857,5.4546289902646095e-05
Lung_Dx-G0055,1,0.358465313911438,0.641534686088562
Lung_Dx-A0188,0,0.703345775604248,0.29665428400039673
Lung_Dx-A0188,0,0.4371926486492157,0.5628073811531067
Lung_Dx-A0188,0,0.9720985889434814,0.02790137566626072
Lung_Dx-A0188,0,0.9999148845672607,8.514295041095465e-05
Lung_Dx-A0188,0,0.9999487400054932,5.124166636960581e-05
Lung_Dx-A0188,0,0.9984238147735596,0.0015761827817186713
Lung_Dx-A0188,0,0.006145091727375984,0.993854820728302
Lung_Dx-A0188,0,0.988244891166687,0.011755132116377354
Lung_Dx-A0188,0,0.6964230537414551,0.3035769462585449
Lung_Dx-A0188,0,0.9956936836242676,0.0043063051998615265
Lung_Dx-A0188,0,0.9579516053199768,0.0420483723282814
Lung_Dx-A0188,0,0.7251623272895813,0.2748377025127411
Lung_Dx-A0188,0,0.9980505704879761,0.0019494020380079746
Lung_Dx-A0188,0,0.9956516623497009,0.004348380956798792
Lung_Dx-A0188,0,0.7191618084907532,0.2808381915092468
Lung_Dx-A0188,0,0.9962564706802368,0.0037434976547956467
Lung_Dx-A0188,0,0.9996941089630127,0.0003059457230847329
Lung_Dx-A0188,0,0.5799357891082764,0.420064240694046
Lung_Dx-A0188,0,0.9988991022109985,0.0011008767178282142
Lung_Dx-A0188,0,0.9584988951683044,0.04150110110640526
Lung_Dx-A0188,0,0.9229697585105896,0.0770302340388298
Lung_Dx-A0188,0,0.9547319412231445,0.045268092304468155
Lung_Dx-A0188,0,0.9966036081314087,0.00339638814330101
Lung_Dx-A0188,0,0.999904990196228,9.49828972807154e-05
Lung_Dx-A0188,0,0.019985152408480644,0.9800149202346802
Lung_Dx-A0188,0,0.9796287417411804,0.020371295511722565
Lung_Dx-A0188,0,0.9624266624450684,0.037573304027318954
Lung_Dx-A0188,0,0.009504081681370735,0.9904959201812744
Lung_Dx-A0188,0,0.997992753982544,0.0020072420593351126
Lung_Dx-A0188,0,0.9999856948852539,1.434142905054614e-05
Lung_Dx-A0188,0,0.9957601428031921,0.004239825066179037
Lung_Dx-A0188,0,0.7416740655899048,0.25832599401474
Lung_Dx-A0188,0,0.9999749660491943,2.5071594791370444e-05
Lung_Dx-A0188,0,0.65704345703125,0.34295654296875
Lung_Dx-A0188,0,0.9994252920150757,0.0005747861578129232
Lung_Dx-A0188,0,0.6456786394119263,0.35432136058807373
Lung_Dx-A0188,0,0.9993410706520081,0.0006589401164092124
Lung_Dx-A0188,0,0.7871550917625427,0.21284495294094086
Lung_Dx-A0188,0,0.010228808969259262,0.9897712469100952
Lung_Dx-A0188,0,0.9982826709747314,0.0017173837404698133
Lung_Dx-A0188,0,0.9997413754463196,0.00025865272618830204
Lung_Dx-A0188,0,0.995566189289093,0.004433765076100826
Lung_Dx-A0188,0,0.9996781349182129,0.00032187814940698445
Lung_Dx-A0188,0,0.1796024888753891,0.8203974962234497
Lung_Dx-A0188,0,0.9998812675476074,0.000118667958304286
Lung_Dx-A0188,0,0.9989494681358337,0.001050516846589744
Lung_Dx-A0188,0,0.9982351064682007,0.0017649073852226138
Lung_Dx-A0188,0,0.007846239022910595,0.9921537041664124
Lung_Dx-A0188,0,0.999891996383667,0.00010804955672938377
Lung_Dx-A0188,0,0.004281254485249519,0.995718777179718
Lung_Dx-A0188,0,0.9998409748077393,0.0001590562314959243
Lung_Dx-A0188,0,0.7824131846427917,0.21758681535720825
Lung_Dx-A0188,0,0.06602513045072556,0.9339748620986938
Lung_Dx-A0188,0,0.9901592135429382,0.009840806014835835
Lung_Dx-A0188,0,0.9052385687828064,0.0947614461183548
Lung_Dx-A0188,0,0.928083598613739,0.07191642373800278
Lung_Dx-A0188,0,0.971563994884491,0.02843603491783142
Lung_Dx-A0188,0,0.9873993396759033,0.012600625865161419
Lung_Dx-A0188,0,0.8856809139251709,0.11431907117366791
Lung_Dx-A0188,0,0.6335165500640869,0.3664834499359131
Lung_Dx-A0188,0,0.9988642930984497,0.0011357826879248023
Lung_Dx-A0188,0,0.7234560251235962,0.2765439748764038
Lung_Dx-A0188,0,0.9999328851699829,6.70922381686978e-05
Lung_Dx-A0188,0,0.9140992164611816,0.08590079098939896
Lung_Dx-A0188,0,0.999783456325531,0.00021654403826687485
Lung_Dx-A0188,0,0.9983417987823486,0.001658154185861349
Lung_Dx-A0188,0,0.08965365588665009,0.910346269607544
Lung_Dx-A0188,0,0.003324436955153942,0.9966756105422974
Lung_Dx-A0188,0,0.9675945043563843,0.03240552172064781
Lung_Dx-A0188,0,8.514295041095465e-05,0.9999148845672607
Lung_Dx-A0188,0,0.9777138829231262,0.02228618785738945
Lung_Dx-A0188,0,0.973036527633667,0.026963500306010246
Lung_Dx-A0188,0,0.9927812218666077,0.007218752056360245
Lung_Dx-A0188,0,0.022180039435625076,0.9778199791908264
Lung_Dx-A0188,0,0.7923839092254639,0.20761607587337494
Lung_Dx-A0188,0,0.9980770349502563,0.0019229825120419264
Lung_Dx-A0188,0,0.35984206199645996,0.64015793800354
Lung_Dx-A0188,0,0.9991474151611328,0.0008525666780769825
Lung_Dx-A0188,0,0.0036076169926673174,0.9963924288749695
Lung_Dx-A0188,0,0.0018858587136492133,0.9981141090393066
Lung_Dx-A0188,0,0.9996862411499023,0.00031381085864268243
Lung_Dx-A0188,0,0.9861246943473816,0.013875309377908707
Lung_Dx-A0188,0,0.4547294080257416,0.545270562171936
Lung_Dx-A0188,0,0.3394733965396881,0.6605266332626343
Lung_Dx-A0188,0,0.9983288645744324,0.0016711377538740635
Lung_Dx-A0188,0,0.9157713055610657,0.0842287465929985
Lung_Dx-A0188,0,0.9997726082801819,0.00022737740073353052
Lung_Dx-A0188,0,0.9192809462547302,0.08071905374526978
Lung_Dx-A0188,0,0.9004859924316406,0.0995139554142952
Lung_Dx-A0188,0,0.9903102517127991,0.00968971662223339
Lung_Dx-A0188,0,0.731250524520874,0.268749475479126
Lung_Dx-A0188,0,0.08632348477840424,0.9136765599250793
Lung_Dx-A0188,0,0.00036329866270534694,0.9996366500854492
Lung_Dx-A0188,0,0.9305844902992249,0.06941547244787216
Lung_Dx-A0188,0,0.9961004257202148,0.0038996210787445307
Lung_Dx-A0188,0,0.9593451619148254,0.04065484553575516
Lung_Dx-A0188,0,0.9803749918937683,0.01962496154010296
Lung_Dx-A0188,0,0.9559402465820312,0.044059764593839645
Lung_Dx-A0188,0,0.06518703699111938,0.9348130226135254
Lung_Dx-A0188,0,0.9996471405029297,0.00035281325108371675
Lung_Dx-A0188,0,0.39508312940597534,0.6049168705940247
Lung_Dx-A0188,0,0.03785684332251549,0.9621431827545166
Lung_Dx-A0188,0,0.0007138378568924963,0.9992862343788147
Lung_Dx-A0188,0,0.02608109824359417,0.9739189147949219
Lung_Dx-A0188,0,0.7901662588119507,0.2098337709903717
Lung_Dx-A0188,0,0.16438227891921997,0.8356177806854248
Lung_Dx-A0188,0,0.00027640711050480604,0.9997236132621765
Lung_Dx-A0188,0,0.9843363761901855,0.015663649886846542
Lung_Dx-A0188,0,0.7338096499443054,0.2661903500556946
Lung_Dx-A0188,0,0.33093053102493286,0.6690694689750671
Lung_Dx-A0188,0,0.48935094475746155,0.5106490254402161
Lung_Dx-A0188,0,0.043691057711839676,0.956308901309967
Lung_Dx-A0188,0,0.012845958583056927,0.9871540665626526
Lung_Dx-A0188,0,0.33832302689552307,0.6616769433021545
Lung_Dx-A0188,0,0.9933459758758545,0.006654009222984314
Lung_Dx-A0188,0,0.9993916749954224,0.0006082616746425629
Lung_Dx-A0188,0,0.8219033479690552,0.17809659242630005
Lung_Dx-A0188,0,0.9719924926757812,0.028007520362734795
Lung_Dx-A0188,0,0.2834341824054718,0.7165657877922058
Lung_Dx-A0188,0,0.9969722032546997,0.0030278353951871395
Lung_Dx-A0188,0,0.9167081117630005,0.0832919329404831
Lung_Dx-A0188,0,0.8967949151992798,0.10320505499839783
Lung_Dx-A0188,0,0.9978342652320862,0.00216576736420393
Lung_Dx-A0188,0,0.33060625195503235,0.6693937182426453
Lung_Dx-A0188,0,0.010704093612730503,0.9892958998680115
Lung_Dx-A0188,0,0.9994022846221924,0.0005976693355478346
Lung_Dx-A0188,0,0.9884918928146362,0.011508150026202202
Lung_Dx-A0188,0,0.9925103187561035,0.0074896239675581455
Lung_Dx-A0188,0,0.023576801642775536,0.9764232039451599
Lung_Dx-A0188,0,0.005685906391590834,0.9943140745162964
Lung_Dx-A0188,0,0.0032986511941999197,0.9967013001441956
Lung_Dx-A0188,0,0.08130066841840744,0.9186993837356567
Lung_Dx-A0188,0,0.004924510605633259,0.995075523853302
Lung_Dx-A0188,0,0.9997325539588928,0.00026738259475678205
Lung_Dx-A0262,0,0.7159207463264465,0.2840792238712311
Lung_Dx-A0262,0,0.9983927607536316,0.0016072202706709504
Lung_Dx-A0262,0,0.9994105100631714,0.0005895585636608303
Lung_Dx-A0262,0,0.26336249709129333,0.7366374731063843
Lung_Dx-A0262,0,0.2408638745546341,0.7591361403465271
Lung_Dx-A0262,0,9.151693120657e-06,0.9999908208847046
Lung_Dx-A0262,0,0.4167670011520386,0.5832330584526062
Lung_Dx-A0262,0,0.0006538155721500516,0.9993461966514587
Lung_Dx-A0262,0,0.1196136623620987,0.8803863525390625
Lung_Dx-A0262,0,0.9010533690452576,0.09894657880067825
Lung_Dx-A0262,0,0.0011291545815765858,0.9988707900047302
Lung_Dx-A0262,0,0.9989225268363953,0.0010775026166811585
Lung_Dx-A0262,0,0.07737810164690018,0.9226218461990356
Lung_Dx-A0262,0,0.2974444329738617,0.7025555372238159
Lung_Dx-A0262,0,9.572778799338266e-05,0.9999042749404907
Lung_Dx-A0262,0,0.7641004323959351,0.23589959740638733
Lung_Dx-A0262,0,0.9642205834388733,0.03577948734164238
Lung_Dx-A0262,0,0.8657357692718506,0.1342642903327942
Lung_Dx-A0262,0,0.9998644590377808,0.00013552079326473176
Lung_Dx-A0262,0,0.9998421669006348,0.00015781863476149738
Lung_Dx-A0262,0,0.0009454623213969171,0.999054491519928
Lung_Dx-A0262,0,0.7573908567428589,0.2426091581583023
Lung_Dx-A0262,0,3.6621306207962334e-05,0.9999634027481079
Lung_Dx-A0262,0,0.14493373036384583,0.8550662994384766
Lung_Dx-A0262,0,4.4334981907923066e-07,0.9999995231628418
Lung_Dx-A0262,0,0.00013186583237256855,0.9998681545257568
Lung_Dx-A0262,0,0.6566582322120667,0.34334173798561096
Lung_Dx-A0262,0,0.35197898745536804,0.6480209827423096
Lung_Dx-A0262,0,0.635816216468811,0.3641837537288666
Lung_Dx-A0262,0,0.454018235206604,0.545981764793396
Lung_Dx-A0262,0,0.11864013969898224,0.881359875202179
Lung_Dx-A0262,0,0.08374040573835373,0.9162596464157104
Lung_Dx-A0262,0,9.874638635665178e-07,0.9999990463256836
Lung_Dx-A0262,0,0.030300550162792206,0.9696994423866272
Lung_Dx-A0262,0,0.000471011851914227,0.9995290040969849
Lung_Dx-A0262,0,0.014714449644088745,0.9852855801582336
Lung_Dx-A0262,0,0.7699030637741089,0.2300969809293747
Lung_Dx-A0262,0,0.0030994152184575796,0.9969005584716797
Lung_Dx-A0262,0,0.8802834153175354,0.11971653252840042
Lung_Dx-A0262,0,0.05198967084288597,0.9480103254318237
Lung_Dx-A0262,0,0.005089918151497841,0.9949100613594055
Lung_Dx-A0262,0,0.9675945043563843,0.03240552172064781
Lung_Dx-A0262,0,0.09409338235855103,0.9059065580368042
Lung_Dx-A0262,0,0.0025065753143280745,0.9974933862686157
Lung_Dx-A0262,0,0.044224582612514496,0.9557754397392273
Lung_Dx-A0262,0,4.776264904648997e-05,0.9999521970748901
Lung_Dx-A0262,0,0.05495454743504524,0.9450454711914062
Lung_Dx-A0262,0,0.15021571516990662,0.849784255027771
Lung_Dx-A0262,0,0.9861913919448853,0.013808658346533775
Lung_Dx-A0262,0,0.005911068990826607,0.9940890073776245
Lung_Dx-A0262,0,0.07903243601322174,0.9209675192832947
Lung_Dx-A0262,0,0.16478508710861206,0.8352149128913879
Lung_Dx-A0262,0,0.544407844543457,0.45559215545654297
Lung_Dx-A0262,0,0.16145241260528564,0.8385475873947144
Lung_Dx-A0262,0,0.9710743427276611,0.028925718739628792
Lung_Dx-A0262,0,0.9995539784431458,0.0004459562187548727
Lung_Dx-A0262,0,0.5991407036781311,0.4008592963218689
Lung_Dx-A0262,0,0.9992145299911499,0.0007854739669710398
Lung_Dx-A0262,0,0.43773338198661804,0.5622666478157043
Lung_Dx-A0262,0,0.9961456060409546,0.003854363691061735
Lung_Dx-A0262,0,0.696526288986206,0.30347371101379395
Lung_Dx-A0262,0,0.3535955846309662,0.6464044451713562
Lung_Dx-A0262,0,0.15823937952518463,0.8417606949806213
Lung_Dx-A0262,0,0.9993550181388855,0.0006449432112276554
Lung_Dx-A0262,0,0.37137168645858765,0.6286282539367676
Lung_Dx-A0262,0,0.0006324767600744963,0.9993675351142883
Lung_Dx-A0262,0,0.7383862137794495,0.26161378622055054
Lung_Dx-A0262,0,0.9629877209663391,0.03701234608888626
Lung_Dx-A0262,0,0.0004108485300093889,0.9995891451835632
Lung_Dx-G0046,1,0.007052709814161062,0.9929472208023071
Lung_Dx-G0046,1,0.0011181936133652925,0.9988817572593689
Lung_Dx-G0046,1,6.205048703122884e-05,0.999937891960144
Lung_Dx-G0046,1,0.03993731737136841,0.9600626826286316
Lung_Dx-G0046,1,0.6399329900741577,0.3600670397281647
Lung_Dx-G0046,1,1.488159796281252e-06,0.9999985694885254
Lung_Dx-G0046,1,0.022542966529726982,0.9774571061134338
Lung_Dx-G0046,1,0.042087726294994354,0.957912266254425
Lung_Dx-G0046,1,0.014828144572675228,0.9851717948913574
Lung_Dx-G0046,1,0.2533988356590271,0.7466012239456177
Lung_Dx-G0046,1,0.5219584703445435,0.47804147005081177
Lung_Dx-G0046,1,0.003051510313525796,0.9969485402107239
Lung_Dx-G0046,1,2.2212265321286395e-05,0.9999778270721436
Lung_Dx-G0046,1,1.3602884791907854e-06,0.9999986886978149
Lung_Dx-G0046,1,0.0011357826879248023,0.9988642930984497
Lung_Dx-G0046,1,0.0065134987235069275,0.9934865236282349
Lung_Dx-G0046,1,0.95743727684021,0.042562730610370636
Lung_Dx-G0046,1,0.3365490734577179,0.6634509563446045
Lung_Dx-G0046,1,0.0023827620316296816,0.9976171851158142
Lung_Dx-G0046,1,0.03413260728120804,0.9658674597740173
Lung_Dx-G0046,1,0.4440825581550598,0.555917501449585
Lung_Dx-G0046,1,0.010891847312450409,0.9891080856323242
Lung_Dx-G0046,1,0.5944703817367554,0.4055296778678894
Lung_Dx-G0046,1,0.07737810164690018,0.9226218461990356
Lung_Dx-G0046,1,0.3127109706401825,0.6872890591621399
Lung_Dx-G0046,1,0.15765489637851715,0.8423450589179993
Lung_Dx-G0046,1,5.3491330618271604e-05,0.9999464750289917
Lung_Dx-G0046,1,0.03167862445116043,0.9683213829994202
Lung_Dx-G0046,1,0.042682282626628876,0.9573177695274353
Lung_Dx-G0046,1,2.182240450565587e-06,0.9999978542327881
Lung_Dx-G0046,1,0.0023141265846788883,0.9976859092712402
Lung_Dx-G0046,1,0.000954731716774404,0.999045193195343
Lung_Dx-G0046,1,0.9913725852966309,0.008627457544207573
Lung_Dx-G0046,1,0.46623799204826355,0.5337620377540588
Lung_Dx-G0046,1,0.3191744387149811,0.6808255314826965
Lung_Dx-G0046,1,0.9772841930389404,0.022715754806995392
Lung_Dx-G0046,1,0.36321622133255005,0.63678377866745
Lung_Dx-G0046,1,2.472801725161844e-06,0.9999974966049194
Lung_Dx-G0046,1,0.9643214344978333,0.03567855432629585
Lung_Dx-G0046,1,0.21979770064353943,0.780202329158783
Lung_Dx-G0046,1,0.014756983146071434,0.9852429628372192
Lung_Dx-G0046,1,0.0028504556976258755,0.9971495270729065
Lung_Dx-G0046,1,0.0005474095814861357,0.999452531337738
Lung_Dx-G0046,1,7.78275280026719e-05,0.9999221563339233
Lung_Dx-G0046,1,9.170197881758213e-05,0.9999083280563354
Lung_Dx-G0046,1,0.0002098830882459879,0.9997901320457458
Lung_Dx-G0046,1,0.0012793075293302536,0.9987207055091858
Lung_Dx-G0046,1,5.025061182095669e-05,0.9999496936798096
Lung_Dx-G0046,1,0.00019335657998453826,0.9998067021369934
Lung_Dx-G0046,1,0.008283626288175583,0.9917163252830505
Lung_Dx-G0046,1,0.00028406718047335744,0.9997158646583557
Lung_Dx-G0046,1,1.605707353746766e-07,0.9999998807907104
Lung_Dx-G0046,1,0.00972727220505476,0.9902727007865906
Lung_Dx-G0046,1,0.1956709325313568,0.8043290972709656
Lung_Dx-G0046,1,0.6340903043746948,0.36590972542762756
Lung_Dx-G0046,1,0.11541124433279037,0.8845887184143066
Lung_Dx-G0046,1,0.00912563782185316,0.9908744096755981
Lung_Dx-G0046,1,5.7387598644709215e-05,0.9999426603317261
Lung_Dx-G0046,1,0.015159860253334045,0.9848400950431824
Lung_Dx-G0046,1,0.207857146859169,0.7921428084373474
Lung_Dx-G0046,1,0.32993122935295105,0.6700687408447266
Lung_Dx-G0046,1,0.5345214009284973,0.4654786288738251
Lung_Dx-G0046,1,0.9124361872673035,0.08756384998559952
Lung_Dx-G0046,1,0.8422802090644836,0.15771976113319397
Lung_Dx-G0046,1,0.14505480229854584,0.8549452424049377
Lung_Dx-G0046,1,0.1218423992395401,0.8781576752662659
Lung_Dx-G0046,1,0.019032660871744156,0.9809673428535461
Lung_Dx-G0046,1,0.000219953348278068,0.999779999256134
Lung_Dx-G0046,1,0.03286798298358917,0.9671319723129272
Lung_Dx-G0046,1,0.9256342649459839,0.07436569780111313
Lung_Dx-G0046,1,1.4200120403984329e-06,0.9999985694885254
Lung_Dx-G0046,1,0.8112277984619141,0.18877221643924713
Lung_Dx-G0046,1,8.732609785511158e-06,0.9999912977218628
Lung_Dx-G0046,1,0.0011809737188741565,0.9988190531730652
Lung_Dx-G0046,1,0.20299561321735382,0.7970043420791626
Lung_Dx-G0046,1,0.0008263575728051364,0.9991735816001892
Lung_Dx-G0046,1,0.09363655745983124,0.9063634872436523
Lung_Dx-G0046,1,0.009214365854859352,0.9907855987548828
Lung_Dx-G0046,1,0.5925487279891968,0.4074512720108032
Lung_Dx-G0046,1,0.6494675278663635,0.35053253173828125
Lung_Dx-G0046,1,0.207014262676239,0.7929857969284058
Lung_Dx-G0046,1,0.008804639801383018,0.9911953210830688
Lung_Dx-G0046,1,0.04356881603598595,0.9564311504364014
Lung_Dx-G0046,1,0.6266955137252808,0.3733045160770416
Lung_Dx-G0046,1,0.8925625681877136,0.10743747651576996
Lung_Dx-G0046,1,0.004038591403514147,0.9959613680839539
Lung_Dx-G0046,1,0.9194619655609131,0.0805380791425705
Lung_Dx-G0046,1,0.06596493721008301,0.934035062789917
Lung_Dx-G0046,1,0.9854684472084045,0.014531522057950497
Lung_Dx-G0046,1,0.044059764593839645,0.9559402465820312
Lung_Dx-G0046,1,0.009917222894728184,0.9900828003883362
Lung_Dx-G0046,1,0.005040702875703573,0.9949592351913452
Lung_Dx-G0046,1,8.888084994396195e-05,0.9999110698699951
Lung_Dx-G0046,1,0.0032476766500622034,0.9967523813247681
Lung_Dx-G0046,1,0.924210250377655,0.07578974217176437
Lung_Dx-G0046,1,0.9784876704216003,0.021512310951948166
Lung_Dx-G0046,1,0.9742149114608765,0.02578507922589779
Lung_Dx-G0046,1,0.06835070252418518,0.9316493272781372
Lung_Dx-G0046,1,0.0009128307574428618,0.9990872144699097
Lung_Dx-G0046,1,0.008770613931119442,0.9912294149398804
Lung_Dx-G0046,1,0.001048469333909452,0.9989515542984009
Lung_Dx-G0046,1,0.08325465023517609,0.9167453646659851
Lung_Dx-G0046,1,0.007232763338834047,0.9927672147750854
Lung_Dx-A0196,0,0.854884684085846,0.14511536061763763
Lung_Dx-A0196,0,0.970520555973053,0.029479406774044037
Lung_Dx-A0196,0,0.6729499101638794,0.3270500600337982
Lung_Dx-A0196,0,0.30194708704948425,0.6980529427528381
Lung_Dx-A0196,0,0.9706321954727173,0.029367856681346893
Lung_Dx-A0196,0,0.8074226975440979,0.1925773173570633
Lung_Dx-A0196,0,0.9119669198989868,0.08803310990333557
Lung_Dx-A0196,0,0.28145498037338257,0.7185450196266174
Lung_Dx-A0196,0,0.9922594428062439,0.0077405208721756935
Lung_Dx-A0196,0,0.9999114274978638,8.853436156641692e-05
Lung_Dx-A0196,0,0.5469499230384827,0.45305007696151733
Lung_Dx-A0196,0,0.9662834405899048,0.033716537058353424
Lung_Dx-A0196,0,0.9644556045532227,0.035544395446777344
Lung_Dx-A0196,0,0.02078460343182087,0.9792153835296631
Lung_Dx-A0196,0,0.008227658458054066,0.9917723536491394
Lung_Dx-A0196,0,0.9910145401954651,0.008985428139567375
Lung_Dx-A0196,0,0.9943140745162964,0.005685906391590834
Lung_Dx-A0196,0,0.8749880194664001,0.12501195073127747
Lung_Dx-A0196,0,0.24137760698795319,0.7586223483085632
Lung_Dx-A0196,0,0.9233852624893188,0.07661467790603638
Lung_Dx-A0196,0,0.01234800461679697,0.9876519441604614
Lung_Dx-A0196,0,0.6330133676528931,0.3669866621494293
Lung_Dx-A0196,0,0.09619516879320145,0.9038048982620239
Lung_Dx-A0196,0,0.21493849158287048,0.7850614786148071
Lung_Dx-A0196,0,0.9881079792976379,0.011892050504684448
Lung_Dx-A0196,0,0.6743722558021545,0.32562777400016785
Lung_Dx-A0196,0,0.17231106758117676,0.8276889324188232
Lung_Dx-A0196,0,0.8472740650177002,0.1527259796857834
Lung_Dx-A0196,0,0.09293445199728012,0.9070656299591064
Lung_Dx-A0196,0,0.9912208914756775,0.00877910852432251
Lung_Dx-A0196,0,0.9246196150779724,0.0753803476691246
Lung_Dx-A0196,0,0.0800333097577095,0.9199666976928711
Lung_Dx-A0196,0,0.8981428742408752,0.10185714811086655
Lung_Dx-A0196,0,0.9987131357192993,0.0012868157355114818
Lung_Dx-A0196,0,0.24499467015266418,0.7550053000450134
Lung_Dx-A0196,0,0.6943545341491699,0.30564552545547485
Lung_Dx-A0196,0,0.9937587976455688,0.006241259630769491
Lung_Dx-A0196,0,0.9920157194137573,0.007984270341694355
Lung_Dx-A0196,0,0.9266694784164429,0.07333045452833176
Lung_Dx-A0196,0,0.7904090285301208,0.20959100127220154
Lung_Dx-A0196,0,0.9609882831573486,0.03901166468858719
Lung_Dx-A0196,0,0.9422415494918823,0.05775843933224678
Lung_Dx-A0196,0,0.36251774430274963,0.6374822854995728
Lung_Dx-A0196,0,0.8608962297439575,0.1391037553548813
Lung_Dx-A0196,0,0.9892441034317017,0.010755924507975578
Lung_Dx-A0196,0,0.009812301024794579,0.9901877045631409
Lung_Dx-A0196,0,0.2689414322376251,0.7310585379600525
Lung_Dx-A0196,0,0.07935290038585663,0.920647144317627
Lung_Dx-A0196,0,0.9958580136299133,0.004142016638070345
Lung_Dx-A0196,0,0.8106288909912109,0.18937113881111145
Lung_Dx-A0196,0,0.14396822452545166,0.8560317754745483
Lung_Dx-A0196,0,0.9448931217193604,0.05510690435767174
Lung_Dx-A0196,0,0.9796870946884155,0.02031290903687477
Lung_Dx-A0196,0,0.045777272433042526,0.9542226791381836
Lung_Dx-A0196,0,0.28606951236724854,0.7139304876327515
Lung_Dx-A0196,0,0.8913390040397644,0.1086609736084938
Lung_Dx-A0196,0,0.5176013708114624,0.4823986291885376
Lung_Dx-A0196,0,0.9736195802688599,0.026380425319075584
Lung_Dx-A0196,0,0.8917167782783508,0.10828320682048798
Lung_Dx-A0196,0,0.9799382090568542,0.020061802119016647
Lung_Dx-A0196,0,0.9719924926757812,0.028007520362734795
Lung_Dx-A0196,0,0.9851003289222717,0.014899643138051033
Lung_Dx-A0196,0,0.9240047931671143,0.07599521428346634
Lung_Dx-A0196,0,0.7663373947143555,0.2336626499891281
Lung_Dx-A0196,0,0.9996886253356934,0.0003113695129286498
Lung_Dx-A0196,0,0.6729230880737305,0.3270769417285919
Lung_Dx-A0196,0,0.964821994304657,0.03517797589302063
Lung_Dx-A0196,0,0.701508641242981,0.29849138855934143
Lung_Dx-A0196,0,0.24612541496753693,0.7538745403289795
Lung_Dx-A0196,0,0.9989697933197021,0.0010302190203219652
Lung_Dx-A0196,0,0.6396516561508179,0.3603483736515045
Lung_Dx-A0196,0,0.49624642729759216,0.5037536025047302
Lung_Dx-A0196,0,0.843766450881958,0.15623359382152557
Lung_Dx-A0196,0,0.6194856762886047,0.38051435351371765
Lung_Dx-A0196,0,0.4945680797100067,0.5054318904876709
Lung_Dx-A0196,0,0.26170814037323,0.73829185962677
Lung_Dx-A0265,0,0.9978760480880737,0.002123966347426176
Lung_Dx-A0265,0,0.08269733935594559,0.917302668094635
Lung_Dx-A0265,0,0.21044158935546875,0.7895584106445312
Lung_Dx-A0265,0,0.049497056752443314,0.9505029916763306
Lung_Dx-A0265,0,0.4077460467815399,0.5922539234161377
Lung_Dx-A0265,0,0.2713965177536011,0.7286034822463989
Lung_Dx-A0265,0,0.9977524876594543,0.0022474632132798433
Lung_Dx-A0265,0,0.7565824389457703,0.24341756105422974
Lung_Dx-A0265,0,0.16444936394691467,0.8355506658554077
Lung_Dx-A0265,0,0.9103862047195435,0.08961381763219833
Lung_Dx-A0265,0,0.7878904342651367,0.21210961043834686
Lung_Dx-A0265,0,0.31216028332710266,0.687839686870575
Lung_Dx-A0265,0,0.7354516386985779,0.26454833149909973
Lung_Dx-A0265,0,0.9896317720413208,0.010368156246840954
Lung_Dx-A0265,0,0.9859904050827026,0.01400956604629755
Lung_Dx-A0265,0,0.015130728483200073,0.9848692417144775
Lung_Dx-A0265,0,0.31284216046333313,0.6871578097343445
Lung_Dx-A0265,0,0.984605073928833,0.01539491955190897
Lung_Dx-A0265,0,0.9845160245895386,0.015483987517654896
Lung_Dx-A0265,0,0.30445513129234314,0.6955448985099792
Lung_Dx-A0265,0,0.8579466938972473,0.1420532613992691
Lung_Dx-A0265,0,0.008694533258676529,0.991305410861969
Lung_Dx-A0265,0,0.7856788039207458,0.21432119607925415
Lung_Dx-A0265,0,0.9949100613594055,0.005089918151497841
Lung_Dx-A0265,0,0.8576489090919495,0.14235107600688934
Lung_Dx-A0265,0,0.13117322325706482,0.8688268065452576
Lung_Dx-A0265,0,0.8386136889457703,0.16138629615306854
Lung_Dx-A0265,0,0.965217649936676,0.034782394766807556
Lung_Dx-A0265,0,0.5994558334350586,0.4005441665649414
Lung_Dx-A0265,0,0.2238008826971054,0.7761991024017334
Lung_Dx-A0265,0,0.026861201971769333,0.9731387495994568
Lung_Dx-A0265,0,0.9770007133483887,0.02299930341541767
Lung_Dx-A0265,0,0.7541915774345398,0.2458084672689438
Lung_Dx-A0265,0,0.2822456657886505,0.7177543640136719
Lung_Dx-A0265,0,0.9986114501953125,0.0013885233784094453
Lung_Dx-A0265,0,0.005719129927456379,0.9942809343338013
Lung_Dx-A0265,0,0.9562273025512695,0.04377273842692375
Lung_Dx-A0265,0,0.9998923540115356,0.0001076283588190563
Lung_Dx-A0265,0,0.9614253044128418,0.0385746993124485
Lung_Dx-A0265,0,0.07779745012521744,0.9222025275230408
Lung_Dx-A0265,0,0.999152421951294,0.000847589981276542
Lung_Dx-A0265,0,0.9895108342170715,0.010489091277122498
Lung_Dx-A0265,0,0.9952907562255859,0.004709205590188503
Lung_Dx-A0265,0,0.05227921903133392,0.9477207660675049
Lung_Dx-A0265,0,0.07668379694223404,0.9233161807060242
Lung_Dx-A0265,0,0.3159205913543701,0.6840793490409851
Lung_Dx-A0265,0,0.15380319952964783,0.8461968302726746
Lung_Dx-A0265,0,0.9982317090034485,0.0017683517653495073
Lung_Dx-A0265,0,0.8000679016113281,0.19993211328983307
Lung_Dx-A0265,0,0.010818447917699814,0.9891815781593323
Lung_Dx-A0265,0,0.44134190678596497,0.5586581230163574
Lung_Dx-A0265,0,0.8402590155601501,0.15974101424217224
Lung_Dx-A0265,0,0.9494823217391968,0.050517670810222626
Lung_Dx-A0265,0,0.02122640050947666,0.9787736535072327
Lung_Dx-A0265,0,0.998879611492157,0.0011203773319721222
Lung_Dx-A0265,0,0.9999221563339233,7.78275280026719e-05
Lung_Dx-A0265,0,0.10110028833150864,0.8988997340202332
Lung_Dx-A0265,0,0.9654788970947266,0.034521058201789856
Lung_Dx-A0265,0,0.999552309513092,0.00044770087697543204
Lung_Dx-A0265,0,0.01805533654987812,0.9819446802139282
Lung_Dx-A0265,0,0.0007222463027574122,0.9992777705192566
Lung_Dx-A0265,0,0.2762022018432617,0.7237977981567383
Lung_Dx-A0265,0,0.138753280043602,0.861246645450592
Lung_Dx-A0265,0,0.8303879499435425,0.1696120947599411
Lung_Dx-A0265,0,0.9986383318901062,0.0013617033837363124
Lung_Dx-A0265,0,0.9998176693916321,0.00018235458992421627
Lung_Dx-A0265,0,0.9554439783096313,0.04455598071217537
Lung_Dx-A0265,0,0.9985191226005554,0.0014808280393481255
Lung_Dx-A0265,0,0.3095191717147827,0.6904808282852173
Lung_Dx-A0265,0,0.41929125785827637,0.5807087421417236
Lung_Dx-A0265,0,0.10894504189491272,0.8910549879074097
Lung_Dx-A0265,0,0.5849529504776001,0.4150470197200775
Lung_Dx-A0265,0,0.9949199557304382,0.005080037284642458
Lung_Dx-A0265,0,0.22025857865810394,0.7797414064407349
Lung_Dx-A0265,0,0.5859602689743042,0.4140397310256958
Lung_Dx-A0265,0,0.9646891355514526,0.03531079366803169
Lung_Dx-A0265,0,0.7423283457756042,0.25767165422439575
Lung_Dx-G0043,1,0.973087728023529,0.026912305504083633
Lung_Dx-G0043,1,0.9977699518203735,0.0022300120908766985
Lung_Dx-G0043,1,0.9970014691352844,0.0029984985012561083
Lung_Dx-G0043,1,0.9898107051849365,0.010189337655901909
Lung_Dx-G0043,1,0.9146726131439209,0.08532742410898209
Lung_Dx-G0043,1,0.9958821535110474,0.004117917735129595
Lung_Dx-G0043,1,0.998553454875946,0.0014465744607150555
Lung_Dx-G0043,1,0.9538372755050659,0.04616273194551468
Lung_Dx-G0043,1,0.999698281288147,0.000301792606478557
Lung_Dx-G0043,1,0.9903102517127991,0.00968971662223339
Lung_Dx-G0043,1,0.9828068017959595,0.017193201929330826
Lung_Dx-G0043,1,0.996292769908905,0.0037072531413286924
Lung_Dx-G0043,1,0.9248236417770386,0.07517640292644501
Lung_Dx-G0043,1,0.9992221593856812,0.0007778466097079217
Lung_Dx-G0043,1,0.31275689601898193,0.6872431635856628
Lung_Dx-G0043,1,0.9887337684631348,0.011266296729445457
Lung_Dx-G0043,1,0.6215947866439819,0.37840527296066284
Lung_Dx-G0043,1,0.7901257872581482,0.2098742574453354
Lung_Dx-G0043,1,0.9170058369636536,0.08299414813518524
Lung_Dx-G0043,1,0.9986276626586914,0.001372368773445487
Lung_Dx-G0043,1,0.9936979413032532,0.0063021220266819
Lung_Dx-G0043,1,0.9224124550819397,0.07758752256631851
Lung_Dx-G0043,1,0.39358896017074585,0.6064110398292542
Lung_Dx-G0043,1,0.9901019334793091,0.009898063726723194
Lung_Dx-G0043,1,0.9845011234283447,0.015498880296945572
Lung_Dx-G0043,1,0.2044212818145752,0.7955787181854248
Lung_Dx-G0043,1,0.8306628465652466,0.1693371832370758
Lung_Dx-G0043,1,0.8320320844650269,0.16796797513961792
Lung_Dx-G0043,1,0.9994877576828003,0.0005122569273225963
Lung_Dx-G0043,1,0.992452085018158,0.0075479233637452126
Lung_Dx-G0043,1,0.9987404942512512,0.0012594986474141479
Lung_Dx-G0043,1,0.9988190531730652,0.0011809737188741565
Lung_Dx-G0043,1,0.999373733997345,0.000626334163825959
Lung_Dx-G0043,1,0.963230550289154,0.03676946461200714
Lung_Dx-G0043,1,0.9506864547729492,0.04931360483169556
Lung_Dx-G0043,1,0.17571482062339783,0.8242852091789246
Lung_Dx-G0043,1,0.9452984929084778,0.054701510816812515
Lung_Dx-G0043,1,0.9965435862541199,0.003456409787759185
Lung_Dx-G0043,1,0.9937466382980347,0.006253384985029697
Lung_Dx-G0043,1,0.9583821892738342,0.04161779209971428
Lung_Dx-G0043,1,0.9735190272331238,0.026480939239263535
Lung_Dx-G0043,1,0.7600722908973694,0.23992764949798584
Lung_Dx-G0043,1,0.16913123428821564,0.8308687806129456
Lung_Dx-G0043,1,0.9965165853500366,0.0034834244288504124
Lung_Dx-G0043,1,0.9983579516410828,0.0016420668689534068
Lung_Dx-G0043,1,0.986610472202301,0.013389497064054012
Lung_Dx-G0043,1,0.8925157189369202,0.10748431831598282
Lung_Dx-G0043,1,0.8769509196281433,0.12304913997650146
Lung_Dx-G0043,1,0.9896118640899658,0.010388216935098171
Lung_Dx-G0043,1,0.7702056169509888,0.22979435324668884
Lung_Dx-G0043,1,0.7184215784072876,0.2815784513950348
Lung_Dx-G0043,1,0.9599877595901489,0.04001227021217346
Lung_Dx-G0043,1,0.9962782263755798,0.003721708431839943
Lung_Dx-G0043,1,0.986610472202301,0.013389497064054012
Lung_Dx-G0043,1,0.6021493077278137,0.3978506624698639
Lung_Dx-G0043,1,0.9893269538879395,0.010673115029931068
Lung_Dx-G0043,1,0.6939657330513,0.30603423714637756
Lung_Dx-G0043,1,0.9997640252113342,0.00023597176186740398
Lung_Dx-G0043,1,0.9400236010551453,0.059976447373628616
Lung_Dx-A0193,0,0.9822876453399658,0.017712296918034554
Lung_Dx-A0193,0,0.9929336309432983,0.007066401187330484
Lung_Dx-A0193,0,0.9130970239639282,0.08690290153026581
Lung_Dx-A0193,0,0.9937345385551453,0.006265534088015556
Lung_Dx-A0193,0,0.9998151659965515,0.00018486438784748316
Lung_Dx-A0193,0,0.9113770723342896,0.08862289786338806
Lung_Dx-A0193,0,0.9827902317047119,0.01720971055328846
Lung_Dx-A0193,0,0.9983288645744324,0.0016711377538740635
Lung_Dx-A0193,0,0.9996169805526733,0.0003829635970760137
Lung_Dx-A0193,0,0.9990637898445129,0.0009362828568555415
Lung_Dx-A0193,0,0.4394165575504303,0.5605834722518921
Lung_Dx-A0193,0,0.9988530874252319,0.0011469158343970776
Lung_Dx-A0193,0,0.999971866607666,2.818866414600052e-05
Lung_Dx-A0193,0,0.18476751446723938,0.815232515335083
Lung_Dx-A0193,0,0.983020007610321,0.016979990527033806
Lung_Dx-A0193,0,0.9985249638557434,0.0014750633854418993
Lung_Dx-A0193,0,0.9999951124191284,4.917741534882225e-06
Lung_Dx-A0193,0,0.9932287931442261,0.006771210115402937
Lung_Dx-A0193,0,0.9985191226005554,0.0014808280393481255
Lung_Dx-A0193,0,0.9950177073478699,0.004982269834727049
Lung_Dx-A0193,0,0.5309053659439087,0.4690946340560913
Lung_Dx-A0193,0,0.7664684653282166,0.23353150486946106
Lung_Dx-A0193,0,0.4216708838939667,0.5783290863037109
Lung_Dx-A0193,0,0.9949199557304382,0.005080037284642458
Lung_Dx-A0193,0,0.9997739195823669,0.00022604932019021362
Lung_Dx-A0193,0,0.38634374737739563,0.6136562824249268
Lung_Dx-A0193,0,0.9997569918632507,0.0002429855230730027
Lung_Dx-A0193,0,0.9444336295127869,0.05556634068489075
Lung_Dx-A0193,0,0.9990414977073669,0.0009584648068994284
Lung_Dx-A0193,0,0.9972690939903259,0.0027308969292789698
Lung_Dx-A0193,0,0.9995947480201721,0.0004052719159517437
Lung_Dx-A0193,0,0.9967396855354309,0.0032603461295366287
Lung_Dx-A0193,0,0.9999887943267822,1.1256751349719707e-05
Lung_Dx-A0193,0,0.847778856754303,0.1522212028503418
Lung_Dx-A0193,0,0.9913725852966309,0.008627457544207573
Lung_Dx-A0193,0,0.9376689791679382,0.06233103945851326
Lung_Dx-A0193,0,0.998807430267334,0.001192549359984696
Lung_Dx-A0193,0,0.04065484553575516,0.9593451619148254
Lung_Dx-A0193,0,0.2830376625061035,0.7169622778892517
Lung_Dx-A0193,0,0.9989995360374451,0.0010005044750869274
Lung_Dx-A0193,0,0.93974769115448,0.06025232374668121
Lung_Dx-A0193,0,0.999099612236023,0.0009004466701298952
Lung_Dx-A0193,0,0.9914721846580505,0.008527800440788269
Lung_Dx-A0193,0,0.8444731831550598,0.15552686154842377
Lung_Dx-A0193,0,0.47554439306259155,0.5244555473327637
Lung_Dx-A0193,0,0.9959298968315125,0.004070138093084097
Lung_Dx-A0193,0,0.9999101161956787,8.992846414912492e-05
Lung_Dx-A0193,0,0.9990359544754028,0.0009640919743105769
Lung_Dx-A0193,0,0.9972531199455261,0.002746901009231806
Lung_Dx-A0193,0,0.935523509979248,0.06447654962539673
Lung_Dx-A0193,0,0.5727489590644836,0.42725110054016113
Lung_Dx-A0193,0,0.7920624017715454,0.2079375684261322
Lung_Dx-A0193,0,0.7432146072387695,0.25678539276123047
Lung_Dx-A0193,0,0.7938261032104492,0.2061738818883896
Lung_Dx-A0193,0,0.9988642930984497,0.0011357826879248023
Lung_Dx-A0193,0,0.31539320945739746,0.6846067905426025
Lung_Dx-A0193,0,0.9454497694969177,0.05455021560192108
Lung_Dx-A0193,0,0.9934484362602234,0.00655152415856719
Lung_Dx-A0193,0,0.9866234660148621,0.01337660476565361
Lung_Dx-A0193,0,0.9997147917747498,0.00028517868486233056
Lung_Dx-A0193,0,0.9904590845108032,0.009540924802422523
Lung_Dx-A0193,0,0.9388007521629333,0.06119922548532486
Lung_Dx-A0193,0,0.9997075200080872,0.000292510143481195
Lung_Dx-A0193,0,0.998221218585968,0.0017787249526008964
Lung_Dx-A0193,0,0.9819619059562683,0.018038028851151466
Lung_Dx-A0193,0,0.9350505471229553,0.0649493932723999
Lung_Dx-A0193,0,0.9777987599372864,0.022201228886842728
Lung_Dx-A0193,0,0.9881765246391296,0.01182339433580637
Lung_Dx-A0193,0,0.9987331032752991,0.0012668906711041927
Lung_Dx-A0193,0,0.998084545135498,0.0019154998008161783
Lung_Dx-A0193,0,0.9994745850563049,0.0005254230927675962
Lung_Dx-A0193,0,0.9997909665107727,0.00020906499412376434
Lung_Dx-A0193,0,0.9999774694442749,2.2562051526620053e-05
Lung_Dx-A0193,0,0.3628210425376892,0.6371790170669556
Lung_Dx-A0193,0,0.9878761768341064,0.012123755179345608
Lung_Dx-A0193,0,0.9889278411865234,0.011072160676121712
Lung_Dx-A0193,0,0.9795701503753662,0.020429842174053192
Lung_Dx-A0193,0,0.978569746017456,0.02143023908138275
Lung_Dx-A0193,0,0.013083389960229397,0.9869166612625122
Lung_Dx-A0193,0,0.9991374015808105,0.0008626077906228602
Lung_Dx-A0193,0,0.9994105100631714,0.0005895585636608303
Lung_Dx-A0193,0,0.9768686890602112,0.02313133515417576
Lung_Dx-A0193,0,0.6653290390968323,0.3346709907054901
Lung_Dx-A0193,0,0.9963783621788025,0.003621685318648815
Lung_Dx-A0193,0,0.9883127808570862,0.011687257327139378
Lung_Dx-A0193,0,0.8032124042510986,0.19678761065006256
Lung_Dx-A0193,0,0.9988904595375061,0.0011095014633610845
Lung_Dx-A0193,0,0.9996988773345947,0.0003012038941960782
Lung_Dx-A0193,0,0.9334914684295654,0.06650853157043457
Lung_Dx-A0193,0,0.9955054521560669,0.004494525026530027
Lung_Dx-A0193,0,0.9998130202293396,0.0001870431296993047
Lung_Dx-A0193,0,0.9988235831260681,0.0011763748480007052
Lung_Dx-A0193,0,0.9099870324134827,0.09001296758651733
Lung_Dx-A0193,0,0.9889063835144043,0.011093567125499249
Lung_Dx-A0193,0,0.999657392501831,0.00034263040288351476
Lung_Dx-A0193,0,0.8416955471038818,0.15830442309379578
Lung_Dx-A0193,0,0.9994683861732483,0.0005316133028827608
Lung_Dx-A0193,0,0.9987792372703552,0.001220795325934887
Lung_Dx-A0193,0,0.999924898147583,7.513914897572249e-05
Lung_Dx-A0193,0,0.9987576007843018,0.0012424173764884472
Lung_Dx-A0193,0,0.9957684278488159,0.004231587518006563
Lung_Dx-A0193,0,0.9982522130012512,0.0017477857181802392
Lung_Dx-A0193,0,0.9999920129776001,7.982258466654457e-06
Lung_Dx-A0193,0,0.9965165853500366,0.0034834244288504124
Lung_Dx-A0193,0,0.9969005584716797,0.0030994152184575796
Lung_Dx-A0193,0,0.9965569972991943,0.0034429803490638733
Lung_Dx-A0193,0,0.9979810118675232,0.0020190137438476086
Lung_Dx-A0193,0,0.9998096823692322,0.00019035942386835814
Lung_Dx-A0193,0,0.9985306262969971,0.001469321083277464
Lung_Dx-A0193,0,0.9992875456809998,0.0007124459370970726
Lung_Dx-A0193,0,0.9987887740135193,0.0012113065458834171
Lung_Dx-A0193,0,0.9999151229858398,8.481103577651083e-05
Lung_Dx-A0193,0,0.9999589920043945,4.101373997400515e-05
Lung_Dx-A0193,0,0.9997336268424988,0.0002663404738996178
Lung_Dx-A0193,0,0.9970536231994629,0.0029464049730449915
Lung_Dx-A0193,0,0.9936487078666687,0.006351235322654247
Lung_Dx-A0193,0,0.9979531764984131,0.002046750159934163
Lung_Dx-A0193,0,0.9999704360961914,2.9541426556534134e-05
Lung_Dx-A0193,0,0.9933846592903137,0.006615392863750458
Lung_Dx-A0193,0,0.9451467990875244,0.054853204637765884
Lung_Dx-A0193,0,0.9998239874839783,0.00017605620087124407
Lung_Dx-A0193,0,0.9998701810836792,0.00012982171028852463
Lung_Dx-A0193,0,0.9536217451095581,0.046378206461668015
Lung_Dx-A0193,0,0.9995299577713013,0.0004700932477135211
Lung_Dx-A0193,0,0.7718434929847717,0.22815649211406708
Lung_Dx-A0193,0,0.9999738931655884,2.607030728540849e-05
Lung_Dx-A0252,0,0.997104823589325,0.002895213896408677
Lung_Dx-A0252,0,0.9993013143539429,0.0006986756925471127
Lung_Dx-A0252,0,0.9961903095245361,0.003809629939496517
Lung_Dx-A0252,0,0.9988642930984497,0.0011357826879248023
Lung_Dx-A0252,0,0.9992021918296814,0.0007978334906511009
Lung_Dx-A0252,0,0.9989797472953796,0.0010202174307778478
Lung_Dx-A0252,0,0.998121440410614,0.0018785203574225307
Lung_Dx-A0252,0,0.9993013143539429,0.0006986756925471127
Lung_Dx-A0252,0,0.999054491519928,0.0009454623213969171
Lung_Dx-A0174,0,0.9613528251647949,0.03864719718694687
Lung_Dx-A0174,0,0.9680506587028503,0.03194934129714966
Lung_Dx-A0174,0,0.9992282390594482,0.0007717980188317597
Lung_Dx-A0174,0,0.9766469597816467,0.023353029042482376
Lung_Dx-A0174,0,0.986929178237915,0.013070784509181976
Lung_Dx-A0174,0,0.9993242025375366,0.0006758737727068365
Lung_Dx-A0174,0,0.996936559677124,0.0030634168069809675
Lung_Dx-A0174,0,0.994168758392334,0.005831271409988403
Lung_Dx-A0174,0,0.9997459053993225,0.00025414698757231236
Lung_Dx-A0174,0,0.7854732275009155,0.21452681720256805
Lung_Dx-A0174,0,0.9983515739440918,0.0016484830994158983
Lung_Dx-A0174,0,0.9897909760475159,0.010209054686129093
Lung_Dx-A0174,0,0.994830310344696,0.0051696584559977055
Lung_Dx-A0174,0,0.9593451619148254,0.04065484553575516
Lung_Dx-A0174,0,0.9944666028022766,0.005533387418836355
Lung_Dx-A0174,0,0.9968457818031311,0.003154205624014139
Lung_Dx-A0174,0,0.5465868711471558,0.45341309905052185
Lung_Dx-A0174,0,0.9969125986099243,0.0030873692594468594
Lung_Dx-A0174,0,0.9913725852966309,0.008627457544207573
Lung_Dx-A0174,0,0.9718057513237,0.028194217011332512
Lung_Dx-A0174,0,0.9824904799461365,0.01750955730676651
Lung_Dx-A0174,0,0.9961079955101013,0.003892041277140379
Lung_Dx-A0174,0,0.9894906878471375,0.01050938293337822
Lung_Dx-A0174,0,0.9998365640640259,0.00016346470511052758
Lung_Dx-A0174,0,0.9276259541511536,0.07237402349710464
Lung_Dx-A0174,0,0.999152421951294,0.000847589981276542
Lung_Dx-A0174,0,0.9989161491394043,0.0010838276939466596
Lung_Dx-A0174,0,0.9882901906967163,0.011709840036928654
Lung_Dx-A0174,0,0.9969839453697205,0.0030160662718117237
Lung_Dx-A0174,0,0.9987004995346069,0.001299427356570959
Lung_Dx-A0174,0,0.8616546392440796,0.13834534585475922
Lung_Dx-A0174,0,0.8379517793655396,0.16204825043678284
Lung_Dx-A0174,0,0.9962564706802368,0.0037434976547956467
Lung_Dx-A0174,0,0.9992068409919739,0.0007931761210784316
Lung_Dx-A0174,0,0.9775857925415039,0.02241421863436699
Lung_Dx-A0174,0,0.46073243021965027,0.5392675995826721
Lung_Dx-A0174,0,0.9978677034378052,0.002132261637598276
Lung_Dx-A0174,0,0.9999165534973145,8.34962775115855e-05
Lung_Dx-A0174,0,0.9849563241004944,0.015043660998344421
Lung_Dx-A0174,0,0.9969839453697205,0.0030160662718117237
Lung_Dx-A0174,0,0.9836598634719849,0.01634012721478939
Lung_Dx-A0174,0,0.4690072238445282,0.5309928059577942
Lung_Dx-A0174,0,0.9960545301437378,0.003945406526327133
Lung_Dx-A0174,0,0.9935867786407471,0.006413163151592016
Lung_Dx-A0174,0,0.5026340484619141,0.4973660111427307
Lung_Dx-A0174,0,0.9986853003501892,0.001314724562689662
Lung_Dx-A0174,0,0.9132132530212402,0.08678673207759857
Lung_Dx-A0166,0,0.9992693066596985,0.0007307537016458809
Lung_Dx-A0166,0,0.9811668992042542,0.018833130598068237
Lung_Dx-A0166,0,0.9895513653755188,0.010448625311255455
Lung_Dx-A0166,0,0.9946463704109192,0.005353646818548441
Lung_Dx-A0166,0,0.9946980476379395,0.005301894620060921
Lung_Dx-A0166,0,0.999789297580719,0.00021070436923764646
Lung_Dx-A0166,0,0.9993892908096313,0.0006106409127824008
Lung_Dx-A0166,0,0.9992749094963074,0.0007250710041262209
Lung_Dx-A0166,0,0.995345413684845,0.004654597491025925
Lung_Dx-A0166,0,0.9902538657188416,0.009746103547513485
Lung_Dx-A0166,0,0.9922294020652771,0.007770581636577845
Lung_Dx-A0166,0,0.9931893348693848,0.006810730788856745
Lung_Dx-A0166,0,0.9924958944320679,0.007504157721996307
Lung_Dx-A0166,0,0.920647144317627,0.07935290038585663
Lung_Dx-A0166,0,0.9908744096755981,0.00912563782185316
Lung_Dx-A0166,0,0.9997448325157166,0.00025514140725135803
Lung_Dx-A0166,0,0.9794526100158691,0.02054743468761444
Lung_Dx-A0166,0,0.9802808165550232,0.01971912570297718
Lung_Dx-A0166,0,0.9899671077728271,0.010032950900495052
Lung_Dx-A0166,0,0.9724932312965393,0.02750680409371853
Lung_Dx-A0166,0,0.9831175804138184,0.01688246615231037
Lung_Dx-A0166,0,0.9989637136459351,0.0010362669127061963
Lung_Dx-A0166,0,0.9872773289680481,0.012722709216177464
Lung_Dx-A0166,0,0.9991186261177063,0.0008813243475742638
Lung_Dx-A0166,0,0.997104823589325,0.002895213896408677
Lung_Dx-A0166,0,0.9763556718826294,0.0236443430185318
Lung_Dx-A0166,0,0.9995015859603882,0.000498446577694267
Lung_Dx-A0166,0,0.9812749028205872,0.018725162371993065
Lung_Dx-A0166,0,0.9994514584541321,0.0005484791472554207
Lung_Dx-A0166,0,0.9997202754020691,0.00027966435300186276
Lung_Dx-A0166,0,0.9990187883377075,0.0009811718482524157
Lung_Dx-G0050,1,0.03864719718694687,0.9613528251647949
Lung_Dx-G0050,1,0.8685482740402222,0.13145171105861664
Lung_Dx-G0050,1,0.45956116914749146,0.5404388308525085
Lung_Dx-G0050,1,0.004573863931000233,0.9954261183738708
Lung_Dx-G0050,1,0.12597651779651642,0.8740234375
Lung_Dx-G0050,1,0.4251278042793274,0.5748721957206726
Lung_Dx-G0050,1,0.08678673207759857,0.9132132530212402
Lung_Dx-G0050,1,0.824603259563446,0.17539678514003754
Lung_Dx-G0050,1,0.4086454510688782,0.5913545489311218
Lung_Dx-G0050,1,0.49054068326950073,0.5094593167304993
Lung_Dx-G0050,1,0.8983213901519775,0.10167861729860306
Lung_Dx-G0050,1,0.3570909798145294,0.642909049987793
Lung_Dx-G0050,1,0.2194211184978485,0.7805788516998291
Lung_Dx-G0050,1,0.14151854813098907,0.8584814667701721
Lung_Dx-G0050,1,0.5434993505477905,0.4565006196498871
Lung_Dx-G0050,1,0.995075523853302,0.004924510605633259
Lung_Dx-G0050,1,0.7671233415603638,0.23287664353847504
Lung_Dx-G0050,1,0.9959298968315125,0.004070138093084097
Lung_Dx-G0050,1,0.0014048678567633033,0.9985951781272888
Lung_Dx-G0050,1,0.7825794219970703,0.21742059290409088
Lung_Dx-G0050,1,0.22312305867671967,0.7768769860267639
Lung_Dx-G0050,1,0.9722307324409485,0.027769245207309723
Lung_Dx-G0050,1,0.8043290972709656,0.1956709325313568
Lung_Dx-G0050,1,0.5304797887802124,0.4695202708244324
Lung_Dx-G0050,1,0.017392344772815704,0.9826076626777649
Lung_Dx-G0050,1,0.3628281056880951,0.6371719241142273
Lung_Dx-G0050,1,0.14792406558990479,0.8520758748054504
Lung_Dx-G0050,1,0.11762280017137527,0.8823771476745605
Lung_Dx-G0050,1,0.05802474915981293,0.9419752359390259
Lung_Dx-G0050,1,0.032620545476675034,0.9673795104026794
Lung_Dx-G0050,1,0.3642544448375702,0.6357455849647522
Lung_Dx-G0050,1,0.2112947553396225,0.7887052893638611
Lung_Dx-G0050,1,0.05813159421086311,0.9418684244155884
Lung_Dx-G0050,1,0.4965210556983948,0.5034789443016052
Lung_Dx-G0050,1,0.9452984929084778,0.054701510816812515
Lung_Dx-G0050,1,0.6441691517829895,0.3558308780193329
Lung_Dx-G0050,1,0.08366550505161285,0.9163345098495483
Lung_Dx-G0050,1,0.0446808747947216,0.9553191661834717
Lung_Dx-G0050,1,0.2225733995437622,0.7774266004562378
Lung_Dx-G0050,1,0.3265935182571411,0.6734064221382141
Lung_Dx-G0050,1,0.966663122177124,0.0333368219435215
Lung_Dx-G0050,1,0.2112540453672409,0.7887459397315979
Lung_Dx-G0050,1,0.2541385591030121,0.7458614110946655
Lung_Dx-G0050,1,0.007695647422224283,0.9923043847084045
Lung_Dx-G0050,1,0.06489011645317078,0.9351099133491516
Lung_Dx-G0050,1,0.4184889495372772,0.5815110206604004
Lung_Dx-G0050,1,0.049267832189798355,0.9507321119308472
Lung_Dx-G0050,1,0.08721336722373962,0.9127866625785828
Lung_Dx-G0050,1,0.0227808840572834,0.9772191047668457
Lung_Dx-G0050,1,0.9189178347587585,0.08108211308717728
Lung_Dx-G0050,1,0.10056903213262558,0.8994309902191162
Lung_Dx-G0050,1,0.17695587873458862,0.8230441212654114
Lung_Dx-G0050,1,0.8677658438682556,0.13223415613174438
Lung_Dx-G0050,1,0.6617862582206726,0.338213711977005
Lung_Dx-G0050,1,0.2100362479686737,0.7899637818336487
Lung_Dx-G0050,1,0.706899106502533,0.29310092329978943
Lung_Dx-G0050,1,0.6150733828544617,0.38492658734321594
Lung_Dx-G0050,1,0.8502821922302246,0.1497177630662918
Lung_Dx-A0197,0,0.0221377182751894,0.9778622388839722
Lung_Dx-A0197,0,0.22712630033493042,0.7728736996650696
Lung_Dx-A0197,0,0.0019800397567451,0.9980199337005615
Lung_Dx-A0197,0,0.9977216124534607,0.002278330735862255
Lung_Dx-A0197,0,0.0023504828568547964,0.9976494908332825
Lung_Dx-A0197,0,0.9983865022659302,0.00161350064445287
Lung_Dx-A0197,0,0.4014824628829956,0.5985175371170044
Lung_Dx-A0197,0,0.9947391152381897,0.005260852165520191
Lung_Dx-A0197,0,0.0075479233637452126,0.992452085018158
Lung_Dx-A0197,0,0.00594559870660305,0.99405437707901
Lung_Dx-A0197,0,0.03346293419599533,0.9665370583534241
Lung_Dx-A0197,0,0.9997958540916443,0.000204223018954508
Lung_Dx-A0197,0,0.03152918815612793,0.9684708714485168
Lung_Dx-A0197,0,0.965217649936676,0.034782394766807556
Lung_Dx-A0197,0,0.889720618724823,0.11027936637401581
Lung_Dx-A0197,0,0.9992889165878296,0.0007110568694770336
Lung_Dx-A0197,0,0.0005495508667081594,0.9994503855705261
Lung_Dx-A0197,0,0.9867004752159119,0.013299493119120598
Lung_Dx-A0197,0,0.007922627963125706,0.9920772910118103
Lung_Dx-A0197,0,0.0006251128506846726,0.9993749260902405
Lung_Dx-A0197,0,0.9921841025352478,0.007815889082849026
Lung_Dx-A0197,0,0.9444848895072937,0.055515117943286896
Lung_Dx-A0197,0,0.9986329674720764,0.001367025775834918
Lung_Dx-A0197,0,0.8697698712348938,0.1302300989627838
Lung_Dx-A0197,0,0.9006171822547913,0.09938277304172516
Lung_Dx-A0197,0,0.9723359942436218,0.027663977816700935
Lung_Dx-A0197,0,0.00943081732839346,0.9905691146850586
Lung_Dx-A0197,0,0.8789390921592712,0.12106089293956757
Lung_Dx-A0197,0,0.0009075026027858257,0.9990924596786499
Lung_Dx-A0197,0,0.9992749094963074,0.0007250710041262209
Lung_Dx-A0197,0,0.9987004995346069,0.001299427356570959
Lung_Dx-A0197,0,0.9998822212219238,0.00011774458835134283
Lung_Dx-A0197,0,0.9972531199455261,0.002746901009231806
Lung_Dx-A0197,0,0.9625324606895447,0.037467509508132935
Lung_Dx-A0197,0,0.9957767128944397,0.004223365802317858
Lung_Dx-A0197,0,0.9994503855705261,0.0005495508667081594
Lung_Dx-A0197,0,0.1127953976392746,0.8872045874595642
Lung_Dx-A0197,0,0.46301931142807007,0.5369806885719299
Lung_Dx-A0197,0,0.007800757884979248,0.9921992421150208
Lung_Dx-A0197,0,0.9988327622413635,0.0011672308901324868
Lung_Dx-A0197,0,0.9905142784118652,0.009485714137554169
Lung_Dx-A0197,0,0.6530646681785583,0.34693533182144165
Lung_Dx-A0197,0,0.9999748468399048,2.516971835575532e-05
Lung_Dx-A0197,0,0.9979251623153687,0.002074867021292448
Lung_Dx-A0197,0,0.9293763041496277,0.07062366604804993
Lung_Dx-A0197,0,0.9989657402038574,0.0010342469904571772
Lung_Dx-A0197,0,0.9999767541885376,2.318747829122003e-05
Lung_Dx-A0197,0,0.9473323225975037,0.052667658776044846
Lung_Dx-A0197,0,0.9990745782852173,0.0009253848693333566
Lung_Dx-A0197,0,0.0025114635936915874,0.9974884986877441
Lung_Dx-A0197,0,0.6558803915977478,0.3441196382045746
Lung_Dx-A0197,0,0.9913222789764404,0.008677717298269272
Lung_Dx-A0197,0,0.7341671586036682,0.2658328115940094
Lung_Dx-A0197,0,0.9939963817596436,0.006003595422953367
Lung_Dx-A0197,0,0.0426025427877903,0.9573974013328552
Lung_Dx-A0197,0,0.9940312504768372,0.0059687308967113495
Lung_Dx-A0197,0,0.999891996383667,0.00010804955672938377
Lung_Dx-A0197,0,0.9984360337257385,0.0015639361226931214
Lung_Dx-A0197,0,0.999823272228241,0.00017674513219390064
Lung_Dx-A0197,0,0.000967861560638994,0.9990321397781372
Lung_Dx-A0197,0,0.09488716721534729,0.9051128029823303
Lung_Dx-A0197,0,0.0016743994783610106,0.9983256459236145
Lung_Dx-A0197,0,0.00045741902431473136,0.9995425939559937
Lung_Dx-A0197,0,0.999985933303833,1.411908942827722e-05
Lung_Dx-A0197,0,0.9973477125167847,0.0026522597763687372
Lung_Dx-A0197,0,0.9968335032463074,0.003166511654853821
Lung_Dx-A0197,0,0.6278585195541382,0.3721414804458618
Lung_Dx-A0197,0,0.9932287931442261,0.006771210115402937
Lung_Dx-A0197,0,0.9946255087852478,0.005374487489461899
Lung_Dx-A0197,0,0.966663122177124,0.0333368219435215
Lung_Dx-A0197,0,0.003383191069588065,0.996616780757904
Lung_Dx-A0197,0,0.0010005044750869274,0.9989995360374451
Lung_Dx-A0197,0,0.00017743678472470492,0.9998225569725037
Lung_Dx-A0197,0,0.10687688738107681,0.8931231498718262
Lung_Dx-A0197,0,0.9947289824485779,0.005271083675324917
Lung_Dx-A0165,0,0.9951889514923096,0.004810982383787632
Lung_Dx-A0165,0,0.9989657402038574,0.0010342469904571772
Lung_Dx-A0165,0,0.9964619278907776,0.0035380860790610313
Lung_Dx-A0165,0,0.999906063079834,9.387641330249608e-05
Lung_Dx-A0165,0,0.9976859092712402,0.0023141265846788883
Lung_Dx-A0165,0,0.9983738660812378,0.0016261349665001035
Lung_Dx-A0165,0,0.9970247149467468,0.0029752333648502827
Lung_Dx-A0165,0,0.9983385801315308,0.001661390531808138
Lung_Dx-A0165,0,0.9974689483642578,0.0025311114732176065
Lung_Dx-A0165,0,0.9995891451835632,0.0004108485300093889
Lung_Dx-A0165,0,0.9975892305374146,0.0024107815697789192
Lung_Dx-A0165,0,0.9878528118133545,0.01214717049151659
Lung_Dx-A0165,0,0.9896917939186096,0.01030820794403553
Lung_Dx-A0165,0,0.9811307191848755,0.018869252875447273
Lung_Dx-A0165,0,0.9840630292892456,0.015936993062496185
Lung_Dx-A0165,0,0.9980619549751282,0.0019380352459847927
Lung_Dx-A0165,0,0.9987768530845642,0.001223179162479937
Lung_Dx-A0165,0,0.999452531337738,0.0005474095814861357
Lung_Dx-A0165,0,0.9989758729934692,0.0010242064017802477
Lung_Dx-A0165,0,0.9898892045021057,0.010110844857990742
Lung_Dx-A0165,0,0.996656060218811,0.0033439078833907843
Lung_Dx-A0165,0,0.9990111589431763,0.0009888596832752228
Lung_Dx-A0165,0,0.9827074408531189,0.01729249209165573
Lung_Dx-A0165,0,0.9649543762207031,0.03504563868045807
Lung_Dx-A0165,0,0.9747251272201538,0.02527490071952343
Lung_Dx-A0165,0,0.9996520280838013,0.0003480241575744003
Lung_Dx-A0165,0,0.9771755933761597,0.022824406623840332
Lung_Dx-A0165,0,0.9775000214576721,0.022499971091747284
Lung_Dx-A0165,0,0.9955748319625854,0.004425152204930782
Lung_Dx-A0165,0,0.9961977601051331,0.0038022249937057495
Lung_Dx-A0165,0,0.9994184970855713,0.0005815576878376305
Lung_Dx-A0165,0,0.9973217844963074,0.0026782178319990635
Lung_Dx-A0165,0,0.9937345385551453,0.006265534088015556
Lung_Dx-A0165,0,0.9864678382873535,0.01353214867413044
Lung_Dx-A0165,0,0.9831175804138184,0.01688246615231037
Lung_Dx-A0165,0,0.996271014213562,0.0037289573810994625
Lung_Dx-A0165,0,0.9993320107460022,0.0006680048536509275
Lung_Dx-A0165,0,0.9907140731811523,0.009285965003073215
Lung_Dx-A0165,0,0.9998005032539368,0.00019949312263634056
Lung_Dx-A0165,0,0.9668201208114624,0.03317983075976372
Lung_Dx-A0165,0,0.9958418011665344,0.00415816018357873
Lung_Dx-A0165,0,0.9937345385551453,0.006265534088015556
Lung_Dx-A0165,0,0.9980467557907104,0.001953205792233348
Lung_Dx-A0239,0,0.8926560878753662,0.10734386742115021
Lung_Dx-A0239,0,0.9915380477905273,0.008461998775601387
Lung_Dx-A0239,0,0.7245293259620667,0.27547070384025574
Lung_Dx-A0239,0,0.9933459758758545,0.006654009222984314
Lung_Dx-A0239,0,0.5743947625160217,0.42560523748397827
Lung_Dx-A0239,0,0.8200374841690063,0.17996250092983246
Lung_Dx-A0239,0,0.6323325037956238,0.3676675260066986
Lung_Dx-A0239,0,0.9328213930130005,0.06717856973409653
Lung_Dx-A0239,0,0.9991117119789124,0.0008882304537110031
Lung_Dx-A0239,0,0.9417614340782166,0.05823862925171852
Lung_Dx-A0239,0,0.8423450589179993,0.15765489637851715
Lung_Dx-A0239,0,0.6258670091629028,0.37413305044174194
Lung_Dx-A0239,0,0.9636775851249695,0.0363224633038044
Lung_Dx-A0239,0,0.9950370192527771,0.004962942097336054
Lung_Dx-A0239,0,0.3639293909072876,0.6360705494880676
Lung_Dx-A0239,0,0.37384724617004395,0.6261526942253113
Lung_Dx-A0239,0,0.9989474415779114,0.001052568550221622
Lung_Dx-A0239,0,0.9846936464309692,0.015306354500353336
Lung_Dx-A0239,0,0.6829438805580139,0.3170560896396637
Lung_Dx-A0247,0,0.9952999353408813,0.004700060468167067
Lung_Dx-A0247,0,0.8846883773803711,0.11531158536672592
Lung_Dx-A0247,0,0.09704755991697311,0.9029524326324463
Lung_Dx-A0247,0,0.9678385257720947,0.032161448150873184
Lung_Dx-A0247,0,0.00026582094142213464,0.9997342228889465
Lung_Dx-A0247,0,0.9999251365661621,7.48462334740907e-05
Lung_Dx-A0247,0,8.614650869276375e-05,0.9999138116836548
Lung_Dx-A0247,0,0.9999605417251587,3.9442587876692414e-05
Lung_Dx-A0247,0,0.45103558897972107,0.5489644408226013
Lung_Dx-A0247,0,0.0007839425816200674,0.9992160797119141
Lung_Dx-A0247,0,0.05495454743504524,0.9450454711914062
Lung_Dx-A0247,0,0.8136088848114014,0.18639105558395386
Lung_Dx-A0247,0,0.01966257579624653,0.980337381362915
Lung_Dx-A0247,0,0.10507271438837051,0.8949272632598877
Lung_Dx-A0247,0,0.07062366604804993,0.9293763041496277
Lung_Dx-A0247,0,0.0004610049945767969,0.9995390176773071
Lung_Dx-A0247,0,0.0001885098172351718,0.9998114705085754
Lung_Dx-A0247,0,0.5948748588562012,0.40512508153915405
Lung_Dx-A0247,0,0.95123291015625,0.0487670972943306
Lung_Dx-A0247,0,0.9930961728096008,0.006903838366270065
Lung_Dx-A0247,0,0.0005988372140564024,0.9994012117385864
Lung_Dx-A0247,0,0.09396860003471375,0.9060314297676086
Lung_Dx-A0247,0,0.18447349965572357,0.8155264854431152
Lung_Dx-A0247,0,0.27088990807533264,0.7291101217269897
Lung_Dx-A0247,0,0.1710611879825592,0.8289388418197632
Lung_Dx-A0247,0,0.23152734339237213,0.7684726715087891
Lung_Dx-A0247,0,0.09820898622274399,0.9017910361289978
Lung_Dx-A0247,0,0.323947936296463,0.6760520339012146
Lung_Dx-A0247,0,0.9552773833274841,0.04472257196903229
Lung_Dx-A0247,0,0.9698712229728699,0.03012886270880699
Lung_Dx-A0247,0,0.9988817572593689,0.0011181936133652925
Lung_Dx-A0247,0,0.37539157271385193,0.6246084570884705
Lung_Dx-A0247,0,0.005089918151497841,0.9949100613594055
Lung_Dx-A0247,0,0.0003150386910419911,0.9996849298477173
Lung_Dx-A0247,0,0.07850097864866257,0.9214990139007568
Lung_Dx-A0247,0,0.9074763655662537,0.09252366423606873
Lung_Dx-A0247,0,0.009232214652001858,0.990767776966095
Lung_Dx-A0247,0,0.32831403613090515,0.6716859340667725
Lung_Dx-A0247,0,0.9088609218597412,0.09113914519548416
Lung_Dx-A0247,0,0.5794227123260498,0.4205772876739502
Lung_Dx-A0247,0,0.3196255564689636,0.6803744435310364
Lung_Dx-A0247,0,0.15373966097831726,0.8462603092193604
Lung_Dx-A0247,0,0.31147921085357666,0.6885207891464233
Lung_Dx-A0247,0,0.6115849614143372,0.38841500878334045
Lung_Dx-A0247,0,0.42375609278678894,0.5762439370155334
Lung_Dx-A0247,0,0.15591201186180115,0.8440879583358765
Lung_Dx-A0247,0,0.37424740195274353,0.6257526278495789
Lung_Dx-A0247,0,0.27644631266593933,0.7235537171363831
Lung_Dx-A0247,0,0.9999134540557861,8.648363291285932e-05
Lung_Dx-A0247,0,0.08593913912773132,0.9140608906745911
Lung_Dx-A0247,0,0.9556928277015686,0.04430721700191498
Lung_Dx-A0247,0,0.8985886573791504,0.10141132771968842
Lung_Dx-A0247,0,0.2358555793762207,0.7641444206237793
Lung_Dx-A0247,0,0.8919522762298584,0.10804770141839981
Lung_Dx-A0247,0,0.5287463068962097,0.4712536334991455
Lung_Dx-A0247,0,0.2818995714187622,0.7181004285812378
Lung_Dx-A0247,0,0.13178656995296478,0.8682134747505188
Lung_Dx-A0247,0,0.33391034603118896,0.666089653968811
Lung_Dx-A0247,0,0.35479626059532166,0.6452037692070007
Lung_Dx-A0247,0,0.742888331413269,0.25711169838905334
Lung_Dx-A0247,0,0.16940587759017944,0.8305941224098206
Lung_Dx-A0247,0,0.11138611286878586,0.8886139392852783
Lung_Dx-A0247,0,0.0004812357947230339,0.9995187520980835
Lung_Dx-A0247,0,0.9876995086669922,0.012300455942749977
Lung_Dx-A0178,0,0.45166659355163574,0.5483334064483643
Lung_Dx-A0178,0,0.05360114574432373,0.9463988542556763
Lung_Dx-A0178,0,0.9875683188438416,0.01243165135383606
Lung_Dx-A0178,0,0.9799765348434448,0.020023440942168236
Lung_Dx-A0178,0,0.9998412132263184,0.00015874591190367937
Lung_Dx-A0178,0,0.15616923570632935,0.8438308238983154
Lung_Dx-A0178,0,0.9998631477355957,0.0001368505327263847
Lung_Dx-A0178,0,0.02931223064661026,0.970687747001648
Lung_Dx-A0178,0,0.9969425797462463,0.0030574577394872904
Lung_Dx-A0178,0,0.9995995163917542,0.00040055232238955796
Lung_Dx-A0178,0,0.055056069046258926,0.944943904876709
Lung_Dx-A0178,0,0.03577948734164238,0.9642205834388733
Lung_Dx-A0178,0,0.9986329674720764,0.001367025775834918
Lung_Dx-A0178,0,0.4723183810710907,0.5276816487312317
Lung_Dx-A0178,0,0.9889063835144043,0.011093567125499249
Lung_Dx-A0178,0,0.9791755676269531,0.020824391394853592
Lung_Dx-A0178,0,0.5437719821929932,0.4562280774116516
Lung_Dx-A0178,0,0.9992190599441528,0.0007808886002749205
Lung_Dx-A0178,0,0.9951325058937073,0.004867417272180319
Lung_Dx-A0178,0,0.9623559713363647,0.03764399513602257
Lung_Dx-A0178,0,0.9934230446815491,0.006576998624950647
Lung_Dx-A0178,0,0.9805620312690735,0.01943795196712017
Lung_Dx-A0178,0,0.9230391979217529,0.07696083933115005
Lung_Dx-A0178,0,0.9993675351142883,0.0006324767600744963
Lung_Dx-A0178,0,0.867204487323761,0.13279546797275543
Lung_Dx-A0178,0,0.9969425797462463,0.0030574577394872904
Lung_Dx-A0178,0,0.023870835080742836,0.9761291742324829
Lung_Dx-A0178,0,0.586226761341095,0.41377320885658264
Lung_Dx-A0178,0,0.3443607687950134,0.6556392908096313
Lung_Dx-A0178,0,0.9153182506561279,0.08468180149793625
Lung_Dx-A0178,0,0.38612666726112366,0.613873302936554
Lung_Dx-A0178,0,0.5468289256095886,0.45317113399505615
Lung_Dx-A0178,0,0.22824251651763916,0.7717574834823608
Lung_Dx-A0178,0,0.9924227595329285,0.007577240467071533
Lung_Dx-A0178,0,0.1456613838672638,0.8543385863304138
Lung_Dx-A0178,0,0.9991204142570496,0.000879606232047081
Lung_Dx-A0178,0,0.5119301080703735,0.48806989192962646
Lung_Dx-A0178,0,0.0383940190076828,0.961605966091156
Lung_Dx-A0178,0,0.5196737051010132,0.4803263545036316
Lung_Dx-A0178,0,0.9334914684295654,0.06650853157043457
Lung_Dx-A0178,0,0.004503272473812103,0.9954967498779297
Lung_Dx-A0178,0,0.11676400899887085,0.8832359910011292
Lung_Dx-A0178,0,0.9959298968315125,0.004070138093084097
Lung_Dx-A0178,0,0.3952435851097107,0.6047564148902893
Lung_Dx-A0178,0,0.9959849119186401,0.004015091806650162
Lung_Dx-A0178,0,0.925094723701477,0.07490527629852295
Lung_Dx-A0178,0,0.9988553524017334,0.0011446805438026786
Lung_Dx-A0178,0,0.9870045781135559,0.012995414435863495
Lung_Dx-A0178,0,0.08277145773172379,0.9172285199165344
Lung_Dx-A0178,0,0.19471211731433868,0.8052878379821777
Lung_Dx-A0178,0,0.07606381177902222,0.9239361882209778
Lung_Dx-A0178,0,0.9981649518013,0.0018350842874497175
Lung_Dx-A0178,0,0.883135199546814,0.11686475574970245
Lung_Dx-A0178,0,0.9990745782852173,0.0009253848693333566
Lung_Dx-A0178,0,0.9227612018585205,0.0772387832403183
Lung_Dx-A0178,0,0.42409148812294006,0.5759085416793823
Lung_Dx-A0178,0,0.9923785924911499,0.007621429860591888
Lung_Dx-A0178,0,0.3917549252510071,0.6082450747489929
Lung_Dx-A0178,0,0.9986979961395264,0.0013019646285101771
Lung_Dx-A0178,0,0.03544410318136215,0.9645559191703796
Lung_Dx-A0178,0,0.9917643666267395,0.008235630579292774
Lung_Dx-A0178,0,0.9999604225158691,3.959695459343493e-05
Lung_Dx-A0178,0,0.9866234660148621,0.01337660476565361
Lung_Dx-A0178,0,0.9712384939193726,0.028761589899659157
Lung_Dx-A0178,0,0.9997468590736389,0.0002531563804950565
Lung_Dx-A0178,0,0.11606086790561676,0.8839391469955444
Lung_Dx-A0178,0,0.998957633972168,0.0010423501953482628
Lung_Dx-A0178,0,0.4170266091823578,0.5829733610153198
Lung_Dx-A0178,0,0.9941347241401672,0.005865338258445263
Lung_Dx-A0178,0,0.07931723445653915,0.9206827878952026
Lung_Dx-A0178,0,0.9832789301872253,0.016721144318580627
Lung_Dx-A0178,0,0.9949001669883728,0.005099818110466003
Lung_Dx-A0178,0,0.03422932326793671,0.9657707214355469
Lung_Dx-A0178,0,0.941600501537323,0.05839952081441879
Lung_Dx-A0178,0,0.9887446165084839,0.011255424469709396
Lung_Dx-A0178,0,0.23930490016937256,0.7606950998306274
Lung_Dx-A0178,0,0.8321685194969177,0.16783154010772705
Lung_Dx-A0178,0,0.7475237846374512,0.25247618556022644
Lung_Dx-A0178,0,0.8116759657859802,0.188323974609375
Lung_Dx-A0178,0,0.9116134643554688,0.08838656544685364
Lung_Dx-A0178,0,0.8801805377006531,0.1198195070028305
Lung_Dx-A0178,0,0.04616273194551468,0.9538372755050659
Lung_Dx-A0178,0,0.9931228756904602,0.0068771070800721645
Lung_Dx-A0178,0,0.9992461204528809,0.0007539328653365374
Lung_Dx-A0178,0,0.34331420063972473,0.6566857695579529
Lung_Dx-A0178,0,0.7053285837173462,0.2946714460849762
Lung_Dx-A0178,0,0.9902727007865906,0.00972727220505476
Lung_Dx-A0178,0,0.8202536106109619,0.17974644899368286
Lung_Dx-A0178,0,0.9902066588401794,0.009793341159820557
Lung_Dx-A0178,0,0.04332530498504639,0.9566746950149536
Lung_Dx-A0178,0,0.968020498752594,0.03197956085205078
Lung_Dx-A0178,0,0.9599877595901489,0.04001227021217346
Lung_Dx-A0178,0,0.9052385687828064,0.0947614461183548
Lung_Dx-A0178,0,0.9925249218940735,0.007475120481103659
Lung_Dx-A0178,0,0.9690910577774048,0.030908960849046707
Lung_Dx-A0178,0,0.9964756369590759,0.003524340922012925
Lung_Dx-A0178,0,0.014559518545866013,0.9854404330253601
Lung_Dx-A0178,0,0.9751071333885193,0.02489280141890049
Lung_Dx-A0178,0,0.41694504022598267,0.5830549597740173
Lung_Dx-A0178,0,0.9557340741157532,0.044265877455472946
Lung_Dx-A0178,0,0.04694293066859245,0.953057050704956
Lung_Dx-A0178,0,0.9830526113510132,0.016947422176599503
Lung_Dx-A0178,0,0.9929336309432983,0.007066401187330484
Lung_Dx-A0178,0,0.06198946014046669,0.938010573387146
Lung_Dx-A0178,0,0.10941995680332184,0.8905800580978394
Lung_Dx-A0178,0,0.23678085207939148,0.7632191181182861
Lung_Dx-A0178,0,0.7301455736160278,0.26985442638397217
Lung_Dx-A0178,0,0.991305410861969,0.008694533258676529
Lung_Dx-A0178,0,0.04284217581152916,0.9571578502655029
Lung_Dx-A0178,0,0.48821476101875305,0.5117852091789246
Lung_Dx-A0178,0,0.9894702434539795,0.010529711842536926
Lung_Dx-A0178,0,0.629625141620636,0.370374858379364
Lung_Dx-A0178,0,0.9983674883842468,0.0016324889147654176
Lung_Dx-A0178,0,0.053799644112586975,0.9462003111839294
Lung_Dx-A0178,0,0.5381641387939453,0.4618358612060547
Lung_Dx-A0178,0,0.9937222599983215,0.006277706474065781
Lung_Dx-A0178,0,0.9981649518013,0.0018350842874497175
Lung_Dx-A0178,0,0.7779753804206848,0.22202469408512115
Lung_Dx-A0178,0,0.986661970615387,0.013337993063032627
Lung_Dx-A0178,0,0.3354596793651581,0.6645402908325195
Lung_Dx-A0178,0,0.007107631769031286,0.9928923845291138
Lung_Dx-A0178,0,0.09001296758651733,0.9099870324134827
Lung_Dx-A0178,0,0.9853138327598572,0.014686159789562225
Lung_Dx-A0178,0,0.9886682629585266,0.011331754736602306
Lung_Dx-A0198,0,0.7099249362945557,0.29007506370544434
Lung_Dx-A0198,0,0.9242786765098572,0.075721375644207
Lung_Dx-A0198,0,0.9271657466888428,0.07283429801464081
Lung_Dx-A0198,0,0.9977743029594421,0.0022256707306951284
Lung_Dx-A0198,0,0.9679296612739563,0.032070379704236984
Lung_Dx-A0198,0,0.9852146506309509,0.014785408042371273
Lung_Dx-A0198,0,0.979841947555542,0.02015801891684532
Lung_Dx-A0198,0,0.842020571231842,0.15797939896583557
Lung_Dx-A0198,0,0.992864727973938,0.0071352520026266575
Lung_Dx-A0198,0,0.9754368662834167,0.02456308715045452
Lung_Dx-A0198,0,0.9077220559120178,0.09227796643972397
Lung_Dx-A0198,0,0.981577455997467,0.01842254213988781
Lung_Dx-A0198,0,0.9947900772094727,0.0052099935710430145
Lung_Dx-A0198,0,0.9850141406059265,0.014985890127718449
Lung_Dx-A0198,0,0.9931893348693848,0.006810730788856745
Lung_Dx-A0198,0,0.8926093578338623,0.10739066451787949
Lung_Dx-A0198,0,0.9689150452613831,0.031084952875971794
Lung_Dx-A0198,0,0.9596865773200989,0.04031343758106232
Lung_Dx-A0198,0,0.9910320043563843,0.008968053385615349
Lung_Dx-A0198,0,0.9578728675842285,0.04212711378931999
Lung_Dx-A0198,0,0.9788140654563904,0.0211858581751585
Lung_Dx-A0198,0,0.9894295334815979,0.010570487938821316
Lung_Dx-A0198,0,0.7293752431869507,0.2706247568130493
Lung_Dx-A0198,0,0.9751782417297363,0.02482178807258606
Lung_Dx-A0198,0,0.9721779823303223,0.02782202512025833
Lung_Dx-A0198,0,0.9823893308639526,0.017610643059015274
Lung_Dx-A0198,0,0.9197146892547607,0.08028533309698105
Lung_Dx-A0198,0,0.9099069833755493,0.09009299427270889
Lung_Dx-A0198,0,0.991355836391449,0.008644177578389645
Lung_Dx-A0198,0,0.9861246943473816,0.013875309377908707
Lung_Dx-A0198,0,0.8878868818283081,0.11211313307285309
Lung_Dx-A0198,0,0.8763172030448914,0.12368281185626984
Lung_Dx-A0198,0,0.9445360898971558,0.05546393245458603
Lung_Dx-A0198,0,0.9843062162399292,0.015693791210651398
Lung_Dx-A0198,0,0.9502266049385071,0.0497734472155571
Lung_Dx-A0198,0,0.8172100186347961,0.18278993666172028
Lung_Dx-A0198,0,0.9875203371047974,0.012479700148105621
Lung_Dx-A0198,0,0.8972460627555847,0.10275401175022125
Lung_Dx-A0198,0,0.9200026392936707,0.07999736815690994
Lung_Dx-A0198,0,0.9597620368003845,0.04023794084787369
Lung_Dx-A0198,0,0.942135214805603,0.057864826172590256
Lung_Dx-A0198,0,0.8627568483352661,0.1372431218624115
Lung_Dx-A0198,0,0.9810764789581299,0.018923569470643997
Lung_Dx-A0198,0,0.6674187183380127,0.3325813412666321
Lung_Dx-A0198,0,0.8970657587051392,0.10293421894311905
Lung_Dx-A0198,0,0.9160345196723938,0.0839654728770256
Lung_Dx-A0198,0,0.5729990601539612,0.42700091004371643
Lung_Dx-A0198,0,0.9482024908065796,0.05179747939109802
Lung_Dx-A0198,0,0.9878761768341064,0.012123755179345608
Lung_Dx-A0198,0,0.9624266624450684,0.037573304027318954
Lung_Dx-A0198,0,0.9893474578857422,0.01065251138061285
Lung_Dx-A0259,0,0.26817411184310913,0.7318258285522461
Lung_Dx-A0259,0,0.08532742410898209,0.9146726131439209
Lung_Dx-A0259,0,0.010328153148293495,0.9896718263626099
Lung_Dx-A0259,0,0.5023497939109802,0.497650146484375
Lung_Dx-A0259,0,0.15152934193611145,0.8484706878662109
Lung_Dx-A0259,0,0.407274454832077,0.5927255153656006
Lung_Dx-A0259,0,0.2267836183309555,0.7732163667678833
Lung_Dx-A0259,0,0.6326729655265808,0.3673270046710968
Lung_Dx-A0259,0,0.29645052552223206,0.7035494446754456
Lung_Dx-A0259,0,0.006180981174111366,0.9938190579414368
Lung_Dx-A0259,0,0.8994751572608948,0.10052487254142761
Lung_Dx-A0259,0,0.030704854056239128,0.9692951440811157
Lung_Dx-A0259,0,0.749500036239624,0.25050002336502075
Lung_Dx-A0259,0,0.616907000541687,0.3830930292606354
Lung_Dx-A0259,0,0.10234955698251724,0.897650420665741
Lung_Dx-A0259,0,0.03949040547013283,0.9605096578598022
Lung_Dx-A0259,0,0.5446197390556335,0.45538023114204407
Lung_Dx-A0259,0,0.5712883472442627,0.4287117123603821
Lung_Dx-A0259,0,0.15437601506710052,0.8456240296363831
Lung_Dx-A0259,0,0.11910043656826019,0.8808995485305786
Lung_Dx-A0259,0,0.7875638008117676,0.21243619918823242
Lung_Dx-A0259,0,0.46766605973243713,0.5323339700698853
Lung_Dx-A0259,0,0.012673734687268734,0.9873262047767639
Lung_Dx-A0259,0,0.2635993957519531,0.7364006042480469
Lung_Dx-A0259,0,0.08240150660276413,0.9175984263420105
Lung_Dx-A0259,0,0.84065181016922,0.15934817492961884
Lung_Dx-A0259,0,0.4510544538497925,0.5489455461502075
Lung_Dx-A0259,0,0.3874005973339081,0.6125994324684143
Lung_Dx-A0259,0,0.042682282626628876,0.9573177695274353
Lung_Dx-A0259,0,0.009268012829124928,0.9907320141792297
Lung_Dx-A0259,0,0.518363356590271,0.4816366732120514
Lung_Dx-A0259,0,0.6472200751304626,0.35277989506721497
Lung_Dx-A0259,0,0.404720664024353,0.5952793955802917
Lung_Dx-A0259,0,0.11284428089857101,0.8871557116508484
Lung_Dx-A0259,0,0.5648187398910522,0.43518128991127014
Lung_Dx-A0259,0,0.8408479690551758,0.1591520607471466
Lung_Dx-A0259,0,0.19551727175712585,0.8044827580451965
Lung_Dx-A0259,0,0.05070536211133003,0.9492946267127991
Lung_Dx-A0259,0,0.37005460262298584,0.6299453377723694
Lung_Dx-A0259,0,0.024283867329359055,0.9757161140441895
Lung_Dx-A0259,0,0.00821969285607338,0.9917803406715393
Lung_Dx-A0259,0,0.3528914153575897,0.6471085548400879
Lung_Dx-A0259,0,0.26062461733818054,0.7393754124641418
Lung_Dx-A0259,0,0.7966881990432739,0.20331178605556488
Lung_Dx-A0259,0,0.33867835998535156,0.6613215804100037
Lung_Dx-A0259,0,0.008594110608100891,0.9914058446884155
Lung_Dx-A0259,0,0.1509026288986206,0.8490973711013794
Lung_Dx-A0259,0,0.47993022203445435,0.5200697779655457
Lung_Dx-A0259,0,0.01774631254374981,0.9822537302970886
Lung_Dx-A0259,0,0.2730410099029541,0.7269589900970459
Lung_Dx-A0259,0,0.4360816180706024,0.56391841173172
Lung_Dx-A0259,0,0.4272473454475403,0.5727526545524597
Lung_Dx-A0259,0,0.2913839817047119,0.7086160182952881
Lung_Dx-A0259,0,0.0009057333809323609,0.9990942478179932
Lung_Dx-A0259,0,0.44779232144355774,0.5522077083587646
Lung_Dx-A0259,0,0.5909562706947327,0.4090437591075897
Lung_Dx-A0259,0,0.013286684639751911,0.9867132902145386
Lung_Dx-A0259,0,0.06835070252418518,0.9316493272781372
Lung_Dx-A0259,0,0.01061142049729824,0.9893885254859924
Lung_Dx-A0259,0,0.10230470448732376,0.8976953029632568
Lung_Dx-A0259,0,0.08736898750066757,0.9126310348510742
Lung_Dx-A0259,0,0.4003317058086395,0.5996683239936829
Lung_Dx-A0259,0,0.1304514855146408,0.869548499584198
Lung_Dx-A0259,0,0.374283105134964,0.6257168650627136
Lung_Dx-A0259,0,0.0018675659084692597,0.9981324076652527
Lung_Dx-A0259,0,0.2058544158935547,0.7941456437110901
Lung_Dx-A0259,0,0.5638583302497864,0.43614163994789124
Lung_Dx-A0259,0,0.014587568119168282,0.9854124188423157
Lung_Dx-A0259,0,0.37955087423324585,0.6204491853713989
Lung_Dx-A0259,0,0.27899283170700073,0.7210071086883545
Lung_Dx-A0259,0,0.04872181639075279,0.9512782096862793
Lung_Dx-A0259,0,0.07737810164690018,0.9226218461990356
Lung_Dx-A0259,0,0.2420264482498169,0.7579735517501831
Lung_Dx-A0259,0,0.02209547907114029,0.9779045581817627
Lung_Dx-A0259,0,0.10393037647008896,0.8960696458816528
Lung_Dx-A0259,0,0.784071147441864,0.21592886745929718
Lung_Dx-A0259,0,0.023554332554340363,0.976445734500885
Lung_Dx-A0259,0,0.36279985308647156,0.637200117111206
Lung_Dx-A0259,0,0.2836077809333801,0.7163922786712646
Lung_Dx-A0259,0,0.5077813863754272,0.49221864342689514
Lung_Dx-A0259,0,0.257065087556839,0.7429349422454834
Lung_Dx-A0259,0,0.16718468070030212,0.8328152894973755
Lung_Dx-A0259,0,0.000626334163825959,0.999373733997345
Lung_Dx-A0259,0,0.07483763247728348,0.9251623749732971
Lung_Dx-A0259,0,0.04332530498504639,0.9566746950149536
Lung_Dx-A0259,0,0.012747266329824924,0.9872527718544006
Lung_Dx-A0259,0,0.004142016638070345,0.9958580136299133
Lung_Dx-A0259,0,0.25492608547210693,0.7450738549232483
Lung_Dx-A0259,0,0.8489722013473511,0.15102781355381012
Lung_Dx-A0259,0,0.40515080094337463,0.594849169254303
Lung_Dx-A0259,0,0.6675812005996704,0.3324187695980072
Lung_Dx-A0259,0,0.19368058443069458,0.8063193559646606
Lung_Dx-A0259,0,0.07296629995107651,0.9270336627960205
Lung_Dx-A0259,0,0.8225457668304443,0.17745423316955566
Lung_Dx-A0259,0,0.6561076641082764,0.3438923954963684
Lung_Dx-A0259,0,0.14229148626327515,0.8577085137367249
Lung_Dx-A0259,0,0.02527490071952343,0.9747251272201538
Lung_Dx-A0259,0,0.016466174274683,0.9835337996482849
Lung_Dx-A0259,0,0.9608416557312012,0.039158374071121216
Lung_Dx-A0259,0,0.23078970611095428,0.7692102789878845
Lung_Dx-A0259,0,0.014615669846534729,0.9853842854499817
Lung_Dx-A0259,0,0.2888197898864746,0.7111802101135254
Lung_Dx-A0259,0,0.7670361399650574,0.23296388983726501
Lung_Dx-A0259,0,0.22648407518863678,0.7735158801078796
Lung_Dx-A0259,0,0.032497502863407135,0.9675024151802063
Lung_Dx-A0259,0,0.31716182827949524,0.6828381419181824
Lung_Dx-A0259,0,0.5208619236946106,0.4791381061077118
Lung_Dx-A0259,0,0.03191915154457092,0.9680808186531067
Lung_Dx-A0259,0,0.2169639766216278,0.7830359935760498
Lung_Dx-A0259,0,0.010478959418833256,0.9895210266113281
Lung_Dx-A0259,0,0.02811405621469021,0.9718859195709229
Lung_Dx-A0259,0,0.052667658776044846,0.9473323225975037
Lung_Dx-A0259,0,0.08071905374526978,0.9192809462547302
Lung_Dx-A0259,0,0.060473889112472534,0.9395261406898499
Lung_Dx-A0259,0,0.7462777495384216,0.25372231006622314
Lung_Dx-A0259,0,0.7091450095176697,0.29085496068000793
Lung_Dx-A0259,0,0.0040464554913342,0.9959535598754883
Lung_Dx-A0259,0,0.8190264105796814,0.18097352981567383
Lung_Dx-A0259,0,0.015573563054203987,0.9844264388084412
Lung_Dx-A0259,0,0.0012351679615676403,0.9987648725509644
Lung_Dx-A0259,0,0.3995700180530548,0.6004300117492676
Lung_Dx-A0259,0,0.1329079568386078,0.8670920133590698
Lung_Dx-A0259,0,0.1364932507276535,0.8635067343711853
Lung_Dx-A0259,0,0.055720288306474686,0.9442797303199768
Lung_Dx-A0259,0,0.441213995218277,0.5587859749794006
Lung_Dx-A0259,0,0.6787529587745667,0.32124701142311096
Lung_Dx-A0259,0,0.11566072702407837,0.8843392729759216
Lung_Dx-A0259,0,0.01350610051304102,0.9864938259124756
Lung_Dx-A0259,0,0.13528919219970703,0.864710807800293
Lung_Dx-A0259,0,0.7573908567428589,0.2426091581583023
Lung_Dx-A0259,0,0.3983771800994873,0.6016228199005127
Lung_Dx-A0259,0,0.2376643866300583,0.7623355984687805
Lung_Dx-A0259,0,0.22798456251621246,0.772015392780304
Lung_Dx-A0259,0,0.570338785648346,0.42966118454933167
Lung_Dx-A0259,0,0.47393113374710083,0.5260688662528992
Lung_Dx-A0259,0,0.012194132432341576,0.9878058433532715
Lung_Dx-A0259,0,0.0024154833517968655,0.9975844621658325
Lung_Dx-A0259,0,0.04115288704633713,0.9588471055030823
Lung_Dx-A0259,0,0.8207569718360901,0.1792430430650711
Lung_Dx-A0259,0,0.01590639166533947,0.9840936064720154
Lung_Dx-A0259,0,0.0848333016037941,0.9151666760444641
Lung_Dx-A0259,0,0.8372876048088074,0.16271238029003143
Lung_Dx-A0259,0,0.055157773196697235,0.9448422193527222
Lung_Dx-A0259,0,0.7427250742912292,0.25727492570877075
Lung_Dx-A0259,0,0.929248034954071,0.07075196504592896
Lung_Dx-A0259,0,0.15921740233898163,0.8407825827598572
Lung_Dx-A0259,0,0.02615562081336975,0.9738444089889526
Lung_Dx-A0259,0,0.7382447123527527,0.2617553174495697
Lung_Dx-A0259,0,0.0023413405288010836,0.9976586103439331
Lung_Dx-A0259,0,0.014131492003798485,0.9858684539794922
Lung_Dx-A0259,0,0.0772387832403183,0.9227612018585205
Lung_Dx-A0259,0,0.6077213883399963,0.39227864146232605
Lung_Dx-A0259,0,0.002217013156041503,0.9977830052375793
Lung_Dx-A0259,0,0.0027362213004380465,0.9972637891769409
Lung_Dx-A0259,0,0.9348130226135254,0.06518703699111938
Lung_Dx-A0259,0,0.004934090655297041,0.9950659275054932
Lung_Dx-A0259,0,0.06091928482055664,0.9390807151794434
Lung_Dx-A0259,0,0.5988108515739441,0.4011891782283783
Lung_Dx-A0259,0,0.05146276578307152,0.9485372304916382
Lung_Dx-A0259,0,0.929951012134552,0.07004895806312561
Lung_Dx-A0259,0,0.004801641218364239,0.9951984286308289
Lung_Dx-A0259,0,0.032558973878622055,0.9674410820007324
Lung_Dx-A0259,0,0.3676249086856842,0.6323750615119934
Lung_Dx-A0259,0,0.046291906386613846,0.9537081718444824
Lung_Dx-A0259,0,0.04778006672859192,0.9522199034690857
Lung_Dx-A0259,0,0.022824406623840332,0.9771755933761597
Lung_Dx-A0259,0,0.3495604991912842,0.6504395008087158
Lung_Dx-A0259,0,0.23440666496753693,0.7655933499336243
Lung_Dx-A0259,0,0.05510690435767174,0.9448931217193604
Lung_Dx-A0259,0,0.055515117943286896,0.9444848895072937
Lung_Dx-A0259,0,0.24535614252090454,0.7546439170837402
Lung_Dx-A0259,0,0.008429286070168018,0.9915707111358643
Lung_Dx-A0259,0,0.04177388176321983,0.9582261443138123
Lung_Dx-A0259,0,0.6164164543151855,0.38358354568481445
Lung_Dx-A0259,0,0.013222822919487953,0.9867772459983826
Lung_Dx-A0259,0,0.02460992895066738,0.9753900170326233
Lung_Dx-A0259,0,0.08093671500682831,0.9190633296966553
Lung_Dx-A0259,0,0.040502771735191345,0.9594972133636475
Lung_Dx-A0259,0,0.8095019459724426,0.19049803912639618
Lung_Dx-A0259,0,0.26201486587524414,0.7379851937294006
Lung_Dx-A0259,0,0.020824391394853592,0.9791755676269531
Lung_Dx-A0259,0,0.20545557141304016,0.7945444583892822
Lung_Dx-A0259,0,0.4775846302509308,0.5224153399467468
Lung_Dx-A0259,0,0.11206452548503876,0.8879354596138
Lung_Dx-A0259,0,0.6524075269699097,0.3475925028324127
Lung_Dx-A0259,0,0.23436285555362701,0.7656371593475342
Lung_Dx-A0259,0,0.14737102389335632,0.8526289463043213
Lung_Dx-A0259,0,0.02044939622282982,0.9795506000518799
Lung_Dx-A0259,0,0.15546274185180664,0.8445372581481934
Lung_Dx-A0259,0,0.01065251138061285,0.9893474578857422
Lung_Dx-A0259,0,0.010550080798566341,0.9894499182701111
Lung_Dx-A0195,0,0.9973113536834717,0.0026886719278991222
Lung_Dx-A0195,0,0.9975751042366028,0.0024249141570180655
Lung_Dx-A0195,0,0.9968024492263794,0.0031974867451936007
Lung_Dx-A0195,0,0.9996762275695801,0.0003237690543755889
Lung_Dx-A0195,0,0.9976586103439331,0.0023413405288010836
Lung_Dx-A0195,0,0.9998831748962402,0.00011682840704452246
Lung_Dx-A0195,0,0.9958900809288025,0.004109915811568499
Lung_Dx-A0195,0,0.9965969920158386,0.0034030054230242968
Lung_Dx-A0195,0,0.9982959628105164,0.0017040417296811938
Lung_Dx-A0195,0,0.9988574981689453,0.0011424494441598654
Lung_Dx-A0195,0,0.9908919930458069,0.009107992984354496
Lung_Dx-A0195,0,0.9919223785400391,0.00807762611657381
Lung_Dx-A0195,0,0.9897116422653198,0.01028829999268055
Lung_Dx-A0195,0,0.999935507774353,6.452215166063979e-05
Lung_Dx-A0195,0,0.9998267292976379,0.0001733271637931466
Lung_Dx-A0195,0,0.9987863898277283,0.001213671755976975
Lung_Dx-A0195,0,0.9958174824714661,0.004182493779808283
Lung_Dx-A0195,0,0.9859904050827026,0.01400956604629755
Lung_Dx-A0195,0,0.9856352806091309,0.014364656992256641
Lung_Dx-A0195,0,0.9934738278388977,0.0065261488780379295
Lung_Dx-A0195,0,0.9999186992645264,8.124428131850436e-05
Lung_Dx-A0195,0,0.9978883862495422,0.002111583948135376
Lung_Dx-A0195,0,0.9917803406715393,0.00821969285607338
Lung_Dx-A0195,0,0.9860979318618774,0.013902058824896812
Lung_Dx-A0195,0,0.9986515641212463,0.0013484881492331624
Lung_Dx-A0195,0,0.9951514005661011,0.004848532844334841
Lung_Dx-A0195,0,0.9806178212165833,0.019382191821932793
Lung_Dx-A0253,0,0.9941800832748413,0.005819959565997124
Lung_Dx-A0253,0,0.9897513389587402,0.01024860143661499
Lung_Dx-A0253,0,0.9711017608642578,0.028898300603032112
Lung_Dx-A0253,0,0.9969544410705566,0.0030455742962658405
Lung_Dx-A0253,0,0.8258707523345947,0.17412921786308289
Lung_Dx-A0253,0,0.8633915781974792,0.13660839200019836
Lung_Dx-A0253,0,0.9982926249504089,0.0017073675990104675
Lung_Dx-A0253,0,0.9761064648628235,0.023893602192401886
Lung_Dx-A0253,0,0.9488224983215332,0.0511774942278862
Lung_Dx-A0253,0,0.9835180044174194,0.016481999307870865
Lung_Dx-A0253,0,0.975923478603363,0.024076487869024277
Lung_Dx-A0253,0,0.75604248046875,0.2439575046300888
Lung_Dx-A0253,0,0.9801102876663208,0.019889742136001587
Lung_Dx-A0253,0,0.997231662273407,0.0027683856897056103
Lung_Dx-A0253,0,0.9976813793182373,0.0023186402395367622
Lung_Dx-A0253,0,0.9927250146865845,0.0072749583050608635
Lung_Dx-A0253,0,0.6129180192947388,0.38708195090293884
Lung_Dx-A0253,0,0.9945201277732849,0.005479908548295498
Lung_Dx-A0253,0,0.7946240901947021,0.20537588000297546
Lung_Dx-A0253,0,0.8409785628318787,0.15902139246463776
Lung_Dx-A0253,0,0.9423477053642273,0.05765223503112793
Lung_Dx-A0253,0,0.9981251358985901,0.0018748617731034756
Lung_Dx-A0253,0,0.9986979961395264,0.0013019646285101771
Lung_Dx-A0253,0,0.996364176273346,0.003635808825492859
Lung_Dx-A0253,0,0.5462540984153748,0.45374593138694763
Lung_Dx-A0253,0,0.859663724899292,0.14033624529838562
Lung_Dx-A0253,0,0.9884918928146362,0.011508150026202202
Lung_Dx-A0253,0,0.9695844650268555,0.03041553497314453
Lung_Dx-A0253,0,0.9941003918647766,0.005899603012949228
Lung_Dx-A0253,0,0.954647421836853,0.04535257816314697
Lung_Dx-A0253,0,0.9939496517181396,0.0060503981076180935
Lung_Dx-A0253,0,0.9985449314117432,0.0014550627674907446
Lung_Dx-A0253,0,0.9947084188461304,0.005291604902595282
Lung_Dx-A0253,0,0.995470404624939,0.004529616795480251
Lung_Dx-A0253,0,0.9713200926780701,0.0286798607558012
Lung_Dx-A0253,0,0.9890236854553223,0.01097633596509695
Lung_Dx-A0253,0,0.9205756783485413,0.07942426204681396
Lung_Dx-A0253,0,0.9773275852203369,0.022672437131404877
Lung_Dx-A0253,0,0.943295419216156,0.05670464038848877
Lung_Dx-A0253,0,0.9969005584716797,0.0030994152184575796
Lung_Dx-A0253,0,0.9457511901855469,0.054248809814453125
Lung_Dx-A0253,0,0.9983223080635071,0.0016776672564446926
Lung_Dx-A0253,0,0.8758400678634644,0.12415990233421326
Lung_Dx-A0253,0,0.9881993532180786,0.011800596490502357
Lung_Dx-A0253,0,0.9958741068840027,0.004125935025513172
Lung_Dx-A0169,0,0.9936487078666687,0.006351235322654247
Lung_Dx-A0169,0,0.9908744096755981,0.00912563782185316
Lung_Dx-A0169,0,0.9711838364601135,0.02881619706749916
Lung_Dx-A0169,0,0.9998176693916321,0.00018235458992421627
Lung_Dx-A0169,0,0.9390807151794434,0.06091928482055664
Lung_Dx-A0169,0,0.8911970853805542,0.1088029220700264
Lung_Dx-A0169,0,0.9997478127479553,0.00025216961512342095
Lung_Dx-A0169,0,0.9474297165870667,0.052570294588804245
Lung_Dx-A0169,0,0.9981791973114014,0.0018208295805379748
Lung_Dx-A0169,0,0.9972044825553894,0.0027954771649092436
Lung_Dx-A0169,0,0.7127322554588318,0.28726768493652344
Lung_Dx-A0169,0,0.8623515963554382,0.137648344039917
Lung_Dx-A0169,0,0.9984782338142395,0.0015218157786875963
Lung_Dx-A0169,0,0.925499677658081,0.07450025528669357
Lung_Dx-A0169,0,0.9916841983795166,0.008315779268741608
Lung_Dx-A0169,0,0.9994162321090698,0.0005838324432261288
Lung_Dx-A0169,0,0.9871788024902344,0.012821214273571968
Lung_Dx-A0169,0,0.9970765113830566,0.0029235430993139744
Lung_Dx-A0169,0,0.9883801937103271,0.011619770899415016
Lung_Dx-A0169,0,0.9724147915840149,0.027585284784436226
Lung_Dx-A0169,0,0.9825909733772278,0.01740904338657856
Lung_Dx-A0169,0,0.9996868371963501,0.0003131987468805164
Lung_Dx-A0169,0,0.9978044629096985,0.00219551520422101
Lung_Dx-A0169,0,0.574984073638916,0.42501595616340637
Lung_Dx-A0169,0,0.9976449608802795,0.0023550675250589848
Lung_Dx-A0169,0,0.9998384714126587,0.000161560601554811
Lung_Dx-A0169,0,0.9995443224906921,0.00045563653111457825
Lung_Dx-A0169,0,0.9917961359024048,0.008203785866498947
Lung_Dx-A0169,0,0.9709092378616333,0.02909075655043125
Lung_Dx-A0169,0,0.9307735562324524,0.0692264586687088
Lung_Dx-A0169,0,0.9998339414596558,0.00016603847325313836
Lung_Dx-A0169,0,0.998981773853302,0.0010182288242504
Lung_Dx-A0169,0,0.909183919429779,0.09081608802080154
Lung_Dx-A0169,0,0.9795114994049072,0.0204885546118021
Lung_Dx-A0169,0,0.4009179174900055,0.5990820527076721
Lung_Dx-A0169,0,0.993574321269989,0.006425620522350073
Lung_Dx-A0169,0,0.9932287931442261,0.006771210115402937
Lung_Dx-A0169,0,0.9909096360206604,0.009090383537113667
Lung_Dx-A0169,0,0.9104658365249634,0.08953417837619781
Lung_Dx-A0169,0,0.9495759606361389,0.05042407289147377
Lung_Dx-A0169,0,0.9904590845108032,0.009540924802422523
Lung_Dx-A0169,0,0.8905324339866638,0.1094675362110138
Lung_Dx-A0169,0,0.9885361194610596,0.011463796719908714
Lung_Dx-A0169,0,0.995685338973999,0.00431468803435564
Lung_Dx-A0169,0,0.99991774559021,8.220189192797989e-05
Lung_Dx-A0169,0,0.9998089671134949,0.00019110430730506778
Lung_Dx-G0037,1,0.9808392524719238,0.019160708412528038
Lung_Dx-G0037,1,0.1630452573299408,0.8369547128677368
Lung_Dx-G0037,1,0.028247779235243797,0.9717521667480469
Lung_Dx-G0037,1,0.2717345654964447,0.7282654047012329
Lung_Dx-G0037,1,0.9998722076416016,0.00012780926772393286
Lung_Dx-G0037,1,0.05042407289147377,0.9495759606361389
Lung_Dx-G0037,1,0.4196423888206482,0.5803576111793518
Lung_Dx-G0037,1,0.988711953163147,0.011288074776530266
Lung_Dx-G0037,1,0.1372431218624115,0.8627568483352661
Lung_Dx-G0037,1,0.9994069337844849,0.000593020988162607
Lung_Dx-G0037,1,0.9934991598129272,0.006500871852040291
Lung_Dx-G0037,1,0.5708397626876831,0.4291602075099945
Lung_Dx-G0037,1,0.6929537057876587,0.30704623460769653
Lung_Dx-G0037,1,0.20497773587703705,0.7950222492218018
Lung_Dx-G0037,1,0.9812029004096985,0.018797073513269424
Lung_Dx-G0037,1,0.9844712615013123,0.01552871335297823
Lung_Dx-G0037,1,0.08479540795087814,0.9152045845985413
Lung_Dx-G0037,1,0.9975703358650208,0.002429643413051963
Lung_Dx-G0037,1,0.9974391460418701,0.0025608709547668695
Lung_Dx-G0037,1,0.03126191347837448,0.9687380790710449
Lung_Dx-G0037,1,0.43638184666633606,0.5636181831359863
Lung_Dx-G0037,1,0.788257360458374,0.21174263954162598
Lung_Dx-G0037,1,0.9997097849845886,0.00029023445677012205
Lung_Dx-G0037,1,0.9971216320991516,0.002878348110243678
Lung_Dx-G0037,1,0.5927770733833313,0.4072228968143463
Lung_Dx-G0037,1,0.0004416242882143706,0.9995583891868591
Lung_Dx-G0037,1,0.06233103945851326,0.9376689791679382
Lung_Dx-G0037,1,0.9993785619735718,0.0006214630557224154
Lung_Dx-G0037,1,0.7568520903587341,0.24314787983894348
Lung_Dx-G0037,1,0.034979648888111115,0.9650202989578247
Lung_Dx-G0037,1,0.9900250434875488,0.009974921122193336
Lung_Dx-G0037,1,0.029118353500962257,0.9708817005157471
Lung_Dx-G0037,1,0.9987792372703552,0.001220795325934887
Lung_Dx-G0037,1,0.997730553150177,0.002269468503072858
Lung_Dx-G0037,1,0.019069157540798187,0.9809308648109436
Lung_Dx-G0037,1,0.4054192900657654,0.5945806503295898
Lung_Dx-G0037,1,0.3206617534160614,0.679338276386261
Lung_Dx-G0037,1,0.0698583573102951,0.9301416277885437
Lung_Dx-G0037,1,0.005281334277242422,0.9947186708450317
Lung_Dx-G0037,1,0.9330047965049744,0.06699522584676743
Lung_Dx-G0037,1,0.9976949095726013,0.002305125119164586
Lung_Dx-G0037,1,0.14457103610038757,0.85542893409729
Lung_Dx-G0037,1,0.32487764954566956,0.6751223802566528
Lung_Dx-G0037,1,0.9670388102531433,0.032961245626211166
Lung_Dx-G0037,1,0.999782145023346,0.00021781629766337574
Lung_Dx-G0037,1,0.8529354333877563,0.14706452190876007
Lung_Dx-G0037,1,0.2921912372112274,0.707808792591095
Lung_Dx-G0037,1,0.9992720484733582,0.0007279067649506032
Lung_Dx-G0037,1,0.9990942478179932,0.0009057333809323609
Lung_Dx-G0037,1,0.9997796416282654,0.0002203832846134901
Lung_Dx-G0037,1,0.9956176280975342,0.004382336977869272
Lung_Dx-G0037,1,0.9861780405044556,0.013821961358189583
Lung_Dx-G0037,1,0.998703122138977,0.0012968953233212233
Lung_Dx-G0037,1,0.021409772336483,0.9785903096199036
Lung_Dx-G0037,1,0.9946980476379395,0.005301894620060921
Lung_Dx-G0037,1,0.8745065331459045,0.12549345195293427
Lung_Dx-G0037,1,0.7898422479629517,0.21015781164169312
Lung_Dx-G0037,1,0.9991557598114014,0.0008442883845418692
Lung_Dx-G0037,1,0.8396682143211365,0.16033175587654114
Lung_Dx-G0037,1,0.9506864547729492,0.04931360483169556
Lung_Dx-G0037,1,0.9732915163040161,0.026708463206887245
Lung_Dx-G0037,1,0.9835180044174194,0.016481999307870865
Lung_Dx-G0037,1,0.998586893081665,0.0014131119241937995
Lung_Dx-G0037,1,0.7928254008293152,0.2071746289730072
Lung_Dx-G0037,1,0.9993833303451538,0.0006166296661831439
Lung_Dx-G0037,1,0.9810401201248169,0.018959863111376762
Lung_Dx-G0037,1,0.8888552784919739,0.11114469915628433
Lung_Dx-G0037,1,0.2077767699956894,0.7922232747077942
Lung_Dx-G0037,1,0.9962638020515442,0.0037362207658588886
Lung_Dx-G0037,1,0.059701740741729736,0.940298318862915
Lung_Dx-G0037,1,0.9967899918556213,0.003209961112588644
Lung_Dx-G0037,1,0.9886244535446167,0.011375601403415203
Lung_Dx-G0037,1,0.9987207055091858,0.0012793075293302536
Lung_Dx-G0037,1,0.9989494681358337,0.001050516846589744
Lung_Dx-G0037,1,0.4006797671318054,0.5993202924728394
Lung_Dx-G0037,1,0.9900057911872864,0.009994227439165115
Lung_Dx-G0037,1,0.997188150882721,0.0028118586633354425
Lung_Dx-G0037,1,0.0843040943145752,0.9156959056854248
Lung_Dx-G0037,1,0.9870045781135559,0.012995414435863495
Lung_Dx-G0037,1,0.39584919810295105,0.6041508316993713
Lung_Dx-G0037,1,0.006463137920945883,0.9935368895530701
Lung_Dx-G0037,1,0.9981613755226135,0.0018386653391644359
Lung_Dx-G0037,1,0.9864547252655029,0.013545190915465355
Lung_Dx-G0037,1,0.020351815968751907,0.9796481728553772
Lung_Dx-G0037,1,0.9973836541175842,0.002616339363157749
Lung_Dx-G0037,1,0.9431908130645752,0.056809201836586
Lung_Dx-G0037,1,0.03521113842725754,0.9647889137268066
Lung_Dx-G0037,1,0.9626730680465698,0.037326883524656296
Lung_Dx-G0037,1,0.9979372024536133,0.0020627700723707676
Lung_Dx-G0037,1,0.9984207153320312,0.0015792594058439136
Lung_Dx-G0037,1,0.9994600415229797,0.000539980421308428
Lung_Dx-G0037,1,0.8057851195335388,0.19421495497226715
Lung_Dx-G0037,1,0.9381806254386902,0.061819322407245636
Lung_Dx-G0037,1,0.9994285702705383,0.0005714300787076354
Lung_Dx-G0037,1,0.009955651126801968,0.990044355392456
Lung_Dx-G0037,1,0.9997560381889343,0.0002439363015582785
Lung_Dx-G0037,1,0.22202469408512115,0.7779753804206848
Lung_Dx-G0037,1,0.9978342652320862,0.00216576736420393
Lung_Dx-G0037,1,0.9981541037559509,0.0018458481645211577
Lung_Dx-G0037,1,0.9957352876663208,0.004264634568244219
Lung_Dx-G0037,1,0.9556928277015686,0.04430721700191498
Lung_Dx-G0037,1,0.998364269733429,0.0016356752021238208
Lung_Dx-G0037,1,0.03283695504069328,0.9671630263328552
Lung_Dx-G0037,1,0.5115336179733276,0.48846641182899475
Lung_Dx-G0037,1,0.9987863898277283,0.001213671755976975
Lung_Dx-G0037,1,0.9953904151916504,0.004609572701156139
Lung_Dx-G0037,1,0.9984269142150879,0.0015731120947748423
Lung_Dx-G0037,1,0.18557792901992798,0.8144221305847168
Lung_Dx-G0037,1,0.9679902195930481,0.032009802758693695
Lung_Dx-A0233,0,0.9977481961250305,0.0022518474142998457
Lung_Dx-A0233,0,0.9995802044868469,0.00041976713691838086
Lung_Dx-A0233,0,0.9970190525054932,0.002981032943353057
Lung_Dx-A0233,0,0.9876400828361511,0.0123599199578166
Lung_Dx-A0233,0,0.8290080428123474,0.1709919571876526
Lung_Dx-A0233,0,0.9927951693534851,0.007204768247902393
Lung_Dx-A0233,0,0.9941574335098267,0.005842605605721474
Lung_Dx-A0233,0,0.9851576089859009,0.014842418022453785
Lung_Dx-A0233,0,0.9917803406715393,0.00821969285607338
Lung_Dx-A0233,0,0.9916841983795166,0.008315779268741608
Lung_Dx-A0233,0,0.9856076240539551,0.014392335899174213
Lung_Dx-A0233,0,0.990678071975708,0.00932196993380785
Lung_Dx-A0233,0,0.7853909134864807,0.21460913121700287
Lung_Dx-A0233,0,0.9801293015480042,0.019870713353157043
Lung_Dx-A0233,0,0.9956600069999695,0.004339932929724455
Lung_Dx-A0233,0,0.9954350590705872,0.004564980510622263
Lung_Dx-A0233,0,0.9927812218666077,0.007218752056360245
Lung_Dx-A0233,0,0.9942809343338013,0.005719129927456379
Lung_Dx-A0233,0,0.9948704242706299,0.005129634402692318
Lung_Dx-A0233,0,0.9682613611221313,0.03173859044909477
Lung_Dx-A0233,0,0.9914224743843079,0.008577484637498856
Lung_Dx-A0233,0,0.3777414858341217,0.6222584843635559
Lung_Dx-A0233,0,0.9917961359024048,0.008203785866498947
Lung_Dx-A0233,0,0.9958580136299133,0.004142016638070345
Lung_Dx-A0233,0,0.9955229759216309,0.0044770813547074795
Lung_Dx-A0233,0,0.9934357404708862,0.0065642488189041615
Lung_Dx-A0233,0,0.07316471636295319,0.9268352389335632
Lung_Dx-A0233,0,0.8200734853744507,0.17992646992206573
Lung_Dx-A0233,0,0.9957848191261292,0.004215159919112921
Lung_Dx-A0233,0,0.9149770140647888,0.08502305299043655
Lung_Dx-A0233,0,0.9951040744781494,0.004895880818367004
Lung_Dx-A0233,0,0.9580694437026978,0.04193052276968956
Lung_Dx-A0233,0,0.9949100613594055,0.005089918151497841
Lung_Dx-A0233,0,0.9867261648178101,0.013273888267576694
Lung_Dx-A0233,0,0.9905142784118652,0.009485714137554169
Lung_Dx-A0233,0,0.9983515739440918,0.0016484830994158983
Lung_Dx-A0233,0,0.9912885427474976,0.008711383678019047
Lung_Dx-A0233,0,0.77390056848526,0.2260993868112564
Lung_Dx-A0233,0,0.9465966820716858,0.0534033328294754
Lung_Dx-A0233,0,0.9971216320991516,0.002878348110243678
Lung_Dx-A0233,0,0.6240071654319763,0.3759928047657013
Lung_Dx-A0233,0,0.9930558800697327,0.006944127380847931
Lung_Dx-A0233,0,0.9931760430335999,0.00682395463809371
Lung_Dx-A0233,0,0.9926398992538452,0.0073600816540420055
Lung_Dx-A0233,0,0.9968519806861877,0.0031480705365538597
Lung_Dx-A0233,0,0.9921841025352478,0.007815889082849026
Lung_Dx-G0049,1,0.19140325486660004,0.8085967898368835
Lung_Dx-G0049,1,0.0032162165734916925,0.9967837333679199
Lung_Dx-G0049,1,0.023893602192401886,0.9761064648628235
Lung_Dx-G0049,1,0.7212035059928894,0.2787964344024658
Lung_Dx-G0049,1,0.002022953238338232,0.997977077960968
Lung_Dx-G0049,1,0.1669468730688095,0.8330531716346741
Lung_Dx-G0049,1,6.949273665668443e-05,0.9999305009841919
Lung_Dx-G0049,1,0.01287075038999319,0.987129271030426
Lung_Dx-G0049,1,0.0030455742962658405,0.9969544410705566
Lung_Dx-G0049,1,0.0383940190076828,0.961605966091156
Lung_Dx-G0049,1,0.024539699777960777,0.9754602313041687
Lung_Dx-G0049,1,0.01842254213988781,0.981577455997467
Lung_Dx-G0049,1,0.006338921375572681,0.9936610460281372
Lung_Dx-G0049,1,0.10343123972415924,0.8965688347816467
Lung_Dx-G0049,1,0.8848377466201782,0.11516223102807999
Lung_Dx-G0049,1,0.0005316133028827608,0.9994683861732483
Lung_Dx-G0049,1,9.876620606519282e-05,0.9999011754989624
Lung_Dx-G0049,1,0.016044558957219124,0.983955442905426
Lung_Dx-G0049,1,0.8540953993797302,0.14590460062026978
Lung_Dx-G0049,1,0.05360114574432373,0.9463988542556763
Lung_Dx-G0049,1,0.02588338777422905,0.9741166234016418
Lung_Dx-G0049,1,0.004182493779808283,0.9958174824714661
Lung_Dx-G0049,1,0.0832919329404831,0.9167081117630005
Lung_Dx-G0049,1,0.001518850913271308,0.9984812140464783
Lung_Dx-G0049,1,0.0008592476369813085,0.999140739440918
Lung_Dx-G0049,1,0.9779887795448303,0.022011233493685722
Lung_Dx-G0049,1,0.004773722030222416,0.995226263999939
Lung_Dx-G0049,1,1.1389440260245465e-05,0.9999885559082031
Lung_Dx-G0049,1,0.035745806992053986,0.9642541408538818
Lung_Dx-G0049,1,0.12173795700073242,0.8782621026039124
Lung_Dx-G0049,1,0.058614689856767654,0.9413852691650391
Lung_Dx-G0049,1,0.0073743658140301704,0.9926256537437439
Lung_Dx-G0049,1,5.328280167304911e-05,0.9999467134475708
Lung_Dx-G0049,1,0.0009308178559876978,0.9990691542625427
Lung_Dx-G0049,1,0.5194299221038818,0.48057010769844055
Lung_Dx-G0049,1,0.0031236486975103617,0.9968763589859009
Lung_Dx-G0049,1,0.029675619676709175,0.9703244566917419
Lung_Dx-G0049,1,0.0005680935573764145,0.9994319081306458
Lung_Dx-G0049,1,0.05634009465575218,0.9436599016189575
Lung_Dx-G0049,1,0.0008609260548837483,0.9991390705108643
Lung_Dx-G0049,1,0.45895490050315857,0.5410451292991638
Lung_Dx-G0049,1,0.00012982171028852463,0.9998701810836792
Lung_Dx-G0049,1,0.0004052719159517437,0.9995947480201721
Lung_Dx-G0049,1,0.18166211247444153,0.8183378577232361
Lung_Dx-G0049,1,0.018020739778876305,0.981979250907898
Lung_Dx-G0049,1,0.018923569470643997,0.9810764789581299
Lung_Dx-G0049,1,0.7209089398384094,0.2790910601615906
Lung_Dx-G0049,1,0.0006047102506272495,0.9993952512741089
Lung_Dx-G0049,1,0.0004205874283798039,0.9995793700218201
Lung_Dx-G0049,1,0.02182282693684101,0.9781771898269653
Lung_Dx-G0049,1,0.0005203195614740252,0.9994797110557556
Lung_Dx-G0049,1,0.0015218157786875963,0.9984782338142395
Lung_Dx-G0049,1,0.00025118677876889706,0.9997487664222717
Lung_Dx-G0049,1,0.43698617815971375,0.5630138516426086
Lung_Dx-G0049,1,0.7884203195571899,0.21157968044281006
Lung_Dx-G0049,1,0.5936976075172424,0.40630239248275757
Lung_Dx-G0049,1,0.016371551901102066,0.983628511428833
Lung_Dx-G0049,1,0.07416429370641708,0.9258357286453247
Lung_Dx-G0049,1,0.007999754510819912,0.9920002222061157
Lung_Dx-G0049,1,0.9799765348434448,0.020023440942168236
Lung_Dx-G0049,1,0.5860195159912109,0.41398051381111145
Lung_Dx-G0049,1,0.03403615579009056,0.9659639000892639
Lung_Dx-G0049,1,0.09178834408521652,0.9082116484642029
Lung_Dx-G0049,1,0.0020951859187334776,0.9979047775268555
Lung_Dx-G0049,1,0.007388676051050425,0.9926113486289978
Lung_Dx-G0049,1,0.0030994152184575796,0.9969005584716797
Lung_Dx-G0049,1,0.050611432641744614,0.9493885040283203
Lung_Dx-G0049,1,0.7013552784919739,0.2986447513103485
Lung_Dx-G0049,1,0.00806199200451374,0.9919379353523254
Lung_Dx-G0049,1,0.00024346043937839568,0.9997565150260925
Lung_Dx-G0049,1,0.09017308056354523,0.909826934337616
Lung_Dx-G0049,1,0.5188813805580139,0.4811186194419861
Lung_Dx-G0049,1,0.02460992895066738,0.9753900170326233
Lung_Dx-G0049,1,7.426381489494815e-05,0.9999257326126099
Lung_Dx-G0049,1,0.9711290597915649,0.028870906680822372
Lung_Dx-G0034,1,0.9313377141952515,0.06866227835416794
Lung_Dx-G0034,1,0.7677769660949707,0.23222307860851288
Lung_Dx-G0034,1,0.9990924596786499,0.0009075026027858257
Lung_Dx-G0034,1,0.5944335460662842,0.40556642413139343
Lung_Dx-G0034,1,0.29754650592803955,0.7024535536766052
Lung_Dx-G0034,1,0.550758421421051,0.44924160838127136
Lung_Dx-G0034,1,0.9851003289222717,0.014899643138051033
Lung_Dx-G0034,1,0.5678167343139648,0.4321832060813904
Lung_Dx-G0034,1,0.7892336845397949,0.21076630055904388
Lung_Dx-G0034,1,0.9948503375053406,0.005149607080966234
Lung_Dx-G0034,1,0.9962199330329895,0.0037800956051796675
Lung_Dx-G0034,1,0.6595696210861206,0.340430349111557
Lung_Dx-G0034,1,0.8302502632141113,0.1697496771812439
Lung_Dx-G0034,1,0.9767358303070068,0.023264102637767792
Lung_Dx-G0034,1,0.0035936026833951473,0.9964063763618469
Lung_Dx-G0034,1,0.9775643944740295,0.0224356260150671
Lung_Dx-G0034,1,0.23048648238182068,0.7695135474205017
Lung_Dx-G0034,1,0.9698426127433777,0.030157409608364105
Lung_Dx-G0034,1,0.25432372093200684,0.7456763386726379
Lung_Dx-G0034,1,0.6775806546211243,0.32241931557655334
Lung_Dx-G0034,1,0.777722179889679,0.22227780520915985
Lung_Dx-G0034,1,0.34809091687202454,0.6519090533256531
Lung_Dx-G0034,1,0.125600665807724,0.8743993639945984
Lung_Dx-G0034,1,0.7575254440307617,0.24247460067272186
Lung_Dx-G0034,1,0.9471371173858643,0.052862897515296936
Lung_Dx-G0034,1,0.32546696066856384,0.6745330691337585
Lung_Dx-G0034,1,0.6524351835250854,0.34756478667259216
Lung_Dx-G0034,1,0.876581609249115,0.12341844290494919
Lung_Dx-G0034,1,0.6077468395233154,0.39225319027900696
Lung_Dx-G0034,1,0.3282063901424408,0.6717936396598816
Lung_Dx-G0034,1,0.9864808320999146,0.01351911947131157
Lung_Dx-G0034,1,0.0055765449069440365,0.9944234490394592
Lung_Dx-G0034,1,0.9595351815223694,0.040464840829372406
Lung_Dx-G0034,1,0.27376851439476013,0.7262314558029175
Lung_Dx-G0034,1,0.9502266049385071,0.0497734472155571
Lung_Dx-G0034,1,0.005099818110466003,0.9949001669883728
Lung_Dx-G0034,1,0.36301860213279724,0.6369813680648804
Lung_Dx-G0034,1,0.7316341996192932,0.2683658003807068
Lung_Dx-G0034,1,0.9317114353179932,0.06828853487968445
Lung_Dx-G0034,1,0.015618540346622467,0.9843814373016357
Lung_Dx-G0034,1,0.05765223503112793,0.9423477053642273
Lung_Dx-G0034,1,0.9198587536811829,0.08014123141765594
Lung_Dx-G0034,1,0.9777138829231262,0.02228618785738945
Lung_Dx-G0034,1,0.9145963191986084,0.08540366590023041
Lung_Dx-G0034,1,0.9930152893066406,0.006984649691730738
Lung_Dx-G0034,1,0.0017173837404698133,0.9982826709747314
Lung_Dx-G0034,1,0.9998133778572083,0.00018667822587303817
Lung_Dx-G0034,1,0.19329962134361267,0.8067004084587097
Lung_Dx-G0034,1,0.9905051589012146,0.009494894184172153
Lung_Dx-G0034,1,0.7683857679367065,0.23161423206329346
Lung_Dx-G0034,1,0.8178656101226807,0.18213441967964172
Lung_Dx-G0034,1,0.8417606949806213,0.15823937952518463
Lung_Dx-G0034,1,0.90256667137146,0.09743332862854004
Lung_Dx-G0034,1,0.22160327434539795,0.778396725654602
Lung_Dx-G0034,1,0.9948102235794067,0.0051897866651415825
Lung_Dx-G0034,1,0.6085649728775024,0.39143502712249756
Lung_Dx-G0034,1,0.8173194527626038,0.18268056213855743
Lung_Dx-G0034,1,0.2084205001592636,0.79157954454422
Lung_Dx-G0034,1,0.25469428300857544,0.7453057169914246
Lung_Dx-G0034,1,0.27318641543388367,0.7268136143684387
Lung_Dx-G0034,1,0.0002891032490879297,0.9997108578681946
Lung_Dx-G0034,1,0.7845255136489868,0.21547454595565796
Lung_Dx-G0034,1,0.5809985399246216,0.4190014898777008
Lung_Dx-G0034,1,0.395973265171051,0.604026734828949
Lung_Dx-G0034,1,0.9097066521644592,0.09029333293437958
Lung_Dx-G0034,1,0.06187598407268524,0.9381240010261536
Lung_Dx-G0034,1,0.9973887801170349,0.0026112478226423264
Lung_Dx-G0034,1,0.0001603035198058933,0.9998396635055542
Lung_Dx-G0034,1,0.029395703226327896,0.9706043004989624
Lung_Dx-G0034,1,0.4854472279548645,0.5145527720451355
Lung_Dx-G0034,1,0.011892050504684448,0.9881079792976379
Lung_Dx-G0034,1,0.4721662402153015,0.5278337001800537
Lung_Dx-G0034,1,0.2924942374229431,0.7075057625770569
Lung_Dx-G0034,1,0.11945949494838715,0.8805404901504517
Lung_Dx-G0034,1,0.30798205733299255,0.6920179128646851
Lung_Dx-G0034,1,9.610241977497935e-05,0.9999039173126221
Lung_Dx-G0034,1,0.997368335723877,0.0026316740550100803
Lung_Dx-G0034,1,0.8953856229782104,0.10461445897817612
Lung_Dx-G0034,1,0.9993797540664673,0.0006202511722221971
Lung_Dx-G0034,1,0.0013406203361228108,0.9986593723297119
Lung_Dx-G0034,1,0.9233852624893188,0.07661467790603638
Lung_Dx-G0034,1,0.18191629648208618,0.8180837035179138
Lung_Dx-G0034,1,0.6889132857322693,0.3110866844654083
Lung_Dx-G0034,1,0.04676847532391548,0.9532315135002136
Lung_Dx-G0034,1,0.933552086353302,0.06644792854785919
Lung_Dx-G0034,1,0.9893062710762024,0.010693758726119995
Lung_Dx-G0034,1,0.005343256518244743,0.9946568012237549
Lung_Dx-G0034,1,0.9547740817070007,0.04522590711712837
Lung_Dx-G0034,1,0.0035936026833951473,0.9964063763618469
Lung_Dx-G0034,1,0.002536047250032425,0.9974639415740967
Lung_Dx-G0034,1,0.9682314395904541,0.031768616288900375
Lung_Dx-G0034,1,0.9884918928146362,0.011508150026202202
Lung_Dx-G0034,1,0.37315455079078674,0.6268454194068909
Lung_Dx-G0034,1,0.8325091600418091,0.16749083995819092
Lung_Dx-G0034,1,0.8870579600334167,0.11294206976890564
Lung_Dx-G0034,1,0.371963232755661,0.6280367970466614
Lung_Dx-G0034,1,0.2592626214027405,0.7407373785972595
Lung_Dx-G0034,1,0.963711678981781,0.0362882986664772
Lung_Dx-G0034,1,0.8436376452445984,0.1563623696565628
Lung_Dx-G0034,1,0.5039061903953552,0.49609383940696716
Lung_Dx-G0034,1,0.5370110273361206,0.4629889726638794
Lung_Dx-G0034,1,0.000992726068943739,0.9990072846412659
Lung_Dx-G0034,1,0.3774832487106323,0.6225166916847229
Lung_Dx-G0034,1,0.2822456657886505,0.7177543640136719
Lung_Dx-G0034,1,0.9909971952438354,0.009002837352454662
Lung_Dx-G0034,1,0.1059020459651947,0.8940979838371277
Lung_Dx-G0034,1,0.6781671047210693,0.32183289527893066
Lung_Dx-G0034,1,0.12597651779651642,0.8740234375
Lung_Dx-G0034,1,0.32151326537132263,0.6784867644309998
Lung_Dx-G0034,1,0.08269733935594559,0.917302668094635
Lung_Dx-G0034,1,0.4127742350101471,0.5872257351875305
Lung_Dx-A0228,0,0.9973425269126892,0.0026574311777949333
Lung_Dx-A0228,0,0.998121440410614,0.0018785203574225307
Lung_Dx-A0228,0,0.9898303151130676,0.01016965787857771
Lung_Dx-A0228,0,0.9987404942512512,0.0012594986474141479
Lung_Dx-A0228,0,0.9940312504768372,0.0059687308967113495
Lung_Dx-A0228,0,0.999559223651886,0.0004407629603520036
Lung_Dx-A0228,0,0.9981791973114014,0.0018208295805379748
Lung_Dx-A0228,0,0.9832305908203125,0.016769379377365112
Lung_Dx-A0228,0,0.9994611144065857,0.0005389273865148425
Lung_Dx-A0228,0,0.972701370716095,0.027298586443066597
Lung_Dx-A0228,0,0.9946046471595764,0.005395408719778061
Lung_Dx-A0228,0,0.9890764951705933,0.010923455469310284
Lung_Dx-A0228,0,0.9992720484733582,0.0007279067649506032
Lung_Dx-A0228,0,0.9824735522270203,0.01752636395394802
Lung_Dx-A0228,0,0.9996117949485779,0.00038823336944915354
Lung_Dx-A0167,0,0.9575167298316956,0.04248320683836937
Lung_Dx-A0167,0,0.9471859931945801,0.052814025431871414
Lung_Dx-A0167,0,0.44097137451171875,0.5590286254882812
Lung_Dx-A0167,0,0.9925537705421448,0.007446194067597389
Lung_Dx-A0167,0,0.16052906215190887,0.8394709229469299
Lung_Dx-A0167,0,0.9276259541511536,0.07237402349710464
Lung_Dx-A0167,0,0.9817007184028625,0.01829933375120163
Lung_Dx-A0167,0,0.9790157079696655,0.020984293892979622
Lung_Dx-A0167,0,0.2608599364757538,0.7391400933265686
Lung_Dx-A0167,0,0.9873140454292297,0.012685961090028286
Lung_Dx-A0167,0,0.9976859092712402,0.0023141265846788883
Lung_Dx-A0167,0,0.9824230670928955,0.017576882615685463
Lung_Dx-A0167,0,0.11269772052764893,0.8873022794723511
Lung_Dx-A0167,0,0.9843814373016357,0.015618540346622467
Lung_Dx-A0167,0,0.08042966574430466,0.91957026720047
Lung_Dx-A0167,0,0.2516936957836151,0.7483063340187073
Lung_Dx-A0167,0,0.9894601106643677,0.010539891198277473
Lung_Dx-A0167,0,0.3958929777145386,0.6041070222854614
Lung_Dx-A0167,0,0.9457511901855469,0.054248809814453125
Lung_Dx-A0167,0,0.009340024553239346,0.9906600117683411
Lung_Dx-A0167,0,0.5755171775817871,0.4244827926158905
Lung_Dx-A0167,0,0.250087708234787,0.7499122619628906
Lung_Dx-A0167,0,0.19671043753623962,0.803289532661438
Lung_Dx-A0167,0,0.14829371869564056,0.851706326007843
Lung_Dx-A0167,0,0.9456508755683899,0.054349105805158615
Lung_Dx-A0167,0,0.9951136708259583,0.004886374808847904
Lung_Dx-A0167,0,0.504043459892273,0.49595651030540466
Lung_Dx-A0167,0,0.27717941999435425,0.7228206396102905
Lung_Dx-A0167,0,0.2618024945259094,0.7381975054740906
Lung_Dx-A0167,0,0.951096773147583,0.04890318214893341
Lung_Dx-A0167,0,0.948775053024292,0.05122493579983711
Lung_Dx-A0167,0,0.9913892149925232,0.008610767312347889
Lung_Dx-A0167,0,0.9337939620018005,0.06620601564645767
Lung_Dx-A0167,0,0.813164234161377,0.18683576583862305
Lung_Dx-A0167,0,0.207014262676239,0.7929857969284058
Lung_Dx-A0167,0,0.8505927920341492,0.14940722286701202
Lung_Dx-A0167,0,0.9835969805717468,0.01640303246676922
Lung_Dx-A0167,0,0.5804709792137146,0.4195290505886078
Lung_Dx-A0167,0,0.37911975383758545,0.6208802461624146
Lung_Dx-A0167,0,0.5500144958496094,0.44998544454574585
Lung_Dx-A0167,0,0.9511421918869019,0.04885777831077576
Lung_Dx-A0167,0,0.06075190752744675,0.9392480850219727
Lung_Dx-A0167,0,0.15856483578681946,0.8414351940155029
Lung_Dx-A0167,0,0.9904035329818726,0.009596454910933971
Lung_Dx-A0167,0,0.028328312560915947,0.9716717004776001
Lung_Dx-A0167,0,0.99405437707901,0.00594559870660305
Lung_Dx-A0167,0,0.9750121831893921,0.02498779445886612
Lung_Dx-A0167,0,0.9603611826896667,0.03963884338736534
Lung_Dx-A0167,0,0.21800270676612854,0.7819972634315491
Lung_Dx-A0167,0,0.021287351846694946,0.9787126779556274
Lung_Dx-A0167,0,0.2860445976257324,0.7139554619789124
Lung_Dx-A0167,0,0.007190811913460493,0.9928091764450073
Lung_Dx-A0167,0,0.046291906386613846,0.9537081718444824
Lung_Dx-A0167,0,0.6774740219116211,0.3225260078907013
Lung_Dx-A0167,0,0.7938261032104492,0.2061738818883896
Lung_Dx-A0167,0,0.4625944197177887,0.5374055504798889
Lung_Dx-A0167,0,0.9931495785713196,0.006850480102002621
Lung_Dx-A0167,0,0.6659063696861267,0.3340936303138733
Lung_Dx-A0167,0,0.8610131144523621,0.13898684084415436
Lung_Dx-A0167,0,0.9586926698684692,0.04130730405449867
Lung_Dx-A0167,0,0.7706374526023865,0.22936254739761353
Lung_Dx-A0167,0,0.45063892006874084,0.5493611097335815
Lung_Dx-A0167,0,0.9793540239334106,0.020645931363105774
Lung_Dx-A0167,0,0.9946568012237549,0.005343256518244743
Lung_Dx-A0167,0,0.9003985524177551,0.09960150718688965
Lung_Dx-A0167,0,0.12635333836078644,0.87364661693573
Lung_Dx-A0167,0,0.19238758087158203,0.807612419128418
Lung_Dx-A0167,0,0.9015746116638184,0.09842541813850403
Lung_Dx-A0167,0,0.8903418779373169,0.10965808480978012
Lung_Dx-A0167,0,0.8950649499893188,0.10493505746126175
Lung_Dx-A0167,0,0.7389046549797058,0.2610953748226166
Lung_Dx-A0167,0,0.8959786295890808,0.10402136296033859
Lung_Dx-A0167,0,0.8976953029632568,0.10230470448732376
Lung_Dx-A0167,0,0.014461765997111797,0.9855382442474365
Lung_Dx-A0167,0,0.8124956488609314,0.1875043362379074
Lung_Dx-A0167,0,0.9460510015487671,0.05394897609949112
Lung_Dx-A0167,0,0.9630572199821472,0.03694279491901398
Lung_Dx-A0167,0,0.9083743095397949,0.0916256457567215
Lung_Dx-A0167,0,0.9740672707557678,0.02593267522752285
Lung_Dx-A0167,0,0.8073087334632874,0.19269122183322906
Lung_Dx-A0167,0,0.9252299070358276,0.07477004081010818
Lung_Dx-A0167,0,0.5032958388328552,0.4967041313648224
Lung_Dx-A0167,0,0.21625970304012299,0.7837402820587158
Lung_Dx-A0167,0,0.030185984447598457,0.9698140025138855
Lung_Dx-A0167,0,0.015247589908540249,0.984752357006073
Lung_Dx-A0167,0,0.19559407234191895,0.804405927658081
Lung_Dx-A0167,0,0.08494710177183151,0.9150528311729431
Lung_Dx-A0167,0,0.8773192167282104,0.12268078327178955
Lung_Dx-A0167,0,0.9941574335098267,0.005842605605721474
Lung_Dx-G0056,1,0.9934230446815491,0.006576998624950647
Lung_Dx-G0056,1,0.0009039677097462118,0.9990960359573364
Lung_Dx-G0056,1,0.2817513346672058,0.7182486653327942
Lung_Dx-G0056,1,0.9857455492019653,0.014254463836550713
Lung_Dx-G0056,1,0.0001392770209349692,0.9998606443405151
Lung_Dx-G0056,1,0.4209863543510437,0.5790136456489563
Lung_Dx-G0056,1,0.9184070825576782,0.08159290254116058
Lung_Dx-G0056,1,0.9874479174613953,0.012552118860185146
Lung_Dx-G0056,1,4.539786823443137e-05,0.9999545812606812
Lung_Dx-G0056,1,0.564886212348938,0.4351137578487396
Lung_Dx-G0056,1,0.9963924288749695,0.0036076169926673174
Lung_Dx-G0056,1,0.8248149156570435,0.17518502473831177
Lung_Dx-G0056,1,0.9957518577575684,0.004248078912496567
Lung_Dx-G0056,1,0.3144780397415161,0.6855220198631287
Lung_Dx-G0056,1,0.8358188271522522,0.1641811579465866
Lung_Dx-G0056,1,0.7199746370315552,0.2800253629684448
Lung_Dx-G0056,1,0.0020190137438476086,0.9979810118675232
Lung_Dx-G0056,1,0.9112981557846069,0.08870181441307068
Lung_Dx-G0056,1,0.00031565441167913377,0.9996843338012695
Lung_Dx-G0056,1,0.975296139717102,0.024703869596123695
Lung_Dx-G0056,1,0.9984238147735596,0.0015761827817186713
Lung_Dx-G0056,1,0.9996366500854492,0.00036329866270534694
Lung_Dx-G0056,1,0.00011367750266799703,0.9998862743377686
Lung_Dx-G0056,1,0.9976632595062256,0.002336782868951559
Lung_Dx-G0056,1,0.018725162371993065,0.9812749028205872
Lung_Dx-G0056,1,0.9562273025512695,0.04377273842692375
Lung_Dx-G0056,1,0.8079535961151123,0.1920464187860489
Lung_Dx-G0056,1,0.5376483201980591,0.4623516798019409
Lung_Dx-G0056,1,0.0995139554142952,0.9004859924316406
Lung_Dx-G0056,1,0.5161381959915161,0.4838618338108063
Lung_Dx-G0056,1,0.06506811082363129,0.9349318742752075
Lung_Dx-G0056,1,0.0006576552405022085,0.9993423819541931
Lung_Dx-G0056,1,0.020567096769809723,0.9794329404830933
Lung_Dx-G0056,1,0.0011672308901324868,0.9988327622413635
Lung_Dx-G0056,1,0.0008847707067616284,0.9991151690483093
Lung_Dx-G0056,1,0.0013096057809889317,0.9986904263496399
Lung_Dx-G0056,1,0.8330531716346741,0.1669468730688095
Lung_Dx-G0056,1,0.9985561966896057,0.0014437558129429817
Lung_Dx-G0056,1,0.9987280964851379,0.0012718428624793887
Lung_Dx-G0056,1,0.8749346137046814,0.1250653862953186
Lung_Dx-G0056,1,0.9965368509292603,0.0034631439484655857
Lung_Dx-G0056,1,0.9097868800163269,0.09021314978599548
Lung_Dx-G0056,1,0.002521268557757139,0.9974787831306458
Lung_Dx-G0056,1,0.0005714300787076354,0.9994285702705383
Lung_Dx-G0056,1,0.3472326695919037,0.6527673006057739
Lung_Dx-G0056,1,0.9899572730064392,0.010042655281722546
Lung_Dx-G0056,1,0.0018639287445694208,0.998136043548584
Lung_Dx-G0056,1,0.38618457317352295,0.613815426826477
Lung_Dx-G0056,1,0.6286994814872742,0.37130045890808105
Lung_Dx-G0056,1,0.009232214652001858,0.990767776966095
Lung_Dx-G0056,1,0.9911269545555115,0.00887308269739151
Lung_Dx-G0056,1,0.008610767312347889,0.9913892149925232
Lung_Dx-G0056,1,0.010755924507975578,0.9892441034317017
Lung_Dx-G0056,1,0.004736748989671469,0.9952632188796997
Lung_Dx-G0056,1,0.5443472862243652,0.45565274357795715
Lung_Dx-G0056,1,0.07336363941431046,0.9266363382339478
Lung_Dx-G0056,1,0.6914257407188416,0.30857428908348083
Lung_Dx-G0056,1,0.044059764593839645,0.9559402465820312
Lung_Dx-G0056,1,0.9635405540466309,0.03645944222807884
Lung_Dx-G0056,1,0.5120521187782288,0.48794791102409363
Lung_Dx-G0056,1,0.6008911728858948,0.3991088569164276
Lung_Dx-G0056,1,0.005831271409988403,0.994168758392334
Lung_Dx-G0056,1,0.03541072458028793,0.9645892381668091
Lung_Dx-G0056,1,0.8645965456962585,0.13540348410606384
Lung_Dx-G0056,1,0.0065642488189041615,0.9934357404708862
Lung_Dx-G0056,1,0.9979690909385681,0.0020308548118919134
Lung_Dx-G0056,1,0.0004205874283798039,0.9995793700218201
Lung_Dx-G0056,1,0.5515737533569336,0.4484263062477112
Lung_Dx-G0056,1,0.00015356240328401327,0.9998464584350586
Lung_Dx-G0056,1,0.9267027974128723,0.07329727709293365
Lung_Dx-G0056,1,0.646683394908905,0.35331663489341736
Lung_Dx-G0056,1,0.11446747183799744,0.8855324983596802
Lung_Dx-G0056,1,0.8427337408065796,0.15726622939109802
Lung_Dx-G0056,1,0.9931628704071045,0.006837205030024052
Lung_Dx-G0056,1,0.9815420508384705,0.018457891419529915
Lung_Dx-G0056,1,0.007149101700633764,0.9928508996963501
Lung_Dx-G0056,1,0.00048029725439846516,0.9995197057723999
Lung_Dx-G0056,1,7.998482033144683e-05,0.9999200105667114
Lung_Dx-G0056,1,0.9830363392829895,0.01696370169520378
Lung_Dx-G0056,1,0.0012968953233212233,0.998703122138977
Lung_Dx-G0056,1,0.9988440275192261,0.0011559006525203586
Lung_Dx-G0056,1,8.481103577651083e-05,0.9999151229858398
Lung_Dx-G0056,1,0.18780207633972168,0.8121978640556335
Lung_Dx-G0056,1,0.011574994772672653,0.9884250164031982
Lung_Dx-G0056,1,0.06296183168888092,0.9370381236076355
Lung_Dx-G0056,1,0.00023597176186740398,0.9997640252113342
Lung_Dx-G0056,1,0.13262686133384705,0.8673731684684753
Lung_Dx-G0056,1,0.0904940739274025,0.9095059633255005
Lung_Dx-G0056,1,0.32236596941947937,0.677634060382843
Lung_Dx-G0056,1,0.41066765785217285,0.5893323421478271
Lung_Dx-G0056,1,0.9999693632125854,3.0598428566008806e-05
Lung_Dx-G0056,1,0.918333888053894,0.08166611194610596
Lung_Dx-G0056,1,0.9905142784118652,0.009485714137554169
Lung_Dx-G0056,1,0.00010595991625450552,0.9998940229415894
Lung_Dx-A0212,0,0.9938190579414368,0.006180981174111366
Lung_Dx-A0212,0,0.9342153072357178,0.06578465551137924
Lung_Dx-A0212,0,0.9916681051254272,0.008331900462508202
Lung_Dx-A0212,0,0.09615270793437958,0.9038472175598145
Lung_Dx-A0212,0,0.9988190531730652,0.0011809737188741565
Lung_Dx-A0212,0,0.8458787798881531,0.15412120521068573
Lung_Dx-A0212,0,0.2882183790206909,0.7117816209793091
Lung_Dx-A0212,0,0.48944249749183655,0.5105575323104858
Lung_Dx-A0212,0,0.731993556022644,0.26800644397735596
Lung_Dx-A0212,0,0.026056304574012756,0.9739436507225037
Lung_Dx-A0212,0,0.9996812343597412,0.0003187510883435607
Lung_Dx-A0212,0,0.9988372921943665,0.001162685570307076
Lung_Dx-A0212,0,0.9429811239242554,0.057018861174583435
Lung_Dx-A0212,0,0.9929198622703552,0.0070801181718707085
Lung_Dx-A0212,0,0.9704646468162537,0.029535336419939995
Lung_Dx-A0212,0,0.5609442591667175,0.43905574083328247
Lung_Dx-A0212,0,0.0015337332151830196,0.9984662532806396
Lung_Dx-A0212,0,0.1463310569524765,0.8536689877510071
Lung_Dx-A0212,0,0.015189049765467644,0.9848109483718872
Lung_Dx-A0212,0,0.933854341506958,0.06614567339420319
Lung_Dx-A0212,0,0.9995651841163635,0.0004347805224824697
Lung_Dx-A0212,0,0.11338309943675995,0.8866168856620789
Lung_Dx-A0212,0,0.9984421133995056,0.0015578481834381819
Lung_Dx-A0212,0,0.9828068017959595,0.017193201929330826
Lung_Dx-A0212,0,0.994929850101471,0.005070175509899855
Lung_Dx-A0212,0,0.953923225402832,0.046076804399490356
Lung_Dx-A0212,0,0.7798462510108948,0.2201537787914276
Lung_Dx-A0212,0,0.7499580979347229,0.2500419318675995
Lung_Dx-A0212,0,0.9994022846221924,0.0005976693355478346
Lung_Dx-A0212,0,0.9957684278488159,0.004231587518006563
Lung_Dx-A0212,0,0.5955734252929688,0.40442657470703125
Lung_Dx-A0212,0,0.9583821892738342,0.04161779209971428
Lung_Dx-A0212,0,0.8774768114089966,0.12252321094274521
Lung_Dx-A0212,0,0.9999569654464722,4.298194471630268e-05
Lung_Dx-A0212,0,0.917672336101532,0.082327701151371
Lung_Dx-A0212,0,0.999376118183136,0.0006238938658498228
Lung_Dx-A0212,0,0.9318976402282715,0.06810236722230911
Lung_Dx-A0212,0,0.9981862902641296,0.001813743612729013
Lung_Dx-A0212,0,0.701022744178772,0.298977255821228
Lung_Dx-A0212,0,0.9623559713363647,0.03764399513602257
Lung_Dx-A0212,0,0.9968149065971375,0.0031850605737417936
Lung_Dx-A0212,0,0.9987792372703552,0.001220795325934887
Lung_Dx-A0212,0,0.876581609249115,0.12341844290494919
Lung_Dx-A0212,0,0.7976750731468201,0.2023249715566635
Lung_Dx-A0212,0,0.994541347026825,0.00545866135507822
Lung_Dx-A0212,0,0.9901211261749268,0.009878941811621189
Lung_Dx-A0212,0,0.8479048013687134,0.15209519863128662
Lung_Dx-A0212,0,0.9909622073173523,0.009037754498422146
Lung_Dx-A0212,0,0.7631309032440186,0.23686911165714264
Lung_Dx-A0212,0,0.23178806900978088,0.7682119607925415
Lung_Dx-A0212,0,0.9534487724304199,0.04655127599835396
Lung_Dx-A0212,0,0.9969544410705566,0.0030455742962658405
Lung_Dx-A0212,0,0.9838626980781555,0.016137324273586273
Lung_Dx-A0212,0,0.1342642903327942,0.8657357692718506
Lung_Dx-A0212,0,0.4233686029911041,0.5766313672065735
Lung_Dx-A0212,0,0.36077049374580383,0.6392294764518738
Lung_Dx-A0212,0,0.3559357821941376,0.6440642476081848
Lung_Dx-A0212,0,0.9992237091064453,0.0007763300091028214
Lung_Dx-A0212,0,0.9646226167678833,0.035377390682697296
Lung_Dx-A0212,0,0.7501411437988281,0.24985884130001068
Lung_Dx-A0212,0,0.9972637891769409,0.0027362213004380465
Lung_Dx-A0212,0,0.26445335149765015,0.7355466485023499
Lung_Dx-A0212,0,0.9953634738922119,0.004636535421013832
Lung_Dx-A0212,0,0.6560800671577454,0.34391990303993225
Lung_Dx-A0212,0,0.056548137217760086,0.9434518814086914
Lung_Dx-A0212,0,0.79157954454422,0.2084205001592636
Lung_Dx-A0212,0,0.9971327781677246,0.0028671587351709604
Lung_Dx-A0212,0,0.9968273043632507,0.0031726830638945103
Lung_Dx-A0212,0,0.9970014691352844,0.0029984985012561083
Lung_Dx-A0212,0,0.9927250146865845,0.0072749583050608635
Lung_Dx-A0212,0,0.07935290038585663,0.920647144317627
Lung_Dx-A0212,0,0.05429894104599953,0.9457011222839355
Lung_Dx-A0212,0,0.9987131357192993,0.0012868157355114818
Lung_Dx-A0212,0,0.08086409419775009,0.9191359281539917
Lung_Dx-A0212,0,0.8804377317428589,0.11956225335597992
Lung_Dx-A0212,0,0.9751782417297363,0.02482178807258606
Lung_Dx-A0212,0,0.05536169931292534,0.9446382522583008
Lung_Dx-A0212,0,0.03577948734164238,0.9642205834388733
Lung_Dx-A0212,0,0.5336708426475525,0.46632909774780273
Lung_Dx-A0212,0,0.00964297354221344,0.990356981754303
Lung_Dx-A0212,0,0.9980467557907104,0.001953205792233348
Lung_Dx-A0212,0,0.056756895035505295,0.9432430863380432
Lung_Dx-A0212,0,0.9981756210327148,0.0018243828089907765
Lung_Dx-A0212,0,0.9987004995346069,0.001299427356570959
Lung_Dx-A0212,0,0.9561454057693481,0.04385456442832947
Lung_Dx-A0212,0,0.9979411959648132,0.002058753278106451
Lung_Dx-A0212,0,0.8262215852737427,0.17377841472625732
Lung_Dx-A0212,0,0.9995054006576538,0.0004945695400238037
Lung_Dx-A0212,0,0.048316068947315216,0.9516838788986206
Lung_Dx-A0212,0,0.4395669102668762,0.5604330897331238
Lung_Dx-A0212,0,0.9994600415229797,0.000539980421308428
Lung_Dx-A0212,0,0.9861913919448853,0.013808658346533775
Lung_Dx-A0212,0,0.31058982014656067,0.6894102096557617
Lung_Dx-A0212,0,0.9991117119789124,0.0008882304537110031
Lung_Dx-A0200,0,0.9675332307815552,0.032466817647218704
Lung_Dx-A0200,0,0.8172829747200012,0.18271701037883759
Lung_Dx-A0200,0,0.9622142910957336,0.037785764783620834
Lung_Dx-A0200,0,0.9989596605300903,0.0010403185151517391
Lung_Dx-A0200,0,0.9413852691650391,0.058614689856767654
Lung_Dx-A0200,0,0.9983927607536316,0.0016072202706709504
Lung_Dx-A0200,0,0.9542653560638428,0.04573463648557663
Lung_Dx-A0200,0,0.9944666028022766,0.005533387418836355
Lung_Dx-A0200,0,0.8651671409606934,0.13483287394046783
Lung_Dx-A0200,0,0.9989677667617798,0.0010322310263291001
Lung_Dx-A0200,0,0.929632306098938,0.07036770135164261
Lung_Dx-A0200,0,0.9773059487342834,0.022694088518619537
Lung_Dx-A0200,0,0.9997459053993225,0.00025414698757231236
Lung_Dx-A0200,0,0.974190354347229,0.025809621438384056
Lung_Dx-A0200,0,0.9807103276252747,0.01928960345685482
Lung_Dx-A0200,0,0.9996185302734375,0.0003814711526501924
Lung_Dx-A0200,0,0.9986409544944763,0.001359049929305911
Lung_Dx-A0200,0,0.951323390007019,0.048676569014787674
Lung_Dx-A0200,0,0.9259697198867798,0.07403029501438141
Lung_Dx-A0200,0,0.998807430267334,0.001192549359984696
Lung_Dx-A0200,0,0.9600251913070679,0.039974771440029144
Lung_Dx-A0200,0,0.909826934337616,0.09017308056354523
Lung_Dx-A0200,0,0.9257686138153076,0.07423136383295059
Lung_Dx-A0200,0,0.9961230158805847,0.0038769261445850134
Lung_Dx-A0200,0,0.9941574335098267,0.005842605605721474
Lung_Dx-A0200,0,0.44893959164619446,0.5510603785514832
Lung_Dx-A0200,0,0.9840169548988342,0.01598300412297249
Lung_Dx-A0200,0,0.9693822264671326,0.03061777912080288
Lung_Dx-A0200,0,0.7353804111480713,0.2646195888519287
Lung_Dx-A0200,0,0.9890764951705933,0.010923455469310284
Lung_Dx-A0200,0,0.989591658115387,0.010408313944935799
Lung_Dx-A0200,0,0.9650533199310303,0.03494669869542122
Lung_Dx-A0200,0,0.9986329674720764,0.001367025775834918
Lung_Dx-A0200,0,0.9922143816947937,0.0077856555581092834
Lung_Dx-A0200,0,0.9992237091064453,0.0007763300091028214
Lung_Dx-A0200,0,0.9922744631767273,0.007725534029304981
Lung_Dx-A0200,0,0.9844114184379578,0.015588540583848953
Lung_Dx-A0200,0,0.9444336295127869,0.05556634068489075
Lung_Dx-A0200,0,0.9596109390258789,0.04038906842470169
Lung_Dx-A0200,0,0.9702116250991821,0.02978830225765705
Lung_Dx-A0200,0,0.9930693507194519,0.006930672097951174
Lung_Dx-A0200,0,0.9999397993087769,6.014151585986838e-05
Lung_Dx-A0200,0,0.9842609167098999,0.015739111229777336
Lung_Dx-A0200,0,0.9891186952590942,0.010881332680583
Lung_Dx-A0200,0,0.9919847846031189,0.008015268482267857
Lung_Dx-A0200,0,0.9479139447212219,0.05208601802587509
Lung_Dx-A0200,0,0.9631266593933105,0.03687337040901184
Lung_Dx-A0200,0,0.9983320832252502,0.0016678821993991733
Lung_Dx-A0200,0,0.9875683188438416,0.01243165135383606
Lung_Dx-A0200,0,0.9558990597724915,0.044100914150476456
Lung_Dx-A0200,0,0.998245358467102,0.0017546142917126417
Lung_Dx-A0200,0,0.9998875856399536,0.00011235327838221565
Lung_Dx-A0200,0,0.999054491519928,0.0009454623213969171
Lung_Dx-A0200,0,0.9990960359573364,0.0009039677097462118
Lung_Dx-A0200,0,0.9831660985946655,0.01683390699326992
Lung_Dx-A0200,0,0.9148249626159668,0.08517511188983917
Lung_Dx-A0200,0,0.9441768527030945,0.05582313984632492
Lung_Dx-A0200,0,0.9231777787208557,0.0768221914768219
Lung_Dx-A0200,0,0.9971272349357605,0.0028727480676025152
Lung_Dx-A0200,0,0.930647611618042,0.0693524107336998
Lung_Dx-A0200,0,0.9979690909385681,0.0020308548118919134
Lung_Dx-A0200,0,0.9743129014968872,0.025687135756015778
Lung_Dx-A0200,0,0.9898695349693298,0.010130411945283413
Lung_Dx-A0200,0,0.6558597087860107,0.34414029121398926
Lung_Dx-A0200,0,0.9744104743003845,0.025589553639292717
Lung_Dx-A0200,0,0.9875444173812866,0.01245565339922905
Lung_Dx-A0200,0,0.9965368509292603,0.0034631439484655857
Lung_Dx-A0200,0,0.9997428059577942,0.00025714197545312345
Lung_Dx-A0200,0,0.9918279647827148,0.008172065019607544
Lung_Dx-A0200,0,0.9357587099075317,0.06424132734537125
Lung_Dx-A0200,0,0.9999688863754272,3.108026794507168e-05
Lung_Dx-A0200,0,0.9938668608665466,0.0061331759206950665
Lung_Dx-A0200,0,0.9791356921195984,0.020864255726337433
Lung_Dx-A0200,0,0.9931760430335999,0.00682395463809371
Lung_Dx-A0200,0,0.9955315589904785,0.00446838466450572
Lung_Dx-A0200,0,0.9993307590484619,0.0006693099276162684
Lung_Dx-A0200,0,0.9887228012084961,0.011277180165052414
Lung_Dx-A0200,0,0.9665687084197998,0.033431366086006165
Lung_Dx-A0200,0,0.9038048982620239,0.09619516879320145
Lung_Dx-A0200,0,0.9998252987861633,0.00017468635633122176
Lung_Dx-A0200,0,0.8658491373062134,0.13415081799030304
Lung_Dx-A0200,0,0.9904590845108032,0.009540924802422523
Lung_Dx-A0200,0,0.8577680587768555,0.14223188161849976
Lung_Dx-A0200,0,0.996160626411438,0.003839395008981228
Lung_Dx-A0231,0,0.0009039677097462118,0.9990960359573364
Lung_Dx-A0231,0,0.01428193412721157,0.9857181310653687
Lung_Dx-A0231,0,0.3949008285999298,0.6050992012023926
Lung_Dx-A0231,0,0.04130730405449867,0.9586926698684692
Lung_Dx-A0231,0,0.20971235632896423,0.7902876734733582
Lung_Dx-A0231,0,0.025589553639292717,0.9744104743003845
Lung_Dx-A0231,0,0.003266699379310012,0.9967333078384399
Lung_Dx-A0231,0,0.028247779235243797,0.9717521667480469
Lung_Dx-A0231,0,0.20378674566745758,0.7962132096290588
Lung_Dx-A0231,0,0.07751765847206116,0.9224823713302612
Lung_Dx-A0231,0,0.231440469622612,0.7685595154762268
Lung_Dx-A0231,0,0.08921626210212708,0.9107837677001953
Lung_Dx-A0231,0,0.13257069885730743,0.8674293160438538
Lung_Dx-A0231,0,0.003999501001089811,0.9960004687309265
Lung_Dx-A0231,0,0.23846150934696198,0.7615385055541992
Lung_Dx-A0231,0,0.05155818536877632,0.948441743850708
Lung_Dx-A0231,0,0.23022675514221191,0.7697732448577881
Lung_Dx-A0231,0,0.09268777817487717,0.907312273979187
Lung_Dx-A0231,0,0.19521024823188782,0.8047897815704346
Lung_Dx-A0231,0,0.015365342609584332,0.9846346974372864
Lung_Dx-A0231,0,0.0010342469904571772,0.9989657402038574
Lung_Dx-A0231,0,0.01634012721478939,0.9836598634719849
Lung_Dx-A0231,0,0.02811405621469021,0.9718859195709229
Lung_Dx-A0231,0,0.007725534029304981,0.9922744631767273
Lung_Dx-A0231,0,0.0028671587351709604,0.9971327781677246
Lung_Dx-A0231,0,0.0003333915665280074,0.9996665716171265
Lung_Dx-A0231,0,0.008985428139567375,0.9910145401954651
Lung_Dx-A0231,0,0.5350073575973511,0.4649927020072937
Lung_Dx-A0231,0,0.056861549615859985,0.9431384205818176
Lung_Dx-A0231,0,0.0026010938454419374,0.9973989725112915
Lung_Dx-A0231,0,0.7429815530776978,0.25701841711997986
Lung_Dx-A0231,0,0.054752036929130554,0.945248007774353
Lung_Dx-A0231,0,0.0832919329404831,0.9167081117630005
Lung_Dx-A0231,0,0.023734688758850098,0.9762653708457947
Lung_Dx-A0231,0,0.011463796719908714,0.9885361194610596
Lung_Dx-A0231,0,0.013996084220707417,0.9860039353370667
Lung_Dx-A0231,0,0.034782394766807556,0.965217649936676
Lung_Dx-A0231,0,0.6124328374862671,0.3875671923160553
Lung_Dx-A0231,0,0.41985607147216797,0.5801438689231873
